solid ASCII
  facet normal -1.000000e+00 0.000000e+00 0.000000e+00
    outer loop
      vertex   5.425000e-01 9.092500e+00 0.000000e+00
      vertex   5.425000e-01 7.292500e+00 0.000000e+00
      vertex   5.425000e-01 9.092500e+00 1.000000e+00
    endloop
  endfacet
  facet normal -1.000000e+00 -0.000000e+00 0.000000e+00
    outer loop
      vertex   5.425000e-01 9.092500e+00 1.000000e+00
      vertex   5.425000e-01 7.292500e+00 0.000000e+00
      vertex   5.425000e-01 7.292500e+00 1.000000e+00
    endloop
  endfacet
  facet normal 0.000000e+00 1.000000e+00 -0.000000e+00
    outer loop
      vertex   1.642500e+00 9.092500e+00 0.000000e+00
      vertex   5.425000e-01 9.092500e+00 0.000000e+00
      vertex   1.642500e+00 9.092500e+00 1.000000e+00
    endloop
  endfacet
  facet normal 0.000000e+00 1.000000e+00 0.000000e+00
    outer loop
      vertex   1.642500e+00 9.092500e+00 1.000000e+00
      vertex   5.425000e-01 9.092500e+00 0.000000e+00
      vertex   5.425000e-01 9.092500e+00 1.000000e+00
    endloop
  endfacet
  facet normal 1.000000e+00 0.000000e+00 0.000000e+00
    outer loop
      vertex   1.642500e+00 7.292500e+00 0.000000e+00
      vertex   1.642500e+00 9.092500e+00 0.000000e+00
      vertex   1.642500e+00 7.292500e+00 1.000000e+00
    endloop
  endfacet
  facet normal 1.000000e+00 -0.000000e+00 0.000000e+00
    outer loop
      vertex   1.642500e+00 7.292500e+00 1.000000e+00
      vertex   1.642500e+00 9.092500e+00 0.000000e+00
      vertex   1.642500e+00 9.092500e+00 1.000000e+00
    endloop
  endfacet
  facet normal 0.000000e+00 -1.000000e+00 0.000000e+00
    outer loop
      vertex   5.425000e-01 7.292500e+00 0.000000e+00
      vertex   1.642500e+00 7.292500e+00 0.000000e+00
      vertex   5.425000e-01 7.292500e+00 1.000000e+00
    endloop
  endfacet
  facet normal 0.000000e+00 -1.000000e+00 0.000000e+00
    outer loop
      vertex   5.425000e-01 7.292500e+00 1.000000e+00
      vertex   1.642500e+00 7.292500e+00 0.000000e+00
      vertex   1.642500e+00 7.292500e+00 1.000000e+00
    endloop
  endfacet
  facet normal 0.000000e+00 0.000000e+00 1.000000e+00
    outer loop
      vertex   5.425000e-01 7.292500e+00 1.000000e+00
      vertex   1.642500e+00 7.292500e+00 1.000000e+00
      vertex   5.425000e-01 9.092500e+00 1.000000e+00
    endloop
  endfacet
  facet normal -0.000000e+00 0.000000e+00 1.000000e+00
    outer loop
      vertex   5.425000e-01 9.092500e+00 1.000000e+00
      vertex   1.642500e+00 7.292500e+00 1.000000e+00
      vertex   1.642500e+00 9.092500e+00 1.000000e+00
    endloop
  endfacet
  facet normal -1.000000e+00 0.000000e+00 0.000000e+00
    outer loop
      vertex   5.425000e-01 1.269250e+01 0.000000e+00
      vertex   5.425000e-01 1.089250e+01 0.000000e+00
      vertex   5.425000e-01 1.269250e+01 1.000000e+00
    endloop
  endfacet
  facet normal -1.000000e+00 -0.000000e+00 0.000000e+00
    outer loop
      vertex   5.425000e-01 1.269250e+01 1.000000e+00
      vertex   5.425000e-01 1.089250e+01 0.000000e+00
      vertex   5.425000e-01 1.089250e+01 1.000000e+00
    endloop
  endfacet
  facet normal 0.000000e+00 1.000000e+00 -0.000000e+00
    outer loop
      vertex   1.642500e+00 1.269250e+01 0.000000e+00
      vertex   5.425000e-01 1.269250e+01 0.000000e+00
      vertex   1.642500e+00 1.269250e+01 1.000000e+00
    endloop
  endfacet
  facet normal 0.000000e+00 1.000000e+00 0.000000e+00
    outer loop
      vertex   1.642500e+00 1.269250e+01 1.000000e+00
      vertex   5.425000e-01 1.269250e+01 0.000000e+00
      vertex   5.425000e-01 1.269250e+01 1.000000e+00
    endloop
  endfacet
  facet normal 1.000000e+00 0.000000e+00 0.000000e+00
    outer loop
      vertex   1.642500e+00 1.089250e+01 0.000000e+00
      vertex   1.642500e+00 1.269250e+01 0.000000e+00
      vertex   1.642500e+00 1.089250e+01 1.000000e+00
    endloop
  endfacet
  facet normal 1.000000e+00 -0.000000e+00 0.000000e+00
    outer loop
      vertex   1.642500e+00 1.089250e+01 1.000000e+00
      vertex   1.642500e+00 1.269250e+01 0.000000e+00
      vertex   1.642500e+00 1.269250e+01 1.000000e+00
    endloop
  endfacet
  facet normal 0.000000e+00 -1.000000e+00 0.000000e+00
    outer loop
      vertex   5.425000e-01 1.089250e+01 0.000000e+00
      vertex   1.642500e+00 1.089250e+01 0.000000e+00
      vertex   5.425000e-01 1.089250e+01 1.000000e+00
    endloop
  endfacet
  facet normal 0.000000e+00 -1.000000e+00 0.000000e+00
    outer loop
      vertex   5.425000e-01 1.089250e+01 1.000000e+00
      vertex   1.642500e+00 1.089250e+01 0.000000e+00
      vertex   1.642500e+00 1.089250e+01 1.000000e+00
    endloop
  endfacet
  facet normal 0.000000e+00 0.000000e+00 1.000000e+00
    outer loop
      vertex   5.425000e-01 1.089250e+01 1.000000e+00
      vertex   1.642500e+00 1.089250e+01 1.000000e+00
      vertex   5.425000e-01 1.269250e+01 1.000000e+00
    endloop
  endfacet
  facet normal -0.000000e+00 0.000000e+00 1.000000e+00
    outer loop
      vertex   5.425000e-01 1.269250e+01 1.000000e+00
      vertex   1.642500e+00 1.089250e+01 1.000000e+00
      vertex   1.642500e+00 1.269250e+01 1.000000e+00
    endloop
  endfacet
  facet normal 0.000000e+00 -1.000000e+00 0.000000e+00
    outer loop
      vertex   -1.764195e+00 2.227182e+01 -1.300000e+00
      vertex   -1.764195e+00 2.227182e+01 -2.900000e+00
      vertex   -2.775558e-16 2.227182e+01 -1.300000e+00
    endloop
  endfacet
  facet normal 0.000000e+00 -1.000000e+00 -0.000000e+00
    outer loop
      vertex   -2.775558e-16 2.227182e+01 -1.300000e+00
      vertex   -1.764195e+00 2.227182e+01 -2.900000e+00
      vertex   1.307766e+01 2.227182e+01 -2.900000e+00
    endloop
  endfacet
  facet normal 0.000000e+00 -1.000000e+00 0.000000e+00
    outer loop
      vertex   -2.775558e-16 2.227182e+01 -1.300000e+00
      vertex   1.307766e+01 2.227182e+01 -2.900000e+00
      vertex   1.307766e+01 2.227182e+01 -1.300000e+00
    endloop
  endfacet
  facet normal 1.000000e+00 0.000000e+00 0.000000e+00
    outer loop
      vertex   1.307766e+01 3.422173e+01 -1.300000e+00
      vertex   1.307766e+01 2.227182e+01 -1.300000e+00
      vertex   1.307766e+01 3.422173e+01 -2.900000e+00
    endloop
  endfacet
  facet normal 1.000000e+00 0.000000e+00 0.000000e+00
    outer loop
      vertex   1.307766e+01 3.422173e+01 -2.900000e+00
      vertex   1.307766e+01 2.227182e+01 -1.300000e+00
      vertex   1.307766e+01 2.227182e+01 -2.900000e+00
    endloop
  endfacet
  facet normal 0.000000e+00 1.000000e+00 0.000000e+00
    outer loop
      vertex   1.307766e+01 3.422173e+01 -1.300000e+00
      vertex   1.307766e+01 3.422173e+01 -2.900000e+00
      vertex   -2.220446e-15 3.422173e+01 -1.300000e+00
    endloop
  endfacet
  facet normal 0.000000e+00 1.000000e+00 0.000000e+00
    outer loop
      vertex   -2.220446e-15 3.422173e+01 -1.300000e+00
      vertex   1.307766e+01 3.422173e+01 -2.900000e+00
      vertex   -1.764195e+00 3.422173e+01 -2.900000e+00
    endloop
  endfacet
  facet normal 0.000000e+00 1.000000e+00 0.000000e+00
    outer loop
      vertex   -2.220446e-15 3.422173e+01 -1.300000e+00
      vertex   -1.764195e+00 3.422173e+01 -2.900000e+00
      vertex   -1.764195e+00 3.422173e+01 -1.300000e+00
    endloop
  endfacet
  facet normal -9.914449e-01 1.305262e-01 0.000000e+00
    outer loop
      vertex   -2.264195e+00 3.372173e+01 -2.900000e+00
      vertex   -2.264195e+00 3.372173e+01 -1.300000e+00
      vertex   -2.247158e+00 3.385114e+01 -2.900000e+00
    endloop
  endfacet
  facet normal -9.914449e-01 1.305262e-01 0.000000e+00
    outer loop
      vertex   -2.247158e+00 3.385114e+01 -2.900000e+00
      vertex   -2.264195e+00 3.372173e+01 -1.300000e+00
      vertex   -2.247158e+00 3.385114e+01 -1.300000e+00
    endloop
  endfacet
  facet normal -9.238795e-01 3.826834e-01 0.000000e+00
    outer loop
      vertex   -2.247158e+00 3.385114e+01 -2.900000e+00
      vertex   -2.247158e+00 3.385114e+01 -1.300000e+00
      vertex   -2.197208e+00 3.397173e+01 -2.900000e+00
    endloop
  endfacet
  facet normal -9.238795e-01 3.826834e-01 0.000000e+00
    outer loop
      vertex   -2.197208e+00 3.397173e+01 -2.900000e+00
      vertex   -2.247158e+00 3.385114e+01 -1.300000e+00
      vertex   -2.197208e+00 3.397173e+01 -1.300000e+00
    endloop
  endfacet
  facet normal -7.933533e-01 6.087614e-01 0.000000e+00
    outer loop
      vertex   -2.197208e+00 3.397173e+01 -2.900000e+00
      vertex   -2.197208e+00 3.397173e+01 -1.300000e+00
      vertex   -2.117749e+00 3.407528e+01 -2.900000e+00
    endloop
  endfacet
  facet normal -7.933533e-01 6.087614e-01 0.000000e+00
    outer loop
      vertex   -2.117749e+00 3.407528e+01 -2.900000e+00
      vertex   -2.197208e+00 3.397173e+01 -1.300000e+00
      vertex   -2.117749e+00 3.407528e+01 -1.300000e+00
    endloop
  endfacet
  facet normal -6.087614e-01 7.933533e-01 0.000000e+00
    outer loop
      vertex   -2.117749e+00 3.407528e+01 -2.900000e+00
      vertex   -2.117749e+00 3.407528e+01 -1.300000e+00
      vertex   -2.014195e+00 3.415474e+01 -2.900000e+00
    endloop
  endfacet
  facet normal -6.087614e-01 7.933533e-01 0.000000e+00
    outer loop
      vertex   -2.014195e+00 3.415474e+01 -2.900000e+00
      vertex   -2.117749e+00 3.407528e+01 -1.300000e+00
      vertex   -2.014195e+00 3.415474e+01 -1.300000e+00
    endloop
  endfacet
  facet normal -3.826834e-01 9.238795e-01 0.000000e+00
    outer loop
      vertex   -2.014195e+00 3.415474e+01 -2.900000e+00
      vertex   -2.014195e+00 3.415474e+01 -1.300000e+00
      vertex   -1.893605e+00 3.420469e+01 -2.900000e+00
    endloop
  endfacet
  facet normal -3.826834e-01 9.238795e-01 0.000000e+00
    outer loop
      vertex   -1.893605e+00 3.420469e+01 -2.900000e+00
      vertex   -2.014195e+00 3.415474e+01 -1.300000e+00
      vertex   -1.893605e+00 3.420469e+01 -1.300000e+00
    endloop
  endfacet
  facet normal -1.305262e-01 9.914449e-01 0.000000e+00
    outer loop
      vertex   -1.893605e+00 3.420469e+01 -2.900000e+00
      vertex   -1.893605e+00 3.420469e+01 -1.300000e+00
      vertex   -1.764195e+00 3.422173e+01 -2.900000e+00
    endloop
  endfacet
  facet normal -1.305262e-01 9.914449e-01 0.000000e+00
    outer loop
      vertex   -1.764195e+00 3.422173e+01 -2.900000e+00
      vertex   -1.893605e+00 3.420469e+01 -1.300000e+00
      vertex   -1.764195e+00 3.422173e+01 -1.300000e+00
    endloop
  endfacet
  facet normal -1.000000e+00 8.111289e-17 0.000000e+00
    outer loop
      vertex   -2.264195e+00 2.277182e+01 -1.300000e+00
      vertex   -2.264195e+00 3.372173e+01 -1.300000e+00
      vertex   -2.264195e+00 2.277182e+01 -2.900000e+00
    endloop
  endfacet
  facet normal -1.000000e+00 8.111289e-17 0.000000e+00
    outer loop
      vertex   -2.264195e+00 2.277182e+01 -2.900000e+00
      vertex   -2.264195e+00 3.372173e+01 -1.300000e+00
      vertex   -2.264195e+00 3.372173e+01 -2.900000e+00
    endloop
  endfacet
  facet normal -1.305262e-01 -9.914449e-01 0.000000e+00
    outer loop
      vertex   -1.764195e+00 2.227182e+01 -2.900000e+00
      vertex   -1.764195e+00 2.227182e+01 -1.300000e+00
      vertex   -1.893605e+00 2.228886e+01 -2.900000e+00
    endloop
  endfacet
  facet normal -1.305262e-01 -9.914449e-01 0.000000e+00
    outer loop
      vertex   -1.893605e+00 2.228886e+01 -2.900000e+00
      vertex   -1.764195e+00 2.227182e+01 -1.300000e+00
      vertex   -1.893605e+00 2.228886e+01 -1.300000e+00
    endloop
  endfacet
  facet normal -3.826834e-01 -9.238795e-01 0.000000e+00
    outer loop
      vertex   -1.893605e+00 2.228886e+01 -2.900000e+00
      vertex   -1.893605e+00 2.228886e+01 -1.300000e+00
      vertex   -2.014195e+00 2.233881e+01 -2.900000e+00
    endloop
  endfacet
  facet normal -3.826834e-01 -9.238795e-01 0.000000e+00
    outer loop
      vertex   -2.014195e+00 2.233881e+01 -2.900000e+00
      vertex   -1.893605e+00 2.228886e+01 -1.300000e+00
      vertex   -2.014195e+00 2.233881e+01 -1.300000e+00
    endloop
  endfacet
  facet normal -6.087614e-01 -7.933533e-01 0.000000e+00
    outer loop
      vertex   -2.014195e+00 2.233881e+01 -2.900000e+00
      vertex   -2.014195e+00 2.233881e+01 -1.300000e+00
      vertex   -2.117749e+00 2.241827e+01 -2.900000e+00
    endloop
  endfacet
  facet normal -6.087614e-01 -7.933533e-01 0.000000e+00
    outer loop
      vertex   -2.117749e+00 2.241827e+01 -2.900000e+00
      vertex   -2.014195e+00 2.233881e+01 -1.300000e+00
      vertex   -2.117749e+00 2.241827e+01 -1.300000e+00
    endloop
  endfacet
  facet normal -7.933533e-01 -6.087614e-01 0.000000e+00
    outer loop
      vertex   -2.117749e+00 2.241827e+01 -2.900000e+00
      vertex   -2.117749e+00 2.241827e+01 -1.300000e+00
      vertex   -2.197208e+00 2.252182e+01 -2.900000e+00
    endloop
  endfacet
  facet normal -7.933533e-01 -6.087614e-01 0.000000e+00
    outer loop
      vertex   -2.197208e+00 2.252182e+01 -2.900000e+00
      vertex   -2.117749e+00 2.241827e+01 -1.300000e+00
      vertex   -2.197208e+00 2.252182e+01 -1.300000e+00
    endloop
  endfacet
  facet normal -9.238795e-01 -3.826834e-01 0.000000e+00
    outer loop
      vertex   -2.197208e+00 2.252182e+01 -2.900000e+00
      vertex   -2.197208e+00 2.252182e+01 -1.300000e+00
      vertex   -2.247158e+00 2.264241e+01 -2.900000e+00
    endloop
  endfacet
  facet normal -9.238795e-01 -3.826834e-01 0.000000e+00
    outer loop
      vertex   -2.247158e+00 2.264241e+01 -2.900000e+00
      vertex   -2.197208e+00 2.252182e+01 -1.300000e+00
      vertex   -2.247158e+00 2.264241e+01 -1.300000e+00
    endloop
  endfacet
  facet normal -9.914449e-01 -1.305262e-01 0.000000e+00
    outer loop
      vertex   -2.247158e+00 2.264241e+01 -2.900000e+00
      vertex   -2.247158e+00 2.264241e+01 -1.300000e+00
      vertex   -2.264195e+00 2.277182e+01 -2.900000e+00
    endloop
  endfacet
  facet normal -9.914449e-01 -1.305262e-01 0.000000e+00
    outer loop
      vertex   -2.264195e+00 2.277182e+01 -2.900000e+00
      vertex   -2.247158e+00 2.264241e+01 -1.300000e+00
      vertex   -2.264195e+00 2.277182e+01 -1.300000e+00
    endloop
  endfacet
  facet normal 0.000000e+00 0.000000e+00 -1.000000e+00
    outer loop
      vertex   -1.893605e+00 2.228886e+01 -2.900000e+00
      vertex   -2.014195e+00 2.233881e+01 -2.900000e+00
      vertex   -1.764195e+00 2.227182e+01 -2.900000e+00
    endloop
  endfacet
  facet normal 0.000000e+00 0.000000e+00 -1.000000e+00
    outer loop
      vertex   -1.764195e+00 2.227182e+01 -2.900000e+00
      vertex   -2.014195e+00 2.233881e+01 -2.900000e+00
      vertex   -2.117749e+00 2.241827e+01 -2.900000e+00
    endloop
  endfacet
  facet normal 0.000000e+00 0.000000e+00 -1.000000e+00
    outer loop
      vertex   -1.764195e+00 2.227182e+01 -2.900000e+00
      vertex   -2.117749e+00 2.241827e+01 -2.900000e+00
      vertex   -2.197208e+00 2.252182e+01 -2.900000e+00
    endloop
  endfacet
  facet normal 0.000000e+00 0.000000e+00 -1.000000e+00
    outer loop
      vertex   -2.197208e+00 2.252182e+01 -2.900000e+00
      vertex   -2.247158e+00 2.264241e+01 -2.900000e+00
      vertex   -1.764195e+00 2.227182e+01 -2.900000e+00
    endloop
  endfacet
  facet normal 0.000000e+00 0.000000e+00 -1.000000e+00
    outer loop
      vertex   -1.764195e+00 2.227182e+01 -2.900000e+00
      vertex   -2.247158e+00 2.264241e+01 -2.900000e+00
      vertex   -2.264195e+00 2.277182e+01 -2.900000e+00
    endloop
  endfacet
  facet normal 0.000000e+00 0.000000e+00 -1.000000e+00
    outer loop
      vertex   -1.764195e+00 2.227182e+01 -2.900000e+00
      vertex   -2.264195e+00 2.277182e+01 -2.900000e+00
      vertex   1.307766e+01 2.227182e+01 -2.900000e+00
    endloop
  endfacet
  facet normal 0.000000e+00 0.000000e+00 -1.000000e+00
    outer loop
      vertex   1.307766e+01 2.227182e+01 -2.900000e+00
      vertex   -2.264195e+00 2.277182e+01 -2.900000e+00
      vertex   1.307766e+01 3.422173e+01 -2.900000e+00
    endloop
  endfacet
  facet normal 0.000000e+00 0.000000e+00 -1.000000e+00
    outer loop
      vertex   1.307766e+01 3.422173e+01 -2.900000e+00
      vertex   -2.264195e+00 2.277182e+01 -2.900000e+00
      vertex   -2.264195e+00 3.372173e+01 -2.900000e+00
    endloop
  endfacet
  facet normal -0.000000e+00 0.000000e+00 -1.000000e+00
    outer loop
      vertex   1.307766e+01 3.422173e+01 -2.900000e+00
      vertex   -2.264195e+00 3.372173e+01 -2.900000e+00
      vertex   -1.764195e+00 3.422173e+01 -2.900000e+00
    endloop
  endfacet
  facet normal 0.000000e+00 0.000000e+00 -1.000000e+00
    outer loop
      vertex   -1.764195e+00 3.422173e+01 -2.900000e+00
      vertex   -2.264195e+00 3.372173e+01 -2.900000e+00
      vertex   -2.247158e+00 3.385114e+01 -2.900000e+00
    endloop
  endfacet
  facet normal 0.000000e+00 0.000000e+00 -1.000000e+00
    outer loop
      vertex   -1.764195e+00 3.422173e+01 -2.900000e+00
      vertex   -2.247158e+00 3.385114e+01 -2.900000e+00
      vertex   -2.197208e+00 3.397173e+01 -2.900000e+00
    endloop
  endfacet
  facet normal 0.000000e+00 0.000000e+00 -1.000000e+00
    outer loop
      vertex   -2.197208e+00 3.397173e+01 -2.900000e+00
      vertex   -2.117749e+00 3.407528e+01 -2.900000e+00
      vertex   -1.764195e+00 3.422173e+01 -2.900000e+00
    endloop
  endfacet
  facet normal 0.000000e+00 0.000000e+00 -1.000000e+00
    outer loop
      vertex   -1.764195e+00 3.422173e+01 -2.900000e+00
      vertex   -2.117749e+00 3.407528e+01 -2.900000e+00
      vertex   -2.014195e+00 3.415474e+01 -2.900000e+00
    endloop
  endfacet
  facet normal 0.000000e+00 0.000000e+00 -1.000000e+00
    outer loop
      vertex   -1.764195e+00 3.422173e+01 -2.900000e+00
      vertex   -2.014195e+00 3.415474e+01 -2.900000e+00
      vertex   -1.893605e+00 3.420469e+01 -2.900000e+00
    endloop
  endfacet
  facet normal 0.000000e+00 0.000000e+00 1.000000e+00
    outer loop
      vertex   -2.775558e-16 2.227182e+01 -1.300000e+00
      vertex   -2.220446e-15 3.422173e+01 -1.300000e+00
      vertex   -1.764195e+00 2.227182e+01 -1.300000e+00
    endloop
  endfacet
  facet normal 0.000000e+00 -0.000000e+00 1.000000e+00
    outer loop
      vertex   -1.764195e+00 2.227182e+01 -1.300000e+00
      vertex   -2.220446e-15 3.422173e+01 -1.300000e+00
      vertex   -1.764195e+00 3.422173e+01 -1.300000e+00
    endloop
  endfacet
  facet normal 0.000000e+00 0.000000e+00 1.000000e+00
    outer loop
      vertex   -1.764195e+00 2.227182e+01 -1.300000e+00
      vertex   -1.764195e+00 3.422173e+01 -1.300000e+00
      vertex   -1.893605e+00 3.420469e+01 -1.300000e+00
    endloop
  endfacet
  facet normal -0.000000e+00 0.000000e+00 1.000000e+00
    outer loop
      vertex   -2.014195e+00 3.415474e+01 -1.300000e+00
      vertex   -2.264195e+00 3.372173e+01 -1.300000e+00
      vertex   -1.893605e+00 3.420469e+01 -1.300000e+00
    endloop
  endfacet
  facet normal 0.000000e+00 0.000000e+00 1.000000e+00
    outer loop
      vertex   -1.893605e+00 3.420469e+01 -1.300000e+00
      vertex   -2.264195e+00 3.372173e+01 -1.300000e+00
      vertex   -1.893605e+00 2.228886e+01 -1.300000e+00
    endloop
  endfacet
  facet normal 0.000000e+00 0.000000e+00 1.000000e+00
    outer loop
      vertex   -1.893605e+00 3.420469e+01 -1.300000e+00
      vertex   -1.893605e+00 2.228886e+01 -1.300000e+00
      vertex   -1.764195e+00 2.227182e+01 -1.300000e+00
    endloop
  endfacet
  facet normal 0.000000e+00 0.000000e+00 1.000000e+00
    outer loop
      vertex   -2.014195e+00 3.415474e+01 -1.300000e+00
      vertex   -2.117749e+00 3.407528e+01 -1.300000e+00
      vertex   -2.264195e+00 3.372173e+01 -1.300000e+00
    endloop
  endfacet
  facet normal 0.000000e+00 0.000000e+00 1.000000e+00
    outer loop
      vertex   -2.264195e+00 3.372173e+01 -1.300000e+00
      vertex   -2.117749e+00 3.407528e+01 -1.300000e+00
      vertex   -2.197208e+00 3.397173e+01 -1.300000e+00
    endloop
  endfacet
  facet normal 0.000000e+00 0.000000e+00 1.000000e+00
    outer loop
      vertex   -2.264195e+00 3.372173e+01 -1.300000e+00
      vertex   -2.197208e+00 3.397173e+01 -1.300000e+00
      vertex   -2.247158e+00 3.385114e+01 -1.300000e+00
    endloop
  endfacet
  facet normal 0.000000e+00 0.000000e+00 1.000000e+00
    outer loop
      vertex   -2.264195e+00 3.372173e+01 -1.300000e+00
      vertex   -2.264195e+00 2.277182e+01 -1.300000e+00
      vertex   -1.893605e+00 2.228886e+01 -1.300000e+00
    endloop
  endfacet
  facet normal 0.000000e+00 0.000000e+00 1.000000e+00
    outer loop
      vertex   -1.893605e+00 2.228886e+01 -1.300000e+00
      vertex   -2.264195e+00 2.277182e+01 -1.300000e+00
      vertex   -2.014195e+00 2.233881e+01 -1.300000e+00
    endloop
  endfacet
  facet normal 0.000000e+00 0.000000e+00 1.000000e+00
    outer loop
      vertex   -2.014195e+00 2.233881e+01 -1.300000e+00
      vertex   -2.264195e+00 2.277182e+01 -1.300000e+00
      vertex   -2.117749e+00 2.241827e+01 -1.300000e+00
    endloop
  endfacet
  facet normal 0.000000e+00 0.000000e+00 1.000000e+00
    outer loop
      vertex   -2.117749e+00 2.241827e+01 -1.300000e+00
      vertex   -2.264195e+00 2.277182e+01 -1.300000e+00
      vertex   -2.197208e+00 2.252182e+01 -1.300000e+00
    endloop
  endfacet
  facet normal 0.000000e+00 0.000000e+00 1.000000e+00
    outer loop
      vertex   -2.197208e+00 2.252182e+01 -1.300000e+00
      vertex   -2.264195e+00 2.277182e+01 -1.300000e+00
      vertex   -2.247158e+00 2.264241e+01 -1.300000e+00
    endloop
  endfacet
  facet normal 1.000000e+00 0.000000e+00 0.000000e+00
    outer loop
      vertex   4.967563e+01 3.969670e+01 -1.300000e+00
      vertex   4.967563e+01 2.771686e+01 -1.300000e+00
      vertex   4.967563e+01 3.969670e+01 -2.000000e+00
    endloop
  endfacet
  facet normal 1.000000e+00 0.000000e+00 0.000000e+00
    outer loop
      vertex   4.967563e+01 3.969670e+01 -2.000000e+00
      vertex   4.967563e+01 2.771686e+01 -1.300000e+00
      vertex   4.967563e+01 2.771686e+01 -2.000000e+00
    endloop
  endfacet
  facet normal -0.000000e+00 -1.000000e+00 -0.000000e+00
    outer loop
      vertex   4.967563e+01 2.771686e+01 -1.300000e+00
      vertex   3.763510e+01 2.771686e+01 -1.300000e+00
      vertex   4.967563e+01 2.771686e+01 -2.000000e+00
    endloop
  endfacet
  facet normal 0.000000e+00 -1.000000e+00 0.000000e+00
    outer loop
      vertex   4.967563e+01 2.771686e+01 -2.000000e+00
      vertex   3.763510e+01 2.771686e+01 -1.300000e+00
      vertex   3.763510e+01 2.771686e+01 -2.000000e+00
    endloop
  endfacet
  facet normal -0.000000e+00 1.000000e+00 0.000000e+00
    outer loop
      vertex   3.763510e+01 3.969670e+01 -1.300000e+00
      vertex   4.967563e+01 3.969670e+01 -1.300000e+00
      vertex   3.763510e+01 3.969670e+01 -2.000000e+00
    endloop
  endfacet
  facet normal 0.000000e+00 1.000000e+00 0.000000e+00
    outer loop
      vertex   3.763510e+01 3.969670e+01 -2.000000e+00
      vertex   4.967563e+01 3.969670e+01 -1.300000e+00
      vertex   4.967563e+01 3.969670e+01 -2.000000e+00
    endloop
  endfacet
  facet normal -1.000000e+00 0.000000e+00 0.000000e+00
    outer loop
      vertex   3.763510e+01 2.771686e+01 -1.300000e+00
      vertex   3.763510e+01 3.969670e+01 -1.300000e+00
      vertex   3.763510e+01 2.771686e+01 -2.000000e+00
    endloop
  endfacet
  facet normal -1.000000e+00 0.000000e+00 0.000000e+00
    outer loop
      vertex   3.763510e+01 2.771686e+01 -2.000000e+00
      vertex   3.763510e+01 3.969670e+01 -1.300000e+00
      vertex   3.763510e+01 3.969670e+01 -2.000000e+00
    endloop
  endfacet
  facet normal 0.000000e+00 0.000000e+00 -1.000000e+00
    outer loop
      vertex   3.763510e+01 3.969670e+01 -2.000000e+00
      vertex   4.967563e+01 3.969670e+01 -2.000000e+00
      vertex   3.763510e+01 2.771686e+01 -2.000000e+00
    endloop
  endfacet
  facet normal 0.000000e+00 0.000000e+00 -1.000000e+00
    outer loop
      vertex   3.763510e+01 2.771686e+01 -2.000000e+00
      vertex   4.967563e+01 3.969670e+01 -2.000000e+00
      vertex   4.967563e+01 2.771686e+01 -2.000000e+00
    endloop
  endfacet
  facet normal -1.000000e+00 0.000000e+00 0.000000e+00
    outer loop
      vertex   5.631000e+01 5.091000e+01 -1.300000e+00
      vertex   5.631000e+01 5.155000e+01 -1.300000e+00
      vertex   5.631000e+01 5.091000e+01 -3.100000e+00
    endloop
  endfacet
  facet normal -1.000000e+00 0.000000e+00 0.000000e+00
    outer loop
      vertex   5.631000e+01 5.091000e+01 -3.100000e+00
      vertex   5.631000e+01 5.155000e+01 -1.300000e+00
      vertex   5.631000e+01 5.155000e+01 -3.100000e+00
    endloop
  endfacet
  facet normal -0.000000e+00 1.000000e+00 0.000000e+00
    outer loop
      vertex   5.631000e+01 5.155000e+01 -1.300000e+00
      vertex   5.695000e+01 5.155000e+01 -1.300000e+00
      vertex   5.631000e+01 5.155000e+01 -3.100000e+00
    endloop
  endfacet
  facet normal 0.000000e+00 1.000000e+00 0.000000e+00
    outer loop
      vertex   5.631000e+01 5.155000e+01 -3.100000e+00
      vertex   5.695000e+01 5.155000e+01 -1.300000e+00
      vertex   5.695000e+01 5.155000e+01 -3.100000e+00
    endloop
  endfacet
  facet normal -0.000000e+00 -1.000000e+00 -0.000000e+00
    outer loop
      vertex   5.695000e+01 5.091000e+01 -1.300000e+00
      vertex   5.631000e+01 5.091000e+01 -1.300000e+00
      vertex   5.695000e+01 5.091000e+01 -3.100000e+00
    endloop
  endfacet
  facet normal 0.000000e+00 -1.000000e+00 0.000000e+00
    outer loop
      vertex   5.695000e+01 5.091000e+01 -3.100000e+00
      vertex   5.631000e+01 5.091000e+01 -1.300000e+00
      vertex   5.631000e+01 5.091000e+01 -3.100000e+00
    endloop
  endfacet
  facet normal 1.000000e+00 0.000000e+00 0.000000e+00
    outer loop
      vertex   5.695000e+01 5.155000e+01 -1.300000e+00
      vertex   5.695000e+01 5.091000e+01 -1.300000e+00
      vertex   5.695000e+01 5.155000e+01 -3.100000e+00
    endloop
  endfacet
  facet normal 1.000000e+00 0.000000e+00 0.000000e+00
    outer loop
      vertex   5.695000e+01 5.155000e+01 -3.100000e+00
      vertex   5.695000e+01 5.091000e+01 -1.300000e+00
      vertex   5.695000e+01 5.091000e+01 -3.100000e+00
    endloop
  endfacet
  facet normal 0.000000e+00 0.000000e+00 -1.000000e+00
    outer loop
      vertex   5.695000e+01 5.091000e+01 -3.100000e+00
      vertex   5.631000e+01 5.091000e+01 -3.100000e+00
      vertex   5.695000e+01 5.155000e+01 -3.100000e+00
    endloop
  endfacet
  facet normal -0.000000e+00 0.000000e+00 -1.000000e+00
    outer loop
      vertex   5.695000e+01 5.155000e+01 -3.100000e+00
      vertex   5.631000e+01 5.091000e+01 -3.100000e+00
      vertex   5.631000e+01 5.155000e+01 -3.100000e+00
    endloop
  endfacet
  facet normal -1.000000e+00 0.000000e+00 0.000000e+00
    outer loop
      vertex   4.615000e+01 5.091000e+01 -1.300000e+00
      vertex   4.615000e+01 5.155000e+01 -1.300000e+00
      vertex   4.615000e+01 5.091000e+01 -3.100000e+00
    endloop
  endfacet
  facet normal -1.000000e+00 0.000000e+00 0.000000e+00
    outer loop
      vertex   4.615000e+01 5.091000e+01 -3.100000e+00
      vertex   4.615000e+01 5.155000e+01 -1.300000e+00
      vertex   4.615000e+01 5.155000e+01 -3.100000e+00
    endloop
  endfacet
  facet normal -0.000000e+00 1.000000e+00 0.000000e+00
    outer loop
      vertex   4.615000e+01 5.155000e+01 -1.300000e+00
      vertex   4.679000e+01 5.155000e+01 -1.300000e+00
      vertex   4.615000e+01 5.155000e+01 -3.100000e+00
    endloop
  endfacet
  facet normal 0.000000e+00 1.000000e+00 0.000000e+00
    outer loop
      vertex   4.615000e+01 5.155000e+01 -3.100000e+00
      vertex   4.679000e+01 5.155000e+01 -1.300000e+00
      vertex   4.679000e+01 5.155000e+01 -3.100000e+00
    endloop
  endfacet
  facet normal -0.000000e+00 -1.000000e+00 -0.000000e+00
    outer loop
      vertex   4.679000e+01 5.091000e+01 -1.300000e+00
      vertex   4.615000e+01 5.091000e+01 -1.300000e+00
      vertex   4.679000e+01 5.091000e+01 -3.100000e+00
    endloop
  endfacet
  facet normal 0.000000e+00 -1.000000e+00 0.000000e+00
    outer loop
      vertex   4.679000e+01 5.091000e+01 -3.100000e+00
      vertex   4.615000e+01 5.091000e+01 -1.300000e+00
      vertex   4.615000e+01 5.091000e+01 -3.100000e+00
    endloop
  endfacet
  facet normal 1.000000e+00 0.000000e+00 0.000000e+00
    outer loop
      vertex   4.679000e+01 5.155000e+01 -1.300000e+00
      vertex   4.679000e+01 5.091000e+01 -1.300000e+00
      vertex   4.679000e+01 5.155000e+01 -3.100000e+00
    endloop
  endfacet
  facet normal 1.000000e+00 0.000000e+00 0.000000e+00
    outer loop
      vertex   4.679000e+01 5.155000e+01 -3.100000e+00
      vertex   4.679000e+01 5.091000e+01 -1.300000e+00
      vertex   4.679000e+01 5.091000e+01 -3.100000e+00
    endloop
  endfacet
  facet normal 0.000000e+00 0.000000e+00 -1.000000e+00
    outer loop
      vertex   4.679000e+01 5.091000e+01 -3.100000e+00
      vertex   4.615000e+01 5.091000e+01 -3.100000e+00
      vertex   4.679000e+01 5.155000e+01 -3.100000e+00
    endloop
  endfacet
  facet normal -0.000000e+00 0.000000e+00 -1.000000e+00
    outer loop
      vertex   4.679000e+01 5.155000e+01 -3.100000e+00
      vertex   4.615000e+01 5.091000e+01 -3.100000e+00
      vertex   4.615000e+01 5.155000e+01 -3.100000e+00
    endloop
  endfacet
  facet normal -1.000000e+00 0.000000e+00 0.000000e+00
    outer loop
      vertex   5.123000e+01 5.327000e+01 -1.300000e+00
      vertex   5.123000e+01 5.391000e+01 -1.300000e+00
      vertex   5.123000e+01 5.327000e+01 -3.100000e+00
    endloop
  endfacet
  facet normal -1.000000e+00 0.000000e+00 0.000000e+00
    outer loop
      vertex   5.123000e+01 5.327000e+01 -3.100000e+00
      vertex   5.123000e+01 5.391000e+01 -1.300000e+00
      vertex   5.123000e+01 5.391000e+01 -3.100000e+00
    endloop
  endfacet
  facet normal -0.000000e+00 1.000000e+00 0.000000e+00
    outer loop
      vertex   5.123000e+01 5.391000e+01 -1.300000e+00
      vertex   5.187000e+01 5.391000e+01 -1.300000e+00
      vertex   5.123000e+01 5.391000e+01 -3.100000e+00
    endloop
  endfacet
  facet normal 0.000000e+00 1.000000e+00 0.000000e+00
    outer loop
      vertex   5.123000e+01 5.391000e+01 -3.100000e+00
      vertex   5.187000e+01 5.391000e+01 -1.300000e+00
      vertex   5.187000e+01 5.391000e+01 -3.100000e+00
    endloop
  endfacet
  facet normal -0.000000e+00 -1.000000e+00 -0.000000e+00
    outer loop
      vertex   5.187000e+01 5.327000e+01 -1.300000e+00
      vertex   5.123000e+01 5.327000e+01 -1.300000e+00
      vertex   5.187000e+01 5.327000e+01 -3.100000e+00
    endloop
  endfacet
  facet normal 0.000000e+00 -1.000000e+00 0.000000e+00
    outer loop
      vertex   5.187000e+01 5.327000e+01 -3.100000e+00
      vertex   5.123000e+01 5.327000e+01 -1.300000e+00
      vertex   5.123000e+01 5.327000e+01 -3.100000e+00
    endloop
  endfacet
  facet normal 1.000000e+00 0.000000e+00 0.000000e+00
    outer loop
      vertex   5.187000e+01 5.391000e+01 -1.300000e+00
      vertex   5.187000e+01 5.327000e+01 -1.300000e+00
      vertex   5.187000e+01 5.391000e+01 -3.100000e+00
    endloop
  endfacet
  facet normal 1.000000e+00 0.000000e+00 0.000000e+00
    outer loop
      vertex   5.187000e+01 5.391000e+01 -3.100000e+00
      vertex   5.187000e+01 5.327000e+01 -1.300000e+00
      vertex   5.187000e+01 5.327000e+01 -3.100000e+00
    endloop
  endfacet
  facet normal 0.000000e+00 0.000000e+00 -1.000000e+00
    outer loop
      vertex   5.187000e+01 5.327000e+01 -3.100000e+00
      vertex   5.123000e+01 5.327000e+01 -3.100000e+00
      vertex   5.187000e+01 5.391000e+01 -3.100000e+00
    endloop
  endfacet
  facet normal -0.000000e+00 0.000000e+00 -1.000000e+00
    outer loop
      vertex   5.187000e+01 5.391000e+01 -3.100000e+00
      vertex   5.123000e+01 5.327000e+01 -3.100000e+00
      vertex   5.123000e+01 5.391000e+01 -3.100000e+00
    endloop
  endfacet
  facet normal -1.000000e+00 0.000000e+00 0.000000e+00
    outer loop
      vertex   4.107000e+01 5.327000e+01 -1.300000e+00
      vertex   4.107000e+01 5.391000e+01 -1.300000e+00
      vertex   4.107000e+01 5.327000e+01 -3.100000e+00
    endloop
  endfacet
  facet normal -1.000000e+00 0.000000e+00 0.000000e+00
    outer loop
      vertex   4.107000e+01 5.327000e+01 -3.100000e+00
      vertex   4.107000e+01 5.391000e+01 -1.300000e+00
      vertex   4.107000e+01 5.391000e+01 -3.100000e+00
    endloop
  endfacet
  facet normal -0.000000e+00 1.000000e+00 0.000000e+00
    outer loop
      vertex   4.107000e+01 5.391000e+01 -1.300000e+00
      vertex   4.171000e+01 5.391000e+01 -1.300000e+00
      vertex   4.107000e+01 5.391000e+01 -3.100000e+00
    endloop
  endfacet
  facet normal 0.000000e+00 1.000000e+00 0.000000e+00
    outer loop
      vertex   4.107000e+01 5.391000e+01 -3.100000e+00
      vertex   4.171000e+01 5.391000e+01 -1.300000e+00
      vertex   4.171000e+01 5.391000e+01 -3.100000e+00
    endloop
  endfacet
  facet normal -0.000000e+00 -1.000000e+00 -0.000000e+00
    outer loop
      vertex   4.171000e+01 5.327000e+01 -1.300000e+00
      vertex   4.107000e+01 5.327000e+01 -1.300000e+00
      vertex   4.171000e+01 5.327000e+01 -3.100000e+00
    endloop
  endfacet
  facet normal 0.000000e+00 -1.000000e+00 0.000000e+00
    outer loop
      vertex   4.171000e+01 5.327000e+01 -3.100000e+00
      vertex   4.107000e+01 5.327000e+01 -1.300000e+00
      vertex   4.107000e+01 5.327000e+01 -3.100000e+00
    endloop
  endfacet
  facet normal 1.000000e+00 0.000000e+00 0.000000e+00
    outer loop
      vertex   4.171000e+01 5.391000e+01 -1.300000e+00
      vertex   4.171000e+01 5.327000e+01 -1.300000e+00
      vertex   4.171000e+01 5.391000e+01 -3.100000e+00
    endloop
  endfacet
  facet normal 1.000000e+00 0.000000e+00 0.000000e+00
    outer loop
      vertex   4.171000e+01 5.391000e+01 -3.100000e+00
      vertex   4.171000e+01 5.327000e+01 -1.300000e+00
      vertex   4.171000e+01 5.327000e+01 -3.100000e+00
    endloop
  endfacet
  facet normal 0.000000e+00 0.000000e+00 -1.000000e+00
    outer loop
      vertex   4.171000e+01 5.327000e+01 -3.100000e+00
      vertex   4.107000e+01 5.327000e+01 -3.100000e+00
      vertex   4.171000e+01 5.391000e+01 -3.100000e+00
    endloop
  endfacet
  facet normal -0.000000e+00 0.000000e+00 -1.000000e+00
    outer loop
      vertex   4.171000e+01 5.391000e+01 -3.100000e+00
      vertex   4.107000e+01 5.327000e+01 -3.100000e+00
      vertex   4.107000e+01 5.391000e+01 -3.100000e+00
    endloop
  endfacet
  facet normal -1.000000e+00 0.000000e+00 0.000000e+00
    outer loop
      vertex   3.853000e+01 5.091000e+01 -1.300000e+00
      vertex   3.853000e+01 5.155000e+01 -1.300000e+00
      vertex   3.853000e+01 5.091000e+01 -3.100000e+00
    endloop
  endfacet
  facet normal -1.000000e+00 0.000000e+00 0.000000e+00
    outer loop
      vertex   3.853000e+01 5.091000e+01 -3.100000e+00
      vertex   3.853000e+01 5.155000e+01 -1.300000e+00
      vertex   3.853000e+01 5.155000e+01 -3.100000e+00
    endloop
  endfacet
  facet normal -0.000000e+00 1.000000e+00 0.000000e+00
    outer loop
      vertex   3.853000e+01 5.155000e+01 -1.300000e+00
      vertex   3.917000e+01 5.155000e+01 -1.300000e+00
      vertex   3.853000e+01 5.155000e+01 -3.100000e+00
    endloop
  endfacet
  facet normal 0.000000e+00 1.000000e+00 0.000000e+00
    outer loop
      vertex   3.853000e+01 5.155000e+01 -3.100000e+00
      vertex   3.917000e+01 5.155000e+01 -1.300000e+00
      vertex   3.917000e+01 5.155000e+01 -3.100000e+00
    endloop
  endfacet
  facet normal -0.000000e+00 -1.000000e+00 -0.000000e+00
    outer loop
      vertex   3.917000e+01 5.091000e+01 -1.300000e+00
      vertex   3.853000e+01 5.091000e+01 -1.300000e+00
      vertex   3.917000e+01 5.091000e+01 -3.100000e+00
    endloop
  endfacet
  facet normal 0.000000e+00 -1.000000e+00 0.000000e+00
    outer loop
      vertex   3.917000e+01 5.091000e+01 -3.100000e+00
      vertex   3.853000e+01 5.091000e+01 -1.300000e+00
      vertex   3.853000e+01 5.091000e+01 -3.100000e+00
    endloop
  endfacet
  facet normal 1.000000e+00 0.000000e+00 0.000000e+00
    outer loop
      vertex   3.917000e+01 5.155000e+01 -1.300000e+00
      vertex   3.917000e+01 5.091000e+01 -1.300000e+00
      vertex   3.917000e+01 5.155000e+01 -3.100000e+00
    endloop
  endfacet
  facet normal 1.000000e+00 0.000000e+00 0.000000e+00
    outer loop
      vertex   3.917000e+01 5.155000e+01 -3.100000e+00
      vertex   3.917000e+01 5.091000e+01 -1.300000e+00
      vertex   3.917000e+01 5.091000e+01 -3.100000e+00
    endloop
  endfacet
  facet normal 0.000000e+00 0.000000e+00 -1.000000e+00
    outer loop
      vertex   3.917000e+01 5.091000e+01 -3.100000e+00
      vertex   3.853000e+01 5.091000e+01 -3.100000e+00
      vertex   3.917000e+01 5.155000e+01 -3.100000e+00
    endloop
  endfacet
  facet normal -0.000000e+00 0.000000e+00 -1.000000e+00
    outer loop
      vertex   3.917000e+01 5.155000e+01 -3.100000e+00
      vertex   3.853000e+01 5.091000e+01 -3.100000e+00
      vertex   3.853000e+01 5.155000e+01 -3.100000e+00
    endloop
  endfacet
  facet normal -1.000000e+00 0.000000e+00 0.000000e+00
    outer loop
      vertex   2.837000e+01 5.091000e+01 -1.300000e+00
      vertex   2.837000e+01 5.155000e+01 -1.300000e+00
      vertex   2.837000e+01 5.091000e+01 -3.100000e+00
    endloop
  endfacet
  facet normal -1.000000e+00 0.000000e+00 0.000000e+00
    outer loop
      vertex   2.837000e+01 5.091000e+01 -3.100000e+00
      vertex   2.837000e+01 5.155000e+01 -1.300000e+00
      vertex   2.837000e+01 5.155000e+01 -3.100000e+00
    endloop
  endfacet
  facet normal -0.000000e+00 1.000000e+00 0.000000e+00
    outer loop
      vertex   2.837000e+01 5.155000e+01 -1.300000e+00
      vertex   2.901000e+01 5.155000e+01 -1.300000e+00
      vertex   2.837000e+01 5.155000e+01 -3.100000e+00
    endloop
  endfacet
  facet normal 0.000000e+00 1.000000e+00 0.000000e+00
    outer loop
      vertex   2.837000e+01 5.155000e+01 -3.100000e+00
      vertex   2.901000e+01 5.155000e+01 -1.300000e+00
      vertex   2.901000e+01 5.155000e+01 -3.100000e+00
    endloop
  endfacet
  facet normal -0.000000e+00 -1.000000e+00 -0.000000e+00
    outer loop
      vertex   2.901000e+01 5.091000e+01 -1.300000e+00
      vertex   2.837000e+01 5.091000e+01 -1.300000e+00
      vertex   2.901000e+01 5.091000e+01 -3.100000e+00
    endloop
  endfacet
  facet normal 0.000000e+00 -1.000000e+00 0.000000e+00
    outer loop
      vertex   2.901000e+01 5.091000e+01 -3.100000e+00
      vertex   2.837000e+01 5.091000e+01 -1.300000e+00
      vertex   2.837000e+01 5.091000e+01 -3.100000e+00
    endloop
  endfacet
  facet normal 1.000000e+00 0.000000e+00 0.000000e+00
    outer loop
      vertex   2.901000e+01 5.155000e+01 -1.300000e+00
      vertex   2.901000e+01 5.091000e+01 -1.300000e+00
      vertex   2.901000e+01 5.155000e+01 -3.100000e+00
    endloop
  endfacet
  facet normal 1.000000e+00 0.000000e+00 0.000000e+00
    outer loop
      vertex   2.901000e+01 5.155000e+01 -3.100000e+00
      vertex   2.901000e+01 5.091000e+01 -1.300000e+00
      vertex   2.901000e+01 5.091000e+01 -3.100000e+00
    endloop
  endfacet
  facet normal 0.000000e+00 0.000000e+00 -1.000000e+00
    outer loop
      vertex   2.901000e+01 5.091000e+01 -3.100000e+00
      vertex   2.837000e+01 5.091000e+01 -3.100000e+00
      vertex   2.901000e+01 5.155000e+01 -3.100000e+00
    endloop
  endfacet
  facet normal -0.000000e+00 0.000000e+00 -1.000000e+00
    outer loop
      vertex   2.901000e+01 5.155000e+01 -3.100000e+00
      vertex   2.837000e+01 5.091000e+01 -3.100000e+00
      vertex   2.837000e+01 5.155000e+01 -3.100000e+00
    endloop
  endfacet
  facet normal -1.000000e+00 0.000000e+00 0.000000e+00
    outer loop
      vertex   1.821000e+01 5.091000e+01 -1.300000e+00
      vertex   1.821000e+01 5.155000e+01 -1.300000e+00
      vertex   1.821000e+01 5.091000e+01 -3.100000e+00
    endloop
  endfacet
  facet normal -1.000000e+00 0.000000e+00 0.000000e+00
    outer loop
      vertex   1.821000e+01 5.091000e+01 -3.100000e+00
      vertex   1.821000e+01 5.155000e+01 -1.300000e+00
      vertex   1.821000e+01 5.155000e+01 -3.100000e+00
    endloop
  endfacet
  facet normal -0.000000e+00 1.000000e+00 0.000000e+00
    outer loop
      vertex   1.821000e+01 5.155000e+01 -1.300000e+00
      vertex   1.885000e+01 5.155000e+01 -1.300000e+00
      vertex   1.821000e+01 5.155000e+01 -3.100000e+00
    endloop
  endfacet
  facet normal 0.000000e+00 1.000000e+00 0.000000e+00
    outer loop
      vertex   1.821000e+01 5.155000e+01 -3.100000e+00
      vertex   1.885000e+01 5.155000e+01 -1.300000e+00
      vertex   1.885000e+01 5.155000e+01 -3.100000e+00
    endloop
  endfacet
  facet normal -0.000000e+00 -1.000000e+00 -0.000000e+00
    outer loop
      vertex   1.885000e+01 5.091000e+01 -1.300000e+00
      vertex   1.821000e+01 5.091000e+01 -1.300000e+00
      vertex   1.885000e+01 5.091000e+01 -3.100000e+00
    endloop
  endfacet
  facet normal 0.000000e+00 -1.000000e+00 0.000000e+00
    outer loop
      vertex   1.885000e+01 5.091000e+01 -3.100000e+00
      vertex   1.821000e+01 5.091000e+01 -1.300000e+00
      vertex   1.821000e+01 5.091000e+01 -3.100000e+00
    endloop
  endfacet
  facet normal 1.000000e+00 0.000000e+00 0.000000e+00
    outer loop
      vertex   1.885000e+01 5.155000e+01 -1.300000e+00
      vertex   1.885000e+01 5.091000e+01 -1.300000e+00
      vertex   1.885000e+01 5.155000e+01 -3.100000e+00
    endloop
  endfacet
  facet normal 1.000000e+00 0.000000e+00 0.000000e+00
    outer loop
      vertex   1.885000e+01 5.155000e+01 -3.100000e+00
      vertex   1.885000e+01 5.091000e+01 -1.300000e+00
      vertex   1.885000e+01 5.091000e+01 -3.100000e+00
    endloop
  endfacet
  facet normal 0.000000e+00 0.000000e+00 -1.000000e+00
    outer loop
      vertex   1.885000e+01 5.091000e+01 -3.100000e+00
      vertex   1.821000e+01 5.091000e+01 -3.100000e+00
      vertex   1.885000e+01 5.155000e+01 -3.100000e+00
    endloop
  endfacet
  facet normal -0.000000e+00 0.000000e+00 -1.000000e+00
    outer loop
      vertex   1.885000e+01 5.155000e+01 -3.100000e+00
      vertex   1.821000e+01 5.091000e+01 -3.100000e+00
      vertex   1.821000e+01 5.155000e+01 -3.100000e+00
    endloop
  endfacet
  facet normal -1.000000e+00 0.000000e+00 0.000000e+00
    outer loop
      vertex   2.837000e+01 5.327000e+01 -1.300000e+00
      vertex   2.837000e+01 5.391000e+01 -1.300000e+00
      vertex   2.837000e+01 5.327000e+01 -3.100000e+00
    endloop
  endfacet
  facet normal -1.000000e+00 0.000000e+00 0.000000e+00
    outer loop
      vertex   2.837000e+01 5.327000e+01 -3.100000e+00
      vertex   2.837000e+01 5.391000e+01 -1.300000e+00
      vertex   2.837000e+01 5.391000e+01 -3.100000e+00
    endloop
  endfacet
  facet normal -0.000000e+00 1.000000e+00 0.000000e+00
    outer loop
      vertex   2.837000e+01 5.391000e+01 -1.300000e+00
      vertex   2.901000e+01 5.391000e+01 -1.300000e+00
      vertex   2.837000e+01 5.391000e+01 -3.100000e+00
    endloop
  endfacet
  facet normal 0.000000e+00 1.000000e+00 0.000000e+00
    outer loop
      vertex   2.837000e+01 5.391000e+01 -3.100000e+00
      vertex   2.901000e+01 5.391000e+01 -1.300000e+00
      vertex   2.901000e+01 5.391000e+01 -3.100000e+00
    endloop
  endfacet
  facet normal -0.000000e+00 -1.000000e+00 -0.000000e+00
    outer loop
      vertex   2.901000e+01 5.327000e+01 -1.300000e+00
      vertex   2.837000e+01 5.327000e+01 -1.300000e+00
      vertex   2.901000e+01 5.327000e+01 -3.100000e+00
    endloop
  endfacet
  facet normal 0.000000e+00 -1.000000e+00 0.000000e+00
    outer loop
      vertex   2.901000e+01 5.327000e+01 -3.100000e+00
      vertex   2.837000e+01 5.327000e+01 -1.300000e+00
      vertex   2.837000e+01 5.327000e+01 -3.100000e+00
    endloop
  endfacet
  facet normal 1.000000e+00 0.000000e+00 0.000000e+00
    outer loop
      vertex   2.901000e+01 5.391000e+01 -1.300000e+00
      vertex   2.901000e+01 5.327000e+01 -1.300000e+00
      vertex   2.901000e+01 5.391000e+01 -3.100000e+00
    endloop
  endfacet
  facet normal 1.000000e+00 0.000000e+00 0.000000e+00
    outer loop
      vertex   2.901000e+01 5.391000e+01 -3.100000e+00
      vertex   2.901000e+01 5.327000e+01 -1.300000e+00
      vertex   2.901000e+01 5.327000e+01 -3.100000e+00
    endloop
  endfacet
  facet normal 0.000000e+00 0.000000e+00 -1.000000e+00
    outer loop
      vertex   2.901000e+01 5.327000e+01 -3.100000e+00
      vertex   2.837000e+01 5.327000e+01 -3.100000e+00
      vertex   2.901000e+01 5.391000e+01 -3.100000e+00
    endloop
  endfacet
  facet normal -0.000000e+00 0.000000e+00 -1.000000e+00
    outer loop
      vertex   2.901000e+01 5.391000e+01 -3.100000e+00
      vertex   2.837000e+01 5.327000e+01 -3.100000e+00
      vertex   2.837000e+01 5.391000e+01 -3.100000e+00
    endloop
  endfacet
  facet normal -1.000000e+00 0.000000e+00 0.000000e+00
    outer loop
      vertex   1.821000e+01 5.327000e+01 -1.300000e+00
      vertex   1.821000e+01 5.391000e+01 -1.300000e+00
      vertex   1.821000e+01 5.327000e+01 -3.100000e+00
    endloop
  endfacet
  facet normal -1.000000e+00 0.000000e+00 0.000000e+00
    outer loop
      vertex   1.821000e+01 5.327000e+01 -3.100000e+00
      vertex   1.821000e+01 5.391000e+01 -1.300000e+00
      vertex   1.821000e+01 5.391000e+01 -3.100000e+00
    endloop
  endfacet
  facet normal -0.000000e+00 1.000000e+00 0.000000e+00
    outer loop
      vertex   1.821000e+01 5.391000e+01 -1.300000e+00
      vertex   1.885000e+01 5.391000e+01 -1.300000e+00
      vertex   1.821000e+01 5.391000e+01 -3.100000e+00
    endloop
  endfacet
  facet normal 0.000000e+00 1.000000e+00 0.000000e+00
    outer loop
      vertex   1.821000e+01 5.391000e+01 -3.100000e+00
      vertex   1.885000e+01 5.391000e+01 -1.300000e+00
      vertex   1.885000e+01 5.391000e+01 -3.100000e+00
    endloop
  endfacet
  facet normal -0.000000e+00 -1.000000e+00 -0.000000e+00
    outer loop
      vertex   1.885000e+01 5.327000e+01 -1.300000e+00
      vertex   1.821000e+01 5.327000e+01 -1.300000e+00
      vertex   1.885000e+01 5.327000e+01 -3.100000e+00
    endloop
  endfacet
  facet normal 0.000000e+00 -1.000000e+00 0.000000e+00
    outer loop
      vertex   1.885000e+01 5.327000e+01 -3.100000e+00
      vertex   1.821000e+01 5.327000e+01 -1.300000e+00
      vertex   1.821000e+01 5.327000e+01 -3.100000e+00
    endloop
  endfacet
  facet normal 1.000000e+00 0.000000e+00 0.000000e+00
    outer loop
      vertex   1.885000e+01 5.391000e+01 -1.300000e+00
      vertex   1.885000e+01 5.327000e+01 -1.300000e+00
      vertex   1.885000e+01 5.391000e+01 -3.100000e+00
    endloop
  endfacet
  facet normal 1.000000e+00 0.000000e+00 0.000000e+00
    outer loop
      vertex   1.885000e+01 5.391000e+01 -3.100000e+00
      vertex   1.885000e+01 5.327000e+01 -1.300000e+00
      vertex   1.885000e+01 5.327000e+01 -3.100000e+00
    endloop
  endfacet
  facet normal 0.000000e+00 0.000000e+00 -1.000000e+00
    outer loop
      vertex   1.885000e+01 5.327000e+01 -3.100000e+00
      vertex   1.821000e+01 5.327000e+01 -3.100000e+00
      vertex   1.885000e+01 5.391000e+01 -3.100000e+00
    endloop
  endfacet
  facet normal -0.000000e+00 0.000000e+00 -1.000000e+00
    outer loop
      vertex   1.885000e+01 5.391000e+01 -3.100000e+00
      vertex   1.821000e+01 5.327000e+01 -3.100000e+00
      vertex   1.821000e+01 5.391000e+01 -3.100000e+00
    endloop
  endfacet
  facet normal -1.000000e+00 0.000000e+00 0.000000e+00
    outer loop
      vertex   1.059000e+01 5.327000e+01 -1.300000e+00
      vertex   1.059000e+01 5.391000e+01 -1.300000e+00
      vertex   1.059000e+01 5.327000e+01 -3.100000e+00
    endloop
  endfacet
  facet normal -1.000000e+00 0.000000e+00 0.000000e+00
    outer loop
      vertex   1.059000e+01 5.327000e+01 -3.100000e+00
      vertex   1.059000e+01 5.391000e+01 -1.300000e+00
      vertex   1.059000e+01 5.391000e+01 -3.100000e+00
    endloop
  endfacet
  facet normal -0.000000e+00 1.000000e+00 0.000000e+00
    outer loop
      vertex   1.059000e+01 5.391000e+01 -1.300000e+00
      vertex   1.123000e+01 5.391000e+01 -1.300000e+00
      vertex   1.059000e+01 5.391000e+01 -3.100000e+00
    endloop
  endfacet
  facet normal 0.000000e+00 1.000000e+00 0.000000e+00
    outer loop
      vertex   1.059000e+01 5.391000e+01 -3.100000e+00
      vertex   1.123000e+01 5.391000e+01 -1.300000e+00
      vertex   1.123000e+01 5.391000e+01 -3.100000e+00
    endloop
  endfacet
  facet normal -0.000000e+00 -1.000000e+00 -0.000000e+00
    outer loop
      vertex   1.123000e+01 5.327000e+01 -1.300000e+00
      vertex   1.059000e+01 5.327000e+01 -1.300000e+00
      vertex   1.123000e+01 5.327000e+01 -3.100000e+00
    endloop
  endfacet
  facet normal 0.000000e+00 -1.000000e+00 0.000000e+00
    outer loop
      vertex   1.123000e+01 5.327000e+01 -3.100000e+00
      vertex   1.059000e+01 5.327000e+01 -1.300000e+00
      vertex   1.059000e+01 5.327000e+01 -3.100000e+00
    endloop
  endfacet
  facet normal 1.000000e+00 0.000000e+00 0.000000e+00
    outer loop
      vertex   1.123000e+01 5.391000e+01 -1.300000e+00
      vertex   1.123000e+01 5.327000e+01 -1.300000e+00
      vertex   1.123000e+01 5.391000e+01 -3.100000e+00
    endloop
  endfacet
  facet normal 1.000000e+00 0.000000e+00 0.000000e+00
    outer loop
      vertex   1.123000e+01 5.391000e+01 -3.100000e+00
      vertex   1.123000e+01 5.327000e+01 -1.300000e+00
      vertex   1.123000e+01 5.327000e+01 -3.100000e+00
    endloop
  endfacet
  facet normal 0.000000e+00 0.000000e+00 -1.000000e+00
    outer loop
      vertex   1.123000e+01 5.327000e+01 -3.100000e+00
      vertex   1.059000e+01 5.327000e+01 -3.100000e+00
      vertex   1.123000e+01 5.391000e+01 -3.100000e+00
    endloop
  endfacet
  facet normal -0.000000e+00 0.000000e+00 -1.000000e+00
    outer loop
      vertex   1.123000e+01 5.391000e+01 -3.100000e+00
      vertex   1.059000e+01 5.327000e+01 -3.100000e+00
      vertex   1.059000e+01 5.391000e+01 -3.100000e+00
    endloop
  endfacet
  facet normal -0.000000e+00 1.000000e+00 0.000000e+00
    outer loop
      vertex   8.050000e+00 5.155000e+01 -1.300000e+00
      vertex   8.690000e+00 5.155000e+01 -1.300000e+00
      vertex   8.050000e+00 5.155000e+01 -3.100000e+00
    endloop
  endfacet
  facet normal 0.000000e+00 1.000000e+00 0.000000e+00
    outer loop
      vertex   8.050000e+00 5.155000e+01 -3.100000e+00
      vertex   8.690000e+00 5.155000e+01 -1.300000e+00
      vertex   8.690000e+00 5.155000e+01 -3.100000e+00
    endloop
  endfacet
  facet normal 1.000000e+00 0.000000e+00 0.000000e+00
    outer loop
      vertex   8.690000e+00 5.155000e+01 -1.300000e+00
      vertex   8.690000e+00 5.091000e+01 -1.300000e+00
      vertex   8.690000e+00 5.155000e+01 -3.100000e+00
    endloop
  endfacet
  facet normal 1.000000e+00 0.000000e+00 0.000000e+00
    outer loop
      vertex   8.690000e+00 5.155000e+01 -3.100000e+00
      vertex   8.690000e+00 5.091000e+01 -1.300000e+00
      vertex   8.690000e+00 5.091000e+01 -3.100000e+00
    endloop
  endfacet
  facet normal -1.000000e+00 0.000000e+00 0.000000e+00
    outer loop
      vertex   8.050000e+00 5.091000e+01 -1.300000e+00
      vertex   8.050000e+00 5.155000e+01 -1.300000e+00
      vertex   8.050000e+00 5.091000e+01 -3.100000e+00
    endloop
  endfacet
  facet normal -1.000000e+00 0.000000e+00 0.000000e+00
    outer loop
      vertex   8.050000e+00 5.091000e+01 -3.100000e+00
      vertex   8.050000e+00 5.155000e+01 -1.300000e+00
      vertex   8.050000e+00 5.155000e+01 -3.100000e+00
    endloop
  endfacet
  facet normal -0.000000e+00 -1.000000e+00 -0.000000e+00
    outer loop
      vertex   8.690000e+00 5.091000e+01 -1.300000e+00
      vertex   8.050000e+00 5.091000e+01 -1.300000e+00
      vertex   8.690000e+00 5.091000e+01 -3.100000e+00
    endloop
  endfacet
  facet normal 0.000000e+00 -1.000000e+00 0.000000e+00
    outer loop
      vertex   8.690000e+00 5.091000e+01 -3.100000e+00
      vertex   8.050000e+00 5.091000e+01 -1.300000e+00
      vertex   8.050000e+00 5.091000e+01 -3.100000e+00
    endloop
  endfacet
  facet normal 0.000000e+00 0.000000e+00 -1.000000e+00
    outer loop
      vertex   8.690000e+00 5.091000e+01 -3.100000e+00
      vertex   8.050000e+00 5.091000e+01 -3.100000e+00
      vertex   8.690000e+00 5.155000e+01 -3.100000e+00
    endloop
  endfacet
  facet normal -0.000000e+00 0.000000e+00 -1.000000e+00
    outer loop
      vertex   8.690000e+00 5.155000e+01 -3.100000e+00
      vertex   8.050000e+00 5.091000e+01 -3.100000e+00
      vertex   8.050000e+00 5.155000e+01 -3.100000e+00
    endloop
  endfacet
  facet normal -1.000000e+00 0.000000e+00 0.000000e+00
    outer loop
      vertex   1.313000e+01 5.091000e+01 -1.300000e+00
      vertex   1.313000e+01 5.155000e+01 -1.300000e+00
      vertex   1.313000e+01 5.091000e+01 -3.100000e+00
    endloop
  endfacet
  facet normal -1.000000e+00 0.000000e+00 0.000000e+00
    outer loop
      vertex   1.313000e+01 5.091000e+01 -3.100000e+00
      vertex   1.313000e+01 5.155000e+01 -1.300000e+00
      vertex   1.313000e+01 5.155000e+01 -3.100000e+00
    endloop
  endfacet
  facet normal -0.000000e+00 1.000000e+00 0.000000e+00
    outer loop
      vertex   1.313000e+01 5.155000e+01 -1.300000e+00
      vertex   1.377000e+01 5.155000e+01 -1.300000e+00
      vertex   1.313000e+01 5.155000e+01 -3.100000e+00
    endloop
  endfacet
  facet normal 0.000000e+00 1.000000e+00 0.000000e+00
    outer loop
      vertex   1.313000e+01 5.155000e+01 -3.100000e+00
      vertex   1.377000e+01 5.155000e+01 -1.300000e+00
      vertex   1.377000e+01 5.155000e+01 -3.100000e+00
    endloop
  endfacet
  facet normal -0.000000e+00 -1.000000e+00 -0.000000e+00
    outer loop
      vertex   1.377000e+01 5.091000e+01 -1.300000e+00
      vertex   1.313000e+01 5.091000e+01 -1.300000e+00
      vertex   1.377000e+01 5.091000e+01 -3.100000e+00
    endloop
  endfacet
  facet normal 0.000000e+00 -1.000000e+00 0.000000e+00
    outer loop
      vertex   1.377000e+01 5.091000e+01 -3.100000e+00
      vertex   1.313000e+01 5.091000e+01 -1.300000e+00
      vertex   1.313000e+01 5.091000e+01 -3.100000e+00
    endloop
  endfacet
  facet normal 1.000000e+00 0.000000e+00 0.000000e+00
    outer loop
      vertex   1.377000e+01 5.155000e+01 -1.300000e+00
      vertex   1.377000e+01 5.091000e+01 -1.300000e+00
      vertex   1.377000e+01 5.155000e+01 -3.100000e+00
    endloop
  endfacet
  facet normal 1.000000e+00 0.000000e+00 0.000000e+00
    outer loop
      vertex   1.377000e+01 5.155000e+01 -3.100000e+00
      vertex   1.377000e+01 5.091000e+01 -1.300000e+00
      vertex   1.377000e+01 5.091000e+01 -3.100000e+00
    endloop
  endfacet
  facet normal 0.000000e+00 0.000000e+00 -1.000000e+00
    outer loop
      vertex   1.377000e+01 5.091000e+01 -3.100000e+00
      vertex   1.313000e+01 5.091000e+01 -3.100000e+00
      vertex   1.377000e+01 5.155000e+01 -3.100000e+00
    endloop
  endfacet
  facet normal -0.000000e+00 0.000000e+00 -1.000000e+00
    outer loop
      vertex   1.377000e+01 5.155000e+01 -3.100000e+00
      vertex   1.313000e+01 5.091000e+01 -3.100000e+00
      vertex   1.313000e+01 5.155000e+01 -3.100000e+00
    endloop
  endfacet
  facet normal -1.000000e+00 0.000000e+00 0.000000e+00
    outer loop
      vertex   2.075000e+01 5.327000e+01 -1.300000e+00
      vertex   2.075000e+01 5.391000e+01 -1.300000e+00
      vertex   2.075000e+01 5.327000e+01 -3.100000e+00
    endloop
  endfacet
  facet normal -1.000000e+00 0.000000e+00 0.000000e+00
    outer loop
      vertex   2.075000e+01 5.327000e+01 -3.100000e+00
      vertex   2.075000e+01 5.391000e+01 -1.300000e+00
      vertex   2.075000e+01 5.391000e+01 -3.100000e+00
    endloop
  endfacet
  facet normal -0.000000e+00 1.000000e+00 0.000000e+00
    outer loop
      vertex   2.075000e+01 5.391000e+01 -1.300000e+00
      vertex   2.139000e+01 5.391000e+01 -1.300000e+00
      vertex   2.075000e+01 5.391000e+01 -3.100000e+00
    endloop
  endfacet
  facet normal 0.000000e+00 1.000000e+00 0.000000e+00
    outer loop
      vertex   2.075000e+01 5.391000e+01 -3.100000e+00
      vertex   2.139000e+01 5.391000e+01 -1.300000e+00
      vertex   2.139000e+01 5.391000e+01 -3.100000e+00
    endloop
  endfacet
  facet normal -0.000000e+00 -1.000000e+00 -0.000000e+00
    outer loop
      vertex   2.139000e+01 5.327000e+01 -1.300000e+00
      vertex   2.075000e+01 5.327000e+01 -1.300000e+00
      vertex   2.139000e+01 5.327000e+01 -3.100000e+00
    endloop
  endfacet
  facet normal 0.000000e+00 -1.000000e+00 0.000000e+00
    outer loop
      vertex   2.139000e+01 5.327000e+01 -3.100000e+00
      vertex   2.075000e+01 5.327000e+01 -1.300000e+00
      vertex   2.075000e+01 5.327000e+01 -3.100000e+00
    endloop
  endfacet
  facet normal 1.000000e+00 0.000000e+00 0.000000e+00
    outer loop
      vertex   2.139000e+01 5.391000e+01 -1.300000e+00
      vertex   2.139000e+01 5.327000e+01 -1.300000e+00
      vertex   2.139000e+01 5.391000e+01 -3.100000e+00
    endloop
  endfacet
  facet normal 1.000000e+00 0.000000e+00 0.000000e+00
    outer loop
      vertex   2.139000e+01 5.391000e+01 -3.100000e+00
      vertex   2.139000e+01 5.327000e+01 -1.300000e+00
      vertex   2.139000e+01 5.327000e+01 -3.100000e+00
    endloop
  endfacet
  facet normal 0.000000e+00 0.000000e+00 -1.000000e+00
    outer loop
      vertex   2.139000e+01 5.327000e+01 -3.100000e+00
      vertex   2.075000e+01 5.327000e+01 -3.100000e+00
      vertex   2.139000e+01 5.391000e+01 -3.100000e+00
    endloop
  endfacet
  facet normal -0.000000e+00 0.000000e+00 -1.000000e+00
    outer loop
      vertex   2.139000e+01 5.391000e+01 -3.100000e+00
      vertex   2.075000e+01 5.327000e+01 -3.100000e+00
      vertex   2.075000e+01 5.391000e+01 -3.100000e+00
    endloop
  endfacet
  facet normal -1.000000e+00 0.000000e+00 0.000000e+00
    outer loop
      vertex   3.091000e+01 5.327000e+01 -1.300000e+00
      vertex   3.091000e+01 5.391000e+01 -1.300000e+00
      vertex   3.091000e+01 5.327000e+01 -3.100000e+00
    endloop
  endfacet
  facet normal -1.000000e+00 0.000000e+00 0.000000e+00
    outer loop
      vertex   3.091000e+01 5.327000e+01 -3.100000e+00
      vertex   3.091000e+01 5.391000e+01 -1.300000e+00
      vertex   3.091000e+01 5.391000e+01 -3.100000e+00
    endloop
  endfacet
  facet normal -0.000000e+00 1.000000e+00 0.000000e+00
    outer loop
      vertex   3.091000e+01 5.391000e+01 -1.300000e+00
      vertex   3.155000e+01 5.391000e+01 -1.300000e+00
      vertex   3.091000e+01 5.391000e+01 -3.100000e+00
    endloop
  endfacet
  facet normal 0.000000e+00 1.000000e+00 0.000000e+00
    outer loop
      vertex   3.091000e+01 5.391000e+01 -3.100000e+00
      vertex   3.155000e+01 5.391000e+01 -1.300000e+00
      vertex   3.155000e+01 5.391000e+01 -3.100000e+00
    endloop
  endfacet
  facet normal -0.000000e+00 -1.000000e+00 -0.000000e+00
    outer loop
      vertex   3.155000e+01 5.327000e+01 -1.300000e+00
      vertex   3.091000e+01 5.327000e+01 -1.300000e+00
      vertex   3.155000e+01 5.327000e+01 -3.100000e+00
    endloop
  endfacet
  facet normal 0.000000e+00 -1.000000e+00 0.000000e+00
    outer loop
      vertex   3.155000e+01 5.327000e+01 -3.100000e+00
      vertex   3.091000e+01 5.327000e+01 -1.300000e+00
      vertex   3.091000e+01 5.327000e+01 -3.100000e+00
    endloop
  endfacet
  facet normal 1.000000e+00 0.000000e+00 0.000000e+00
    outer loop
      vertex   3.155000e+01 5.391000e+01 -1.300000e+00
      vertex   3.155000e+01 5.327000e+01 -1.300000e+00
      vertex   3.155000e+01 5.391000e+01 -3.100000e+00
    endloop
  endfacet
  facet normal 1.000000e+00 0.000000e+00 0.000000e+00
    outer loop
      vertex   3.155000e+01 5.391000e+01 -3.100000e+00
      vertex   3.155000e+01 5.327000e+01 -1.300000e+00
      vertex   3.155000e+01 5.327000e+01 -3.100000e+00
    endloop
  endfacet
  facet normal 0.000000e+00 0.000000e+00 -1.000000e+00
    outer loop
      vertex   3.155000e+01 5.327000e+01 -3.100000e+00
      vertex   3.091000e+01 5.327000e+01 -3.100000e+00
      vertex   3.155000e+01 5.391000e+01 -3.100000e+00
    endloop
  endfacet
  facet normal -0.000000e+00 0.000000e+00 -1.000000e+00
    outer loop
      vertex   3.155000e+01 5.391000e+01 -3.100000e+00
      vertex   3.091000e+01 5.327000e+01 -3.100000e+00
      vertex   3.091000e+01 5.391000e+01 -3.100000e+00
    endloop
  endfacet
  facet normal -1.000000e+00 0.000000e+00 0.000000e+00
    outer loop
      vertex   2.075000e+01 5.091000e+01 -1.300000e+00
      vertex   2.075000e+01 5.155000e+01 -1.300000e+00
      vertex   2.075000e+01 5.091000e+01 -3.100000e+00
    endloop
  endfacet
  facet normal -1.000000e+00 0.000000e+00 0.000000e+00
    outer loop
      vertex   2.075000e+01 5.091000e+01 -3.100000e+00
      vertex   2.075000e+01 5.155000e+01 -1.300000e+00
      vertex   2.075000e+01 5.155000e+01 -3.100000e+00
    endloop
  endfacet
  facet normal -0.000000e+00 1.000000e+00 0.000000e+00
    outer loop
      vertex   2.075000e+01 5.155000e+01 -1.300000e+00
      vertex   2.139000e+01 5.155000e+01 -1.300000e+00
      vertex   2.075000e+01 5.155000e+01 -3.100000e+00
    endloop
  endfacet
  facet normal 0.000000e+00 1.000000e+00 0.000000e+00
    outer loop
      vertex   2.075000e+01 5.155000e+01 -3.100000e+00
      vertex   2.139000e+01 5.155000e+01 -1.300000e+00
      vertex   2.139000e+01 5.155000e+01 -3.100000e+00
    endloop
  endfacet
  facet normal -0.000000e+00 -1.000000e+00 -0.000000e+00
    outer loop
      vertex   2.139000e+01 5.091000e+01 -1.300000e+00
      vertex   2.075000e+01 5.091000e+01 -1.300000e+00
      vertex   2.139000e+01 5.091000e+01 -3.100000e+00
    endloop
  endfacet
  facet normal 0.000000e+00 -1.000000e+00 0.000000e+00
    outer loop
      vertex   2.139000e+01 5.091000e+01 -3.100000e+00
      vertex   2.075000e+01 5.091000e+01 -1.300000e+00
      vertex   2.075000e+01 5.091000e+01 -3.100000e+00
    endloop
  endfacet
  facet normal 1.000000e+00 0.000000e+00 0.000000e+00
    outer loop
      vertex   2.139000e+01 5.155000e+01 -1.300000e+00
      vertex   2.139000e+01 5.091000e+01 -1.300000e+00
      vertex   2.139000e+01 5.155000e+01 -3.100000e+00
    endloop
  endfacet
  facet normal 1.000000e+00 0.000000e+00 0.000000e+00
    outer loop
      vertex   2.139000e+01 5.155000e+01 -3.100000e+00
      vertex   2.139000e+01 5.091000e+01 -1.300000e+00
      vertex   2.139000e+01 5.091000e+01 -3.100000e+00
    endloop
  endfacet
  facet normal 0.000000e+00 0.000000e+00 -1.000000e+00
    outer loop
      vertex   2.139000e+01 5.091000e+01 -3.100000e+00
      vertex   2.075000e+01 5.091000e+01 -3.100000e+00
      vertex   2.139000e+01 5.155000e+01 -3.100000e+00
    endloop
  endfacet
  facet normal -0.000000e+00 0.000000e+00 -1.000000e+00
    outer loop
      vertex   2.139000e+01 5.155000e+01 -3.100000e+00
      vertex   2.075000e+01 5.091000e+01 -3.100000e+00
      vertex   2.075000e+01 5.155000e+01 -3.100000e+00
    endloop
  endfacet
  facet normal -1.000000e+00 0.000000e+00 0.000000e+00
    outer loop
      vertex   3.091000e+01 5.091000e+01 -1.300000e+00
      vertex   3.091000e+01 5.155000e+01 -1.300000e+00
      vertex   3.091000e+01 5.091000e+01 -3.100000e+00
    endloop
  endfacet
  facet normal -1.000000e+00 0.000000e+00 0.000000e+00
    outer loop
      vertex   3.091000e+01 5.091000e+01 -3.100000e+00
      vertex   3.091000e+01 5.155000e+01 -1.300000e+00
      vertex   3.091000e+01 5.155000e+01 -3.100000e+00
    endloop
  endfacet
  facet normal -0.000000e+00 1.000000e+00 0.000000e+00
    outer loop
      vertex   3.091000e+01 5.155000e+01 -1.300000e+00
      vertex   3.155000e+01 5.155000e+01 -1.300000e+00
      vertex   3.091000e+01 5.155000e+01 -3.100000e+00
    endloop
  endfacet
  facet normal 0.000000e+00 1.000000e+00 0.000000e+00
    outer loop
      vertex   3.091000e+01 5.155000e+01 -3.100000e+00
      vertex   3.155000e+01 5.155000e+01 -1.300000e+00
      vertex   3.155000e+01 5.155000e+01 -3.100000e+00
    endloop
  endfacet
  facet normal -0.000000e+00 -1.000000e+00 -0.000000e+00
    outer loop
      vertex   3.155000e+01 5.091000e+01 -1.300000e+00
      vertex   3.091000e+01 5.091000e+01 -1.300000e+00
      vertex   3.155000e+01 5.091000e+01 -3.100000e+00
    endloop
  endfacet
  facet normal 0.000000e+00 -1.000000e+00 0.000000e+00
    outer loop
      vertex   3.155000e+01 5.091000e+01 -3.100000e+00
      vertex   3.091000e+01 5.091000e+01 -1.300000e+00
      vertex   3.091000e+01 5.091000e+01 -3.100000e+00
    endloop
  endfacet
  facet normal 1.000000e+00 0.000000e+00 0.000000e+00
    outer loop
      vertex   3.155000e+01 5.155000e+01 -1.300000e+00
      vertex   3.155000e+01 5.091000e+01 -1.300000e+00
      vertex   3.155000e+01 5.155000e+01 -3.100000e+00
    endloop
  endfacet
  facet normal 1.000000e+00 0.000000e+00 0.000000e+00
    outer loop
      vertex   3.155000e+01 5.155000e+01 -3.100000e+00
      vertex   3.155000e+01 5.091000e+01 -1.300000e+00
      vertex   3.155000e+01 5.091000e+01 -3.100000e+00
    endloop
  endfacet
  facet normal 0.000000e+00 0.000000e+00 -1.000000e+00
    outer loop
      vertex   3.155000e+01 5.091000e+01 -3.100000e+00
      vertex   3.091000e+01 5.091000e+01 -3.100000e+00
      vertex   3.155000e+01 5.155000e+01 -3.100000e+00
    endloop
  endfacet
  facet normal -0.000000e+00 0.000000e+00 -1.000000e+00
    outer loop
      vertex   3.155000e+01 5.155000e+01 -3.100000e+00
      vertex   3.091000e+01 5.091000e+01 -3.100000e+00
      vertex   3.091000e+01 5.155000e+01 -3.100000e+00
    endloop
  endfacet
  facet normal -1.000000e+00 0.000000e+00 0.000000e+00
    outer loop
      vertex   4.107000e+01 5.091000e+01 -1.300000e+00
      vertex   4.107000e+01 5.155000e+01 -1.300000e+00
      vertex   4.107000e+01 5.091000e+01 -3.100000e+00
    endloop
  endfacet
  facet normal -1.000000e+00 0.000000e+00 0.000000e+00
    outer loop
      vertex   4.107000e+01 5.091000e+01 -3.100000e+00
      vertex   4.107000e+01 5.155000e+01 -1.300000e+00
      vertex   4.107000e+01 5.155000e+01 -3.100000e+00
    endloop
  endfacet
  facet normal -0.000000e+00 1.000000e+00 0.000000e+00
    outer loop
      vertex   4.107000e+01 5.155000e+01 -1.300000e+00
      vertex   4.171000e+01 5.155000e+01 -1.300000e+00
      vertex   4.107000e+01 5.155000e+01 -3.100000e+00
    endloop
  endfacet
  facet normal 0.000000e+00 1.000000e+00 0.000000e+00
    outer loop
      vertex   4.107000e+01 5.155000e+01 -3.100000e+00
      vertex   4.171000e+01 5.155000e+01 -1.300000e+00
      vertex   4.171000e+01 5.155000e+01 -3.100000e+00
    endloop
  endfacet
  facet normal -0.000000e+00 -1.000000e+00 -0.000000e+00
    outer loop
      vertex   4.171000e+01 5.091000e+01 -1.300000e+00
      vertex   4.107000e+01 5.091000e+01 -1.300000e+00
      vertex   4.171000e+01 5.091000e+01 -3.100000e+00
    endloop
  endfacet
  facet normal 0.000000e+00 -1.000000e+00 0.000000e+00
    outer loop
      vertex   4.171000e+01 5.091000e+01 -3.100000e+00
      vertex   4.107000e+01 5.091000e+01 -1.300000e+00
      vertex   4.107000e+01 5.091000e+01 -3.100000e+00
    endloop
  endfacet
  facet normal 1.000000e+00 0.000000e+00 0.000000e+00
    outer loop
      vertex   4.171000e+01 5.155000e+01 -1.300000e+00
      vertex   4.171000e+01 5.091000e+01 -1.300000e+00
      vertex   4.171000e+01 5.155000e+01 -3.100000e+00
    endloop
  endfacet
  facet normal 1.000000e+00 0.000000e+00 0.000000e+00
    outer loop
      vertex   4.171000e+01 5.155000e+01 -3.100000e+00
      vertex   4.171000e+01 5.091000e+01 -1.300000e+00
      vertex   4.171000e+01 5.091000e+01 -3.100000e+00
    endloop
  endfacet
  facet normal 0.000000e+00 0.000000e+00 -1.000000e+00
    outer loop
      vertex   4.171000e+01 5.091000e+01 -3.100000e+00
      vertex   4.107000e+01 5.091000e+01 -3.100000e+00
      vertex   4.171000e+01 5.155000e+01 -3.100000e+00
    endloop
  endfacet
  facet normal -0.000000e+00 0.000000e+00 -1.000000e+00
    outer loop
      vertex   4.171000e+01 5.155000e+01 -3.100000e+00
      vertex   4.107000e+01 5.091000e+01 -3.100000e+00
      vertex   4.107000e+01 5.155000e+01 -3.100000e+00
    endloop
  endfacet
  facet normal -1.000000e+00 0.000000e+00 0.000000e+00
    outer loop
      vertex   4.361000e+01 5.327000e+01 -1.300000e+00
      vertex   4.361000e+01 5.391000e+01 -1.300000e+00
      vertex   4.361000e+01 5.327000e+01 -3.100000e+00
    endloop
  endfacet
  facet normal -1.000000e+00 0.000000e+00 0.000000e+00
    outer loop
      vertex   4.361000e+01 5.327000e+01 -3.100000e+00
      vertex   4.361000e+01 5.391000e+01 -1.300000e+00
      vertex   4.361000e+01 5.391000e+01 -3.100000e+00
    endloop
  endfacet
  facet normal -0.000000e+00 1.000000e+00 0.000000e+00
    outer loop
      vertex   4.361000e+01 5.391000e+01 -1.300000e+00
      vertex   4.425000e+01 5.391000e+01 -1.300000e+00
      vertex   4.361000e+01 5.391000e+01 -3.100000e+00
    endloop
  endfacet
  facet normal 0.000000e+00 1.000000e+00 0.000000e+00
    outer loop
      vertex   4.361000e+01 5.391000e+01 -3.100000e+00
      vertex   4.425000e+01 5.391000e+01 -1.300000e+00
      vertex   4.425000e+01 5.391000e+01 -3.100000e+00
    endloop
  endfacet
  facet normal -0.000000e+00 -1.000000e+00 -0.000000e+00
    outer loop
      vertex   4.425000e+01 5.327000e+01 -1.300000e+00
      vertex   4.361000e+01 5.327000e+01 -1.300000e+00
      vertex   4.425000e+01 5.327000e+01 -3.100000e+00
    endloop
  endfacet
  facet normal 0.000000e+00 -1.000000e+00 0.000000e+00
    outer loop
      vertex   4.425000e+01 5.327000e+01 -3.100000e+00
      vertex   4.361000e+01 5.327000e+01 -1.300000e+00
      vertex   4.361000e+01 5.327000e+01 -3.100000e+00
    endloop
  endfacet
  facet normal 1.000000e+00 0.000000e+00 0.000000e+00
    outer loop
      vertex   4.425000e+01 5.391000e+01 -1.300000e+00
      vertex   4.425000e+01 5.327000e+01 -1.300000e+00
      vertex   4.425000e+01 5.391000e+01 -3.100000e+00
    endloop
  endfacet
  facet normal 1.000000e+00 0.000000e+00 0.000000e+00
    outer loop
      vertex   4.425000e+01 5.391000e+01 -3.100000e+00
      vertex   4.425000e+01 5.327000e+01 -1.300000e+00
      vertex   4.425000e+01 5.327000e+01 -3.100000e+00
    endloop
  endfacet
  facet normal 0.000000e+00 0.000000e+00 -1.000000e+00
    outer loop
      vertex   4.425000e+01 5.327000e+01 -3.100000e+00
      vertex   4.361000e+01 5.327000e+01 -3.100000e+00
      vertex   4.425000e+01 5.391000e+01 -3.100000e+00
    endloop
  endfacet
  facet normal -0.000000e+00 0.000000e+00 -1.000000e+00
    outer loop
      vertex   4.425000e+01 5.391000e+01 -3.100000e+00
      vertex   4.361000e+01 5.327000e+01 -3.100000e+00
      vertex   4.361000e+01 5.391000e+01 -3.100000e+00
    endloop
  endfacet
  facet normal -1.000000e+00 0.000000e+00 0.000000e+00
    outer loop
      vertex   5.377000e+01 5.327000e+01 -1.300000e+00
      vertex   5.377000e+01 5.391000e+01 -1.300000e+00
      vertex   5.377000e+01 5.327000e+01 -3.100000e+00
    endloop
  endfacet
  facet normal -1.000000e+00 0.000000e+00 0.000000e+00
    outer loop
      vertex   5.377000e+01 5.327000e+01 -3.100000e+00
      vertex   5.377000e+01 5.391000e+01 -1.300000e+00
      vertex   5.377000e+01 5.391000e+01 -3.100000e+00
    endloop
  endfacet
  facet normal -0.000000e+00 1.000000e+00 0.000000e+00
    outer loop
      vertex   5.377000e+01 5.391000e+01 -1.300000e+00
      vertex   5.441000e+01 5.391000e+01 -1.300000e+00
      vertex   5.377000e+01 5.391000e+01 -3.100000e+00
    endloop
  endfacet
  facet normal 0.000000e+00 1.000000e+00 0.000000e+00
    outer loop
      vertex   5.377000e+01 5.391000e+01 -3.100000e+00
      vertex   5.441000e+01 5.391000e+01 -1.300000e+00
      vertex   5.441000e+01 5.391000e+01 -3.100000e+00
    endloop
  endfacet
  facet normal -0.000000e+00 -1.000000e+00 -0.000000e+00
    outer loop
      vertex   5.441000e+01 5.327000e+01 -1.300000e+00
      vertex   5.377000e+01 5.327000e+01 -1.300000e+00
      vertex   5.441000e+01 5.327000e+01 -3.100000e+00
    endloop
  endfacet
  facet normal 0.000000e+00 -1.000000e+00 0.000000e+00
    outer loop
      vertex   5.441000e+01 5.327000e+01 -3.100000e+00
      vertex   5.377000e+01 5.327000e+01 -1.300000e+00
      vertex   5.377000e+01 5.327000e+01 -3.100000e+00
    endloop
  endfacet
  facet normal 1.000000e+00 0.000000e+00 0.000000e+00
    outer loop
      vertex   5.441000e+01 5.391000e+01 -1.300000e+00
      vertex   5.441000e+01 5.327000e+01 -1.300000e+00
      vertex   5.441000e+01 5.391000e+01 -3.100000e+00
    endloop
  endfacet
  facet normal 1.000000e+00 0.000000e+00 0.000000e+00
    outer loop
      vertex   5.441000e+01 5.391000e+01 -3.100000e+00
      vertex   5.441000e+01 5.327000e+01 -1.300000e+00
      vertex   5.441000e+01 5.327000e+01 -3.100000e+00
    endloop
  endfacet
  facet normal 0.000000e+00 0.000000e+00 -1.000000e+00
    outer loop
      vertex   5.441000e+01 5.327000e+01 -3.100000e+00
      vertex   5.377000e+01 5.327000e+01 -3.100000e+00
      vertex   5.441000e+01 5.391000e+01 -3.100000e+00
    endloop
  endfacet
  facet normal -0.000000e+00 0.000000e+00 -1.000000e+00
    outer loop
      vertex   5.441000e+01 5.391000e+01 -3.100000e+00
      vertex   5.377000e+01 5.327000e+01 -3.100000e+00
      vertex   5.377000e+01 5.391000e+01 -3.100000e+00
    endloop
  endfacet
  facet normal -1.000000e+00 0.000000e+00 0.000000e+00
    outer loop
      vertex   4.869000e+01 5.091000e+01 -1.300000e+00
      vertex   4.869000e+01 5.155000e+01 -1.300000e+00
      vertex   4.869000e+01 5.091000e+01 -3.100000e+00
    endloop
  endfacet
  facet normal -1.000000e+00 0.000000e+00 0.000000e+00
    outer loop
      vertex   4.869000e+01 5.091000e+01 -3.100000e+00
      vertex   4.869000e+01 5.155000e+01 -1.300000e+00
      vertex   4.869000e+01 5.155000e+01 -3.100000e+00
    endloop
  endfacet
  facet normal -0.000000e+00 1.000000e+00 0.000000e+00
    outer loop
      vertex   4.869000e+01 5.155000e+01 -1.300000e+00
      vertex   4.933000e+01 5.155000e+01 -1.300000e+00
      vertex   4.869000e+01 5.155000e+01 -3.100000e+00
    endloop
  endfacet
  facet normal 0.000000e+00 1.000000e+00 0.000000e+00
    outer loop
      vertex   4.869000e+01 5.155000e+01 -3.100000e+00
      vertex   4.933000e+01 5.155000e+01 -1.300000e+00
      vertex   4.933000e+01 5.155000e+01 -3.100000e+00
    endloop
  endfacet
  facet normal -0.000000e+00 -1.000000e+00 -0.000000e+00
    outer loop
      vertex   4.933000e+01 5.091000e+01 -1.300000e+00
      vertex   4.869000e+01 5.091000e+01 -1.300000e+00
      vertex   4.933000e+01 5.091000e+01 -3.100000e+00
    endloop
  endfacet
  facet normal 0.000000e+00 -1.000000e+00 0.000000e+00
    outer loop
      vertex   4.933000e+01 5.091000e+01 -3.100000e+00
      vertex   4.869000e+01 5.091000e+01 -1.300000e+00
      vertex   4.869000e+01 5.091000e+01 -3.100000e+00
    endloop
  endfacet
  facet normal 1.000000e+00 0.000000e+00 0.000000e+00
    outer loop
      vertex   4.933000e+01 5.155000e+01 -1.300000e+00
      vertex   4.933000e+01 5.091000e+01 -1.300000e+00
      vertex   4.933000e+01 5.155000e+01 -3.100000e+00
    endloop
  endfacet
  facet normal 1.000000e+00 0.000000e+00 0.000000e+00
    outer loop
      vertex   4.933000e+01 5.155000e+01 -3.100000e+00
      vertex   4.933000e+01 5.091000e+01 -1.300000e+00
      vertex   4.933000e+01 5.091000e+01 -3.100000e+00
    endloop
  endfacet
  facet normal 0.000000e+00 0.000000e+00 -1.000000e+00
    outer loop
      vertex   4.933000e+01 5.091000e+01 -3.100000e+00
      vertex   4.869000e+01 5.091000e+01 -3.100000e+00
      vertex   4.933000e+01 5.155000e+01 -3.100000e+00
    endloop
  endfacet
  facet normal -0.000000e+00 0.000000e+00 -1.000000e+00
    outer loop
      vertex   4.933000e+01 5.155000e+01 -3.100000e+00
      vertex   4.869000e+01 5.091000e+01 -3.100000e+00
      vertex   4.869000e+01 5.155000e+01 -3.100000e+00
    endloop
  endfacet
  facet normal -1.000000e+00 0.000000e+00 0.000000e+00
    outer loop
      vertex   5.377000e+01 5.091000e+01 -1.300000e+00
      vertex   5.377000e+01 5.155000e+01 -1.300000e+00
      vertex   5.377000e+01 5.091000e+01 -3.100000e+00
    endloop
  endfacet
  facet normal -1.000000e+00 0.000000e+00 0.000000e+00
    outer loop
      vertex   5.377000e+01 5.091000e+01 -3.100000e+00
      vertex   5.377000e+01 5.155000e+01 -1.300000e+00
      vertex   5.377000e+01 5.155000e+01 -3.100000e+00
    endloop
  endfacet
  facet normal -0.000000e+00 1.000000e+00 0.000000e+00
    outer loop
      vertex   5.377000e+01 5.155000e+01 -1.300000e+00
      vertex   5.441000e+01 5.155000e+01 -1.300000e+00
      vertex   5.377000e+01 5.155000e+01 -3.100000e+00
    endloop
  endfacet
  facet normal 0.000000e+00 1.000000e+00 0.000000e+00
    outer loop
      vertex   5.377000e+01 5.155000e+01 -3.100000e+00
      vertex   5.441000e+01 5.155000e+01 -1.300000e+00
      vertex   5.441000e+01 5.155000e+01 -3.100000e+00
    endloop
  endfacet
  facet normal -0.000000e+00 -1.000000e+00 -0.000000e+00
    outer loop
      vertex   5.441000e+01 5.091000e+01 -1.300000e+00
      vertex   5.377000e+01 5.091000e+01 -1.300000e+00
      vertex   5.441000e+01 5.091000e+01 -3.100000e+00
    endloop
  endfacet
  facet normal 0.000000e+00 -1.000000e+00 0.000000e+00
    outer loop
      vertex   5.441000e+01 5.091000e+01 -3.100000e+00
      vertex   5.377000e+01 5.091000e+01 -1.300000e+00
      vertex   5.377000e+01 5.091000e+01 -3.100000e+00
    endloop
  endfacet
  facet normal 1.000000e+00 0.000000e+00 0.000000e+00
    outer loop
      vertex   5.441000e+01 5.155000e+01 -1.300000e+00
      vertex   5.441000e+01 5.091000e+01 -1.300000e+00
      vertex   5.441000e+01 5.155000e+01 -3.100000e+00
    endloop
  endfacet
  facet normal 1.000000e+00 0.000000e+00 0.000000e+00
    outer loop
      vertex   5.441000e+01 5.155000e+01 -3.100000e+00
      vertex   5.441000e+01 5.091000e+01 -1.300000e+00
      vertex   5.441000e+01 5.091000e+01 -3.100000e+00
    endloop
  endfacet
  facet normal 0.000000e+00 0.000000e+00 -1.000000e+00
    outer loop
      vertex   5.441000e+01 5.091000e+01 -3.100000e+00
      vertex   5.377000e+01 5.091000e+01 -3.100000e+00
      vertex   5.441000e+01 5.155000e+01 -3.100000e+00
    endloop
  endfacet
  facet normal -0.000000e+00 0.000000e+00 -1.000000e+00
    outer loop
      vertex   5.441000e+01 5.155000e+01 -3.100000e+00
      vertex   5.377000e+01 5.091000e+01 -3.100000e+00
      vertex   5.377000e+01 5.155000e+01 -3.100000e+00
    endloop
  endfacet
  facet normal -1.000000e+00 0.000000e+00 0.000000e+00
    outer loop
      vertex   4.361000e+01 5.091000e+01 -1.300000e+00
      vertex   4.361000e+01 5.155000e+01 -1.300000e+00
      vertex   4.361000e+01 5.091000e+01 -3.100000e+00
    endloop
  endfacet
  facet normal -1.000000e+00 0.000000e+00 0.000000e+00
    outer loop
      vertex   4.361000e+01 5.091000e+01 -3.100000e+00
      vertex   4.361000e+01 5.155000e+01 -1.300000e+00
      vertex   4.361000e+01 5.155000e+01 -3.100000e+00
    endloop
  endfacet
  facet normal -0.000000e+00 1.000000e+00 0.000000e+00
    outer loop
      vertex   4.361000e+01 5.155000e+01 -1.300000e+00
      vertex   4.425000e+01 5.155000e+01 -1.300000e+00
      vertex   4.361000e+01 5.155000e+01 -3.100000e+00
    endloop
  endfacet
  facet normal 0.000000e+00 1.000000e+00 0.000000e+00
    outer loop
      vertex   4.361000e+01 5.155000e+01 -3.100000e+00
      vertex   4.425000e+01 5.155000e+01 -1.300000e+00
      vertex   4.425000e+01 5.155000e+01 -3.100000e+00
    endloop
  endfacet
  facet normal -0.000000e+00 -1.000000e+00 -0.000000e+00
    outer loop
      vertex   4.425000e+01 5.091000e+01 -1.300000e+00
      vertex   4.361000e+01 5.091000e+01 -1.300000e+00
      vertex   4.425000e+01 5.091000e+01 -3.100000e+00
    endloop
  endfacet
  facet normal 0.000000e+00 -1.000000e+00 0.000000e+00
    outer loop
      vertex   4.425000e+01 5.091000e+01 -3.100000e+00
      vertex   4.361000e+01 5.091000e+01 -1.300000e+00
      vertex   4.361000e+01 5.091000e+01 -3.100000e+00
    endloop
  endfacet
  facet normal 1.000000e+00 0.000000e+00 0.000000e+00
    outer loop
      vertex   4.425000e+01 5.155000e+01 -1.300000e+00
      vertex   4.425000e+01 5.091000e+01 -1.300000e+00
      vertex   4.425000e+01 5.155000e+01 -3.100000e+00
    endloop
  endfacet
  facet normal 1.000000e+00 0.000000e+00 0.000000e+00
    outer loop
      vertex   4.425000e+01 5.155000e+01 -3.100000e+00
      vertex   4.425000e+01 5.091000e+01 -1.300000e+00
      vertex   4.425000e+01 5.091000e+01 -3.100000e+00
    endloop
  endfacet
  facet normal 0.000000e+00 0.000000e+00 -1.000000e+00
    outer loop
      vertex   4.425000e+01 5.091000e+01 -3.100000e+00
      vertex   4.361000e+01 5.091000e+01 -3.100000e+00
      vertex   4.425000e+01 5.155000e+01 -3.100000e+00
    endloop
  endfacet
  facet normal -0.000000e+00 0.000000e+00 -1.000000e+00
    outer loop
      vertex   4.425000e+01 5.155000e+01 -3.100000e+00
      vertex   4.361000e+01 5.091000e+01 -3.100000e+00
      vertex   4.361000e+01 5.155000e+01 -3.100000e+00
    endloop
  endfacet
  facet normal -1.000000e+00 0.000000e+00 0.000000e+00
    outer loop
      vertex   4.869000e+01 5.327000e+01 -1.300000e+00
      vertex   4.869000e+01 5.391000e+01 -1.300000e+00
      vertex   4.869000e+01 5.327000e+01 -3.100000e+00
    endloop
  endfacet
  facet normal -1.000000e+00 0.000000e+00 0.000000e+00
    outer loop
      vertex   4.869000e+01 5.327000e+01 -3.100000e+00
      vertex   4.869000e+01 5.391000e+01 -1.300000e+00
      vertex   4.869000e+01 5.391000e+01 -3.100000e+00
    endloop
  endfacet
  facet normal -0.000000e+00 1.000000e+00 0.000000e+00
    outer loop
      vertex   4.869000e+01 5.391000e+01 -1.300000e+00
      vertex   4.933000e+01 5.391000e+01 -1.300000e+00
      vertex   4.869000e+01 5.391000e+01 -3.100000e+00
    endloop
  endfacet
  facet normal 0.000000e+00 1.000000e+00 0.000000e+00
    outer loop
      vertex   4.869000e+01 5.391000e+01 -3.100000e+00
      vertex   4.933000e+01 5.391000e+01 -1.300000e+00
      vertex   4.933000e+01 5.391000e+01 -3.100000e+00
    endloop
  endfacet
  facet normal -0.000000e+00 -1.000000e+00 -0.000000e+00
    outer loop
      vertex   4.933000e+01 5.327000e+01 -1.300000e+00
      vertex   4.869000e+01 5.327000e+01 -1.300000e+00
      vertex   4.933000e+01 5.327000e+01 -3.100000e+00
    endloop
  endfacet
  facet normal 0.000000e+00 -1.000000e+00 0.000000e+00
    outer loop
      vertex   4.933000e+01 5.327000e+01 -3.100000e+00
      vertex   4.869000e+01 5.327000e+01 -1.300000e+00
      vertex   4.869000e+01 5.327000e+01 -3.100000e+00
    endloop
  endfacet
  facet normal 1.000000e+00 0.000000e+00 0.000000e+00
    outer loop
      vertex   4.933000e+01 5.391000e+01 -1.300000e+00
      vertex   4.933000e+01 5.327000e+01 -1.300000e+00
      vertex   4.933000e+01 5.391000e+01 -3.100000e+00
    endloop
  endfacet
  facet normal 1.000000e+00 0.000000e+00 0.000000e+00
    outer loop
      vertex   4.933000e+01 5.391000e+01 -3.100000e+00
      vertex   4.933000e+01 5.327000e+01 -1.300000e+00
      vertex   4.933000e+01 5.327000e+01 -3.100000e+00
    endloop
  endfacet
  facet normal 0.000000e+00 0.000000e+00 -1.000000e+00
    outer loop
      vertex   4.933000e+01 5.327000e+01 -3.100000e+00
      vertex   4.869000e+01 5.327000e+01 -3.100000e+00
      vertex   4.933000e+01 5.391000e+01 -3.100000e+00
    endloop
  endfacet
  facet normal -0.000000e+00 0.000000e+00 -1.000000e+00
    outer loop
      vertex   4.933000e+01 5.391000e+01 -3.100000e+00
      vertex   4.869000e+01 5.327000e+01 -3.100000e+00
      vertex   4.869000e+01 5.391000e+01 -3.100000e+00
    endloop
  endfacet
  facet normal -1.000000e+00 0.000000e+00 0.000000e+00
    outer loop
      vertex   3.853000e+01 5.327000e+01 -1.300000e+00
      vertex   3.853000e+01 5.391000e+01 -1.300000e+00
      vertex   3.853000e+01 5.327000e+01 -3.100000e+00
    endloop
  endfacet
  facet normal -1.000000e+00 0.000000e+00 0.000000e+00
    outer loop
      vertex   3.853000e+01 5.327000e+01 -3.100000e+00
      vertex   3.853000e+01 5.391000e+01 -1.300000e+00
      vertex   3.853000e+01 5.391000e+01 -3.100000e+00
    endloop
  endfacet
  facet normal -0.000000e+00 1.000000e+00 0.000000e+00
    outer loop
      vertex   3.853000e+01 5.391000e+01 -1.300000e+00
      vertex   3.917000e+01 5.391000e+01 -1.300000e+00
      vertex   3.853000e+01 5.391000e+01 -3.100000e+00
    endloop
  endfacet
  facet normal 0.000000e+00 1.000000e+00 0.000000e+00
    outer loop
      vertex   3.853000e+01 5.391000e+01 -3.100000e+00
      vertex   3.917000e+01 5.391000e+01 -1.300000e+00
      vertex   3.917000e+01 5.391000e+01 -3.100000e+00
    endloop
  endfacet
  facet normal -0.000000e+00 -1.000000e+00 -0.000000e+00
    outer loop
      vertex   3.917000e+01 5.327000e+01 -1.300000e+00
      vertex   3.853000e+01 5.327000e+01 -1.300000e+00
      vertex   3.917000e+01 5.327000e+01 -3.100000e+00
    endloop
  endfacet
  facet normal 0.000000e+00 -1.000000e+00 0.000000e+00
    outer loop
      vertex   3.917000e+01 5.327000e+01 -3.100000e+00
      vertex   3.853000e+01 5.327000e+01 -1.300000e+00
      vertex   3.853000e+01 5.327000e+01 -3.100000e+00
    endloop
  endfacet
  facet normal 1.000000e+00 0.000000e+00 0.000000e+00
    outer loop
      vertex   3.917000e+01 5.391000e+01 -1.300000e+00
      vertex   3.917000e+01 5.327000e+01 -1.300000e+00
      vertex   3.917000e+01 5.391000e+01 -3.100000e+00
    endloop
  endfacet
  facet normal 1.000000e+00 0.000000e+00 0.000000e+00
    outer loop
      vertex   3.917000e+01 5.391000e+01 -3.100000e+00
      vertex   3.917000e+01 5.327000e+01 -1.300000e+00
      vertex   3.917000e+01 5.327000e+01 -3.100000e+00
    endloop
  endfacet
  facet normal 0.000000e+00 0.000000e+00 -1.000000e+00
    outer loop
      vertex   3.917000e+01 5.327000e+01 -3.100000e+00
      vertex   3.853000e+01 5.327000e+01 -3.100000e+00
      vertex   3.917000e+01 5.391000e+01 -3.100000e+00
    endloop
  endfacet
  facet normal -0.000000e+00 0.000000e+00 -1.000000e+00
    outer loop
      vertex   3.917000e+01 5.391000e+01 -3.100000e+00
      vertex   3.853000e+01 5.327000e+01 -3.100000e+00
      vertex   3.853000e+01 5.391000e+01 -3.100000e+00
    endloop
  endfacet
  facet normal -1.000000e+00 0.000000e+00 0.000000e+00
    outer loop
      vertex   3.599000e+01 5.091000e+01 -1.300000e+00
      vertex   3.599000e+01 5.155000e+01 -1.300000e+00
      vertex   3.599000e+01 5.091000e+01 -3.100000e+00
    endloop
  endfacet
  facet normal -1.000000e+00 0.000000e+00 0.000000e+00
    outer loop
      vertex   3.599000e+01 5.091000e+01 -3.100000e+00
      vertex   3.599000e+01 5.155000e+01 -1.300000e+00
      vertex   3.599000e+01 5.155000e+01 -3.100000e+00
    endloop
  endfacet
  facet normal -0.000000e+00 1.000000e+00 0.000000e+00
    outer loop
      vertex   3.599000e+01 5.155000e+01 -1.300000e+00
      vertex   3.663000e+01 5.155000e+01 -1.300000e+00
      vertex   3.599000e+01 5.155000e+01 -3.100000e+00
    endloop
  endfacet
  facet normal 0.000000e+00 1.000000e+00 0.000000e+00
    outer loop
      vertex   3.599000e+01 5.155000e+01 -3.100000e+00
      vertex   3.663000e+01 5.155000e+01 -1.300000e+00
      vertex   3.663000e+01 5.155000e+01 -3.100000e+00
    endloop
  endfacet
  facet normal -0.000000e+00 -1.000000e+00 -0.000000e+00
    outer loop
      vertex   3.663000e+01 5.091000e+01 -1.300000e+00
      vertex   3.599000e+01 5.091000e+01 -1.300000e+00
      vertex   3.663000e+01 5.091000e+01 -3.100000e+00
    endloop
  endfacet
  facet normal 0.000000e+00 -1.000000e+00 0.000000e+00
    outer loop
      vertex   3.663000e+01 5.091000e+01 -3.100000e+00
      vertex   3.599000e+01 5.091000e+01 -1.300000e+00
      vertex   3.599000e+01 5.091000e+01 -3.100000e+00
    endloop
  endfacet
  facet normal 1.000000e+00 0.000000e+00 0.000000e+00
    outer loop
      vertex   3.663000e+01 5.155000e+01 -1.300000e+00
      vertex   3.663000e+01 5.091000e+01 -1.300000e+00
      vertex   3.663000e+01 5.155000e+01 -3.100000e+00
    endloop
  endfacet
  facet normal 1.000000e+00 0.000000e+00 0.000000e+00
    outer loop
      vertex   3.663000e+01 5.155000e+01 -3.100000e+00
      vertex   3.663000e+01 5.091000e+01 -1.300000e+00
      vertex   3.663000e+01 5.091000e+01 -3.100000e+00
    endloop
  endfacet
  facet normal 0.000000e+00 0.000000e+00 -1.000000e+00
    outer loop
      vertex   3.663000e+01 5.091000e+01 -3.100000e+00
      vertex   3.599000e+01 5.091000e+01 -3.100000e+00
      vertex   3.663000e+01 5.155000e+01 -3.100000e+00
    endloop
  endfacet
  facet normal -0.000000e+00 0.000000e+00 -1.000000e+00
    outer loop
      vertex   3.663000e+01 5.155000e+01 -3.100000e+00
      vertex   3.599000e+01 5.091000e+01 -3.100000e+00
      vertex   3.599000e+01 5.155000e+01 -3.100000e+00
    endloop
  endfacet
  facet normal -1.000000e+00 0.000000e+00 0.000000e+00
    outer loop
      vertex   2.583000e+01 5.091000e+01 -1.300000e+00
      vertex   2.583000e+01 5.155000e+01 -1.300000e+00
      vertex   2.583000e+01 5.091000e+01 -3.100000e+00
    endloop
  endfacet
  facet normal -1.000000e+00 0.000000e+00 0.000000e+00
    outer loop
      vertex   2.583000e+01 5.091000e+01 -3.100000e+00
      vertex   2.583000e+01 5.155000e+01 -1.300000e+00
      vertex   2.583000e+01 5.155000e+01 -3.100000e+00
    endloop
  endfacet
  facet normal -0.000000e+00 1.000000e+00 0.000000e+00
    outer loop
      vertex   2.583000e+01 5.155000e+01 -1.300000e+00
      vertex   2.647000e+01 5.155000e+01 -1.300000e+00
      vertex   2.583000e+01 5.155000e+01 -3.100000e+00
    endloop
  endfacet
  facet normal 0.000000e+00 1.000000e+00 0.000000e+00
    outer loop
      vertex   2.583000e+01 5.155000e+01 -3.100000e+00
      vertex   2.647000e+01 5.155000e+01 -1.300000e+00
      vertex   2.647000e+01 5.155000e+01 -3.100000e+00
    endloop
  endfacet
  facet normal -0.000000e+00 -1.000000e+00 -0.000000e+00
    outer loop
      vertex   2.647000e+01 5.091000e+01 -1.300000e+00
      vertex   2.583000e+01 5.091000e+01 -1.300000e+00
      vertex   2.647000e+01 5.091000e+01 -3.100000e+00
    endloop
  endfacet
  facet normal 0.000000e+00 -1.000000e+00 0.000000e+00
    outer loop
      vertex   2.647000e+01 5.091000e+01 -3.100000e+00
      vertex   2.583000e+01 5.091000e+01 -1.300000e+00
      vertex   2.583000e+01 5.091000e+01 -3.100000e+00
    endloop
  endfacet
  facet normal 1.000000e+00 0.000000e+00 0.000000e+00
    outer loop
      vertex   2.647000e+01 5.155000e+01 -1.300000e+00
      vertex   2.647000e+01 5.091000e+01 -1.300000e+00
      vertex   2.647000e+01 5.155000e+01 -3.100000e+00
    endloop
  endfacet
  facet normal 1.000000e+00 0.000000e+00 0.000000e+00
    outer loop
      vertex   2.647000e+01 5.155000e+01 -3.100000e+00
      vertex   2.647000e+01 5.091000e+01 -1.300000e+00
      vertex   2.647000e+01 5.091000e+01 -3.100000e+00
    endloop
  endfacet
  facet normal 0.000000e+00 0.000000e+00 -1.000000e+00
    outer loop
      vertex   2.647000e+01 5.091000e+01 -3.100000e+00
      vertex   2.583000e+01 5.091000e+01 -3.100000e+00
      vertex   2.647000e+01 5.155000e+01 -3.100000e+00
    endloop
  endfacet
  facet normal -0.000000e+00 0.000000e+00 -1.000000e+00
    outer loop
      vertex   2.647000e+01 5.155000e+01 -3.100000e+00
      vertex   2.583000e+01 5.091000e+01 -3.100000e+00
      vertex   2.583000e+01 5.155000e+01 -3.100000e+00
    endloop
  endfacet
  facet normal -1.000000e+00 0.000000e+00 0.000000e+00
    outer loop
      vertex   1.567000e+01 5.091000e+01 -1.300000e+00
      vertex   1.567000e+01 5.155000e+01 -1.300000e+00
      vertex   1.567000e+01 5.091000e+01 -3.100000e+00
    endloop
  endfacet
  facet normal -1.000000e+00 0.000000e+00 0.000000e+00
    outer loop
      vertex   1.567000e+01 5.091000e+01 -3.100000e+00
      vertex   1.567000e+01 5.155000e+01 -1.300000e+00
      vertex   1.567000e+01 5.155000e+01 -3.100000e+00
    endloop
  endfacet
  facet normal -0.000000e+00 1.000000e+00 0.000000e+00
    outer loop
      vertex   1.567000e+01 5.155000e+01 -1.300000e+00
      vertex   1.631000e+01 5.155000e+01 -1.300000e+00
      vertex   1.567000e+01 5.155000e+01 -3.100000e+00
    endloop
  endfacet
  facet normal 0.000000e+00 1.000000e+00 0.000000e+00
    outer loop
      vertex   1.567000e+01 5.155000e+01 -3.100000e+00
      vertex   1.631000e+01 5.155000e+01 -1.300000e+00
      vertex   1.631000e+01 5.155000e+01 -3.100000e+00
    endloop
  endfacet
  facet normal -0.000000e+00 -1.000000e+00 -0.000000e+00
    outer loop
      vertex   1.631000e+01 5.091000e+01 -1.300000e+00
      vertex   1.567000e+01 5.091000e+01 -1.300000e+00
      vertex   1.631000e+01 5.091000e+01 -3.100000e+00
    endloop
  endfacet
  facet normal 0.000000e+00 -1.000000e+00 0.000000e+00
    outer loop
      vertex   1.631000e+01 5.091000e+01 -3.100000e+00
      vertex   1.567000e+01 5.091000e+01 -1.300000e+00
      vertex   1.567000e+01 5.091000e+01 -3.100000e+00
    endloop
  endfacet
  facet normal 1.000000e+00 0.000000e+00 0.000000e+00
    outer loop
      vertex   1.631000e+01 5.155000e+01 -1.300000e+00
      vertex   1.631000e+01 5.091000e+01 -1.300000e+00
      vertex   1.631000e+01 5.155000e+01 -3.100000e+00
    endloop
  endfacet
  facet normal 1.000000e+00 0.000000e+00 0.000000e+00
    outer loop
      vertex   1.631000e+01 5.155000e+01 -3.100000e+00
      vertex   1.631000e+01 5.091000e+01 -1.300000e+00
      vertex   1.631000e+01 5.091000e+01 -3.100000e+00
    endloop
  endfacet
  facet normal 0.000000e+00 0.000000e+00 -1.000000e+00
    outer loop
      vertex   1.631000e+01 5.091000e+01 -3.100000e+00
      vertex   1.567000e+01 5.091000e+01 -3.100000e+00
      vertex   1.631000e+01 5.155000e+01 -3.100000e+00
    endloop
  endfacet
  facet normal -0.000000e+00 0.000000e+00 -1.000000e+00
    outer loop
      vertex   1.631000e+01 5.155000e+01 -3.100000e+00
      vertex   1.567000e+01 5.091000e+01 -3.100000e+00
      vertex   1.567000e+01 5.155000e+01 -3.100000e+00
    endloop
  endfacet
  facet normal -1.000000e+00 0.000000e+00 0.000000e+00
    outer loop
      vertex   2.583000e+01 5.327000e+01 -1.300000e+00
      vertex   2.583000e+01 5.391000e+01 -1.300000e+00
      vertex   2.583000e+01 5.327000e+01 -3.100000e+00
    endloop
  endfacet
  facet normal -1.000000e+00 0.000000e+00 0.000000e+00
    outer loop
      vertex   2.583000e+01 5.327000e+01 -3.100000e+00
      vertex   2.583000e+01 5.391000e+01 -1.300000e+00
      vertex   2.583000e+01 5.391000e+01 -3.100000e+00
    endloop
  endfacet
  facet normal -0.000000e+00 1.000000e+00 0.000000e+00
    outer loop
      vertex   2.583000e+01 5.391000e+01 -1.300000e+00
      vertex   2.647000e+01 5.391000e+01 -1.300000e+00
      vertex   2.583000e+01 5.391000e+01 -3.100000e+00
    endloop
  endfacet
  facet normal 0.000000e+00 1.000000e+00 0.000000e+00
    outer loop
      vertex   2.583000e+01 5.391000e+01 -3.100000e+00
      vertex   2.647000e+01 5.391000e+01 -1.300000e+00
      vertex   2.647000e+01 5.391000e+01 -3.100000e+00
    endloop
  endfacet
  facet normal -0.000000e+00 -1.000000e+00 -0.000000e+00
    outer loop
      vertex   2.647000e+01 5.327000e+01 -1.300000e+00
      vertex   2.583000e+01 5.327000e+01 -1.300000e+00
      vertex   2.647000e+01 5.327000e+01 -3.100000e+00
    endloop
  endfacet
  facet normal 0.000000e+00 -1.000000e+00 0.000000e+00
    outer loop
      vertex   2.647000e+01 5.327000e+01 -3.100000e+00
      vertex   2.583000e+01 5.327000e+01 -1.300000e+00
      vertex   2.583000e+01 5.327000e+01 -3.100000e+00
    endloop
  endfacet
  facet normal 1.000000e+00 0.000000e+00 0.000000e+00
    outer loop
      vertex   2.647000e+01 5.391000e+01 -1.300000e+00
      vertex   2.647000e+01 5.327000e+01 -1.300000e+00
      vertex   2.647000e+01 5.391000e+01 -3.100000e+00
    endloop
  endfacet
  facet normal 1.000000e+00 0.000000e+00 0.000000e+00
    outer loop
      vertex   2.647000e+01 5.391000e+01 -3.100000e+00
      vertex   2.647000e+01 5.327000e+01 -1.300000e+00
      vertex   2.647000e+01 5.327000e+01 -3.100000e+00
    endloop
  endfacet
  facet normal 0.000000e+00 0.000000e+00 -1.000000e+00
    outer loop
      vertex   2.647000e+01 5.327000e+01 -3.100000e+00
      vertex   2.583000e+01 5.327000e+01 -3.100000e+00
      vertex   2.647000e+01 5.391000e+01 -3.100000e+00
    endloop
  endfacet
  facet normal -0.000000e+00 0.000000e+00 -1.000000e+00
    outer loop
      vertex   2.647000e+01 5.391000e+01 -3.100000e+00
      vertex   2.583000e+01 5.327000e+01 -3.100000e+00
      vertex   2.583000e+01 5.391000e+01 -3.100000e+00
    endloop
  endfacet
  facet normal -1.000000e+00 0.000000e+00 0.000000e+00
    outer loop
      vertex   1.567000e+01 5.327000e+01 -1.300000e+00
      vertex   1.567000e+01 5.391000e+01 -1.300000e+00
      vertex   1.567000e+01 5.327000e+01 -3.100000e+00
    endloop
  endfacet
  facet normal -1.000000e+00 0.000000e+00 0.000000e+00
    outer loop
      vertex   1.567000e+01 5.327000e+01 -3.100000e+00
      vertex   1.567000e+01 5.391000e+01 -1.300000e+00
      vertex   1.567000e+01 5.391000e+01 -3.100000e+00
    endloop
  endfacet
  facet normal -0.000000e+00 1.000000e+00 0.000000e+00
    outer loop
      vertex   1.567000e+01 5.391000e+01 -1.300000e+00
      vertex   1.631000e+01 5.391000e+01 -1.300000e+00
      vertex   1.567000e+01 5.391000e+01 -3.100000e+00
    endloop
  endfacet
  facet normal 0.000000e+00 1.000000e+00 0.000000e+00
    outer loop
      vertex   1.567000e+01 5.391000e+01 -3.100000e+00
      vertex   1.631000e+01 5.391000e+01 -1.300000e+00
      vertex   1.631000e+01 5.391000e+01 -3.100000e+00
    endloop
  endfacet
  facet normal -0.000000e+00 -1.000000e+00 -0.000000e+00
    outer loop
      vertex   1.631000e+01 5.327000e+01 -1.300000e+00
      vertex   1.567000e+01 5.327000e+01 -1.300000e+00
      vertex   1.631000e+01 5.327000e+01 -3.100000e+00
    endloop
  endfacet
  facet normal 0.000000e+00 -1.000000e+00 0.000000e+00
    outer loop
      vertex   1.631000e+01 5.327000e+01 -3.100000e+00
      vertex   1.567000e+01 5.327000e+01 -1.300000e+00
      vertex   1.567000e+01 5.327000e+01 -3.100000e+00
    endloop
  endfacet
  facet normal 1.000000e+00 0.000000e+00 0.000000e+00
    outer loop
      vertex   1.631000e+01 5.391000e+01 -1.300000e+00
      vertex   1.631000e+01 5.327000e+01 -1.300000e+00
      vertex   1.631000e+01 5.391000e+01 -3.100000e+00
    endloop
  endfacet
  facet normal 1.000000e+00 0.000000e+00 0.000000e+00
    outer loop
      vertex   1.631000e+01 5.391000e+01 -3.100000e+00
      vertex   1.631000e+01 5.327000e+01 -1.300000e+00
      vertex   1.631000e+01 5.327000e+01 -3.100000e+00
    endloop
  endfacet
  facet normal 0.000000e+00 0.000000e+00 -1.000000e+00
    outer loop
      vertex   1.631000e+01 5.327000e+01 -3.100000e+00
      vertex   1.567000e+01 5.327000e+01 -3.100000e+00
      vertex   1.631000e+01 5.391000e+01 -3.100000e+00
    endloop
  endfacet
  facet normal -0.000000e+00 0.000000e+00 -1.000000e+00
    outer loop
      vertex   1.631000e+01 5.391000e+01 -3.100000e+00
      vertex   1.567000e+01 5.327000e+01 -3.100000e+00
      vertex   1.567000e+01 5.391000e+01 -3.100000e+00
    endloop
  endfacet
  facet normal -1.000000e+00 0.000000e+00 0.000000e+00
    outer loop
      vertex   8.050000e+00 5.327000e+01 -1.300000e+00
      vertex   8.050000e+00 5.391000e+01 -1.300000e+00
      vertex   8.050000e+00 5.327000e+01 -3.100000e+00
    endloop
  endfacet
  facet normal -1.000000e+00 0.000000e+00 0.000000e+00
    outer loop
      vertex   8.050000e+00 5.327000e+01 -3.100000e+00
      vertex   8.050000e+00 5.391000e+01 -1.300000e+00
      vertex   8.050000e+00 5.391000e+01 -3.100000e+00
    endloop
  endfacet
  facet normal -0.000000e+00 1.000000e+00 0.000000e+00
    outer loop
      vertex   8.050000e+00 5.391000e+01 -1.300000e+00
      vertex   8.690000e+00 5.391000e+01 -1.300000e+00
      vertex   8.050000e+00 5.391000e+01 -3.100000e+00
    endloop
  endfacet
  facet normal 0.000000e+00 1.000000e+00 0.000000e+00
    outer loop
      vertex   8.050000e+00 5.391000e+01 -3.100000e+00
      vertex   8.690000e+00 5.391000e+01 -1.300000e+00
      vertex   8.690000e+00 5.391000e+01 -3.100000e+00
    endloop
  endfacet
  facet normal -0.000000e+00 -1.000000e+00 -0.000000e+00
    outer loop
      vertex   8.690000e+00 5.327000e+01 -1.300000e+00
      vertex   8.050000e+00 5.327000e+01 -1.300000e+00
      vertex   8.690000e+00 5.327000e+01 -3.100000e+00
    endloop
  endfacet
  facet normal 0.000000e+00 -1.000000e+00 0.000000e+00
    outer loop
      vertex   8.690000e+00 5.327000e+01 -3.100000e+00
      vertex   8.050000e+00 5.327000e+01 -1.300000e+00
      vertex   8.050000e+00 5.327000e+01 -3.100000e+00
    endloop
  endfacet
  facet normal 1.000000e+00 0.000000e+00 0.000000e+00
    outer loop
      vertex   8.690000e+00 5.391000e+01 -1.300000e+00
      vertex   8.690000e+00 5.327000e+01 -1.300000e+00
      vertex   8.690000e+00 5.391000e+01 -3.100000e+00
    endloop
  endfacet
  facet normal 1.000000e+00 0.000000e+00 0.000000e+00
    outer loop
      vertex   8.690000e+00 5.391000e+01 -3.100000e+00
      vertex   8.690000e+00 5.327000e+01 -1.300000e+00
      vertex   8.690000e+00 5.327000e+01 -3.100000e+00
    endloop
  endfacet
  facet normal 0.000000e+00 0.000000e+00 -1.000000e+00
    outer loop
      vertex   8.690000e+00 5.327000e+01 -3.100000e+00
      vertex   8.050000e+00 5.327000e+01 -3.100000e+00
      vertex   8.690000e+00 5.391000e+01 -3.100000e+00
    endloop
  endfacet
  facet normal -0.000000e+00 0.000000e+00 -1.000000e+00
    outer loop
      vertex   8.690000e+00 5.391000e+01 -3.100000e+00
      vertex   8.050000e+00 5.327000e+01 -3.100000e+00
      vertex   8.050000e+00 5.391000e+01 -3.100000e+00
    endloop
  endfacet
  facet normal -1.000000e+00 0.000000e+00 0.000000e+00
    outer loop
      vertex   1.059000e+01 5.091000e+01 -1.300000e+00
      vertex   1.059000e+01 5.155000e+01 -1.300000e+00
      vertex   1.059000e+01 5.091000e+01 -3.100000e+00
    endloop
  endfacet
  facet normal -1.000000e+00 0.000000e+00 0.000000e+00
    outer loop
      vertex   1.059000e+01 5.091000e+01 -3.100000e+00
      vertex   1.059000e+01 5.155000e+01 -1.300000e+00
      vertex   1.059000e+01 5.155000e+01 -3.100000e+00
    endloop
  endfacet
  facet normal -0.000000e+00 1.000000e+00 0.000000e+00
    outer loop
      vertex   1.059000e+01 5.155000e+01 -1.300000e+00
      vertex   1.123000e+01 5.155000e+01 -1.300000e+00
      vertex   1.059000e+01 5.155000e+01 -3.100000e+00
    endloop
  endfacet
  facet normal 0.000000e+00 1.000000e+00 0.000000e+00
    outer loop
      vertex   1.059000e+01 5.155000e+01 -3.100000e+00
      vertex   1.123000e+01 5.155000e+01 -1.300000e+00
      vertex   1.123000e+01 5.155000e+01 -3.100000e+00
    endloop
  endfacet
  facet normal -0.000000e+00 -1.000000e+00 -0.000000e+00
    outer loop
      vertex   1.123000e+01 5.091000e+01 -1.300000e+00
      vertex   1.059000e+01 5.091000e+01 -1.300000e+00
      vertex   1.123000e+01 5.091000e+01 -3.100000e+00
    endloop
  endfacet
  facet normal 0.000000e+00 -1.000000e+00 0.000000e+00
    outer loop
      vertex   1.123000e+01 5.091000e+01 -3.100000e+00
      vertex   1.059000e+01 5.091000e+01 -1.300000e+00
      vertex   1.059000e+01 5.091000e+01 -3.100000e+00
    endloop
  endfacet
  facet normal 1.000000e+00 0.000000e+00 0.000000e+00
    outer loop
      vertex   1.123000e+01 5.155000e+01 -1.300000e+00
      vertex   1.123000e+01 5.091000e+01 -1.300000e+00
      vertex   1.123000e+01 5.155000e+01 -3.100000e+00
    endloop
  endfacet
  facet normal 1.000000e+00 0.000000e+00 0.000000e+00
    outer loop
      vertex   1.123000e+01 5.155000e+01 -3.100000e+00
      vertex   1.123000e+01 5.091000e+01 -1.300000e+00
      vertex   1.123000e+01 5.091000e+01 -3.100000e+00
    endloop
  endfacet
  facet normal 0.000000e+00 0.000000e+00 -1.000000e+00
    outer loop
      vertex   1.123000e+01 5.091000e+01 -3.100000e+00
      vertex   1.059000e+01 5.091000e+01 -3.100000e+00
      vertex   1.123000e+01 5.155000e+01 -3.100000e+00
    endloop
  endfacet
  facet normal -0.000000e+00 0.000000e+00 -1.000000e+00
    outer loop
      vertex   1.123000e+01 5.155000e+01 -3.100000e+00
      vertex   1.059000e+01 5.091000e+01 -3.100000e+00
      vertex   1.059000e+01 5.155000e+01 -3.100000e+00
    endloop
  endfacet
  facet normal -1.000000e+00 0.000000e+00 0.000000e+00
    outer loop
      vertex   1.313000e+01 5.327000e+01 -1.300000e+00
      vertex   1.313000e+01 5.391000e+01 -1.300000e+00
      vertex   1.313000e+01 5.327000e+01 -3.100000e+00
    endloop
  endfacet
  facet normal -1.000000e+00 0.000000e+00 0.000000e+00
    outer loop
      vertex   1.313000e+01 5.327000e+01 -3.100000e+00
      vertex   1.313000e+01 5.391000e+01 -1.300000e+00
      vertex   1.313000e+01 5.391000e+01 -3.100000e+00
    endloop
  endfacet
  facet normal -0.000000e+00 1.000000e+00 0.000000e+00
    outer loop
      vertex   1.313000e+01 5.391000e+01 -1.300000e+00
      vertex   1.377000e+01 5.391000e+01 -1.300000e+00
      vertex   1.313000e+01 5.391000e+01 -3.100000e+00
    endloop
  endfacet
  facet normal 0.000000e+00 1.000000e+00 0.000000e+00
    outer loop
      vertex   1.313000e+01 5.391000e+01 -3.100000e+00
      vertex   1.377000e+01 5.391000e+01 -1.300000e+00
      vertex   1.377000e+01 5.391000e+01 -3.100000e+00
    endloop
  endfacet
  facet normal -0.000000e+00 -1.000000e+00 -0.000000e+00
    outer loop
      vertex   1.377000e+01 5.327000e+01 -1.300000e+00
      vertex   1.313000e+01 5.327000e+01 -1.300000e+00
      vertex   1.377000e+01 5.327000e+01 -3.100000e+00
    endloop
  endfacet
  facet normal 0.000000e+00 -1.000000e+00 0.000000e+00
    outer loop
      vertex   1.377000e+01 5.327000e+01 -3.100000e+00
      vertex   1.313000e+01 5.327000e+01 -1.300000e+00
      vertex   1.313000e+01 5.327000e+01 -3.100000e+00
    endloop
  endfacet
  facet normal 1.000000e+00 0.000000e+00 0.000000e+00
    outer loop
      vertex   1.377000e+01 5.391000e+01 -1.300000e+00
      vertex   1.377000e+01 5.327000e+01 -1.300000e+00
      vertex   1.377000e+01 5.391000e+01 -3.100000e+00
    endloop
  endfacet
  facet normal 1.000000e+00 0.000000e+00 0.000000e+00
    outer loop
      vertex   1.377000e+01 5.391000e+01 -3.100000e+00
      vertex   1.377000e+01 5.327000e+01 -1.300000e+00
      vertex   1.377000e+01 5.327000e+01 -3.100000e+00
    endloop
  endfacet
  facet normal 0.000000e+00 0.000000e+00 -1.000000e+00
    outer loop
      vertex   1.377000e+01 5.327000e+01 -3.100000e+00
      vertex   1.313000e+01 5.327000e+01 -3.100000e+00
      vertex   1.377000e+01 5.391000e+01 -3.100000e+00
    endloop
  endfacet
  facet normal -0.000000e+00 0.000000e+00 -1.000000e+00
    outer loop
      vertex   1.377000e+01 5.391000e+01 -3.100000e+00
      vertex   1.313000e+01 5.327000e+01 -3.100000e+00
      vertex   1.313000e+01 5.391000e+01 -3.100000e+00
    endloop
  endfacet
  facet normal -1.000000e+00 0.000000e+00 0.000000e+00
    outer loop
      vertex   2.329000e+01 5.327000e+01 -1.300000e+00
      vertex   2.329000e+01 5.391000e+01 -1.300000e+00
      vertex   2.329000e+01 5.327000e+01 -3.100000e+00
    endloop
  endfacet
  facet normal -1.000000e+00 0.000000e+00 0.000000e+00
    outer loop
      vertex   2.329000e+01 5.327000e+01 -3.100000e+00
      vertex   2.329000e+01 5.391000e+01 -1.300000e+00
      vertex   2.329000e+01 5.391000e+01 -3.100000e+00
    endloop
  endfacet
  facet normal -0.000000e+00 1.000000e+00 0.000000e+00
    outer loop
      vertex   2.329000e+01 5.391000e+01 -1.300000e+00
      vertex   2.393000e+01 5.391000e+01 -1.300000e+00
      vertex   2.329000e+01 5.391000e+01 -3.100000e+00
    endloop
  endfacet
  facet normal 0.000000e+00 1.000000e+00 0.000000e+00
    outer loop
      vertex   2.329000e+01 5.391000e+01 -3.100000e+00
      vertex   2.393000e+01 5.391000e+01 -1.300000e+00
      vertex   2.393000e+01 5.391000e+01 -3.100000e+00
    endloop
  endfacet
  facet normal -0.000000e+00 -1.000000e+00 -0.000000e+00
    outer loop
      vertex   2.393000e+01 5.327000e+01 -1.300000e+00
      vertex   2.329000e+01 5.327000e+01 -1.300000e+00
      vertex   2.393000e+01 5.327000e+01 -3.100000e+00
    endloop
  endfacet
  facet normal 0.000000e+00 -1.000000e+00 0.000000e+00
    outer loop
      vertex   2.393000e+01 5.327000e+01 -3.100000e+00
      vertex   2.329000e+01 5.327000e+01 -1.300000e+00
      vertex   2.329000e+01 5.327000e+01 -3.100000e+00
    endloop
  endfacet
  facet normal 1.000000e+00 0.000000e+00 0.000000e+00
    outer loop
      vertex   2.393000e+01 5.391000e+01 -1.300000e+00
      vertex   2.393000e+01 5.327000e+01 -1.300000e+00
      vertex   2.393000e+01 5.391000e+01 -3.100000e+00
    endloop
  endfacet
  facet normal 1.000000e+00 0.000000e+00 0.000000e+00
    outer loop
      vertex   2.393000e+01 5.391000e+01 -3.100000e+00
      vertex   2.393000e+01 5.327000e+01 -1.300000e+00
      vertex   2.393000e+01 5.327000e+01 -3.100000e+00
    endloop
  endfacet
  facet normal 0.000000e+00 0.000000e+00 -1.000000e+00
    outer loop
      vertex   2.393000e+01 5.327000e+01 -3.100000e+00
      vertex   2.329000e+01 5.327000e+01 -3.100000e+00
      vertex   2.393000e+01 5.391000e+01 -3.100000e+00
    endloop
  endfacet
  facet normal -0.000000e+00 0.000000e+00 -1.000000e+00
    outer loop
      vertex   2.393000e+01 5.391000e+01 -3.100000e+00
      vertex   2.329000e+01 5.327000e+01 -3.100000e+00
      vertex   2.329000e+01 5.391000e+01 -3.100000e+00
    endloop
  endfacet
  facet normal -1.000000e+00 0.000000e+00 0.000000e+00
    outer loop
      vertex   3.345000e+01 5.327000e+01 -1.300000e+00
      vertex   3.345000e+01 5.391000e+01 -1.300000e+00
      vertex   3.345000e+01 5.327000e+01 -3.100000e+00
    endloop
  endfacet
  facet normal -1.000000e+00 0.000000e+00 0.000000e+00
    outer loop
      vertex   3.345000e+01 5.327000e+01 -3.100000e+00
      vertex   3.345000e+01 5.391000e+01 -1.300000e+00
      vertex   3.345000e+01 5.391000e+01 -3.100000e+00
    endloop
  endfacet
  facet normal -0.000000e+00 1.000000e+00 0.000000e+00
    outer loop
      vertex   3.345000e+01 5.391000e+01 -1.300000e+00
      vertex   3.409000e+01 5.391000e+01 -1.300000e+00
      vertex   3.345000e+01 5.391000e+01 -3.100000e+00
    endloop
  endfacet
  facet normal 0.000000e+00 1.000000e+00 0.000000e+00
    outer loop
      vertex   3.345000e+01 5.391000e+01 -3.100000e+00
      vertex   3.409000e+01 5.391000e+01 -1.300000e+00
      vertex   3.409000e+01 5.391000e+01 -3.100000e+00
    endloop
  endfacet
  facet normal -0.000000e+00 -1.000000e+00 -0.000000e+00
    outer loop
      vertex   3.409000e+01 5.327000e+01 -1.300000e+00
      vertex   3.345000e+01 5.327000e+01 -1.300000e+00
      vertex   3.409000e+01 5.327000e+01 -3.100000e+00
    endloop
  endfacet
  facet normal 0.000000e+00 -1.000000e+00 0.000000e+00
    outer loop
      vertex   3.409000e+01 5.327000e+01 -3.100000e+00
      vertex   3.345000e+01 5.327000e+01 -1.300000e+00
      vertex   3.345000e+01 5.327000e+01 -3.100000e+00
    endloop
  endfacet
  facet normal 1.000000e+00 0.000000e+00 0.000000e+00
    outer loop
      vertex   3.409000e+01 5.391000e+01 -1.300000e+00
      vertex   3.409000e+01 5.327000e+01 -1.300000e+00
      vertex   3.409000e+01 5.391000e+01 -3.100000e+00
    endloop
  endfacet
  facet normal 1.000000e+00 0.000000e+00 0.000000e+00
    outer loop
      vertex   3.409000e+01 5.391000e+01 -3.100000e+00
      vertex   3.409000e+01 5.327000e+01 -1.300000e+00
      vertex   3.409000e+01 5.327000e+01 -3.100000e+00
    endloop
  endfacet
  facet normal 0.000000e+00 0.000000e+00 -1.000000e+00
    outer loop
      vertex   3.409000e+01 5.327000e+01 -3.100000e+00
      vertex   3.345000e+01 5.327000e+01 -3.100000e+00
      vertex   3.409000e+01 5.391000e+01 -3.100000e+00
    endloop
  endfacet
  facet normal -0.000000e+00 0.000000e+00 -1.000000e+00
    outer loop
      vertex   3.409000e+01 5.391000e+01 -3.100000e+00
      vertex   3.345000e+01 5.327000e+01 -3.100000e+00
      vertex   3.345000e+01 5.391000e+01 -3.100000e+00
    endloop
  endfacet
  facet normal -1.000000e+00 0.000000e+00 0.000000e+00
    outer loop
      vertex   2.329000e+01 5.091000e+01 -1.300000e+00
      vertex   2.329000e+01 5.155000e+01 -1.300000e+00
      vertex   2.329000e+01 5.091000e+01 -3.100000e+00
    endloop
  endfacet
  facet normal -1.000000e+00 0.000000e+00 0.000000e+00
    outer loop
      vertex   2.329000e+01 5.091000e+01 -3.100000e+00
      vertex   2.329000e+01 5.155000e+01 -1.300000e+00
      vertex   2.329000e+01 5.155000e+01 -3.100000e+00
    endloop
  endfacet
  facet normal -0.000000e+00 1.000000e+00 0.000000e+00
    outer loop
      vertex   2.329000e+01 5.155000e+01 -1.300000e+00
      vertex   2.393000e+01 5.155000e+01 -1.300000e+00
      vertex   2.329000e+01 5.155000e+01 -3.100000e+00
    endloop
  endfacet
  facet normal 0.000000e+00 1.000000e+00 0.000000e+00
    outer loop
      vertex   2.329000e+01 5.155000e+01 -3.100000e+00
      vertex   2.393000e+01 5.155000e+01 -1.300000e+00
      vertex   2.393000e+01 5.155000e+01 -3.100000e+00
    endloop
  endfacet
  facet normal -0.000000e+00 -1.000000e+00 -0.000000e+00
    outer loop
      vertex   2.393000e+01 5.091000e+01 -1.300000e+00
      vertex   2.329000e+01 5.091000e+01 -1.300000e+00
      vertex   2.393000e+01 5.091000e+01 -3.100000e+00
    endloop
  endfacet
  facet normal 0.000000e+00 -1.000000e+00 0.000000e+00
    outer loop
      vertex   2.393000e+01 5.091000e+01 -3.100000e+00
      vertex   2.329000e+01 5.091000e+01 -1.300000e+00
      vertex   2.329000e+01 5.091000e+01 -3.100000e+00
    endloop
  endfacet
  facet normal 1.000000e+00 0.000000e+00 0.000000e+00
    outer loop
      vertex   2.393000e+01 5.155000e+01 -1.300000e+00
      vertex   2.393000e+01 5.091000e+01 -1.300000e+00
      vertex   2.393000e+01 5.155000e+01 -3.100000e+00
    endloop
  endfacet
  facet normal 1.000000e+00 0.000000e+00 0.000000e+00
    outer loop
      vertex   2.393000e+01 5.155000e+01 -3.100000e+00
      vertex   2.393000e+01 5.091000e+01 -1.300000e+00
      vertex   2.393000e+01 5.091000e+01 -3.100000e+00
    endloop
  endfacet
  facet normal 0.000000e+00 0.000000e+00 -1.000000e+00
    outer loop
      vertex   2.393000e+01 5.091000e+01 -3.100000e+00
      vertex   2.329000e+01 5.091000e+01 -3.100000e+00
      vertex   2.393000e+01 5.155000e+01 -3.100000e+00
    endloop
  endfacet
  facet normal -0.000000e+00 0.000000e+00 -1.000000e+00
    outer loop
      vertex   2.393000e+01 5.155000e+01 -3.100000e+00
      vertex   2.329000e+01 5.091000e+01 -3.100000e+00
      vertex   2.329000e+01 5.155000e+01 -3.100000e+00
    endloop
  endfacet
  facet normal -1.000000e+00 0.000000e+00 0.000000e+00
    outer loop
      vertex   3.345000e+01 5.091000e+01 -1.300000e+00
      vertex   3.345000e+01 5.155000e+01 -1.300000e+00
      vertex   3.345000e+01 5.091000e+01 -3.100000e+00
    endloop
  endfacet
  facet normal -1.000000e+00 0.000000e+00 0.000000e+00
    outer loop
      vertex   3.345000e+01 5.091000e+01 -3.100000e+00
      vertex   3.345000e+01 5.155000e+01 -1.300000e+00
      vertex   3.345000e+01 5.155000e+01 -3.100000e+00
    endloop
  endfacet
  facet normal -0.000000e+00 1.000000e+00 0.000000e+00
    outer loop
      vertex   3.345000e+01 5.155000e+01 -1.300000e+00
      vertex   3.409000e+01 5.155000e+01 -1.300000e+00
      vertex   3.345000e+01 5.155000e+01 -3.100000e+00
    endloop
  endfacet
  facet normal 0.000000e+00 1.000000e+00 0.000000e+00
    outer loop
      vertex   3.345000e+01 5.155000e+01 -3.100000e+00
      vertex   3.409000e+01 5.155000e+01 -1.300000e+00
      vertex   3.409000e+01 5.155000e+01 -3.100000e+00
    endloop
  endfacet
  facet normal -0.000000e+00 -1.000000e+00 -0.000000e+00
    outer loop
      vertex   3.409000e+01 5.091000e+01 -1.300000e+00
      vertex   3.345000e+01 5.091000e+01 -1.300000e+00
      vertex   3.409000e+01 5.091000e+01 -3.100000e+00
    endloop
  endfacet
  facet normal 0.000000e+00 -1.000000e+00 0.000000e+00
    outer loop
      vertex   3.409000e+01 5.091000e+01 -3.100000e+00
      vertex   3.345000e+01 5.091000e+01 -1.300000e+00
      vertex   3.345000e+01 5.091000e+01 -3.100000e+00
    endloop
  endfacet
  facet normal 1.000000e+00 0.000000e+00 0.000000e+00
    outer loop
      vertex   3.409000e+01 5.155000e+01 -1.300000e+00
      vertex   3.409000e+01 5.091000e+01 -1.300000e+00
      vertex   3.409000e+01 5.155000e+01 -3.100000e+00
    endloop
  endfacet
  facet normal 1.000000e+00 0.000000e+00 0.000000e+00
    outer loop
      vertex   3.409000e+01 5.155000e+01 -3.100000e+00
      vertex   3.409000e+01 5.091000e+01 -1.300000e+00
      vertex   3.409000e+01 5.091000e+01 -3.100000e+00
    endloop
  endfacet
  facet normal 0.000000e+00 0.000000e+00 -1.000000e+00
    outer loop
      vertex   3.409000e+01 5.091000e+01 -3.100000e+00
      vertex   3.345000e+01 5.091000e+01 -3.100000e+00
      vertex   3.409000e+01 5.155000e+01 -3.100000e+00
    endloop
  endfacet
  facet normal -0.000000e+00 0.000000e+00 -1.000000e+00
    outer loop
      vertex   3.409000e+01 5.155000e+01 -3.100000e+00
      vertex   3.345000e+01 5.091000e+01 -3.100000e+00
      vertex   3.345000e+01 5.155000e+01 -3.100000e+00
    endloop
  endfacet
  facet normal -1.000000e+00 0.000000e+00 0.000000e+00
    outer loop
      vertex   3.599000e+01 5.327000e+01 -1.300000e+00
      vertex   3.599000e+01 5.391000e+01 -1.300000e+00
      vertex   3.599000e+01 5.327000e+01 -3.100000e+00
    endloop
  endfacet
  facet normal -1.000000e+00 0.000000e+00 0.000000e+00
    outer loop
      vertex   3.599000e+01 5.327000e+01 -3.100000e+00
      vertex   3.599000e+01 5.391000e+01 -1.300000e+00
      vertex   3.599000e+01 5.391000e+01 -3.100000e+00
    endloop
  endfacet
  facet normal -0.000000e+00 1.000000e+00 0.000000e+00
    outer loop
      vertex   3.599000e+01 5.391000e+01 -1.300000e+00
      vertex   3.663000e+01 5.391000e+01 -1.300000e+00
      vertex   3.599000e+01 5.391000e+01 -3.100000e+00
    endloop
  endfacet
  facet normal 0.000000e+00 1.000000e+00 0.000000e+00
    outer loop
      vertex   3.599000e+01 5.391000e+01 -3.100000e+00
      vertex   3.663000e+01 5.391000e+01 -1.300000e+00
      vertex   3.663000e+01 5.391000e+01 -3.100000e+00
    endloop
  endfacet
  facet normal -0.000000e+00 -1.000000e+00 -0.000000e+00
    outer loop
      vertex   3.663000e+01 5.327000e+01 -1.300000e+00
      vertex   3.599000e+01 5.327000e+01 -1.300000e+00
      vertex   3.663000e+01 5.327000e+01 -3.100000e+00
    endloop
  endfacet
  facet normal 0.000000e+00 -1.000000e+00 0.000000e+00
    outer loop
      vertex   3.663000e+01 5.327000e+01 -3.100000e+00
      vertex   3.599000e+01 5.327000e+01 -1.300000e+00
      vertex   3.599000e+01 5.327000e+01 -3.100000e+00
    endloop
  endfacet
  facet normal 1.000000e+00 0.000000e+00 0.000000e+00
    outer loop
      vertex   3.663000e+01 5.391000e+01 -1.300000e+00
      vertex   3.663000e+01 5.327000e+01 -1.300000e+00
      vertex   3.663000e+01 5.391000e+01 -3.100000e+00
    endloop
  endfacet
  facet normal 1.000000e+00 0.000000e+00 0.000000e+00
    outer loop
      vertex   3.663000e+01 5.391000e+01 -3.100000e+00
      vertex   3.663000e+01 5.327000e+01 -1.300000e+00
      vertex   3.663000e+01 5.327000e+01 -3.100000e+00
    endloop
  endfacet
  facet normal 0.000000e+00 0.000000e+00 -1.000000e+00
    outer loop
      vertex   3.663000e+01 5.327000e+01 -3.100000e+00
      vertex   3.599000e+01 5.327000e+01 -3.100000e+00
      vertex   3.663000e+01 5.391000e+01 -3.100000e+00
    endloop
  endfacet
  facet normal -0.000000e+00 0.000000e+00 -1.000000e+00
    outer loop
      vertex   3.663000e+01 5.391000e+01 -3.100000e+00
      vertex   3.599000e+01 5.327000e+01 -3.100000e+00
      vertex   3.599000e+01 5.391000e+01 -3.100000e+00
    endloop
  endfacet
  facet normal -1.000000e+00 0.000000e+00 0.000000e+00
    outer loop
      vertex   4.615000e+01 5.327000e+01 -1.300000e+00
      vertex   4.615000e+01 5.391000e+01 -1.300000e+00
      vertex   4.615000e+01 5.327000e+01 -3.100000e+00
    endloop
  endfacet
  facet normal -1.000000e+00 0.000000e+00 0.000000e+00
    outer loop
      vertex   4.615000e+01 5.327000e+01 -3.100000e+00
      vertex   4.615000e+01 5.391000e+01 -1.300000e+00
      vertex   4.615000e+01 5.391000e+01 -3.100000e+00
    endloop
  endfacet
  facet normal -0.000000e+00 1.000000e+00 0.000000e+00
    outer loop
      vertex   4.615000e+01 5.391000e+01 -1.300000e+00
      vertex   4.679000e+01 5.391000e+01 -1.300000e+00
      vertex   4.615000e+01 5.391000e+01 -3.100000e+00
    endloop
  endfacet
  facet normal 0.000000e+00 1.000000e+00 0.000000e+00
    outer loop
      vertex   4.615000e+01 5.391000e+01 -3.100000e+00
      vertex   4.679000e+01 5.391000e+01 -1.300000e+00
      vertex   4.679000e+01 5.391000e+01 -3.100000e+00
    endloop
  endfacet
  facet normal -0.000000e+00 -1.000000e+00 -0.000000e+00
    outer loop
      vertex   4.679000e+01 5.327000e+01 -1.300000e+00
      vertex   4.615000e+01 5.327000e+01 -1.300000e+00
      vertex   4.679000e+01 5.327000e+01 -3.100000e+00
    endloop
  endfacet
  facet normal 0.000000e+00 -1.000000e+00 0.000000e+00
    outer loop
      vertex   4.679000e+01 5.327000e+01 -3.100000e+00
      vertex   4.615000e+01 5.327000e+01 -1.300000e+00
      vertex   4.615000e+01 5.327000e+01 -3.100000e+00
    endloop
  endfacet
  facet normal 1.000000e+00 0.000000e+00 0.000000e+00
    outer loop
      vertex   4.679000e+01 5.391000e+01 -1.300000e+00
      vertex   4.679000e+01 5.327000e+01 -1.300000e+00
      vertex   4.679000e+01 5.391000e+01 -3.100000e+00
    endloop
  endfacet
  facet normal 1.000000e+00 0.000000e+00 0.000000e+00
    outer loop
      vertex   4.679000e+01 5.391000e+01 -3.100000e+00
      vertex   4.679000e+01 5.327000e+01 -1.300000e+00
      vertex   4.679000e+01 5.327000e+01 -3.100000e+00
    endloop
  endfacet
  facet normal 0.000000e+00 0.000000e+00 -1.000000e+00
    outer loop
      vertex   4.679000e+01 5.327000e+01 -3.100000e+00
      vertex   4.615000e+01 5.327000e+01 -3.100000e+00
      vertex   4.679000e+01 5.391000e+01 -3.100000e+00
    endloop
  endfacet
  facet normal -0.000000e+00 0.000000e+00 -1.000000e+00
    outer loop
      vertex   4.679000e+01 5.391000e+01 -3.100000e+00
      vertex   4.615000e+01 5.327000e+01 -3.100000e+00
      vertex   4.615000e+01 5.391000e+01 -3.100000e+00
    endloop
  endfacet
  facet normal -1.000000e+00 0.000000e+00 0.000000e+00
    outer loop
      vertex   5.631000e+01 5.327000e+01 -1.300000e+00
      vertex   5.631000e+01 5.391000e+01 -1.300000e+00
      vertex   5.631000e+01 5.327000e+01 -3.100000e+00
    endloop
  endfacet
  facet normal -1.000000e+00 0.000000e+00 0.000000e+00
    outer loop
      vertex   5.631000e+01 5.327000e+01 -3.100000e+00
      vertex   5.631000e+01 5.391000e+01 -1.300000e+00
      vertex   5.631000e+01 5.391000e+01 -3.100000e+00
    endloop
  endfacet
  facet normal -0.000000e+00 1.000000e+00 0.000000e+00
    outer loop
      vertex   5.631000e+01 5.391000e+01 -1.300000e+00
      vertex   5.695000e+01 5.391000e+01 -1.300000e+00
      vertex   5.631000e+01 5.391000e+01 -3.100000e+00
    endloop
  endfacet
  facet normal 0.000000e+00 1.000000e+00 0.000000e+00
    outer loop
      vertex   5.631000e+01 5.391000e+01 -3.100000e+00
      vertex   5.695000e+01 5.391000e+01 -1.300000e+00
      vertex   5.695000e+01 5.391000e+01 -3.100000e+00
    endloop
  endfacet
  facet normal -0.000000e+00 -1.000000e+00 -0.000000e+00
    outer loop
      vertex   5.695000e+01 5.327000e+01 -1.300000e+00
      vertex   5.631000e+01 5.327000e+01 -1.300000e+00
      vertex   5.695000e+01 5.327000e+01 -3.100000e+00
    endloop
  endfacet
  facet normal 0.000000e+00 -1.000000e+00 0.000000e+00
    outer loop
      vertex   5.695000e+01 5.327000e+01 -3.100000e+00
      vertex   5.631000e+01 5.327000e+01 -1.300000e+00
      vertex   5.631000e+01 5.327000e+01 -3.100000e+00
    endloop
  endfacet
  facet normal 1.000000e+00 0.000000e+00 0.000000e+00
    outer loop
      vertex   5.695000e+01 5.391000e+01 -1.300000e+00
      vertex   5.695000e+01 5.327000e+01 -1.300000e+00
      vertex   5.695000e+01 5.391000e+01 -3.100000e+00
    endloop
  endfacet
  facet normal 1.000000e+00 0.000000e+00 0.000000e+00
    outer loop
      vertex   5.695000e+01 5.391000e+01 -3.100000e+00
      vertex   5.695000e+01 5.327000e+01 -1.300000e+00
      vertex   5.695000e+01 5.327000e+01 -3.100000e+00
    endloop
  endfacet
  facet normal 0.000000e+00 0.000000e+00 -1.000000e+00
    outer loop
      vertex   5.695000e+01 5.327000e+01 -3.100000e+00
      vertex   5.631000e+01 5.327000e+01 -3.100000e+00
      vertex   5.695000e+01 5.391000e+01 -3.100000e+00
    endloop
  endfacet
  facet normal -0.000000e+00 0.000000e+00 -1.000000e+00
    outer loop
      vertex   5.695000e+01 5.391000e+01 -3.100000e+00
      vertex   5.631000e+01 5.327000e+01 -3.100000e+00
      vertex   5.631000e+01 5.391000e+01 -3.100000e+00
    endloop
  endfacet
  facet normal -1.000000e+00 0.000000e+00 0.000000e+00
    outer loop
      vertex   5.123000e+01 5.091000e+01 -1.300000e+00
      vertex   5.123000e+01 5.155000e+01 -1.300000e+00
      vertex   5.123000e+01 5.091000e+01 -3.100000e+00
    endloop
  endfacet
  facet normal -1.000000e+00 0.000000e+00 0.000000e+00
    outer loop
      vertex   5.123000e+01 5.091000e+01 -3.100000e+00
      vertex   5.123000e+01 5.155000e+01 -1.300000e+00
      vertex   5.123000e+01 5.155000e+01 -3.100000e+00
    endloop
  endfacet
  facet normal -0.000000e+00 1.000000e+00 0.000000e+00
    outer loop
      vertex   5.123000e+01 5.155000e+01 -1.300000e+00
      vertex   5.187000e+01 5.155000e+01 -1.300000e+00
      vertex   5.123000e+01 5.155000e+01 -3.100000e+00
    endloop
  endfacet
  facet normal 0.000000e+00 1.000000e+00 0.000000e+00
    outer loop
      vertex   5.123000e+01 5.155000e+01 -3.100000e+00
      vertex   5.187000e+01 5.155000e+01 -1.300000e+00
      vertex   5.187000e+01 5.155000e+01 -3.100000e+00
    endloop
  endfacet
  facet normal -0.000000e+00 -1.000000e+00 -0.000000e+00
    outer loop
      vertex   5.187000e+01 5.091000e+01 -1.300000e+00
      vertex   5.123000e+01 5.091000e+01 -1.300000e+00
      vertex   5.187000e+01 5.091000e+01 -3.100000e+00
    endloop
  endfacet
  facet normal 0.000000e+00 -1.000000e+00 0.000000e+00
    outer loop
      vertex   5.187000e+01 5.091000e+01 -3.100000e+00
      vertex   5.123000e+01 5.091000e+01 -1.300000e+00
      vertex   5.123000e+01 5.091000e+01 -3.100000e+00
    endloop
  endfacet
  facet normal 1.000000e+00 0.000000e+00 0.000000e+00
    outer loop
      vertex   5.187000e+01 5.155000e+01 -1.300000e+00
      vertex   5.187000e+01 5.091000e+01 -1.300000e+00
      vertex   5.187000e+01 5.155000e+01 -3.100000e+00
    endloop
  endfacet
  facet normal 1.000000e+00 0.000000e+00 0.000000e+00
    outer loop
      vertex   5.187000e+01 5.155000e+01 -3.100000e+00
      vertex   5.187000e+01 5.091000e+01 -1.300000e+00
      vertex   5.187000e+01 5.091000e+01 -3.100000e+00
    endloop
  endfacet
  facet normal 0.000000e+00 0.000000e+00 -1.000000e+00
    outer loop
      vertex   5.187000e+01 5.091000e+01 -3.100000e+00
      vertex   5.123000e+01 5.091000e+01 -3.100000e+00
      vertex   5.187000e+01 5.155000e+01 -3.100000e+00
    endloop
  endfacet
  facet normal -0.000000e+00 0.000000e+00 -1.000000e+00
    outer loop
      vertex   5.187000e+01 5.155000e+01 -3.100000e+00
      vertex   5.123000e+01 5.091000e+01 -3.100000e+00
      vertex   5.123000e+01 5.155000e+01 -3.100000e+00
    endloop
  endfacet
  facet normal -1.000000e+00 0.000000e+00 0.000000e+00
    outer loop
      vertex   5.631000e+01 5.155000e+01 2.500000e+00
      vertex   5.631000e+01 5.091000e+01 2.500000e+00
      vertex   5.631000e+01 5.155000e+01 8.000000e+00
    endloop
  endfacet
  facet normal -1.000000e+00 -0.000000e+00 0.000000e+00
    outer loop
      vertex   5.631000e+01 5.155000e+01 8.000000e+00
      vertex   5.631000e+01 5.091000e+01 2.500000e+00
      vertex   5.631000e+01 5.091000e+01 8.000000e+00
    endloop
  endfacet
  facet normal 0.000000e+00 -1.000000e+00 0.000000e+00
    outer loop
      vertex   5.631000e+01 5.091000e+01 2.500000e+00
      vertex   5.695000e+01 5.091000e+01 2.500000e+00
      vertex   5.631000e+01 5.091000e+01 8.000000e+00
    endloop
  endfacet
  facet normal 0.000000e+00 -1.000000e+00 0.000000e+00
    outer loop
      vertex   5.631000e+01 5.091000e+01 8.000000e+00
      vertex   5.695000e+01 5.091000e+01 2.500000e+00
      vertex   5.695000e+01 5.091000e+01 8.000000e+00
    endloop
  endfacet
  facet normal 0.000000e+00 1.000000e+00 -0.000000e+00
    outer loop
      vertex   5.695000e+01 5.155000e+01 2.500000e+00
      vertex   5.631000e+01 5.155000e+01 2.500000e+00
      vertex   5.695000e+01 5.155000e+01 8.000000e+00
    endloop
  endfacet
  facet normal 0.000000e+00 1.000000e+00 0.000000e+00
    outer loop
      vertex   5.695000e+01 5.155000e+01 8.000000e+00
      vertex   5.631000e+01 5.155000e+01 2.500000e+00
      vertex   5.631000e+01 5.155000e+01 8.000000e+00
    endloop
  endfacet
  facet normal 1.000000e+00 0.000000e+00 0.000000e+00
    outer loop
      vertex   5.695000e+01 5.091000e+01 2.500000e+00
      vertex   5.695000e+01 5.155000e+01 2.500000e+00
      vertex   5.695000e+01 5.091000e+01 8.000000e+00
    endloop
  endfacet
  facet normal 1.000000e+00 -0.000000e+00 0.000000e+00
    outer loop
      vertex   5.695000e+01 5.091000e+01 8.000000e+00
      vertex   5.695000e+01 5.155000e+01 2.500000e+00
      vertex   5.695000e+01 5.155000e+01 8.000000e+00
    endloop
  endfacet
  facet normal 0.000000e+00 0.000000e+00 1.000000e+00
    outer loop
      vertex   5.695000e+01 5.155000e+01 8.000000e+00
      vertex   5.631000e+01 5.155000e+01 8.000000e+00
      vertex   5.695000e+01 5.091000e+01 8.000000e+00
    endloop
  endfacet
  facet normal 0.000000e+00 0.000000e+00 1.000000e+00
    outer loop
      vertex   5.695000e+01 5.091000e+01 8.000000e+00
      vertex   5.631000e+01 5.155000e+01 8.000000e+00
      vertex   5.631000e+01 5.091000e+01 8.000000e+00
    endloop
  endfacet
  facet normal -1.000000e+00 0.000000e+00 0.000000e+00
    outer loop
      vertex   4.869000e+01 5.391000e+01 2.500000e+00
      vertex   4.869000e+01 5.327000e+01 2.500000e+00
      vertex   4.869000e+01 5.391000e+01 8.000000e+00
    endloop
  endfacet
  facet normal -1.000000e+00 -0.000000e+00 0.000000e+00
    outer loop
      vertex   4.869000e+01 5.391000e+01 8.000000e+00
      vertex   4.869000e+01 5.327000e+01 2.500000e+00
      vertex   4.869000e+01 5.327000e+01 8.000000e+00
    endloop
  endfacet
  facet normal 0.000000e+00 -1.000000e+00 0.000000e+00
    outer loop
      vertex   4.869000e+01 5.327000e+01 2.500000e+00
      vertex   4.933000e+01 5.327000e+01 2.500000e+00
      vertex   4.869000e+01 5.327000e+01 8.000000e+00
    endloop
  endfacet
  facet normal 0.000000e+00 -1.000000e+00 0.000000e+00
    outer loop
      vertex   4.869000e+01 5.327000e+01 8.000000e+00
      vertex   4.933000e+01 5.327000e+01 2.500000e+00
      vertex   4.933000e+01 5.327000e+01 8.000000e+00
    endloop
  endfacet
  facet normal 0.000000e+00 1.000000e+00 -0.000000e+00
    outer loop
      vertex   4.933000e+01 5.391000e+01 2.500000e+00
      vertex   4.869000e+01 5.391000e+01 2.500000e+00
      vertex   4.933000e+01 5.391000e+01 8.000000e+00
    endloop
  endfacet
  facet normal 0.000000e+00 1.000000e+00 0.000000e+00
    outer loop
      vertex   4.933000e+01 5.391000e+01 8.000000e+00
      vertex   4.869000e+01 5.391000e+01 2.500000e+00
      vertex   4.869000e+01 5.391000e+01 8.000000e+00
    endloop
  endfacet
  facet normal 1.000000e+00 0.000000e+00 0.000000e+00
    outer loop
      vertex   4.933000e+01 5.327000e+01 2.500000e+00
      vertex   4.933000e+01 5.391000e+01 2.500000e+00
      vertex   4.933000e+01 5.327000e+01 8.000000e+00
    endloop
  endfacet
  facet normal 1.000000e+00 -0.000000e+00 0.000000e+00
    outer loop
      vertex   4.933000e+01 5.327000e+01 8.000000e+00
      vertex   4.933000e+01 5.391000e+01 2.500000e+00
      vertex   4.933000e+01 5.391000e+01 8.000000e+00
    endloop
  endfacet
  facet normal 0.000000e+00 0.000000e+00 1.000000e+00
    outer loop
      vertex   4.933000e+01 5.391000e+01 8.000000e+00
      vertex   4.869000e+01 5.391000e+01 8.000000e+00
      vertex   4.933000e+01 5.327000e+01 8.000000e+00
    endloop
  endfacet
  facet normal 0.000000e+00 0.000000e+00 1.000000e+00
    outer loop
      vertex   4.933000e+01 5.327000e+01 8.000000e+00
      vertex   4.869000e+01 5.391000e+01 8.000000e+00
      vertex   4.869000e+01 5.327000e+01 8.000000e+00
    endloop
  endfacet
  facet normal -1.000000e+00 0.000000e+00 0.000000e+00
    outer loop
      vertex   5.377000e+01 5.155000e+01 2.500000e+00
      vertex   5.377000e+01 5.091000e+01 2.500000e+00
      vertex   5.377000e+01 5.155000e+01 8.000000e+00
    endloop
  endfacet
  facet normal -1.000000e+00 -0.000000e+00 0.000000e+00
    outer loop
      vertex   5.377000e+01 5.155000e+01 8.000000e+00
      vertex   5.377000e+01 5.091000e+01 2.500000e+00
      vertex   5.377000e+01 5.091000e+01 8.000000e+00
    endloop
  endfacet
  facet normal 0.000000e+00 -1.000000e+00 0.000000e+00
    outer loop
      vertex   5.377000e+01 5.091000e+01 2.500000e+00
      vertex   5.441000e+01 5.091000e+01 2.500000e+00
      vertex   5.377000e+01 5.091000e+01 8.000000e+00
    endloop
  endfacet
  facet normal 0.000000e+00 -1.000000e+00 0.000000e+00
    outer loop
      vertex   5.377000e+01 5.091000e+01 8.000000e+00
      vertex   5.441000e+01 5.091000e+01 2.500000e+00
      vertex   5.441000e+01 5.091000e+01 8.000000e+00
    endloop
  endfacet
  facet normal 0.000000e+00 1.000000e+00 -0.000000e+00
    outer loop
      vertex   5.441000e+01 5.155000e+01 2.500000e+00
      vertex   5.377000e+01 5.155000e+01 2.500000e+00
      vertex   5.441000e+01 5.155000e+01 8.000000e+00
    endloop
  endfacet
  facet normal 0.000000e+00 1.000000e+00 0.000000e+00
    outer loop
      vertex   5.441000e+01 5.155000e+01 8.000000e+00
      vertex   5.377000e+01 5.155000e+01 2.500000e+00
      vertex   5.377000e+01 5.155000e+01 8.000000e+00
    endloop
  endfacet
  facet normal 1.000000e+00 0.000000e+00 0.000000e+00
    outer loop
      vertex   5.441000e+01 5.091000e+01 2.500000e+00
      vertex   5.441000e+01 5.155000e+01 2.500000e+00
      vertex   5.441000e+01 5.091000e+01 8.000000e+00
    endloop
  endfacet
  facet normal 1.000000e+00 -0.000000e+00 0.000000e+00
    outer loop
      vertex   5.441000e+01 5.091000e+01 8.000000e+00
      vertex   5.441000e+01 5.155000e+01 2.500000e+00
      vertex   5.441000e+01 5.155000e+01 8.000000e+00
    endloop
  endfacet
  facet normal 0.000000e+00 0.000000e+00 1.000000e+00
    outer loop
      vertex   5.441000e+01 5.155000e+01 8.000000e+00
      vertex   5.377000e+01 5.155000e+01 8.000000e+00
      vertex   5.441000e+01 5.091000e+01 8.000000e+00
    endloop
  endfacet
  facet normal 0.000000e+00 0.000000e+00 1.000000e+00
    outer loop
      vertex   5.441000e+01 5.091000e+01 8.000000e+00
      vertex   5.377000e+01 5.155000e+01 8.000000e+00
      vertex   5.377000e+01 5.091000e+01 8.000000e+00
    endloop
  endfacet
  facet normal -1.000000e+00 0.000000e+00 0.000000e+00
    outer loop
      vertex   4.361000e+01 5.155000e+01 2.500000e+00
      vertex   4.361000e+01 5.091000e+01 2.500000e+00
      vertex   4.361000e+01 5.155000e+01 8.000000e+00
    endloop
  endfacet
  facet normal -1.000000e+00 -0.000000e+00 0.000000e+00
    outer loop
      vertex   4.361000e+01 5.155000e+01 8.000000e+00
      vertex   4.361000e+01 5.091000e+01 2.500000e+00
      vertex   4.361000e+01 5.091000e+01 8.000000e+00
    endloop
  endfacet
  facet normal 0.000000e+00 -1.000000e+00 0.000000e+00
    outer loop
      vertex   4.361000e+01 5.091000e+01 2.500000e+00
      vertex   4.425000e+01 5.091000e+01 2.500000e+00
      vertex   4.361000e+01 5.091000e+01 8.000000e+00
    endloop
  endfacet
  facet normal 0.000000e+00 -1.000000e+00 0.000000e+00
    outer loop
      vertex   4.361000e+01 5.091000e+01 8.000000e+00
      vertex   4.425000e+01 5.091000e+01 2.500000e+00
      vertex   4.425000e+01 5.091000e+01 8.000000e+00
    endloop
  endfacet
  facet normal 0.000000e+00 1.000000e+00 -0.000000e+00
    outer loop
      vertex   4.425000e+01 5.155000e+01 2.500000e+00
      vertex   4.361000e+01 5.155000e+01 2.500000e+00
      vertex   4.425000e+01 5.155000e+01 8.000000e+00
    endloop
  endfacet
  facet normal 0.000000e+00 1.000000e+00 0.000000e+00
    outer loop
      vertex   4.425000e+01 5.155000e+01 8.000000e+00
      vertex   4.361000e+01 5.155000e+01 2.500000e+00
      vertex   4.361000e+01 5.155000e+01 8.000000e+00
    endloop
  endfacet
  facet normal 1.000000e+00 0.000000e+00 0.000000e+00
    outer loop
      vertex   4.425000e+01 5.091000e+01 2.500000e+00
      vertex   4.425000e+01 5.155000e+01 2.500000e+00
      vertex   4.425000e+01 5.091000e+01 8.000000e+00
    endloop
  endfacet
  facet normal 1.000000e+00 -0.000000e+00 0.000000e+00
    outer loop
      vertex   4.425000e+01 5.091000e+01 8.000000e+00
      vertex   4.425000e+01 5.155000e+01 2.500000e+00
      vertex   4.425000e+01 5.155000e+01 8.000000e+00
    endloop
  endfacet
  facet normal 0.000000e+00 0.000000e+00 1.000000e+00
    outer loop
      vertex   4.425000e+01 5.155000e+01 8.000000e+00
      vertex   4.361000e+01 5.155000e+01 8.000000e+00
      vertex   4.425000e+01 5.091000e+01 8.000000e+00
    endloop
  endfacet
  facet normal 0.000000e+00 0.000000e+00 1.000000e+00
    outer loop
      vertex   4.425000e+01 5.091000e+01 8.000000e+00
      vertex   4.361000e+01 5.155000e+01 8.000000e+00
      vertex   4.361000e+01 5.091000e+01 8.000000e+00
    endloop
  endfacet
  facet normal -1.000000e+00 0.000000e+00 0.000000e+00
    outer loop
      vertex   3.345000e+01 5.391000e+01 2.500000e+00
      vertex   3.345000e+01 5.327000e+01 2.500000e+00
      vertex   3.345000e+01 5.391000e+01 8.000000e+00
    endloop
  endfacet
  facet normal -1.000000e+00 -0.000000e+00 0.000000e+00
    outer loop
      vertex   3.345000e+01 5.391000e+01 8.000000e+00
      vertex   3.345000e+01 5.327000e+01 2.500000e+00
      vertex   3.345000e+01 5.327000e+01 8.000000e+00
    endloop
  endfacet
  facet normal 0.000000e+00 -1.000000e+00 0.000000e+00
    outer loop
      vertex   3.345000e+01 5.327000e+01 2.500000e+00
      vertex   3.409000e+01 5.327000e+01 2.500000e+00
      vertex   3.345000e+01 5.327000e+01 8.000000e+00
    endloop
  endfacet
  facet normal 0.000000e+00 -1.000000e+00 0.000000e+00
    outer loop
      vertex   3.345000e+01 5.327000e+01 8.000000e+00
      vertex   3.409000e+01 5.327000e+01 2.500000e+00
      vertex   3.409000e+01 5.327000e+01 8.000000e+00
    endloop
  endfacet
  facet normal 0.000000e+00 1.000000e+00 -0.000000e+00
    outer loop
      vertex   3.409000e+01 5.391000e+01 2.500000e+00
      vertex   3.345000e+01 5.391000e+01 2.500000e+00
      vertex   3.409000e+01 5.391000e+01 8.000000e+00
    endloop
  endfacet
  facet normal 0.000000e+00 1.000000e+00 0.000000e+00
    outer loop
      vertex   3.409000e+01 5.391000e+01 8.000000e+00
      vertex   3.345000e+01 5.391000e+01 2.500000e+00
      vertex   3.345000e+01 5.391000e+01 8.000000e+00
    endloop
  endfacet
  facet normal 1.000000e+00 0.000000e+00 0.000000e+00
    outer loop
      vertex   3.409000e+01 5.327000e+01 2.500000e+00
      vertex   3.409000e+01 5.391000e+01 2.500000e+00
      vertex   3.409000e+01 5.327000e+01 8.000000e+00
    endloop
  endfacet
  facet normal 1.000000e+00 -0.000000e+00 0.000000e+00
    outer loop
      vertex   3.409000e+01 5.327000e+01 8.000000e+00
      vertex   3.409000e+01 5.391000e+01 2.500000e+00
      vertex   3.409000e+01 5.391000e+01 8.000000e+00
    endloop
  endfacet
  facet normal 0.000000e+00 0.000000e+00 1.000000e+00
    outer loop
      vertex   3.409000e+01 5.391000e+01 8.000000e+00
      vertex   3.345000e+01 5.391000e+01 8.000000e+00
      vertex   3.409000e+01 5.327000e+01 8.000000e+00
    endloop
  endfacet
  facet normal 0.000000e+00 0.000000e+00 1.000000e+00
    outer loop
      vertex   3.409000e+01 5.327000e+01 8.000000e+00
      vertex   3.345000e+01 5.391000e+01 8.000000e+00
      vertex   3.345000e+01 5.327000e+01 8.000000e+00
    endloop
  endfacet
  facet normal -1.000000e+00 0.000000e+00 0.000000e+00
    outer loop
      vertex   3.599000e+01 5.155000e+01 2.500000e+00
      vertex   3.599000e+01 5.091000e+01 2.500000e+00
      vertex   3.599000e+01 5.155000e+01 8.000000e+00
    endloop
  endfacet
  facet normal -1.000000e+00 -0.000000e+00 0.000000e+00
    outer loop
      vertex   3.599000e+01 5.155000e+01 8.000000e+00
      vertex   3.599000e+01 5.091000e+01 2.500000e+00
      vertex   3.599000e+01 5.091000e+01 8.000000e+00
    endloop
  endfacet
  facet normal 0.000000e+00 -1.000000e+00 0.000000e+00
    outer loop
      vertex   3.599000e+01 5.091000e+01 2.500000e+00
      vertex   3.663000e+01 5.091000e+01 2.500000e+00
      vertex   3.599000e+01 5.091000e+01 8.000000e+00
    endloop
  endfacet
  facet normal 0.000000e+00 -1.000000e+00 0.000000e+00
    outer loop
      vertex   3.599000e+01 5.091000e+01 8.000000e+00
      vertex   3.663000e+01 5.091000e+01 2.500000e+00
      vertex   3.663000e+01 5.091000e+01 8.000000e+00
    endloop
  endfacet
  facet normal 0.000000e+00 1.000000e+00 -0.000000e+00
    outer loop
      vertex   3.663000e+01 5.155000e+01 2.500000e+00
      vertex   3.599000e+01 5.155000e+01 2.500000e+00
      vertex   3.663000e+01 5.155000e+01 8.000000e+00
    endloop
  endfacet
  facet normal 0.000000e+00 1.000000e+00 0.000000e+00
    outer loop
      vertex   3.663000e+01 5.155000e+01 8.000000e+00
      vertex   3.599000e+01 5.155000e+01 2.500000e+00
      vertex   3.599000e+01 5.155000e+01 8.000000e+00
    endloop
  endfacet
  facet normal 1.000000e+00 0.000000e+00 0.000000e+00
    outer loop
      vertex   3.663000e+01 5.091000e+01 2.500000e+00
      vertex   3.663000e+01 5.155000e+01 2.500000e+00
      vertex   3.663000e+01 5.091000e+01 8.000000e+00
    endloop
  endfacet
  facet normal 1.000000e+00 -0.000000e+00 0.000000e+00
    outer loop
      vertex   3.663000e+01 5.091000e+01 8.000000e+00
      vertex   3.663000e+01 5.155000e+01 2.500000e+00
      vertex   3.663000e+01 5.155000e+01 8.000000e+00
    endloop
  endfacet
  facet normal 0.000000e+00 0.000000e+00 1.000000e+00
    outer loop
      vertex   3.663000e+01 5.155000e+01 8.000000e+00
      vertex   3.599000e+01 5.155000e+01 8.000000e+00
      vertex   3.663000e+01 5.091000e+01 8.000000e+00
    endloop
  endfacet
  facet normal 0.000000e+00 0.000000e+00 1.000000e+00
    outer loop
      vertex   3.663000e+01 5.091000e+01 8.000000e+00
      vertex   3.599000e+01 5.155000e+01 8.000000e+00
      vertex   3.599000e+01 5.091000e+01 8.000000e+00
    endloop
  endfacet
  facet normal -1.000000e+00 0.000000e+00 0.000000e+00
    outer loop
      vertex   2.583000e+01 5.391000e+01 2.500000e+00
      vertex   2.583000e+01 5.327000e+01 2.500000e+00
      vertex   2.583000e+01 5.391000e+01 8.000000e+00
    endloop
  endfacet
  facet normal -1.000000e+00 -0.000000e+00 0.000000e+00
    outer loop
      vertex   2.583000e+01 5.391000e+01 8.000000e+00
      vertex   2.583000e+01 5.327000e+01 2.500000e+00
      vertex   2.583000e+01 5.327000e+01 8.000000e+00
    endloop
  endfacet
  facet normal 0.000000e+00 -1.000000e+00 0.000000e+00
    outer loop
      vertex   2.583000e+01 5.327000e+01 2.500000e+00
      vertex   2.647000e+01 5.327000e+01 2.500000e+00
      vertex   2.583000e+01 5.327000e+01 8.000000e+00
    endloop
  endfacet
  facet normal 0.000000e+00 -1.000000e+00 0.000000e+00
    outer loop
      vertex   2.583000e+01 5.327000e+01 8.000000e+00
      vertex   2.647000e+01 5.327000e+01 2.500000e+00
      vertex   2.647000e+01 5.327000e+01 8.000000e+00
    endloop
  endfacet
  facet normal 0.000000e+00 1.000000e+00 -0.000000e+00
    outer loop
      vertex   2.647000e+01 5.391000e+01 2.500000e+00
      vertex   2.583000e+01 5.391000e+01 2.500000e+00
      vertex   2.647000e+01 5.391000e+01 8.000000e+00
    endloop
  endfacet
  facet normal 0.000000e+00 1.000000e+00 0.000000e+00
    outer loop
      vertex   2.647000e+01 5.391000e+01 8.000000e+00
      vertex   2.583000e+01 5.391000e+01 2.500000e+00
      vertex   2.583000e+01 5.391000e+01 8.000000e+00
    endloop
  endfacet
  facet normal 1.000000e+00 0.000000e+00 0.000000e+00
    outer loop
      vertex   2.647000e+01 5.327000e+01 2.500000e+00
      vertex   2.647000e+01 5.391000e+01 2.500000e+00
      vertex   2.647000e+01 5.327000e+01 8.000000e+00
    endloop
  endfacet
  facet normal 1.000000e+00 -0.000000e+00 0.000000e+00
    outer loop
      vertex   2.647000e+01 5.327000e+01 8.000000e+00
      vertex   2.647000e+01 5.391000e+01 2.500000e+00
      vertex   2.647000e+01 5.391000e+01 8.000000e+00
    endloop
  endfacet
  facet normal 0.000000e+00 0.000000e+00 1.000000e+00
    outer loop
      vertex   2.647000e+01 5.391000e+01 8.000000e+00
      vertex   2.583000e+01 5.391000e+01 8.000000e+00
      vertex   2.647000e+01 5.327000e+01 8.000000e+00
    endloop
  endfacet
  facet normal 0.000000e+00 0.000000e+00 1.000000e+00
    outer loop
      vertex   2.647000e+01 5.327000e+01 8.000000e+00
      vertex   2.583000e+01 5.391000e+01 8.000000e+00
      vertex   2.583000e+01 5.327000e+01 8.000000e+00
    endloop
  endfacet
  facet normal -1.000000e+00 0.000000e+00 0.000000e+00
    outer loop
      vertex   2.329000e+01 5.155000e+01 2.500000e+00
      vertex   2.329000e+01 5.091000e+01 2.500000e+00
      vertex   2.329000e+01 5.155000e+01 8.000000e+00
    endloop
  endfacet
  facet normal -1.000000e+00 -0.000000e+00 0.000000e+00
    outer loop
      vertex   2.329000e+01 5.155000e+01 8.000000e+00
      vertex   2.329000e+01 5.091000e+01 2.500000e+00
      vertex   2.329000e+01 5.091000e+01 8.000000e+00
    endloop
  endfacet
  facet normal 0.000000e+00 -1.000000e+00 0.000000e+00
    outer loop
      vertex   2.329000e+01 5.091000e+01 2.500000e+00
      vertex   2.393000e+01 5.091000e+01 2.500000e+00
      vertex   2.329000e+01 5.091000e+01 8.000000e+00
    endloop
  endfacet
  facet normal 0.000000e+00 -1.000000e+00 0.000000e+00
    outer loop
      vertex   2.329000e+01 5.091000e+01 8.000000e+00
      vertex   2.393000e+01 5.091000e+01 2.500000e+00
      vertex   2.393000e+01 5.091000e+01 8.000000e+00
    endloop
  endfacet
  facet normal 0.000000e+00 1.000000e+00 -0.000000e+00
    outer loop
      vertex   2.393000e+01 5.155000e+01 2.500000e+00
      vertex   2.329000e+01 5.155000e+01 2.500000e+00
      vertex   2.393000e+01 5.155000e+01 8.000000e+00
    endloop
  endfacet
  facet normal 0.000000e+00 1.000000e+00 0.000000e+00
    outer loop
      vertex   2.393000e+01 5.155000e+01 8.000000e+00
      vertex   2.329000e+01 5.155000e+01 2.500000e+00
      vertex   2.329000e+01 5.155000e+01 8.000000e+00
    endloop
  endfacet
  facet normal 1.000000e+00 0.000000e+00 0.000000e+00
    outer loop
      vertex   2.393000e+01 5.091000e+01 2.500000e+00
      vertex   2.393000e+01 5.155000e+01 2.500000e+00
      vertex   2.393000e+01 5.091000e+01 8.000000e+00
    endloop
  endfacet
  facet normal 1.000000e+00 -0.000000e+00 0.000000e+00
    outer loop
      vertex   2.393000e+01 5.091000e+01 8.000000e+00
      vertex   2.393000e+01 5.155000e+01 2.500000e+00
      vertex   2.393000e+01 5.155000e+01 8.000000e+00
    endloop
  endfacet
  facet normal 0.000000e+00 0.000000e+00 1.000000e+00
    outer loop
      vertex   2.393000e+01 5.155000e+01 8.000000e+00
      vertex   2.329000e+01 5.155000e+01 8.000000e+00
      vertex   2.393000e+01 5.091000e+01 8.000000e+00
    endloop
  endfacet
  facet normal 0.000000e+00 0.000000e+00 1.000000e+00
    outer loop
      vertex   2.393000e+01 5.091000e+01 8.000000e+00
      vertex   2.329000e+01 5.155000e+01 8.000000e+00
      vertex   2.329000e+01 5.091000e+01 8.000000e+00
    endloop
  endfacet
  facet normal -1.000000e+00 0.000000e+00 0.000000e+00
    outer loop
      vertex   1.567000e+01 5.391000e+01 2.500000e+00
      vertex   1.567000e+01 5.327000e+01 2.500000e+00
      vertex   1.567000e+01 5.391000e+01 8.000000e+00
    endloop
  endfacet
  facet normal -1.000000e+00 -0.000000e+00 0.000000e+00
    outer loop
      vertex   1.567000e+01 5.391000e+01 8.000000e+00
      vertex   1.567000e+01 5.327000e+01 2.500000e+00
      vertex   1.567000e+01 5.327000e+01 8.000000e+00
    endloop
  endfacet
  facet normal 0.000000e+00 -1.000000e+00 0.000000e+00
    outer loop
      vertex   1.567000e+01 5.327000e+01 2.500000e+00
      vertex   1.631000e+01 5.327000e+01 2.500000e+00
      vertex   1.567000e+01 5.327000e+01 8.000000e+00
    endloop
  endfacet
  facet normal 0.000000e+00 -1.000000e+00 0.000000e+00
    outer loop
      vertex   1.567000e+01 5.327000e+01 8.000000e+00
      vertex   1.631000e+01 5.327000e+01 2.500000e+00
      vertex   1.631000e+01 5.327000e+01 8.000000e+00
    endloop
  endfacet
  facet normal 0.000000e+00 1.000000e+00 -0.000000e+00
    outer loop
      vertex   1.631000e+01 5.391000e+01 2.500000e+00
      vertex   1.567000e+01 5.391000e+01 2.500000e+00
      vertex   1.631000e+01 5.391000e+01 8.000000e+00
    endloop
  endfacet
  facet normal 0.000000e+00 1.000000e+00 0.000000e+00
    outer loop
      vertex   1.631000e+01 5.391000e+01 8.000000e+00
      vertex   1.567000e+01 5.391000e+01 2.500000e+00
      vertex   1.567000e+01 5.391000e+01 8.000000e+00
    endloop
  endfacet
  facet normal 1.000000e+00 0.000000e+00 0.000000e+00
    outer loop
      vertex   1.631000e+01 5.327000e+01 2.500000e+00
      vertex   1.631000e+01 5.391000e+01 2.500000e+00
      vertex   1.631000e+01 5.327000e+01 8.000000e+00
    endloop
  endfacet
  facet normal 1.000000e+00 -0.000000e+00 0.000000e+00
    outer loop
      vertex   1.631000e+01 5.327000e+01 8.000000e+00
      vertex   1.631000e+01 5.391000e+01 2.500000e+00
      vertex   1.631000e+01 5.391000e+01 8.000000e+00
    endloop
  endfacet
  facet normal 0.000000e+00 0.000000e+00 1.000000e+00
    outer loop
      vertex   1.631000e+01 5.391000e+01 8.000000e+00
      vertex   1.567000e+01 5.391000e+01 8.000000e+00
      vertex   1.631000e+01 5.327000e+01 8.000000e+00
    endloop
  endfacet
  facet normal 0.000000e+00 0.000000e+00 1.000000e+00
    outer loop
      vertex   1.631000e+01 5.327000e+01 8.000000e+00
      vertex   1.567000e+01 5.391000e+01 8.000000e+00
      vertex   1.567000e+01 5.327000e+01 8.000000e+00
    endloop
  endfacet
  facet normal -1.000000e+00 0.000000e+00 0.000000e+00
    outer loop
      vertex   1.313000e+01 5.155000e+01 2.500000e+00
      vertex   1.313000e+01 5.091000e+01 2.500000e+00
      vertex   1.313000e+01 5.155000e+01 8.000000e+00
    endloop
  endfacet
  facet normal -1.000000e+00 -0.000000e+00 0.000000e+00
    outer loop
      vertex   1.313000e+01 5.155000e+01 8.000000e+00
      vertex   1.313000e+01 5.091000e+01 2.500000e+00
      vertex   1.313000e+01 5.091000e+01 8.000000e+00
    endloop
  endfacet
  facet normal 0.000000e+00 -1.000000e+00 0.000000e+00
    outer loop
      vertex   1.313000e+01 5.091000e+01 2.500000e+00
      vertex   1.377000e+01 5.091000e+01 2.500000e+00
      vertex   1.313000e+01 5.091000e+01 8.000000e+00
    endloop
  endfacet
  facet normal 0.000000e+00 -1.000000e+00 0.000000e+00
    outer loop
      vertex   1.313000e+01 5.091000e+01 8.000000e+00
      vertex   1.377000e+01 5.091000e+01 2.500000e+00
      vertex   1.377000e+01 5.091000e+01 8.000000e+00
    endloop
  endfacet
  facet normal 0.000000e+00 1.000000e+00 -0.000000e+00
    outer loop
      vertex   1.377000e+01 5.155000e+01 2.500000e+00
      vertex   1.313000e+01 5.155000e+01 2.500000e+00
      vertex   1.377000e+01 5.155000e+01 8.000000e+00
    endloop
  endfacet
  facet normal 0.000000e+00 1.000000e+00 0.000000e+00
    outer loop
      vertex   1.377000e+01 5.155000e+01 8.000000e+00
      vertex   1.313000e+01 5.155000e+01 2.500000e+00
      vertex   1.313000e+01 5.155000e+01 8.000000e+00
    endloop
  endfacet
  facet normal 1.000000e+00 0.000000e+00 0.000000e+00
    outer loop
      vertex   1.377000e+01 5.091000e+01 2.500000e+00
      vertex   1.377000e+01 5.155000e+01 2.500000e+00
      vertex   1.377000e+01 5.091000e+01 8.000000e+00
    endloop
  endfacet
  facet normal 1.000000e+00 -0.000000e+00 0.000000e+00
    outer loop
      vertex   1.377000e+01 5.091000e+01 8.000000e+00
      vertex   1.377000e+01 5.155000e+01 2.500000e+00
      vertex   1.377000e+01 5.155000e+01 8.000000e+00
    endloop
  endfacet
  facet normal 0.000000e+00 0.000000e+00 1.000000e+00
    outer loop
      vertex   1.377000e+01 5.155000e+01 8.000000e+00
      vertex   1.313000e+01 5.155000e+01 8.000000e+00
      vertex   1.377000e+01 5.091000e+01 8.000000e+00
    endloop
  endfacet
  facet normal 0.000000e+00 0.000000e+00 1.000000e+00
    outer loop
      vertex   1.377000e+01 5.091000e+01 8.000000e+00
      vertex   1.313000e+01 5.155000e+01 8.000000e+00
      vertex   1.313000e+01 5.091000e+01 8.000000e+00
    endloop
  endfacet
  facet normal 0.000000e+00 1.000000e+00 -0.000000e+00
    outer loop
      vertex   8.690000e+00 5.155000e+01 2.500000e+00
      vertex   8.050000e+00 5.155000e+01 2.500000e+00
      vertex   8.690000e+00 5.155000e+01 8.000000e+00
    endloop
  endfacet
  facet normal 0.000000e+00 1.000000e+00 0.000000e+00
    outer loop
      vertex   8.690000e+00 5.155000e+01 8.000000e+00
      vertex   8.050000e+00 5.155000e+01 2.500000e+00
      vertex   8.050000e+00 5.155000e+01 8.000000e+00
    endloop
  endfacet
  facet normal -1.000000e+00 0.000000e+00 0.000000e+00
    outer loop
      vertex   8.050000e+00 5.155000e+01 2.500000e+00
      vertex   8.050000e+00 5.091000e+01 2.500000e+00
      vertex   8.050000e+00 5.155000e+01 8.000000e+00
    endloop
  endfacet
  facet normal -1.000000e+00 -0.000000e+00 0.000000e+00
    outer loop
      vertex   8.050000e+00 5.155000e+01 8.000000e+00
      vertex   8.050000e+00 5.091000e+01 2.500000e+00
      vertex   8.050000e+00 5.091000e+01 8.000000e+00
    endloop
  endfacet
  facet normal 1.000000e+00 0.000000e+00 0.000000e+00
    outer loop
      vertex   8.690000e+00 5.091000e+01 2.500000e+00
      vertex   8.690000e+00 5.155000e+01 2.500000e+00
      vertex   8.690000e+00 5.091000e+01 8.000000e+00
    endloop
  endfacet
  facet normal 1.000000e+00 -0.000000e+00 0.000000e+00
    outer loop
      vertex   8.690000e+00 5.091000e+01 8.000000e+00
      vertex   8.690000e+00 5.155000e+01 2.500000e+00
      vertex   8.690000e+00 5.155000e+01 8.000000e+00
    endloop
  endfacet
  facet normal 0.000000e+00 -1.000000e+00 0.000000e+00
    outer loop
      vertex   8.050000e+00 5.091000e+01 2.500000e+00
      vertex   8.690000e+00 5.091000e+01 2.500000e+00
      vertex   8.050000e+00 5.091000e+01 8.000000e+00
    endloop
  endfacet
  facet normal 0.000000e+00 -1.000000e+00 0.000000e+00
    outer loop
      vertex   8.050000e+00 5.091000e+01 8.000000e+00
      vertex   8.690000e+00 5.091000e+01 2.500000e+00
      vertex   8.690000e+00 5.091000e+01 8.000000e+00
    endloop
  endfacet
  facet normal 0.000000e+00 0.000000e+00 1.000000e+00
    outer loop
      vertex   8.050000e+00 5.091000e+01 8.000000e+00
      vertex   8.690000e+00 5.091000e+01 8.000000e+00
      vertex   8.050000e+00 5.155000e+01 8.000000e+00
    endloop
  endfacet
  facet normal -0.000000e+00 0.000000e+00 1.000000e+00
    outer loop
      vertex   8.050000e+00 5.155000e+01 8.000000e+00
      vertex   8.690000e+00 5.091000e+01 8.000000e+00
      vertex   8.690000e+00 5.155000e+01 8.000000e+00
    endloop
  endfacet
  facet normal -1.000000e+00 0.000000e+00 0.000000e+00
    outer loop
      vertex   1.059000e+01 5.391000e+01 2.500000e+00
      vertex   1.059000e+01 5.327000e+01 2.500000e+00
      vertex   1.059000e+01 5.391000e+01 8.000000e+00
    endloop
  endfacet
  facet normal -1.000000e+00 -0.000000e+00 0.000000e+00
    outer loop
      vertex   1.059000e+01 5.391000e+01 8.000000e+00
      vertex   1.059000e+01 5.327000e+01 2.500000e+00
      vertex   1.059000e+01 5.327000e+01 8.000000e+00
    endloop
  endfacet
  facet normal 0.000000e+00 -1.000000e+00 0.000000e+00
    outer loop
      vertex   1.059000e+01 5.327000e+01 2.500000e+00
      vertex   1.123000e+01 5.327000e+01 2.500000e+00
      vertex   1.059000e+01 5.327000e+01 8.000000e+00
    endloop
  endfacet
  facet normal 0.000000e+00 -1.000000e+00 0.000000e+00
    outer loop
      vertex   1.059000e+01 5.327000e+01 8.000000e+00
      vertex   1.123000e+01 5.327000e+01 2.500000e+00
      vertex   1.123000e+01 5.327000e+01 8.000000e+00
    endloop
  endfacet
  facet normal 0.000000e+00 1.000000e+00 -0.000000e+00
    outer loop
      vertex   1.123000e+01 5.391000e+01 2.500000e+00
      vertex   1.059000e+01 5.391000e+01 2.500000e+00
      vertex   1.123000e+01 5.391000e+01 8.000000e+00
    endloop
  endfacet
  facet normal 0.000000e+00 1.000000e+00 0.000000e+00
    outer loop
      vertex   1.123000e+01 5.391000e+01 8.000000e+00
      vertex   1.059000e+01 5.391000e+01 2.500000e+00
      vertex   1.059000e+01 5.391000e+01 8.000000e+00
    endloop
  endfacet
  facet normal 1.000000e+00 0.000000e+00 0.000000e+00
    outer loop
      vertex   1.123000e+01 5.327000e+01 2.500000e+00
      vertex   1.123000e+01 5.391000e+01 2.500000e+00
      vertex   1.123000e+01 5.327000e+01 8.000000e+00
    endloop
  endfacet
  facet normal 1.000000e+00 -0.000000e+00 0.000000e+00
    outer loop
      vertex   1.123000e+01 5.327000e+01 8.000000e+00
      vertex   1.123000e+01 5.391000e+01 2.500000e+00
      vertex   1.123000e+01 5.391000e+01 8.000000e+00
    endloop
  endfacet
  facet normal 0.000000e+00 0.000000e+00 1.000000e+00
    outer loop
      vertex   1.123000e+01 5.391000e+01 8.000000e+00
      vertex   1.059000e+01 5.391000e+01 8.000000e+00
      vertex   1.123000e+01 5.327000e+01 8.000000e+00
    endloop
  endfacet
  facet normal 0.000000e+00 0.000000e+00 1.000000e+00
    outer loop
      vertex   1.123000e+01 5.327000e+01 8.000000e+00
      vertex   1.059000e+01 5.391000e+01 8.000000e+00
      vertex   1.059000e+01 5.327000e+01 8.000000e+00
    endloop
  endfacet
  facet normal -1.000000e+00 0.000000e+00 0.000000e+00
    outer loop
      vertex   1.821000e+01 5.155000e+01 2.500000e+00
      vertex   1.821000e+01 5.091000e+01 2.500000e+00
      vertex   1.821000e+01 5.155000e+01 8.000000e+00
    endloop
  endfacet
  facet normal -1.000000e+00 -0.000000e+00 0.000000e+00
    outer loop
      vertex   1.821000e+01 5.155000e+01 8.000000e+00
      vertex   1.821000e+01 5.091000e+01 2.500000e+00
      vertex   1.821000e+01 5.091000e+01 8.000000e+00
    endloop
  endfacet
  facet normal 0.000000e+00 -1.000000e+00 0.000000e+00
    outer loop
      vertex   1.821000e+01 5.091000e+01 2.500000e+00
      vertex   1.885000e+01 5.091000e+01 2.500000e+00
      vertex   1.821000e+01 5.091000e+01 8.000000e+00
    endloop
  endfacet
  facet normal 0.000000e+00 -1.000000e+00 0.000000e+00
    outer loop
      vertex   1.821000e+01 5.091000e+01 8.000000e+00
      vertex   1.885000e+01 5.091000e+01 2.500000e+00
      vertex   1.885000e+01 5.091000e+01 8.000000e+00
    endloop
  endfacet
  facet normal 0.000000e+00 1.000000e+00 -0.000000e+00
    outer loop
      vertex   1.885000e+01 5.155000e+01 2.500000e+00
      vertex   1.821000e+01 5.155000e+01 2.500000e+00
      vertex   1.885000e+01 5.155000e+01 8.000000e+00
    endloop
  endfacet
  facet normal 0.000000e+00 1.000000e+00 0.000000e+00
    outer loop
      vertex   1.885000e+01 5.155000e+01 8.000000e+00
      vertex   1.821000e+01 5.155000e+01 2.500000e+00
      vertex   1.821000e+01 5.155000e+01 8.000000e+00
    endloop
  endfacet
  facet normal 1.000000e+00 0.000000e+00 0.000000e+00
    outer loop
      vertex   1.885000e+01 5.091000e+01 2.500000e+00
      vertex   1.885000e+01 5.155000e+01 2.500000e+00
      vertex   1.885000e+01 5.091000e+01 8.000000e+00
    endloop
  endfacet
  facet normal 1.000000e+00 -0.000000e+00 0.000000e+00
    outer loop
      vertex   1.885000e+01 5.091000e+01 8.000000e+00
      vertex   1.885000e+01 5.155000e+01 2.500000e+00
      vertex   1.885000e+01 5.155000e+01 8.000000e+00
    endloop
  endfacet
  facet normal 0.000000e+00 0.000000e+00 1.000000e+00
    outer loop
      vertex   1.885000e+01 5.155000e+01 8.000000e+00
      vertex   1.821000e+01 5.155000e+01 8.000000e+00
      vertex   1.885000e+01 5.091000e+01 8.000000e+00
    endloop
  endfacet
  facet normal 0.000000e+00 0.000000e+00 1.000000e+00
    outer loop
      vertex   1.885000e+01 5.091000e+01 8.000000e+00
      vertex   1.821000e+01 5.155000e+01 8.000000e+00
      vertex   1.821000e+01 5.091000e+01 8.000000e+00
    endloop
  endfacet
  facet normal -1.000000e+00 0.000000e+00 0.000000e+00
    outer loop
      vertex   2.583000e+01 5.155000e+01 2.500000e+00
      vertex   2.583000e+01 5.091000e+01 2.500000e+00
      vertex   2.583000e+01 5.155000e+01 8.000000e+00
    endloop
  endfacet
  facet normal -1.000000e+00 -0.000000e+00 0.000000e+00
    outer loop
      vertex   2.583000e+01 5.155000e+01 8.000000e+00
      vertex   2.583000e+01 5.091000e+01 2.500000e+00
      vertex   2.583000e+01 5.091000e+01 8.000000e+00
    endloop
  endfacet
  facet normal 0.000000e+00 -1.000000e+00 0.000000e+00
    outer loop
      vertex   2.583000e+01 5.091000e+01 2.500000e+00
      vertex   2.647000e+01 5.091000e+01 2.500000e+00
      vertex   2.583000e+01 5.091000e+01 8.000000e+00
    endloop
  endfacet
  facet normal 0.000000e+00 -1.000000e+00 0.000000e+00
    outer loop
      vertex   2.583000e+01 5.091000e+01 8.000000e+00
      vertex   2.647000e+01 5.091000e+01 2.500000e+00
      vertex   2.647000e+01 5.091000e+01 8.000000e+00
    endloop
  endfacet
  facet normal 0.000000e+00 1.000000e+00 -0.000000e+00
    outer loop
      vertex   2.647000e+01 5.155000e+01 2.500000e+00
      vertex   2.583000e+01 5.155000e+01 2.500000e+00
      vertex   2.647000e+01 5.155000e+01 8.000000e+00
    endloop
  endfacet
  facet normal 0.000000e+00 1.000000e+00 0.000000e+00
    outer loop
      vertex   2.647000e+01 5.155000e+01 8.000000e+00
      vertex   2.583000e+01 5.155000e+01 2.500000e+00
      vertex   2.583000e+01 5.155000e+01 8.000000e+00
    endloop
  endfacet
  facet normal 1.000000e+00 0.000000e+00 0.000000e+00
    outer loop
      vertex   2.647000e+01 5.091000e+01 2.500000e+00
      vertex   2.647000e+01 5.155000e+01 2.500000e+00
      vertex   2.647000e+01 5.091000e+01 8.000000e+00
    endloop
  endfacet
  facet normal 1.000000e+00 -0.000000e+00 0.000000e+00
    outer loop
      vertex   2.647000e+01 5.091000e+01 8.000000e+00
      vertex   2.647000e+01 5.155000e+01 2.500000e+00
      vertex   2.647000e+01 5.155000e+01 8.000000e+00
    endloop
  endfacet
  facet normal 0.000000e+00 0.000000e+00 1.000000e+00
    outer loop
      vertex   2.647000e+01 5.155000e+01 8.000000e+00
      vertex   2.583000e+01 5.155000e+01 8.000000e+00
      vertex   2.647000e+01 5.091000e+01 8.000000e+00
    endloop
  endfacet
  facet normal 0.000000e+00 0.000000e+00 1.000000e+00
    outer loop
      vertex   2.647000e+01 5.091000e+01 8.000000e+00
      vertex   2.583000e+01 5.155000e+01 8.000000e+00
      vertex   2.583000e+01 5.091000e+01 8.000000e+00
    endloop
  endfacet
  facet normal -1.000000e+00 0.000000e+00 0.000000e+00
    outer loop
      vertex   2.837000e+01 5.155000e+01 2.500000e+00
      vertex   2.837000e+01 5.091000e+01 2.500000e+00
      vertex   2.837000e+01 5.155000e+01 8.000000e+00
    endloop
  endfacet
  facet normal -1.000000e+00 -0.000000e+00 0.000000e+00
    outer loop
      vertex   2.837000e+01 5.155000e+01 8.000000e+00
      vertex   2.837000e+01 5.091000e+01 2.500000e+00
      vertex   2.837000e+01 5.091000e+01 8.000000e+00
    endloop
  endfacet
  facet normal 0.000000e+00 -1.000000e+00 0.000000e+00
    outer loop
      vertex   2.837000e+01 5.091000e+01 2.500000e+00
      vertex   2.901000e+01 5.091000e+01 2.500000e+00
      vertex   2.837000e+01 5.091000e+01 8.000000e+00
    endloop
  endfacet
  facet normal 0.000000e+00 -1.000000e+00 0.000000e+00
    outer loop
      vertex   2.837000e+01 5.091000e+01 8.000000e+00
      vertex   2.901000e+01 5.091000e+01 2.500000e+00
      vertex   2.901000e+01 5.091000e+01 8.000000e+00
    endloop
  endfacet
  facet normal 0.000000e+00 1.000000e+00 -0.000000e+00
    outer loop
      vertex   2.901000e+01 5.155000e+01 2.500000e+00
      vertex   2.837000e+01 5.155000e+01 2.500000e+00
      vertex   2.901000e+01 5.155000e+01 8.000000e+00
    endloop
  endfacet
  facet normal 0.000000e+00 1.000000e+00 0.000000e+00
    outer loop
      vertex   2.901000e+01 5.155000e+01 8.000000e+00
      vertex   2.837000e+01 5.155000e+01 2.500000e+00
      vertex   2.837000e+01 5.155000e+01 8.000000e+00
    endloop
  endfacet
  facet normal 1.000000e+00 0.000000e+00 0.000000e+00
    outer loop
      vertex   2.901000e+01 5.091000e+01 2.500000e+00
      vertex   2.901000e+01 5.155000e+01 2.500000e+00
      vertex   2.901000e+01 5.091000e+01 8.000000e+00
    endloop
  endfacet
  facet normal 1.000000e+00 -0.000000e+00 0.000000e+00
    outer loop
      vertex   2.901000e+01 5.091000e+01 8.000000e+00
      vertex   2.901000e+01 5.155000e+01 2.500000e+00
      vertex   2.901000e+01 5.155000e+01 8.000000e+00
    endloop
  endfacet
  facet normal 0.000000e+00 0.000000e+00 1.000000e+00
    outer loop
      vertex   2.901000e+01 5.155000e+01 8.000000e+00
      vertex   2.837000e+01 5.155000e+01 8.000000e+00
      vertex   2.901000e+01 5.091000e+01 8.000000e+00
    endloop
  endfacet
  facet normal 0.000000e+00 0.000000e+00 1.000000e+00
    outer loop
      vertex   2.901000e+01 5.091000e+01 8.000000e+00
      vertex   2.837000e+01 5.155000e+01 8.000000e+00
      vertex   2.837000e+01 5.091000e+01 8.000000e+00
    endloop
  endfacet
  facet normal -1.000000e+00 0.000000e+00 0.000000e+00
    outer loop
      vertex   3.853000e+01 5.155000e+01 2.500000e+00
      vertex   3.853000e+01 5.091000e+01 2.500000e+00
      vertex   3.853000e+01 5.155000e+01 8.000000e+00
    endloop
  endfacet
  facet normal -1.000000e+00 -0.000000e+00 0.000000e+00
    outer loop
      vertex   3.853000e+01 5.155000e+01 8.000000e+00
      vertex   3.853000e+01 5.091000e+01 2.500000e+00
      vertex   3.853000e+01 5.091000e+01 8.000000e+00
    endloop
  endfacet
  facet normal 0.000000e+00 -1.000000e+00 0.000000e+00
    outer loop
      vertex   3.853000e+01 5.091000e+01 2.500000e+00
      vertex   3.917000e+01 5.091000e+01 2.500000e+00
      vertex   3.853000e+01 5.091000e+01 8.000000e+00
    endloop
  endfacet
  facet normal 0.000000e+00 -1.000000e+00 0.000000e+00
    outer loop
      vertex   3.853000e+01 5.091000e+01 8.000000e+00
      vertex   3.917000e+01 5.091000e+01 2.500000e+00
      vertex   3.917000e+01 5.091000e+01 8.000000e+00
    endloop
  endfacet
  facet normal 0.000000e+00 1.000000e+00 -0.000000e+00
    outer loop
      vertex   3.917000e+01 5.155000e+01 2.500000e+00
      vertex   3.853000e+01 5.155000e+01 2.500000e+00
      vertex   3.917000e+01 5.155000e+01 8.000000e+00
    endloop
  endfacet
  facet normal 0.000000e+00 1.000000e+00 0.000000e+00
    outer loop
      vertex   3.917000e+01 5.155000e+01 8.000000e+00
      vertex   3.853000e+01 5.155000e+01 2.500000e+00
      vertex   3.853000e+01 5.155000e+01 8.000000e+00
    endloop
  endfacet
  facet normal 1.000000e+00 0.000000e+00 0.000000e+00
    outer loop
      vertex   3.917000e+01 5.091000e+01 2.500000e+00
      vertex   3.917000e+01 5.155000e+01 2.500000e+00
      vertex   3.917000e+01 5.091000e+01 8.000000e+00
    endloop
  endfacet
  facet normal 1.000000e+00 -0.000000e+00 0.000000e+00
    outer loop
      vertex   3.917000e+01 5.091000e+01 8.000000e+00
      vertex   3.917000e+01 5.155000e+01 2.500000e+00
      vertex   3.917000e+01 5.155000e+01 8.000000e+00
    endloop
  endfacet
  facet normal 0.000000e+00 0.000000e+00 1.000000e+00
    outer loop
      vertex   3.917000e+01 5.155000e+01 8.000000e+00
      vertex   3.853000e+01 5.155000e+01 8.000000e+00
      vertex   3.917000e+01 5.091000e+01 8.000000e+00
    endloop
  endfacet
  facet normal 0.000000e+00 0.000000e+00 1.000000e+00
    outer loop
      vertex   3.917000e+01 5.091000e+01 8.000000e+00
      vertex   3.853000e+01 5.155000e+01 8.000000e+00
      vertex   3.853000e+01 5.091000e+01 8.000000e+00
    endloop
  endfacet
  facet normal -1.000000e+00 0.000000e+00 0.000000e+00
    outer loop
      vertex   3.599000e+01 5.391000e+01 2.500000e+00
      vertex   3.599000e+01 5.327000e+01 2.500000e+00
      vertex   3.599000e+01 5.391000e+01 8.000000e+00
    endloop
  endfacet
  facet normal -1.000000e+00 -0.000000e+00 0.000000e+00
    outer loop
      vertex   3.599000e+01 5.391000e+01 8.000000e+00
      vertex   3.599000e+01 5.327000e+01 2.500000e+00
      vertex   3.599000e+01 5.327000e+01 8.000000e+00
    endloop
  endfacet
  facet normal 0.000000e+00 -1.000000e+00 0.000000e+00
    outer loop
      vertex   3.599000e+01 5.327000e+01 2.500000e+00
      vertex   3.663000e+01 5.327000e+01 2.500000e+00
      vertex   3.599000e+01 5.327000e+01 8.000000e+00
    endloop
  endfacet
  facet normal 0.000000e+00 -1.000000e+00 0.000000e+00
    outer loop
      vertex   3.599000e+01 5.327000e+01 8.000000e+00
      vertex   3.663000e+01 5.327000e+01 2.500000e+00
      vertex   3.663000e+01 5.327000e+01 8.000000e+00
    endloop
  endfacet
  facet normal 0.000000e+00 1.000000e+00 -0.000000e+00
    outer loop
      vertex   3.663000e+01 5.391000e+01 2.500000e+00
      vertex   3.599000e+01 5.391000e+01 2.500000e+00
      vertex   3.663000e+01 5.391000e+01 8.000000e+00
    endloop
  endfacet
  facet normal 0.000000e+00 1.000000e+00 0.000000e+00
    outer loop
      vertex   3.663000e+01 5.391000e+01 8.000000e+00
      vertex   3.599000e+01 5.391000e+01 2.500000e+00
      vertex   3.599000e+01 5.391000e+01 8.000000e+00
    endloop
  endfacet
  facet normal 1.000000e+00 0.000000e+00 0.000000e+00
    outer loop
      vertex   3.663000e+01 5.327000e+01 2.500000e+00
      vertex   3.663000e+01 5.391000e+01 2.500000e+00
      vertex   3.663000e+01 5.327000e+01 8.000000e+00
    endloop
  endfacet
  facet normal 1.000000e+00 -0.000000e+00 0.000000e+00
    outer loop
      vertex   3.663000e+01 5.327000e+01 8.000000e+00
      vertex   3.663000e+01 5.391000e+01 2.500000e+00
      vertex   3.663000e+01 5.391000e+01 8.000000e+00
    endloop
  endfacet
  facet normal 0.000000e+00 0.000000e+00 1.000000e+00
    outer loop
      vertex   3.663000e+01 5.391000e+01 8.000000e+00
      vertex   3.599000e+01 5.391000e+01 8.000000e+00
      vertex   3.663000e+01 5.327000e+01 8.000000e+00
    endloop
  endfacet
  facet normal 0.000000e+00 0.000000e+00 1.000000e+00
    outer loop
      vertex   3.663000e+01 5.327000e+01 8.000000e+00
      vertex   3.599000e+01 5.391000e+01 8.000000e+00
      vertex   3.599000e+01 5.327000e+01 8.000000e+00
    endloop
  endfacet
  facet normal -1.000000e+00 0.000000e+00 0.000000e+00
    outer loop
      vertex   4.615000e+01 5.155000e+01 2.500000e+00
      vertex   4.615000e+01 5.091000e+01 2.500000e+00
      vertex   4.615000e+01 5.155000e+01 8.000000e+00
    endloop
  endfacet
  facet normal -1.000000e+00 -0.000000e+00 0.000000e+00
    outer loop
      vertex   4.615000e+01 5.155000e+01 8.000000e+00
      vertex   4.615000e+01 5.091000e+01 2.500000e+00
      vertex   4.615000e+01 5.091000e+01 8.000000e+00
    endloop
  endfacet
  facet normal 0.000000e+00 -1.000000e+00 0.000000e+00
    outer loop
      vertex   4.615000e+01 5.091000e+01 2.500000e+00
      vertex   4.679000e+01 5.091000e+01 2.500000e+00
      vertex   4.615000e+01 5.091000e+01 8.000000e+00
    endloop
  endfacet
  facet normal 0.000000e+00 -1.000000e+00 0.000000e+00
    outer loop
      vertex   4.615000e+01 5.091000e+01 8.000000e+00
      vertex   4.679000e+01 5.091000e+01 2.500000e+00
      vertex   4.679000e+01 5.091000e+01 8.000000e+00
    endloop
  endfacet
  facet normal 0.000000e+00 1.000000e+00 -0.000000e+00
    outer loop
      vertex   4.679000e+01 5.155000e+01 2.500000e+00
      vertex   4.615000e+01 5.155000e+01 2.500000e+00
      vertex   4.679000e+01 5.155000e+01 8.000000e+00
    endloop
  endfacet
  facet normal 0.000000e+00 1.000000e+00 0.000000e+00
    outer loop
      vertex   4.679000e+01 5.155000e+01 8.000000e+00
      vertex   4.615000e+01 5.155000e+01 2.500000e+00
      vertex   4.615000e+01 5.155000e+01 8.000000e+00
    endloop
  endfacet
  facet normal 1.000000e+00 0.000000e+00 0.000000e+00
    outer loop
      vertex   4.679000e+01 5.091000e+01 2.500000e+00
      vertex   4.679000e+01 5.155000e+01 2.500000e+00
      vertex   4.679000e+01 5.091000e+01 8.000000e+00
    endloop
  endfacet
  facet normal 1.000000e+00 -0.000000e+00 0.000000e+00
    outer loop
      vertex   4.679000e+01 5.091000e+01 8.000000e+00
      vertex   4.679000e+01 5.155000e+01 2.500000e+00
      vertex   4.679000e+01 5.155000e+01 8.000000e+00
    endloop
  endfacet
  facet normal 0.000000e+00 0.000000e+00 1.000000e+00
    outer loop
      vertex   4.679000e+01 5.155000e+01 8.000000e+00
      vertex   4.615000e+01 5.155000e+01 8.000000e+00
      vertex   4.679000e+01 5.091000e+01 8.000000e+00
    endloop
  endfacet
  facet normal 0.000000e+00 0.000000e+00 1.000000e+00
    outer loop
      vertex   4.679000e+01 5.091000e+01 8.000000e+00
      vertex   4.615000e+01 5.155000e+01 8.000000e+00
      vertex   4.615000e+01 5.091000e+01 8.000000e+00
    endloop
  endfacet
  facet normal -1.000000e+00 0.000000e+00 0.000000e+00
    outer loop
      vertex   4.107000e+01 5.391000e+01 2.500000e+00
      vertex   4.107000e+01 5.327000e+01 2.500000e+00
      vertex   4.107000e+01 5.391000e+01 8.000000e+00
    endloop
  endfacet
  facet normal -1.000000e+00 -0.000000e+00 0.000000e+00
    outer loop
      vertex   4.107000e+01 5.391000e+01 8.000000e+00
      vertex   4.107000e+01 5.327000e+01 2.500000e+00
      vertex   4.107000e+01 5.327000e+01 8.000000e+00
    endloop
  endfacet
  facet normal 0.000000e+00 -1.000000e+00 0.000000e+00
    outer loop
      vertex   4.107000e+01 5.327000e+01 2.500000e+00
      vertex   4.171000e+01 5.327000e+01 2.500000e+00
      vertex   4.107000e+01 5.327000e+01 8.000000e+00
    endloop
  endfacet
  facet normal 0.000000e+00 -1.000000e+00 0.000000e+00
    outer loop
      vertex   4.107000e+01 5.327000e+01 8.000000e+00
      vertex   4.171000e+01 5.327000e+01 2.500000e+00
      vertex   4.171000e+01 5.327000e+01 8.000000e+00
    endloop
  endfacet
  facet normal 0.000000e+00 1.000000e+00 -0.000000e+00
    outer loop
      vertex   4.171000e+01 5.391000e+01 2.500000e+00
      vertex   4.107000e+01 5.391000e+01 2.500000e+00
      vertex   4.171000e+01 5.391000e+01 8.000000e+00
    endloop
  endfacet
  facet normal 0.000000e+00 1.000000e+00 0.000000e+00
    outer loop
      vertex   4.171000e+01 5.391000e+01 8.000000e+00
      vertex   4.107000e+01 5.391000e+01 2.500000e+00
      vertex   4.107000e+01 5.391000e+01 8.000000e+00
    endloop
  endfacet
  facet normal 1.000000e+00 0.000000e+00 0.000000e+00
    outer loop
      vertex   4.171000e+01 5.327000e+01 2.500000e+00
      vertex   4.171000e+01 5.391000e+01 2.500000e+00
      vertex   4.171000e+01 5.327000e+01 8.000000e+00
    endloop
  endfacet
  facet normal 1.000000e+00 -0.000000e+00 0.000000e+00
    outer loop
      vertex   4.171000e+01 5.327000e+01 8.000000e+00
      vertex   4.171000e+01 5.391000e+01 2.500000e+00
      vertex   4.171000e+01 5.391000e+01 8.000000e+00
    endloop
  endfacet
  facet normal 0.000000e+00 0.000000e+00 1.000000e+00
    outer loop
      vertex   4.171000e+01 5.391000e+01 8.000000e+00
      vertex   4.107000e+01 5.391000e+01 8.000000e+00
      vertex   4.171000e+01 5.327000e+01 8.000000e+00
    endloop
  endfacet
  facet normal 0.000000e+00 0.000000e+00 1.000000e+00
    outer loop
      vertex   4.171000e+01 5.327000e+01 8.000000e+00
      vertex   4.107000e+01 5.391000e+01 8.000000e+00
      vertex   4.107000e+01 5.327000e+01 8.000000e+00
    endloop
  endfacet
  facet normal -1.000000e+00 0.000000e+00 0.000000e+00
    outer loop
      vertex   5.123000e+01 5.391000e+01 2.500000e+00
      vertex   5.123000e+01 5.327000e+01 2.500000e+00
      vertex   5.123000e+01 5.391000e+01 8.000000e+00
    endloop
  endfacet
  facet normal -1.000000e+00 -0.000000e+00 0.000000e+00
    outer loop
      vertex   5.123000e+01 5.391000e+01 8.000000e+00
      vertex   5.123000e+01 5.327000e+01 2.500000e+00
      vertex   5.123000e+01 5.327000e+01 8.000000e+00
    endloop
  endfacet
  facet normal 0.000000e+00 -1.000000e+00 0.000000e+00
    outer loop
      vertex   5.123000e+01 5.327000e+01 2.500000e+00
      vertex   5.187000e+01 5.327000e+01 2.500000e+00
      vertex   5.123000e+01 5.327000e+01 8.000000e+00
    endloop
  endfacet
  facet normal 0.000000e+00 -1.000000e+00 0.000000e+00
    outer loop
      vertex   5.123000e+01 5.327000e+01 8.000000e+00
      vertex   5.187000e+01 5.327000e+01 2.500000e+00
      vertex   5.187000e+01 5.327000e+01 8.000000e+00
    endloop
  endfacet
  facet normal 0.000000e+00 1.000000e+00 -0.000000e+00
    outer loop
      vertex   5.187000e+01 5.391000e+01 2.500000e+00
      vertex   5.123000e+01 5.391000e+01 2.500000e+00
      vertex   5.187000e+01 5.391000e+01 8.000000e+00
    endloop
  endfacet
  facet normal 0.000000e+00 1.000000e+00 0.000000e+00
    outer loop
      vertex   5.187000e+01 5.391000e+01 8.000000e+00
      vertex   5.123000e+01 5.391000e+01 2.500000e+00
      vertex   5.123000e+01 5.391000e+01 8.000000e+00
    endloop
  endfacet
  facet normal 1.000000e+00 0.000000e+00 0.000000e+00
    outer loop
      vertex   5.187000e+01 5.327000e+01 2.500000e+00
      vertex   5.187000e+01 5.391000e+01 2.500000e+00
      vertex   5.187000e+01 5.327000e+01 8.000000e+00
    endloop
  endfacet
  facet normal 1.000000e+00 -0.000000e+00 0.000000e+00
    outer loop
      vertex   5.187000e+01 5.327000e+01 8.000000e+00
      vertex   5.187000e+01 5.391000e+01 2.500000e+00
      vertex   5.187000e+01 5.391000e+01 8.000000e+00
    endloop
  endfacet
  facet normal 0.000000e+00 0.000000e+00 1.000000e+00
    outer loop
      vertex   5.187000e+01 5.391000e+01 8.000000e+00
      vertex   5.123000e+01 5.391000e+01 8.000000e+00
      vertex   5.187000e+01 5.327000e+01 8.000000e+00
    endloop
  endfacet
  facet normal 0.000000e+00 0.000000e+00 1.000000e+00
    outer loop
      vertex   5.187000e+01 5.327000e+01 8.000000e+00
      vertex   5.123000e+01 5.391000e+01 8.000000e+00
      vertex   5.123000e+01 5.327000e+01 8.000000e+00
    endloop
  endfacet
  facet normal -1.000000e+00 0.000000e+00 0.000000e+00
    outer loop
      vertex   5.631000e+01 5.391000e+01 2.500000e+00
      vertex   5.631000e+01 5.327000e+01 2.500000e+00
      vertex   5.631000e+01 5.391000e+01 8.000000e+00
    endloop
  endfacet
  facet normal -1.000000e+00 -0.000000e+00 0.000000e+00
    outer loop
      vertex   5.631000e+01 5.391000e+01 8.000000e+00
      vertex   5.631000e+01 5.327000e+01 2.500000e+00
      vertex   5.631000e+01 5.327000e+01 8.000000e+00
    endloop
  endfacet
  facet normal 0.000000e+00 -1.000000e+00 0.000000e+00
    outer loop
      vertex   5.631000e+01 5.327000e+01 2.500000e+00
      vertex   5.695000e+01 5.327000e+01 2.500000e+00
      vertex   5.631000e+01 5.327000e+01 8.000000e+00
    endloop
  endfacet
  facet normal 0.000000e+00 -1.000000e+00 0.000000e+00
    outer loop
      vertex   5.631000e+01 5.327000e+01 8.000000e+00
      vertex   5.695000e+01 5.327000e+01 2.500000e+00
      vertex   5.695000e+01 5.327000e+01 8.000000e+00
    endloop
  endfacet
  facet normal 0.000000e+00 1.000000e+00 -0.000000e+00
    outer loop
      vertex   5.695000e+01 5.391000e+01 2.500000e+00
      vertex   5.631000e+01 5.391000e+01 2.500000e+00
      vertex   5.695000e+01 5.391000e+01 8.000000e+00
    endloop
  endfacet
  facet normal 0.000000e+00 1.000000e+00 0.000000e+00
    outer loop
      vertex   5.695000e+01 5.391000e+01 8.000000e+00
      vertex   5.631000e+01 5.391000e+01 2.500000e+00
      vertex   5.631000e+01 5.391000e+01 8.000000e+00
    endloop
  endfacet
  facet normal 1.000000e+00 0.000000e+00 0.000000e+00
    outer loop
      vertex   5.695000e+01 5.327000e+01 2.500000e+00
      vertex   5.695000e+01 5.391000e+01 2.500000e+00
      vertex   5.695000e+01 5.327000e+01 8.000000e+00
    endloop
  endfacet
  facet normal 1.000000e+00 -0.000000e+00 0.000000e+00
    outer loop
      vertex   5.695000e+01 5.327000e+01 8.000000e+00
      vertex   5.695000e+01 5.391000e+01 2.500000e+00
      vertex   5.695000e+01 5.391000e+01 8.000000e+00
    endloop
  endfacet
  facet normal 0.000000e+00 0.000000e+00 1.000000e+00
    outer loop
      vertex   5.695000e+01 5.391000e+01 8.000000e+00
      vertex   5.631000e+01 5.391000e+01 8.000000e+00
      vertex   5.695000e+01 5.327000e+01 8.000000e+00
    endloop
  endfacet
  facet normal 0.000000e+00 0.000000e+00 1.000000e+00
    outer loop
      vertex   5.695000e+01 5.327000e+01 8.000000e+00
      vertex   5.631000e+01 5.391000e+01 8.000000e+00
      vertex   5.631000e+01 5.327000e+01 8.000000e+00
    endloop
  endfacet
  facet normal -1.000000e+00 0.000000e+00 0.000000e+00
    outer loop
      vertex   4.615000e+01 5.391000e+01 2.500000e+00
      vertex   4.615000e+01 5.327000e+01 2.500000e+00
      vertex   4.615000e+01 5.391000e+01 8.000000e+00
    endloop
  endfacet
  facet normal -1.000000e+00 -0.000000e+00 0.000000e+00
    outer loop
      vertex   4.615000e+01 5.391000e+01 8.000000e+00
      vertex   4.615000e+01 5.327000e+01 2.500000e+00
      vertex   4.615000e+01 5.327000e+01 8.000000e+00
    endloop
  endfacet
  facet normal 0.000000e+00 -1.000000e+00 0.000000e+00
    outer loop
      vertex   4.615000e+01 5.327000e+01 2.500000e+00
      vertex   4.679000e+01 5.327000e+01 2.500000e+00
      vertex   4.615000e+01 5.327000e+01 8.000000e+00
    endloop
  endfacet
  facet normal 0.000000e+00 -1.000000e+00 0.000000e+00
    outer loop
      vertex   4.615000e+01 5.327000e+01 8.000000e+00
      vertex   4.679000e+01 5.327000e+01 2.500000e+00
      vertex   4.679000e+01 5.327000e+01 8.000000e+00
    endloop
  endfacet
  facet normal 0.000000e+00 1.000000e+00 -0.000000e+00
    outer loop
      vertex   4.679000e+01 5.391000e+01 2.500000e+00
      vertex   4.615000e+01 5.391000e+01 2.500000e+00
      vertex   4.679000e+01 5.391000e+01 8.000000e+00
    endloop
  endfacet
  facet normal 0.000000e+00 1.000000e+00 0.000000e+00
    outer loop
      vertex   4.679000e+01 5.391000e+01 8.000000e+00
      vertex   4.615000e+01 5.391000e+01 2.500000e+00
      vertex   4.615000e+01 5.391000e+01 8.000000e+00
    endloop
  endfacet
  facet normal 1.000000e+00 0.000000e+00 0.000000e+00
    outer loop
      vertex   4.679000e+01 5.327000e+01 2.500000e+00
      vertex   4.679000e+01 5.391000e+01 2.500000e+00
      vertex   4.679000e+01 5.327000e+01 8.000000e+00
    endloop
  endfacet
  facet normal 1.000000e+00 -0.000000e+00 0.000000e+00
    outer loop
      vertex   4.679000e+01 5.327000e+01 8.000000e+00
      vertex   4.679000e+01 5.391000e+01 2.500000e+00
      vertex   4.679000e+01 5.391000e+01 8.000000e+00
    endloop
  endfacet
  facet normal 0.000000e+00 0.000000e+00 1.000000e+00
    outer loop
      vertex   4.679000e+01 5.391000e+01 8.000000e+00
      vertex   4.615000e+01 5.391000e+01 8.000000e+00
      vertex   4.679000e+01 5.327000e+01 8.000000e+00
    endloop
  endfacet
  facet normal 0.000000e+00 0.000000e+00 1.000000e+00
    outer loop
      vertex   4.679000e+01 5.327000e+01 8.000000e+00
      vertex   4.615000e+01 5.391000e+01 8.000000e+00
      vertex   4.615000e+01 5.327000e+01 8.000000e+00
    endloop
  endfacet
  facet normal -1.000000e+00 0.000000e+00 0.000000e+00
    outer loop
      vertex   5.123000e+01 5.155000e+01 2.500000e+00
      vertex   5.123000e+01 5.091000e+01 2.500000e+00
      vertex   5.123000e+01 5.155000e+01 8.000000e+00
    endloop
  endfacet
  facet normal -1.000000e+00 -0.000000e+00 0.000000e+00
    outer loop
      vertex   5.123000e+01 5.155000e+01 8.000000e+00
      vertex   5.123000e+01 5.091000e+01 2.500000e+00
      vertex   5.123000e+01 5.091000e+01 8.000000e+00
    endloop
  endfacet
  facet normal 0.000000e+00 -1.000000e+00 0.000000e+00
    outer loop
      vertex   5.123000e+01 5.091000e+01 2.500000e+00
      vertex   5.187000e+01 5.091000e+01 2.500000e+00
      vertex   5.123000e+01 5.091000e+01 8.000000e+00
    endloop
  endfacet
  facet normal 0.000000e+00 -1.000000e+00 0.000000e+00
    outer loop
      vertex   5.123000e+01 5.091000e+01 8.000000e+00
      vertex   5.187000e+01 5.091000e+01 2.500000e+00
      vertex   5.187000e+01 5.091000e+01 8.000000e+00
    endloop
  endfacet
  facet normal 0.000000e+00 1.000000e+00 -0.000000e+00
    outer loop
      vertex   5.187000e+01 5.155000e+01 2.500000e+00
      vertex   5.123000e+01 5.155000e+01 2.500000e+00
      vertex   5.187000e+01 5.155000e+01 8.000000e+00
    endloop
  endfacet
  facet normal 0.000000e+00 1.000000e+00 0.000000e+00
    outer loop
      vertex   5.187000e+01 5.155000e+01 8.000000e+00
      vertex   5.123000e+01 5.155000e+01 2.500000e+00
      vertex   5.123000e+01 5.155000e+01 8.000000e+00
    endloop
  endfacet
  facet normal 1.000000e+00 0.000000e+00 0.000000e+00
    outer loop
      vertex   5.187000e+01 5.091000e+01 2.500000e+00
      vertex   5.187000e+01 5.155000e+01 2.500000e+00
      vertex   5.187000e+01 5.091000e+01 8.000000e+00
    endloop
  endfacet
  facet normal 1.000000e+00 -0.000000e+00 0.000000e+00
    outer loop
      vertex   5.187000e+01 5.091000e+01 8.000000e+00
      vertex   5.187000e+01 5.155000e+01 2.500000e+00
      vertex   5.187000e+01 5.155000e+01 8.000000e+00
    endloop
  endfacet
  facet normal 0.000000e+00 0.000000e+00 1.000000e+00
    outer loop
      vertex   5.187000e+01 5.155000e+01 8.000000e+00
      vertex   5.123000e+01 5.155000e+01 8.000000e+00
      vertex   5.187000e+01 5.091000e+01 8.000000e+00
    endloop
  endfacet
  facet normal 0.000000e+00 0.000000e+00 1.000000e+00
    outer loop
      vertex   5.187000e+01 5.091000e+01 8.000000e+00
      vertex   5.123000e+01 5.155000e+01 8.000000e+00
      vertex   5.123000e+01 5.091000e+01 8.000000e+00
    endloop
  endfacet
  facet normal -1.000000e+00 0.000000e+00 0.000000e+00
    outer loop
      vertex   4.107000e+01 5.155000e+01 2.500000e+00
      vertex   4.107000e+01 5.091000e+01 2.500000e+00
      vertex   4.107000e+01 5.155000e+01 8.000000e+00
    endloop
  endfacet
  facet normal -1.000000e+00 -0.000000e+00 0.000000e+00
    outer loop
      vertex   4.107000e+01 5.155000e+01 8.000000e+00
      vertex   4.107000e+01 5.091000e+01 2.500000e+00
      vertex   4.107000e+01 5.091000e+01 8.000000e+00
    endloop
  endfacet
  facet normal 0.000000e+00 -1.000000e+00 0.000000e+00
    outer loop
      vertex   4.107000e+01 5.091000e+01 2.500000e+00
      vertex   4.171000e+01 5.091000e+01 2.500000e+00
      vertex   4.107000e+01 5.091000e+01 8.000000e+00
    endloop
  endfacet
  facet normal 0.000000e+00 -1.000000e+00 0.000000e+00
    outer loop
      vertex   4.107000e+01 5.091000e+01 8.000000e+00
      vertex   4.171000e+01 5.091000e+01 2.500000e+00
      vertex   4.171000e+01 5.091000e+01 8.000000e+00
    endloop
  endfacet
  facet normal 0.000000e+00 1.000000e+00 -0.000000e+00
    outer loop
      vertex   4.171000e+01 5.155000e+01 2.500000e+00
      vertex   4.107000e+01 5.155000e+01 2.500000e+00
      vertex   4.171000e+01 5.155000e+01 8.000000e+00
    endloop
  endfacet
  facet normal 0.000000e+00 1.000000e+00 0.000000e+00
    outer loop
      vertex   4.171000e+01 5.155000e+01 8.000000e+00
      vertex   4.107000e+01 5.155000e+01 2.500000e+00
      vertex   4.107000e+01 5.155000e+01 8.000000e+00
    endloop
  endfacet
  facet normal 1.000000e+00 0.000000e+00 0.000000e+00
    outer loop
      vertex   4.171000e+01 5.091000e+01 2.500000e+00
      vertex   4.171000e+01 5.155000e+01 2.500000e+00
      vertex   4.171000e+01 5.091000e+01 8.000000e+00
    endloop
  endfacet
  facet normal 1.000000e+00 -0.000000e+00 0.000000e+00
    outer loop
      vertex   4.171000e+01 5.091000e+01 8.000000e+00
      vertex   4.171000e+01 5.155000e+01 2.500000e+00
      vertex   4.171000e+01 5.155000e+01 8.000000e+00
    endloop
  endfacet
  facet normal 0.000000e+00 0.000000e+00 1.000000e+00
    outer loop
      vertex   4.171000e+01 5.155000e+01 8.000000e+00
      vertex   4.107000e+01 5.155000e+01 8.000000e+00
      vertex   4.171000e+01 5.091000e+01 8.000000e+00
    endloop
  endfacet
  facet normal 0.000000e+00 0.000000e+00 1.000000e+00
    outer loop
      vertex   4.171000e+01 5.091000e+01 8.000000e+00
      vertex   4.107000e+01 5.155000e+01 8.000000e+00
      vertex   4.107000e+01 5.091000e+01 8.000000e+00
    endloop
  endfacet
  facet normal -1.000000e+00 0.000000e+00 0.000000e+00
    outer loop
      vertex   3.091000e+01 5.391000e+01 2.500000e+00
      vertex   3.091000e+01 5.327000e+01 2.500000e+00
      vertex   3.091000e+01 5.391000e+01 8.000000e+00
    endloop
  endfacet
  facet normal -1.000000e+00 -0.000000e+00 0.000000e+00
    outer loop
      vertex   3.091000e+01 5.391000e+01 8.000000e+00
      vertex   3.091000e+01 5.327000e+01 2.500000e+00
      vertex   3.091000e+01 5.327000e+01 8.000000e+00
    endloop
  endfacet
  facet normal 0.000000e+00 -1.000000e+00 0.000000e+00
    outer loop
      vertex   3.091000e+01 5.327000e+01 2.500000e+00
      vertex   3.155000e+01 5.327000e+01 2.500000e+00
      vertex   3.091000e+01 5.327000e+01 8.000000e+00
    endloop
  endfacet
  facet normal 0.000000e+00 -1.000000e+00 0.000000e+00
    outer loop
      vertex   3.091000e+01 5.327000e+01 8.000000e+00
      vertex   3.155000e+01 5.327000e+01 2.500000e+00
      vertex   3.155000e+01 5.327000e+01 8.000000e+00
    endloop
  endfacet
  facet normal 0.000000e+00 1.000000e+00 -0.000000e+00
    outer loop
      vertex   3.155000e+01 5.391000e+01 2.500000e+00
      vertex   3.091000e+01 5.391000e+01 2.500000e+00
      vertex   3.155000e+01 5.391000e+01 8.000000e+00
    endloop
  endfacet
  facet normal 0.000000e+00 1.000000e+00 0.000000e+00
    outer loop
      vertex   3.155000e+01 5.391000e+01 8.000000e+00
      vertex   3.091000e+01 5.391000e+01 2.500000e+00
      vertex   3.091000e+01 5.391000e+01 8.000000e+00
    endloop
  endfacet
  facet normal 1.000000e+00 0.000000e+00 0.000000e+00
    outer loop
      vertex   3.155000e+01 5.327000e+01 2.500000e+00
      vertex   3.155000e+01 5.391000e+01 2.500000e+00
      vertex   3.155000e+01 5.327000e+01 8.000000e+00
    endloop
  endfacet
  facet normal 1.000000e+00 -0.000000e+00 0.000000e+00
    outer loop
      vertex   3.155000e+01 5.327000e+01 8.000000e+00
      vertex   3.155000e+01 5.391000e+01 2.500000e+00
      vertex   3.155000e+01 5.391000e+01 8.000000e+00
    endloop
  endfacet
  facet normal 0.000000e+00 0.000000e+00 1.000000e+00
    outer loop
      vertex   3.155000e+01 5.391000e+01 8.000000e+00
      vertex   3.091000e+01 5.391000e+01 8.000000e+00
      vertex   3.155000e+01 5.327000e+01 8.000000e+00
    endloop
  endfacet
  facet normal 0.000000e+00 0.000000e+00 1.000000e+00
    outer loop
      vertex   3.155000e+01 5.327000e+01 8.000000e+00
      vertex   3.091000e+01 5.391000e+01 8.000000e+00
      vertex   3.091000e+01 5.327000e+01 8.000000e+00
    endloop
  endfacet
  facet normal -1.000000e+00 0.000000e+00 0.000000e+00
    outer loop
      vertex   3.345000e+01 5.155000e+01 2.500000e+00
      vertex   3.345000e+01 5.091000e+01 2.500000e+00
      vertex   3.345000e+01 5.155000e+01 8.000000e+00
    endloop
  endfacet
  facet normal -1.000000e+00 -0.000000e+00 0.000000e+00
    outer loop
      vertex   3.345000e+01 5.155000e+01 8.000000e+00
      vertex   3.345000e+01 5.091000e+01 2.500000e+00
      vertex   3.345000e+01 5.091000e+01 8.000000e+00
    endloop
  endfacet
  facet normal 0.000000e+00 -1.000000e+00 0.000000e+00
    outer loop
      vertex   3.345000e+01 5.091000e+01 2.500000e+00
      vertex   3.409000e+01 5.091000e+01 2.500000e+00
      vertex   3.345000e+01 5.091000e+01 8.000000e+00
    endloop
  endfacet
  facet normal 0.000000e+00 -1.000000e+00 0.000000e+00
    outer loop
      vertex   3.345000e+01 5.091000e+01 8.000000e+00
      vertex   3.409000e+01 5.091000e+01 2.500000e+00
      vertex   3.409000e+01 5.091000e+01 8.000000e+00
    endloop
  endfacet
  facet normal 0.000000e+00 1.000000e+00 -0.000000e+00
    outer loop
      vertex   3.409000e+01 5.155000e+01 2.500000e+00
      vertex   3.345000e+01 5.155000e+01 2.500000e+00
      vertex   3.409000e+01 5.155000e+01 8.000000e+00
    endloop
  endfacet
  facet normal 0.000000e+00 1.000000e+00 0.000000e+00
    outer loop
      vertex   3.409000e+01 5.155000e+01 8.000000e+00
      vertex   3.345000e+01 5.155000e+01 2.500000e+00
      vertex   3.345000e+01 5.155000e+01 8.000000e+00
    endloop
  endfacet
  facet normal 1.000000e+00 0.000000e+00 0.000000e+00
    outer loop
      vertex   3.409000e+01 5.091000e+01 2.500000e+00
      vertex   3.409000e+01 5.155000e+01 2.500000e+00
      vertex   3.409000e+01 5.091000e+01 8.000000e+00
    endloop
  endfacet
  facet normal 1.000000e+00 -0.000000e+00 0.000000e+00
    outer loop
      vertex   3.409000e+01 5.091000e+01 8.000000e+00
      vertex   3.409000e+01 5.155000e+01 2.500000e+00
      vertex   3.409000e+01 5.155000e+01 8.000000e+00
    endloop
  endfacet
  facet normal 0.000000e+00 0.000000e+00 1.000000e+00
    outer loop
      vertex   3.409000e+01 5.155000e+01 8.000000e+00
      vertex   3.345000e+01 5.155000e+01 8.000000e+00
      vertex   3.409000e+01 5.091000e+01 8.000000e+00
    endloop
  endfacet
  facet normal 0.000000e+00 0.000000e+00 1.000000e+00
    outer loop
      vertex   3.409000e+01 5.091000e+01 8.000000e+00
      vertex   3.345000e+01 5.155000e+01 8.000000e+00
      vertex   3.345000e+01 5.091000e+01 8.000000e+00
    endloop
  endfacet
  facet normal -1.000000e+00 0.000000e+00 0.000000e+00
    outer loop
      vertex   2.329000e+01 5.391000e+01 2.500000e+00
      vertex   2.329000e+01 5.327000e+01 2.500000e+00
      vertex   2.329000e+01 5.391000e+01 8.000000e+00
    endloop
  endfacet
  facet normal -1.000000e+00 -0.000000e+00 0.000000e+00
    outer loop
      vertex   2.329000e+01 5.391000e+01 8.000000e+00
      vertex   2.329000e+01 5.327000e+01 2.500000e+00
      vertex   2.329000e+01 5.327000e+01 8.000000e+00
    endloop
  endfacet
  facet normal 0.000000e+00 -1.000000e+00 0.000000e+00
    outer loop
      vertex   2.329000e+01 5.327000e+01 2.500000e+00
      vertex   2.393000e+01 5.327000e+01 2.500000e+00
      vertex   2.329000e+01 5.327000e+01 8.000000e+00
    endloop
  endfacet
  facet normal 0.000000e+00 -1.000000e+00 0.000000e+00
    outer loop
      vertex   2.329000e+01 5.327000e+01 8.000000e+00
      vertex   2.393000e+01 5.327000e+01 2.500000e+00
      vertex   2.393000e+01 5.327000e+01 8.000000e+00
    endloop
  endfacet
  facet normal 0.000000e+00 1.000000e+00 -0.000000e+00
    outer loop
      vertex   2.393000e+01 5.391000e+01 2.500000e+00
      vertex   2.329000e+01 5.391000e+01 2.500000e+00
      vertex   2.393000e+01 5.391000e+01 8.000000e+00
    endloop
  endfacet
  facet normal 0.000000e+00 1.000000e+00 0.000000e+00
    outer loop
      vertex   2.393000e+01 5.391000e+01 8.000000e+00
      vertex   2.329000e+01 5.391000e+01 2.500000e+00
      vertex   2.329000e+01 5.391000e+01 8.000000e+00
    endloop
  endfacet
  facet normal 1.000000e+00 0.000000e+00 0.000000e+00
    outer loop
      vertex   2.393000e+01 5.327000e+01 2.500000e+00
      vertex   2.393000e+01 5.391000e+01 2.500000e+00
      vertex   2.393000e+01 5.327000e+01 8.000000e+00
    endloop
  endfacet
  facet normal 1.000000e+00 -0.000000e+00 0.000000e+00
    outer loop
      vertex   2.393000e+01 5.327000e+01 8.000000e+00
      vertex   2.393000e+01 5.391000e+01 2.500000e+00
      vertex   2.393000e+01 5.391000e+01 8.000000e+00
    endloop
  endfacet
  facet normal 0.000000e+00 0.000000e+00 1.000000e+00
    outer loop
      vertex   2.393000e+01 5.391000e+01 8.000000e+00
      vertex   2.329000e+01 5.391000e+01 8.000000e+00
      vertex   2.393000e+01 5.327000e+01 8.000000e+00
    endloop
  endfacet
  facet normal 0.000000e+00 0.000000e+00 1.000000e+00
    outer loop
      vertex   2.393000e+01 5.327000e+01 8.000000e+00
      vertex   2.329000e+01 5.391000e+01 8.000000e+00
      vertex   2.329000e+01 5.327000e+01 8.000000e+00
    endloop
  endfacet
  facet normal -1.000000e+00 0.000000e+00 0.000000e+00
    outer loop
      vertex   2.075000e+01 5.155000e+01 2.500000e+00
      vertex   2.075000e+01 5.091000e+01 2.500000e+00
      vertex   2.075000e+01 5.155000e+01 8.000000e+00
    endloop
  endfacet
  facet normal -1.000000e+00 -0.000000e+00 0.000000e+00
    outer loop
      vertex   2.075000e+01 5.155000e+01 8.000000e+00
      vertex   2.075000e+01 5.091000e+01 2.500000e+00
      vertex   2.075000e+01 5.091000e+01 8.000000e+00
    endloop
  endfacet
  facet normal 0.000000e+00 -1.000000e+00 0.000000e+00
    outer loop
      vertex   2.075000e+01 5.091000e+01 2.500000e+00
      vertex   2.139000e+01 5.091000e+01 2.500000e+00
      vertex   2.075000e+01 5.091000e+01 8.000000e+00
    endloop
  endfacet
  facet normal 0.000000e+00 -1.000000e+00 0.000000e+00
    outer loop
      vertex   2.075000e+01 5.091000e+01 8.000000e+00
      vertex   2.139000e+01 5.091000e+01 2.500000e+00
      vertex   2.139000e+01 5.091000e+01 8.000000e+00
    endloop
  endfacet
  facet normal 0.000000e+00 1.000000e+00 -0.000000e+00
    outer loop
      vertex   2.139000e+01 5.155000e+01 2.500000e+00
      vertex   2.075000e+01 5.155000e+01 2.500000e+00
      vertex   2.139000e+01 5.155000e+01 8.000000e+00
    endloop
  endfacet
  facet normal 0.000000e+00 1.000000e+00 0.000000e+00
    outer loop
      vertex   2.139000e+01 5.155000e+01 8.000000e+00
      vertex   2.075000e+01 5.155000e+01 2.500000e+00
      vertex   2.075000e+01 5.155000e+01 8.000000e+00
    endloop
  endfacet
  facet normal 1.000000e+00 0.000000e+00 0.000000e+00
    outer loop
      vertex   2.139000e+01 5.091000e+01 2.500000e+00
      vertex   2.139000e+01 5.155000e+01 2.500000e+00
      vertex   2.139000e+01 5.091000e+01 8.000000e+00
    endloop
  endfacet
  facet normal 1.000000e+00 -0.000000e+00 0.000000e+00
    outer loop
      vertex   2.139000e+01 5.091000e+01 8.000000e+00
      vertex   2.139000e+01 5.155000e+01 2.500000e+00
      vertex   2.139000e+01 5.155000e+01 8.000000e+00
    endloop
  endfacet
  facet normal 0.000000e+00 0.000000e+00 1.000000e+00
    outer loop
      vertex   2.139000e+01 5.155000e+01 8.000000e+00
      vertex   2.075000e+01 5.155000e+01 8.000000e+00
      vertex   2.139000e+01 5.091000e+01 8.000000e+00
    endloop
  endfacet
  facet normal 0.000000e+00 0.000000e+00 1.000000e+00
    outer loop
      vertex   2.139000e+01 5.091000e+01 8.000000e+00
      vertex   2.075000e+01 5.155000e+01 8.000000e+00
      vertex   2.075000e+01 5.091000e+01 8.000000e+00
    endloop
  endfacet
  facet normal -1.000000e+00 0.000000e+00 0.000000e+00
    outer loop
      vertex   1.567000e+01 5.155000e+01 2.500000e+00
      vertex   1.567000e+01 5.091000e+01 2.500000e+00
      vertex   1.567000e+01 5.155000e+01 8.000000e+00
    endloop
  endfacet
  facet normal -1.000000e+00 -0.000000e+00 0.000000e+00
    outer loop
      vertex   1.567000e+01 5.155000e+01 8.000000e+00
      vertex   1.567000e+01 5.091000e+01 2.500000e+00
      vertex   1.567000e+01 5.091000e+01 8.000000e+00
    endloop
  endfacet
  facet normal 0.000000e+00 -1.000000e+00 0.000000e+00
    outer loop
      vertex   1.567000e+01 5.091000e+01 2.500000e+00
      vertex   1.631000e+01 5.091000e+01 2.500000e+00
      vertex   1.567000e+01 5.091000e+01 8.000000e+00
    endloop
  endfacet
  facet normal 0.000000e+00 -1.000000e+00 0.000000e+00
    outer loop
      vertex   1.567000e+01 5.091000e+01 8.000000e+00
      vertex   1.631000e+01 5.091000e+01 2.500000e+00
      vertex   1.631000e+01 5.091000e+01 8.000000e+00
    endloop
  endfacet
  facet normal 0.000000e+00 1.000000e+00 -0.000000e+00
    outer loop
      vertex   1.631000e+01 5.155000e+01 2.500000e+00
      vertex   1.567000e+01 5.155000e+01 2.500000e+00
      vertex   1.631000e+01 5.155000e+01 8.000000e+00
    endloop
  endfacet
  facet normal 0.000000e+00 1.000000e+00 0.000000e+00
    outer loop
      vertex   1.631000e+01 5.155000e+01 8.000000e+00
      vertex   1.567000e+01 5.155000e+01 2.500000e+00
      vertex   1.567000e+01 5.155000e+01 8.000000e+00
    endloop
  endfacet
  facet normal 1.000000e+00 0.000000e+00 0.000000e+00
    outer loop
      vertex   1.631000e+01 5.091000e+01 2.500000e+00
      vertex   1.631000e+01 5.155000e+01 2.500000e+00
      vertex   1.631000e+01 5.091000e+01 8.000000e+00
    endloop
  endfacet
  facet normal 1.000000e+00 -0.000000e+00 0.000000e+00
    outer loop
      vertex   1.631000e+01 5.091000e+01 8.000000e+00
      vertex   1.631000e+01 5.155000e+01 2.500000e+00
      vertex   1.631000e+01 5.155000e+01 8.000000e+00
    endloop
  endfacet
  facet normal 0.000000e+00 0.000000e+00 1.000000e+00
    outer loop
      vertex   1.631000e+01 5.155000e+01 8.000000e+00
      vertex   1.567000e+01 5.155000e+01 8.000000e+00
      vertex   1.631000e+01 5.091000e+01 8.000000e+00
    endloop
  endfacet
  facet normal 0.000000e+00 0.000000e+00 1.000000e+00
    outer loop
      vertex   1.631000e+01 5.091000e+01 8.000000e+00
      vertex   1.567000e+01 5.155000e+01 8.000000e+00
      vertex   1.567000e+01 5.091000e+01 8.000000e+00
    endloop
  endfacet
  facet normal -1.000000e+00 0.000000e+00 0.000000e+00
    outer loop
      vertex   1.059000e+01 5.155000e+01 2.500000e+00
      vertex   1.059000e+01 5.091000e+01 2.500000e+00
      vertex   1.059000e+01 5.155000e+01 8.000000e+00
    endloop
  endfacet
  facet normal -1.000000e+00 -0.000000e+00 0.000000e+00
    outer loop
      vertex   1.059000e+01 5.155000e+01 8.000000e+00
      vertex   1.059000e+01 5.091000e+01 2.500000e+00
      vertex   1.059000e+01 5.091000e+01 8.000000e+00
    endloop
  endfacet
  facet normal 0.000000e+00 -1.000000e+00 0.000000e+00
    outer loop
      vertex   1.059000e+01 5.091000e+01 2.500000e+00
      vertex   1.123000e+01 5.091000e+01 2.500000e+00
      vertex   1.059000e+01 5.091000e+01 8.000000e+00
    endloop
  endfacet
  facet normal 0.000000e+00 -1.000000e+00 0.000000e+00
    outer loop
      vertex   1.059000e+01 5.091000e+01 8.000000e+00
      vertex   1.123000e+01 5.091000e+01 2.500000e+00
      vertex   1.123000e+01 5.091000e+01 8.000000e+00
    endloop
  endfacet
  facet normal 0.000000e+00 1.000000e+00 -0.000000e+00
    outer loop
      vertex   1.123000e+01 5.155000e+01 2.500000e+00
      vertex   1.059000e+01 5.155000e+01 2.500000e+00
      vertex   1.123000e+01 5.155000e+01 8.000000e+00
    endloop
  endfacet
  facet normal 0.000000e+00 1.000000e+00 0.000000e+00
    outer loop
      vertex   1.123000e+01 5.155000e+01 8.000000e+00
      vertex   1.059000e+01 5.155000e+01 2.500000e+00
      vertex   1.059000e+01 5.155000e+01 8.000000e+00
    endloop
  endfacet
  facet normal 1.000000e+00 0.000000e+00 0.000000e+00
    outer loop
      vertex   1.123000e+01 5.091000e+01 2.500000e+00
      vertex   1.123000e+01 5.155000e+01 2.500000e+00
      vertex   1.123000e+01 5.091000e+01 8.000000e+00
    endloop
  endfacet
  facet normal 1.000000e+00 -0.000000e+00 0.000000e+00
    outer loop
      vertex   1.123000e+01 5.091000e+01 8.000000e+00
      vertex   1.123000e+01 5.155000e+01 2.500000e+00
      vertex   1.123000e+01 5.155000e+01 8.000000e+00
    endloop
  endfacet
  facet normal 0.000000e+00 0.000000e+00 1.000000e+00
    outer loop
      vertex   1.123000e+01 5.155000e+01 8.000000e+00
      vertex   1.059000e+01 5.155000e+01 8.000000e+00
      vertex   1.123000e+01 5.091000e+01 8.000000e+00
    endloop
  endfacet
  facet normal 0.000000e+00 0.000000e+00 1.000000e+00
    outer loop
      vertex   1.123000e+01 5.091000e+01 8.000000e+00
      vertex   1.059000e+01 5.155000e+01 8.000000e+00
      vertex   1.059000e+01 5.091000e+01 8.000000e+00
    endloop
  endfacet
  facet normal -1.000000e+00 0.000000e+00 0.000000e+00
    outer loop
      vertex   8.050000e+00 5.391000e+01 2.500000e+00
      vertex   8.050000e+00 5.327000e+01 2.500000e+00
      vertex   8.050000e+00 5.391000e+01 8.000000e+00
    endloop
  endfacet
  facet normal -1.000000e+00 -0.000000e+00 0.000000e+00
    outer loop
      vertex   8.050000e+00 5.391000e+01 8.000000e+00
      vertex   8.050000e+00 5.327000e+01 2.500000e+00
      vertex   8.050000e+00 5.327000e+01 8.000000e+00
    endloop
  endfacet
  facet normal 0.000000e+00 -1.000000e+00 0.000000e+00
    outer loop
      vertex   8.050000e+00 5.327000e+01 2.500000e+00
      vertex   8.690000e+00 5.327000e+01 2.500000e+00
      vertex   8.050000e+00 5.327000e+01 8.000000e+00
    endloop
  endfacet
  facet normal 0.000000e+00 -1.000000e+00 0.000000e+00
    outer loop
      vertex   8.050000e+00 5.327000e+01 8.000000e+00
      vertex   8.690000e+00 5.327000e+01 2.500000e+00
      vertex   8.690000e+00 5.327000e+01 8.000000e+00
    endloop
  endfacet
  facet normal 0.000000e+00 1.000000e+00 -0.000000e+00
    outer loop
      vertex   8.690000e+00 5.391000e+01 2.500000e+00
      vertex   8.050000e+00 5.391000e+01 2.500000e+00
      vertex   8.690000e+00 5.391000e+01 8.000000e+00
    endloop
  endfacet
  facet normal 0.000000e+00 1.000000e+00 0.000000e+00
    outer loop
      vertex   8.690000e+00 5.391000e+01 8.000000e+00
      vertex   8.050000e+00 5.391000e+01 2.500000e+00
      vertex   8.050000e+00 5.391000e+01 8.000000e+00
    endloop
  endfacet
  facet normal 1.000000e+00 0.000000e+00 0.000000e+00
    outer loop
      vertex   8.690000e+00 5.327000e+01 2.500000e+00
      vertex   8.690000e+00 5.391000e+01 2.500000e+00
      vertex   8.690000e+00 5.327000e+01 8.000000e+00
    endloop
  endfacet
  facet normal 1.000000e+00 -0.000000e+00 0.000000e+00
    outer loop
      vertex   8.690000e+00 5.327000e+01 8.000000e+00
      vertex   8.690000e+00 5.391000e+01 2.500000e+00
      vertex   8.690000e+00 5.391000e+01 8.000000e+00
    endloop
  endfacet
  facet normal 0.000000e+00 0.000000e+00 1.000000e+00
    outer loop
      vertex   8.690000e+00 5.391000e+01 8.000000e+00
      vertex   8.050000e+00 5.391000e+01 8.000000e+00
      vertex   8.690000e+00 5.327000e+01 8.000000e+00
    endloop
  endfacet
  facet normal 0.000000e+00 0.000000e+00 1.000000e+00
    outer loop
      vertex   8.690000e+00 5.327000e+01 8.000000e+00
      vertex   8.050000e+00 5.391000e+01 8.000000e+00
      vertex   8.050000e+00 5.327000e+01 8.000000e+00
    endloop
  endfacet
  facet normal -1.000000e+00 0.000000e+00 0.000000e+00
    outer loop
      vertex   1.313000e+01 5.391000e+01 2.500000e+00
      vertex   1.313000e+01 5.327000e+01 2.500000e+00
      vertex   1.313000e+01 5.391000e+01 8.000000e+00
    endloop
  endfacet
  facet normal -1.000000e+00 -0.000000e+00 0.000000e+00
    outer loop
      vertex   1.313000e+01 5.391000e+01 8.000000e+00
      vertex   1.313000e+01 5.327000e+01 2.500000e+00
      vertex   1.313000e+01 5.327000e+01 8.000000e+00
    endloop
  endfacet
  facet normal 0.000000e+00 -1.000000e+00 0.000000e+00
    outer loop
      vertex   1.313000e+01 5.327000e+01 2.500000e+00
      vertex   1.377000e+01 5.327000e+01 2.500000e+00
      vertex   1.313000e+01 5.327000e+01 8.000000e+00
    endloop
  endfacet
  facet normal 0.000000e+00 -1.000000e+00 0.000000e+00
    outer loop
      vertex   1.313000e+01 5.327000e+01 8.000000e+00
      vertex   1.377000e+01 5.327000e+01 2.500000e+00
      vertex   1.377000e+01 5.327000e+01 8.000000e+00
    endloop
  endfacet
  facet normal 0.000000e+00 1.000000e+00 -0.000000e+00
    outer loop
      vertex   1.377000e+01 5.391000e+01 2.500000e+00
      vertex   1.313000e+01 5.391000e+01 2.500000e+00
      vertex   1.377000e+01 5.391000e+01 8.000000e+00
    endloop
  endfacet
  facet normal 0.000000e+00 1.000000e+00 0.000000e+00
    outer loop
      vertex   1.377000e+01 5.391000e+01 8.000000e+00
      vertex   1.313000e+01 5.391000e+01 2.500000e+00
      vertex   1.313000e+01 5.391000e+01 8.000000e+00
    endloop
  endfacet
  facet normal 1.000000e+00 0.000000e+00 0.000000e+00
    outer loop
      vertex   1.377000e+01 5.327000e+01 2.500000e+00
      vertex   1.377000e+01 5.391000e+01 2.500000e+00
      vertex   1.377000e+01 5.327000e+01 8.000000e+00
    endloop
  endfacet
  facet normal 1.000000e+00 -0.000000e+00 0.000000e+00
    outer loop
      vertex   1.377000e+01 5.327000e+01 8.000000e+00
      vertex   1.377000e+01 5.391000e+01 2.500000e+00
      vertex   1.377000e+01 5.391000e+01 8.000000e+00
    endloop
  endfacet
  facet normal 0.000000e+00 0.000000e+00 1.000000e+00
    outer loop
      vertex   1.377000e+01 5.391000e+01 8.000000e+00
      vertex   1.313000e+01 5.391000e+01 8.000000e+00
      vertex   1.377000e+01 5.327000e+01 8.000000e+00
    endloop
  endfacet
  facet normal 0.000000e+00 0.000000e+00 1.000000e+00
    outer loop
      vertex   1.377000e+01 5.327000e+01 8.000000e+00
      vertex   1.313000e+01 5.391000e+01 8.000000e+00
      vertex   1.313000e+01 5.327000e+01 8.000000e+00
    endloop
  endfacet
  facet normal -1.000000e+00 0.000000e+00 0.000000e+00
    outer loop
      vertex   1.821000e+01 5.391000e+01 2.500000e+00
      vertex   1.821000e+01 5.327000e+01 2.500000e+00
      vertex   1.821000e+01 5.391000e+01 8.000000e+00
    endloop
  endfacet
  facet normal -1.000000e+00 -0.000000e+00 0.000000e+00
    outer loop
      vertex   1.821000e+01 5.391000e+01 8.000000e+00
      vertex   1.821000e+01 5.327000e+01 2.500000e+00
      vertex   1.821000e+01 5.327000e+01 8.000000e+00
    endloop
  endfacet
  facet normal 0.000000e+00 -1.000000e+00 0.000000e+00
    outer loop
      vertex   1.821000e+01 5.327000e+01 2.500000e+00
      vertex   1.885000e+01 5.327000e+01 2.500000e+00
      vertex   1.821000e+01 5.327000e+01 8.000000e+00
    endloop
  endfacet
  facet normal 0.000000e+00 -1.000000e+00 0.000000e+00
    outer loop
      vertex   1.821000e+01 5.327000e+01 8.000000e+00
      vertex   1.885000e+01 5.327000e+01 2.500000e+00
      vertex   1.885000e+01 5.327000e+01 8.000000e+00
    endloop
  endfacet
  facet normal 0.000000e+00 1.000000e+00 -0.000000e+00
    outer loop
      vertex   1.885000e+01 5.391000e+01 2.500000e+00
      vertex   1.821000e+01 5.391000e+01 2.500000e+00
      vertex   1.885000e+01 5.391000e+01 8.000000e+00
    endloop
  endfacet
  facet normal 0.000000e+00 1.000000e+00 0.000000e+00
    outer loop
      vertex   1.885000e+01 5.391000e+01 8.000000e+00
      vertex   1.821000e+01 5.391000e+01 2.500000e+00
      vertex   1.821000e+01 5.391000e+01 8.000000e+00
    endloop
  endfacet
  facet normal 1.000000e+00 0.000000e+00 0.000000e+00
    outer loop
      vertex   1.885000e+01 5.327000e+01 2.500000e+00
      vertex   1.885000e+01 5.391000e+01 2.500000e+00
      vertex   1.885000e+01 5.327000e+01 8.000000e+00
    endloop
  endfacet
  facet normal 1.000000e+00 -0.000000e+00 0.000000e+00
    outer loop
      vertex   1.885000e+01 5.327000e+01 8.000000e+00
      vertex   1.885000e+01 5.391000e+01 2.500000e+00
      vertex   1.885000e+01 5.391000e+01 8.000000e+00
    endloop
  endfacet
  facet normal 0.000000e+00 0.000000e+00 1.000000e+00
    outer loop
      vertex   1.885000e+01 5.391000e+01 8.000000e+00
      vertex   1.821000e+01 5.391000e+01 8.000000e+00
      vertex   1.885000e+01 5.327000e+01 8.000000e+00
    endloop
  endfacet
  facet normal 0.000000e+00 0.000000e+00 1.000000e+00
    outer loop
      vertex   1.885000e+01 5.327000e+01 8.000000e+00
      vertex   1.821000e+01 5.391000e+01 8.000000e+00
      vertex   1.821000e+01 5.327000e+01 8.000000e+00
    endloop
  endfacet
  facet normal -1.000000e+00 0.000000e+00 0.000000e+00
    outer loop
      vertex   2.075000e+01 5.391000e+01 2.500000e+00
      vertex   2.075000e+01 5.327000e+01 2.500000e+00
      vertex   2.075000e+01 5.391000e+01 8.000000e+00
    endloop
  endfacet
  facet normal -1.000000e+00 -0.000000e+00 0.000000e+00
    outer loop
      vertex   2.075000e+01 5.391000e+01 8.000000e+00
      vertex   2.075000e+01 5.327000e+01 2.500000e+00
      vertex   2.075000e+01 5.327000e+01 8.000000e+00
    endloop
  endfacet
  facet normal 0.000000e+00 -1.000000e+00 0.000000e+00
    outer loop
      vertex   2.075000e+01 5.327000e+01 2.500000e+00
      vertex   2.139000e+01 5.327000e+01 2.500000e+00
      vertex   2.075000e+01 5.327000e+01 8.000000e+00
    endloop
  endfacet
  facet normal 0.000000e+00 -1.000000e+00 0.000000e+00
    outer loop
      vertex   2.075000e+01 5.327000e+01 8.000000e+00
      vertex   2.139000e+01 5.327000e+01 2.500000e+00
      vertex   2.139000e+01 5.327000e+01 8.000000e+00
    endloop
  endfacet
  facet normal 0.000000e+00 1.000000e+00 -0.000000e+00
    outer loop
      vertex   2.139000e+01 5.391000e+01 2.500000e+00
      vertex   2.075000e+01 5.391000e+01 2.500000e+00
      vertex   2.139000e+01 5.391000e+01 8.000000e+00
    endloop
  endfacet
  facet normal 0.000000e+00 1.000000e+00 0.000000e+00
    outer loop
      vertex   2.139000e+01 5.391000e+01 8.000000e+00
      vertex   2.075000e+01 5.391000e+01 2.500000e+00
      vertex   2.075000e+01 5.391000e+01 8.000000e+00
    endloop
  endfacet
  facet normal 1.000000e+00 0.000000e+00 0.000000e+00
    outer loop
      vertex   2.139000e+01 5.327000e+01 2.500000e+00
      vertex   2.139000e+01 5.391000e+01 2.500000e+00
      vertex   2.139000e+01 5.327000e+01 8.000000e+00
    endloop
  endfacet
  facet normal 1.000000e+00 -0.000000e+00 0.000000e+00
    outer loop
      vertex   2.139000e+01 5.327000e+01 8.000000e+00
      vertex   2.139000e+01 5.391000e+01 2.500000e+00
      vertex   2.139000e+01 5.391000e+01 8.000000e+00
    endloop
  endfacet
  facet normal 0.000000e+00 0.000000e+00 1.000000e+00
    outer loop
      vertex   2.139000e+01 5.391000e+01 8.000000e+00
      vertex   2.075000e+01 5.391000e+01 8.000000e+00
      vertex   2.139000e+01 5.327000e+01 8.000000e+00
    endloop
  endfacet
  facet normal 0.000000e+00 0.000000e+00 1.000000e+00
    outer loop
      vertex   2.139000e+01 5.327000e+01 8.000000e+00
      vertex   2.075000e+01 5.391000e+01 8.000000e+00
      vertex   2.075000e+01 5.327000e+01 8.000000e+00
    endloop
  endfacet
  facet normal -1.000000e+00 0.000000e+00 0.000000e+00
    outer loop
      vertex   3.091000e+01 5.155000e+01 2.500000e+00
      vertex   3.091000e+01 5.091000e+01 2.500000e+00
      vertex   3.091000e+01 5.155000e+01 8.000000e+00
    endloop
  endfacet
  facet normal -1.000000e+00 -0.000000e+00 0.000000e+00
    outer loop
      vertex   3.091000e+01 5.155000e+01 8.000000e+00
      vertex   3.091000e+01 5.091000e+01 2.500000e+00
      vertex   3.091000e+01 5.091000e+01 8.000000e+00
    endloop
  endfacet
  facet normal 0.000000e+00 -1.000000e+00 0.000000e+00
    outer loop
      vertex   3.091000e+01 5.091000e+01 2.500000e+00
      vertex   3.155000e+01 5.091000e+01 2.500000e+00
      vertex   3.091000e+01 5.091000e+01 8.000000e+00
    endloop
  endfacet
  facet normal 0.000000e+00 -1.000000e+00 0.000000e+00
    outer loop
      vertex   3.091000e+01 5.091000e+01 8.000000e+00
      vertex   3.155000e+01 5.091000e+01 2.500000e+00
      vertex   3.155000e+01 5.091000e+01 8.000000e+00
    endloop
  endfacet
  facet normal 0.000000e+00 1.000000e+00 -0.000000e+00
    outer loop
      vertex   3.155000e+01 5.155000e+01 2.500000e+00
      vertex   3.091000e+01 5.155000e+01 2.500000e+00
      vertex   3.155000e+01 5.155000e+01 8.000000e+00
    endloop
  endfacet
  facet normal 0.000000e+00 1.000000e+00 0.000000e+00
    outer loop
      vertex   3.155000e+01 5.155000e+01 8.000000e+00
      vertex   3.091000e+01 5.155000e+01 2.500000e+00
      vertex   3.091000e+01 5.155000e+01 8.000000e+00
    endloop
  endfacet
  facet normal 1.000000e+00 0.000000e+00 0.000000e+00
    outer loop
      vertex   3.155000e+01 5.091000e+01 2.500000e+00
      vertex   3.155000e+01 5.155000e+01 2.500000e+00
      vertex   3.155000e+01 5.091000e+01 8.000000e+00
    endloop
  endfacet
  facet normal 1.000000e+00 -0.000000e+00 0.000000e+00
    outer loop
      vertex   3.155000e+01 5.091000e+01 8.000000e+00
      vertex   3.155000e+01 5.155000e+01 2.500000e+00
      vertex   3.155000e+01 5.155000e+01 8.000000e+00
    endloop
  endfacet
  facet normal 0.000000e+00 0.000000e+00 1.000000e+00
    outer loop
      vertex   3.155000e+01 5.155000e+01 8.000000e+00
      vertex   3.091000e+01 5.155000e+01 8.000000e+00
      vertex   3.155000e+01 5.091000e+01 8.000000e+00
    endloop
  endfacet
  facet normal 0.000000e+00 0.000000e+00 1.000000e+00
    outer loop
      vertex   3.155000e+01 5.091000e+01 8.000000e+00
      vertex   3.091000e+01 5.155000e+01 8.000000e+00
      vertex   3.091000e+01 5.091000e+01 8.000000e+00
    endloop
  endfacet
  facet normal -1.000000e+00 0.000000e+00 0.000000e+00
    outer loop
      vertex   2.837000e+01 5.391000e+01 2.500000e+00
      vertex   2.837000e+01 5.327000e+01 2.500000e+00
      vertex   2.837000e+01 5.391000e+01 8.000000e+00
    endloop
  endfacet
  facet normal -1.000000e+00 -0.000000e+00 0.000000e+00
    outer loop
      vertex   2.837000e+01 5.391000e+01 8.000000e+00
      vertex   2.837000e+01 5.327000e+01 2.500000e+00
      vertex   2.837000e+01 5.327000e+01 8.000000e+00
    endloop
  endfacet
  facet normal 0.000000e+00 -1.000000e+00 0.000000e+00
    outer loop
      vertex   2.837000e+01 5.327000e+01 2.500000e+00
      vertex   2.901000e+01 5.327000e+01 2.500000e+00
      vertex   2.837000e+01 5.327000e+01 8.000000e+00
    endloop
  endfacet
  facet normal 0.000000e+00 -1.000000e+00 0.000000e+00
    outer loop
      vertex   2.837000e+01 5.327000e+01 8.000000e+00
      vertex   2.901000e+01 5.327000e+01 2.500000e+00
      vertex   2.901000e+01 5.327000e+01 8.000000e+00
    endloop
  endfacet
  facet normal 0.000000e+00 1.000000e+00 -0.000000e+00
    outer loop
      vertex   2.901000e+01 5.391000e+01 2.500000e+00
      vertex   2.837000e+01 5.391000e+01 2.500000e+00
      vertex   2.901000e+01 5.391000e+01 8.000000e+00
    endloop
  endfacet
  facet normal 0.000000e+00 1.000000e+00 0.000000e+00
    outer loop
      vertex   2.901000e+01 5.391000e+01 8.000000e+00
      vertex   2.837000e+01 5.391000e+01 2.500000e+00
      vertex   2.837000e+01 5.391000e+01 8.000000e+00
    endloop
  endfacet
  facet normal 1.000000e+00 0.000000e+00 0.000000e+00
    outer loop
      vertex   2.901000e+01 5.327000e+01 2.500000e+00
      vertex   2.901000e+01 5.391000e+01 2.500000e+00
      vertex   2.901000e+01 5.327000e+01 8.000000e+00
    endloop
  endfacet
  facet normal 1.000000e+00 -0.000000e+00 0.000000e+00
    outer loop
      vertex   2.901000e+01 5.327000e+01 8.000000e+00
      vertex   2.901000e+01 5.391000e+01 2.500000e+00
      vertex   2.901000e+01 5.391000e+01 8.000000e+00
    endloop
  endfacet
  facet normal 0.000000e+00 0.000000e+00 1.000000e+00
    outer loop
      vertex   2.901000e+01 5.391000e+01 8.000000e+00
      vertex   2.837000e+01 5.391000e+01 8.000000e+00
      vertex   2.901000e+01 5.327000e+01 8.000000e+00
    endloop
  endfacet
  facet normal 0.000000e+00 0.000000e+00 1.000000e+00
    outer loop
      vertex   2.901000e+01 5.327000e+01 8.000000e+00
      vertex   2.837000e+01 5.391000e+01 8.000000e+00
      vertex   2.837000e+01 5.327000e+01 8.000000e+00
    endloop
  endfacet
  facet normal -1.000000e+00 0.000000e+00 0.000000e+00
    outer loop
      vertex   3.853000e+01 5.391000e+01 2.500000e+00
      vertex   3.853000e+01 5.327000e+01 2.500000e+00
      vertex   3.853000e+01 5.391000e+01 8.000000e+00
    endloop
  endfacet
  facet normal -1.000000e+00 -0.000000e+00 0.000000e+00
    outer loop
      vertex   3.853000e+01 5.391000e+01 8.000000e+00
      vertex   3.853000e+01 5.327000e+01 2.500000e+00
      vertex   3.853000e+01 5.327000e+01 8.000000e+00
    endloop
  endfacet
  facet normal 0.000000e+00 -1.000000e+00 0.000000e+00
    outer loop
      vertex   3.853000e+01 5.327000e+01 2.500000e+00
      vertex   3.917000e+01 5.327000e+01 2.500000e+00
      vertex   3.853000e+01 5.327000e+01 8.000000e+00
    endloop
  endfacet
  facet normal 0.000000e+00 -1.000000e+00 0.000000e+00
    outer loop
      vertex   3.853000e+01 5.327000e+01 8.000000e+00
      vertex   3.917000e+01 5.327000e+01 2.500000e+00
      vertex   3.917000e+01 5.327000e+01 8.000000e+00
    endloop
  endfacet
  facet normal 0.000000e+00 1.000000e+00 -0.000000e+00
    outer loop
      vertex   3.917000e+01 5.391000e+01 2.500000e+00
      vertex   3.853000e+01 5.391000e+01 2.500000e+00
      vertex   3.917000e+01 5.391000e+01 8.000000e+00
    endloop
  endfacet
  facet normal 0.000000e+00 1.000000e+00 0.000000e+00
    outer loop
      vertex   3.917000e+01 5.391000e+01 8.000000e+00
      vertex   3.853000e+01 5.391000e+01 2.500000e+00
      vertex   3.853000e+01 5.391000e+01 8.000000e+00
    endloop
  endfacet
  facet normal 1.000000e+00 0.000000e+00 0.000000e+00
    outer loop
      vertex   3.917000e+01 5.327000e+01 2.500000e+00
      vertex   3.917000e+01 5.391000e+01 2.500000e+00
      vertex   3.917000e+01 5.327000e+01 8.000000e+00
    endloop
  endfacet
  facet normal 1.000000e+00 -0.000000e+00 0.000000e+00
    outer loop
      vertex   3.917000e+01 5.327000e+01 8.000000e+00
      vertex   3.917000e+01 5.391000e+01 2.500000e+00
      vertex   3.917000e+01 5.391000e+01 8.000000e+00
    endloop
  endfacet
  facet normal 0.000000e+00 0.000000e+00 1.000000e+00
    outer loop
      vertex   3.917000e+01 5.391000e+01 8.000000e+00
      vertex   3.853000e+01 5.391000e+01 8.000000e+00
      vertex   3.917000e+01 5.327000e+01 8.000000e+00
    endloop
  endfacet
  facet normal 0.000000e+00 0.000000e+00 1.000000e+00
    outer loop
      vertex   3.917000e+01 5.327000e+01 8.000000e+00
      vertex   3.853000e+01 5.391000e+01 8.000000e+00
      vertex   3.853000e+01 5.327000e+01 8.000000e+00
    endloop
  endfacet
  facet normal -1.000000e+00 0.000000e+00 0.000000e+00
    outer loop
      vertex   4.869000e+01 5.155000e+01 2.500000e+00
      vertex   4.869000e+01 5.091000e+01 2.500000e+00
      vertex   4.869000e+01 5.155000e+01 8.000000e+00
    endloop
  endfacet
  facet normal -1.000000e+00 -0.000000e+00 0.000000e+00
    outer loop
      vertex   4.869000e+01 5.155000e+01 8.000000e+00
      vertex   4.869000e+01 5.091000e+01 2.500000e+00
      vertex   4.869000e+01 5.091000e+01 8.000000e+00
    endloop
  endfacet
  facet normal 0.000000e+00 -1.000000e+00 0.000000e+00
    outer loop
      vertex   4.869000e+01 5.091000e+01 2.500000e+00
      vertex   4.933000e+01 5.091000e+01 2.500000e+00
      vertex   4.869000e+01 5.091000e+01 8.000000e+00
    endloop
  endfacet
  facet normal 0.000000e+00 -1.000000e+00 0.000000e+00
    outer loop
      vertex   4.869000e+01 5.091000e+01 8.000000e+00
      vertex   4.933000e+01 5.091000e+01 2.500000e+00
      vertex   4.933000e+01 5.091000e+01 8.000000e+00
    endloop
  endfacet
  facet normal 0.000000e+00 1.000000e+00 -0.000000e+00
    outer loop
      vertex   4.933000e+01 5.155000e+01 2.500000e+00
      vertex   4.869000e+01 5.155000e+01 2.500000e+00
      vertex   4.933000e+01 5.155000e+01 8.000000e+00
    endloop
  endfacet
  facet normal 0.000000e+00 1.000000e+00 0.000000e+00
    outer loop
      vertex   4.933000e+01 5.155000e+01 8.000000e+00
      vertex   4.869000e+01 5.155000e+01 2.500000e+00
      vertex   4.869000e+01 5.155000e+01 8.000000e+00
    endloop
  endfacet
  facet normal 1.000000e+00 0.000000e+00 0.000000e+00
    outer loop
      vertex   4.933000e+01 5.091000e+01 2.500000e+00
      vertex   4.933000e+01 5.155000e+01 2.500000e+00
      vertex   4.933000e+01 5.091000e+01 8.000000e+00
    endloop
  endfacet
  facet normal 1.000000e+00 -0.000000e+00 0.000000e+00
    outer loop
      vertex   4.933000e+01 5.091000e+01 8.000000e+00
      vertex   4.933000e+01 5.155000e+01 2.500000e+00
      vertex   4.933000e+01 5.155000e+01 8.000000e+00
    endloop
  endfacet
  facet normal 0.000000e+00 0.000000e+00 1.000000e+00
    outer loop
      vertex   4.933000e+01 5.155000e+01 8.000000e+00
      vertex   4.869000e+01 5.155000e+01 8.000000e+00
      vertex   4.933000e+01 5.091000e+01 8.000000e+00
    endloop
  endfacet
  facet normal 0.000000e+00 0.000000e+00 1.000000e+00
    outer loop
      vertex   4.933000e+01 5.091000e+01 8.000000e+00
      vertex   4.869000e+01 5.155000e+01 8.000000e+00
      vertex   4.869000e+01 5.091000e+01 8.000000e+00
    endloop
  endfacet
  facet normal -1.000000e+00 0.000000e+00 0.000000e+00
    outer loop
      vertex   4.361000e+01 5.391000e+01 2.500000e+00
      vertex   4.361000e+01 5.327000e+01 2.500000e+00
      vertex   4.361000e+01 5.391000e+01 8.000000e+00
    endloop
  endfacet
  facet normal -1.000000e+00 -0.000000e+00 0.000000e+00
    outer loop
      vertex   4.361000e+01 5.391000e+01 8.000000e+00
      vertex   4.361000e+01 5.327000e+01 2.500000e+00
      vertex   4.361000e+01 5.327000e+01 8.000000e+00
    endloop
  endfacet
  facet normal 0.000000e+00 -1.000000e+00 0.000000e+00
    outer loop
      vertex   4.361000e+01 5.327000e+01 2.500000e+00
      vertex   4.425000e+01 5.327000e+01 2.500000e+00
      vertex   4.361000e+01 5.327000e+01 8.000000e+00
    endloop
  endfacet
  facet normal 0.000000e+00 -1.000000e+00 0.000000e+00
    outer loop
      vertex   4.361000e+01 5.327000e+01 8.000000e+00
      vertex   4.425000e+01 5.327000e+01 2.500000e+00
      vertex   4.425000e+01 5.327000e+01 8.000000e+00
    endloop
  endfacet
  facet normal 0.000000e+00 1.000000e+00 -0.000000e+00
    outer loop
      vertex   4.425000e+01 5.391000e+01 2.500000e+00
      vertex   4.361000e+01 5.391000e+01 2.500000e+00
      vertex   4.425000e+01 5.391000e+01 8.000000e+00
    endloop
  endfacet
  facet normal 0.000000e+00 1.000000e+00 0.000000e+00
    outer loop
      vertex   4.425000e+01 5.391000e+01 8.000000e+00
      vertex   4.361000e+01 5.391000e+01 2.500000e+00
      vertex   4.361000e+01 5.391000e+01 8.000000e+00
    endloop
  endfacet
  facet normal 1.000000e+00 0.000000e+00 0.000000e+00
    outer loop
      vertex   4.425000e+01 5.327000e+01 2.500000e+00
      vertex   4.425000e+01 5.391000e+01 2.500000e+00
      vertex   4.425000e+01 5.327000e+01 8.000000e+00
    endloop
  endfacet
  facet normal 1.000000e+00 -0.000000e+00 0.000000e+00
    outer loop
      vertex   4.425000e+01 5.327000e+01 8.000000e+00
      vertex   4.425000e+01 5.391000e+01 2.500000e+00
      vertex   4.425000e+01 5.391000e+01 8.000000e+00
    endloop
  endfacet
  facet normal 0.000000e+00 0.000000e+00 1.000000e+00
    outer loop
      vertex   4.425000e+01 5.391000e+01 8.000000e+00
      vertex   4.361000e+01 5.391000e+01 8.000000e+00
      vertex   4.425000e+01 5.327000e+01 8.000000e+00
    endloop
  endfacet
  facet normal 0.000000e+00 0.000000e+00 1.000000e+00
    outer loop
      vertex   4.425000e+01 5.327000e+01 8.000000e+00
      vertex   4.361000e+01 5.391000e+01 8.000000e+00
      vertex   4.361000e+01 5.327000e+01 8.000000e+00
    endloop
  endfacet
  facet normal -1.000000e+00 0.000000e+00 0.000000e+00
    outer loop
      vertex   5.377000e+01 5.391000e+01 2.500000e+00
      vertex   5.377000e+01 5.327000e+01 2.500000e+00
      vertex   5.377000e+01 5.391000e+01 8.000000e+00
    endloop
  endfacet
  facet normal -1.000000e+00 -0.000000e+00 0.000000e+00
    outer loop
      vertex   5.377000e+01 5.391000e+01 8.000000e+00
      vertex   5.377000e+01 5.327000e+01 2.500000e+00
      vertex   5.377000e+01 5.327000e+01 8.000000e+00
    endloop
  endfacet
  facet normal 0.000000e+00 -1.000000e+00 0.000000e+00
    outer loop
      vertex   5.377000e+01 5.327000e+01 2.500000e+00
      vertex   5.441000e+01 5.327000e+01 2.500000e+00
      vertex   5.377000e+01 5.327000e+01 8.000000e+00
    endloop
  endfacet
  facet normal 0.000000e+00 -1.000000e+00 0.000000e+00
    outer loop
      vertex   5.377000e+01 5.327000e+01 8.000000e+00
      vertex   5.441000e+01 5.327000e+01 2.500000e+00
      vertex   5.441000e+01 5.327000e+01 8.000000e+00
    endloop
  endfacet
  facet normal 0.000000e+00 1.000000e+00 -0.000000e+00
    outer loop
      vertex   5.441000e+01 5.391000e+01 2.500000e+00
      vertex   5.377000e+01 5.391000e+01 2.500000e+00
      vertex   5.441000e+01 5.391000e+01 8.000000e+00
    endloop
  endfacet
  facet normal 0.000000e+00 1.000000e+00 0.000000e+00
    outer loop
      vertex   5.441000e+01 5.391000e+01 8.000000e+00
      vertex   5.377000e+01 5.391000e+01 2.500000e+00
      vertex   5.377000e+01 5.391000e+01 8.000000e+00
    endloop
  endfacet
  facet normal 1.000000e+00 0.000000e+00 0.000000e+00
    outer loop
      vertex   5.441000e+01 5.327000e+01 2.500000e+00
      vertex   5.441000e+01 5.391000e+01 2.500000e+00
      vertex   5.441000e+01 5.327000e+01 8.000000e+00
    endloop
  endfacet
  facet normal 1.000000e+00 -0.000000e+00 0.000000e+00
    outer loop
      vertex   5.441000e+01 5.327000e+01 8.000000e+00
      vertex   5.441000e+01 5.391000e+01 2.500000e+00
      vertex   5.441000e+01 5.391000e+01 8.000000e+00
    endloop
  endfacet
  facet normal 0.000000e+00 0.000000e+00 1.000000e+00
    outer loop
      vertex   5.441000e+01 5.391000e+01 8.000000e+00
      vertex   5.377000e+01 5.391000e+01 8.000000e+00
      vertex   5.441000e+01 5.327000e+01 8.000000e+00
    endloop
  endfacet
  facet normal 0.000000e+00 0.000000e+00 1.000000e+00
    outer loop
      vertex   5.441000e+01 5.327000e+01 8.000000e+00
      vertex   5.377000e+01 5.391000e+01 8.000000e+00
      vertex   5.377000e+01 5.327000e+01 8.000000e+00
    endloop
  endfacet
  facet normal -1.000000e+00 -0.000000e+00 -4.037175e-17
    outer loop
      vertex   1.283592e+00 3.928973e+01 0.000000e+00
      vertex   1.283592e+00 1.688990e+01 0.000000e+00
      vertex   1.283592e+00 3.928973e+01 5.500000e+00
    endloop
  endfacet
  facet normal -1.000000e+00 -0.000000e+00 -4.037175e-17
    outer loop
      vertex   1.283592e+00 3.928973e+01 5.500000e+00
      vertex   1.283592e+00 1.688990e+01 0.000000e+00
      vertex   1.283592e+00 1.688990e+01 5.500000e+00
    endloop
  endfacet
  facet normal 1.820941e-15 1.000000e+00 -1.291896e-15
    outer loop
      vertex   5.185655e+00 3.928973e+01 0.000000e+00
      vertex   1.283592e+00 3.928973e+01 0.000000e+00
      vertex   5.185655e+00 3.928973e+01 5.500000e+00
    endloop
  endfacet
  facet normal 0.000000e+00 1.000000e+00 0.000000e+00
    outer loop
      vertex   5.185655e+00 3.928973e+01 5.500000e+00
      vertex   1.283592e+00 3.928973e+01 0.000000e+00
      vertex   1.283592e+00 3.928973e+01 5.500000e+00
    endloop
  endfacet
  facet normal 1.000000e+00 0.000000e+00 0.000000e+00
    outer loop
      vertex   5.185655e+00 1.688990e+01 0.000000e+00
      vertex   5.185655e+00 3.928973e+01 0.000000e+00
      vertex   5.185655e+00 1.688990e+01 5.500000e+00
    endloop
  endfacet
  facet normal 1.000000e+00 -0.000000e+00 0.000000e+00
    outer loop
      vertex   5.185655e+00 1.688990e+01 5.500000e+00
      vertex   5.185655e+00 3.928973e+01 0.000000e+00
      vertex   5.185655e+00 3.928973e+01 5.500000e+00
    endloop
  endfacet
  facet normal 0.000000e+00 -1.000000e+00 0.000000e+00
    outer loop
      vertex   1.283592e+00 1.688990e+01 0.000000e+00
      vertex   5.185655e+00 1.688990e+01 0.000000e+00
      vertex   1.283592e+00 1.688990e+01 5.500000e+00
    endloop
  endfacet
  facet normal 0.000000e+00 -1.000000e+00 0.000000e+00
    outer loop
      vertex   1.283592e+00 1.688990e+01 5.500000e+00
      vertex   5.185655e+00 1.688990e+01 0.000000e+00
      vertex   5.185655e+00 1.688990e+01 5.500000e+00
    endloop
  endfacet
  facet normal 0.000000e+00 0.000000e+00 1.000000e+00
    outer loop
      vertex   1.283592e+00 1.688990e+01 5.500000e+00
      vertex   5.185655e+00 1.688990e+01 5.500000e+00
      vertex   1.283592e+00 3.928973e+01 5.500000e+00
    endloop
  endfacet
  facet normal -0.000000e+00 0.000000e+00 1.000000e+00
    outer loop
      vertex   1.283592e+00 3.928973e+01 5.500000e+00
      vertex   5.185655e+00 1.688990e+01 5.500000e+00
      vertex   5.185655e+00 3.928973e+01 5.500000e+00
    endloop
  endfacet
  facet normal -1.000000e+00 0.000000e+00 3.700743e-17
    outer loop
      vertex   4.049947e-01 4.837346e+01 0.000000e+00
      vertex   4.049947e-01 4.226016e+01 0.000000e+00
      vertex   4.049947e-01 4.837346e+01 1.500000e+00
    endloop
  endfacet
  facet normal -1.000000e+00 0.000000e+00 3.700743e-17
    outer loop
      vertex   4.049947e-01 4.837346e+01 1.500000e+00
      vertex   4.049947e-01 4.226016e+01 0.000000e+00
      vertex   4.049947e-01 4.226016e+01 1.500000e+00
    endloop
  endfacet
  facet normal 0.000000e+00 1.000000e+00 -0.000000e+00
    outer loop
      vertex   2.630586e+00 4.837346e+01 0.000000e+00
      vertex   4.049947e-01 4.837346e+01 0.000000e+00
      vertex   2.630586e+00 4.837346e+01 1.500000e+00
    endloop
  endfacet
  facet normal 0.000000e+00 1.000000e+00 0.000000e+00
    outer loop
      vertex   2.630586e+00 4.837346e+01 1.500000e+00
      vertex   4.049947e-01 4.837346e+01 0.000000e+00
      vertex   4.049947e-01 4.837346e+01 1.500000e+00
    endloop
  endfacet
  facet normal 1.000000e+00 0.000000e+00 0.000000e+00
    outer loop
      vertex   2.630586e+00 4.226016e+01 0.000000e+00
      vertex   2.630586e+00 4.837346e+01 0.000000e+00
      vertex   2.630586e+00 4.226016e+01 1.500000e+00
    endloop
  endfacet
  facet normal 1.000000e+00 -0.000000e+00 0.000000e+00
    outer loop
      vertex   2.630586e+00 4.226016e+01 1.500000e+00
      vertex   2.630586e+00 4.837346e+01 0.000000e+00
      vertex   2.630586e+00 4.837346e+01 1.500000e+00
    endloop
  endfacet
  facet normal 0.000000e+00 -1.000000e+00 0.000000e+00
    outer loop
      vertex   4.049947e-01 4.226016e+01 0.000000e+00
      vertex   2.630586e+00 4.226016e+01 0.000000e+00
      vertex   4.049947e-01 4.226016e+01 1.500000e+00
    endloop
  endfacet
  facet normal 0.000000e+00 -1.000000e+00 0.000000e+00
    outer loop
      vertex   4.049947e-01 4.226016e+01 1.500000e+00
      vertex   2.630586e+00 4.226016e+01 0.000000e+00
      vertex   2.630586e+00 4.226016e+01 1.500000e+00
    endloop
  endfacet
  facet normal 0.000000e+00 0.000000e+00 1.000000e+00
    outer loop
      vertex   4.049947e-01 4.226016e+01 1.500000e+00
      vertex   2.630586e+00 4.226016e+01 1.500000e+00
      vertex   4.049947e-01 4.837346e+01 1.500000e+00
    endloop
  endfacet
  facet normal -0.000000e+00 0.000000e+00 1.000000e+00
    outer loop
      vertex   4.049947e-01 4.837346e+01 1.500000e+00
      vertex   2.630586e+00 4.226016e+01 1.500000e+00
      vertex   2.630586e+00 4.837346e+01 1.500000e+00
    endloop
  endfacet
  facet normal -1.000000e+00 0.000000e+00 3.552714e-16
    outer loop
      vertex   7.097187e+00 5.500000e+01 0.000000e+00
      vertex   7.097187e+00 5.000000e+01 0.000000e+00
      vertex   7.097187e+00 5.500000e+01 2.500000e+00
    endloop
  endfacet
  facet normal -1.000000e+00 0.000000e+00 3.552714e-16
    outer loop
      vertex   7.097187e+00 5.500000e+01 2.500000e+00
      vertex   7.097187e+00 5.000000e+01 0.000000e+00
      vertex   7.097187e+00 5.000000e+01 2.500000e+00
    endloop
  endfacet
  facet normal 0.000000e+00 1.000000e+00 -0.000000e+00
    outer loop
      vertex   5.790990e+01 5.500000e+01 0.000000e+00
      vertex   7.097187e+00 5.500000e+01 0.000000e+00
      vertex   5.790990e+01 5.500000e+01 2.500000e+00
    endloop
  endfacet
  facet normal 0.000000e+00 1.000000e+00 0.000000e+00
    outer loop
      vertex   5.790990e+01 5.500000e+01 2.500000e+00
      vertex   7.097187e+00 5.500000e+01 0.000000e+00
      vertex   7.097187e+00 5.500000e+01 2.500000e+00
    endloop
  endfacet
  facet normal 1.000000e+00 0.000000e+00 0.000000e+00
    outer loop
      vertex   5.790990e+01 5.000000e+01 0.000000e+00
      vertex   5.790990e+01 5.500000e+01 0.000000e+00
      vertex   5.790990e+01 5.000000e+01 2.500000e+00
    endloop
  endfacet
  facet normal 1.000000e+00 -0.000000e+00 0.000000e+00
    outer loop
      vertex   5.790990e+01 5.000000e+01 2.500000e+00
      vertex   5.790990e+01 5.500000e+01 0.000000e+00
      vertex   5.790990e+01 5.500000e+01 2.500000e+00
    endloop
  endfacet
  facet normal 0.000000e+00 -1.000000e+00 0.000000e+00
    outer loop
      vertex   7.097187e+00 5.000000e+01 0.000000e+00
      vertex   5.790990e+01 5.000000e+01 0.000000e+00
      vertex   7.097187e+00 5.000000e+01 2.500000e+00
    endloop
  endfacet
  facet normal 0.000000e+00 -1.000000e+00 0.000000e+00
    outer loop
      vertex   7.097187e+00 5.000000e+01 2.500000e+00
      vertex   5.790990e+01 5.000000e+01 0.000000e+00
      vertex   5.790990e+01 5.000000e+01 2.500000e+00
    endloop
  endfacet
  facet normal 0.000000e+00 0.000000e+00 1.000000e+00
    outer loop
      vertex   5.695000e+01 5.155000e+01 2.500000e+00
      vertex   5.695000e+01 5.091000e+01 2.500000e+00
      vertex   5.790990e+01 5.000000e+01 2.500000e+00
    endloop
  endfacet
  facet normal 0.000000e+00 0.000000e+00 1.000000e+00
    outer loop
      vertex   5.790990e+01 5.000000e+01 2.500000e+00
      vertex   5.695000e+01 5.091000e+01 2.500000e+00
      vertex   5.631000e+01 5.091000e+01 2.500000e+00
    endloop
  endfacet
  facet normal 0.000000e+00 0.000000e+00 1.000000e+00
    outer loop
      vertex   5.790990e+01 5.000000e+01 2.500000e+00
      vertex   5.631000e+01 5.091000e+01 2.500000e+00
      vertex   5.441000e+01 5.091000e+01 2.500000e+00
    endloop
  endfacet
  facet normal 0.000000e+00 0.000000e+00 1.000000e+00
    outer loop
      vertex   5.441000e+01 5.091000e+01 2.500000e+00
      vertex   5.631000e+01 5.091000e+01 2.500000e+00
      vertex   5.441000e+01 5.155000e+01 2.500000e+00
    endloop
  endfacet
  facet normal -0.000000e+00 0.000000e+00 1.000000e+00
    outer loop
      vertex   5.441000e+01 5.155000e+01 2.500000e+00
      vertex   5.631000e+01 5.091000e+01 2.500000e+00
      vertex   5.631000e+01 5.155000e+01 2.500000e+00
    endloop
  endfacet
  facet normal 0.000000e+00 0.000000e+00 1.000000e+00
    outer loop
      vertex   5.441000e+01 5.155000e+01 2.500000e+00
      vertex   5.631000e+01 5.155000e+01 2.500000e+00
      vertex   5.441000e+01 5.327000e+01 2.500000e+00
    endloop
  endfacet
  facet normal -0.000000e+00 0.000000e+00 1.000000e+00
    outer loop
      vertex   5.441000e+01 5.327000e+01 2.500000e+00
      vertex   5.631000e+01 5.155000e+01 2.500000e+00
      vertex   5.631000e+01 5.327000e+01 2.500000e+00
    endloop
  endfacet
  facet normal 0.000000e+00 0.000000e+00 1.000000e+00
    outer loop
      vertex   5.441000e+01 5.327000e+01 2.500000e+00
      vertex   5.631000e+01 5.327000e+01 2.500000e+00
      vertex   5.441000e+01 5.391000e+01 2.500000e+00
    endloop
  endfacet
  facet normal -0.000000e+00 0.000000e+00 1.000000e+00
    outer loop
      vertex   5.441000e+01 5.391000e+01 2.500000e+00
      vertex   5.631000e+01 5.327000e+01 2.500000e+00
      vertex   5.631000e+01 5.391000e+01 2.500000e+00
    endloop
  endfacet
  facet normal 0.000000e+00 0.000000e+00 1.000000e+00
    outer loop
      vertex   5.441000e+01 5.391000e+01 2.500000e+00
      vertex   5.631000e+01 5.391000e+01 2.500000e+00
      vertex   5.790990e+01 5.500000e+01 2.500000e+00
    endloop
  endfacet
  facet normal 0.000000e+00 0.000000e+00 1.000000e+00
    outer loop
      vertex   5.790990e+01 5.500000e+01 2.500000e+00
      vertex   5.631000e+01 5.391000e+01 2.500000e+00
      vertex   5.695000e+01 5.391000e+01 2.500000e+00
    endloop
  endfacet
  facet normal 0.000000e+00 0.000000e+00 1.000000e+00
    outer loop
      vertex   5.790990e+01 5.500000e+01 2.500000e+00
      vertex   5.695000e+01 5.391000e+01 2.500000e+00
      vertex   5.695000e+01 5.327000e+01 2.500000e+00
    endloop
  endfacet
  facet normal 0.000000e+00 0.000000e+00 1.000000e+00
    outer loop
      vertex   5.631000e+01 5.155000e+01 2.500000e+00
      vertex   5.695000e+01 5.155000e+01 2.500000e+00
      vertex   5.631000e+01 5.327000e+01 2.500000e+00
    endloop
  endfacet
  facet normal -0.000000e+00 0.000000e+00 1.000000e+00
    outer loop
      vertex   5.631000e+01 5.327000e+01 2.500000e+00
      vertex   5.695000e+01 5.155000e+01 2.500000e+00
      vertex   5.695000e+01 5.327000e+01 2.500000e+00
    endloop
  endfacet
  facet normal 0.000000e+00 0.000000e+00 1.000000e+00
    outer loop
      vertex   5.695000e+01 5.327000e+01 2.500000e+00
      vertex   5.695000e+01 5.155000e+01 2.500000e+00
      vertex   5.790990e+01 5.000000e+01 2.500000e+00
    endloop
  endfacet
  facet normal -0.000000e+00 0.000000e+00 1.000000e+00
    outer loop
      vertex   5.695000e+01 5.327000e+01 2.500000e+00
      vertex   5.790990e+01 5.000000e+01 2.500000e+00
      vertex   5.790990e+01 5.500000e+01 2.500000e+00
    endloop
  endfacet
  facet normal -0.000000e+00 0.000000e+00 1.000000e+00
    outer loop
      vertex   4.869000e+01 5.327000e+01 2.500000e+00
      vertex   4.933000e+01 5.155000e+01 2.500000e+00
      vertex   4.933000e+01 5.327000e+01 2.500000e+00
    endloop
  endfacet
  facet normal 0.000000e+00 0.000000e+00 1.000000e+00
    outer loop
      vertex   4.933000e+01 5.327000e+01 2.500000e+00
      vertex   4.933000e+01 5.155000e+01 2.500000e+00
      vertex   5.123000e+01 5.155000e+01 2.500000e+00
    endloop
  endfacet
  facet normal -0.000000e+00 0.000000e+00 1.000000e+00
    outer loop
      vertex   4.933000e+01 5.327000e+01 2.500000e+00
      vertex   5.123000e+01 5.155000e+01 2.500000e+00
      vertex   5.123000e+01 5.327000e+01 2.500000e+00
    endloop
  endfacet
  facet normal 0.000000e+00 0.000000e+00 1.000000e+00
    outer loop
      vertex   5.123000e+01 5.327000e+01 2.500000e+00
      vertex   5.123000e+01 5.155000e+01 2.500000e+00
      vertex   5.187000e+01 5.155000e+01 2.500000e+00
    endloop
  endfacet
  facet normal -0.000000e+00 0.000000e+00 1.000000e+00
    outer loop
      vertex   5.123000e+01 5.327000e+01 2.500000e+00
      vertex   5.187000e+01 5.155000e+01 2.500000e+00
      vertex   5.187000e+01 5.327000e+01 2.500000e+00
    endloop
  endfacet
  facet normal 0.000000e+00 0.000000e+00 1.000000e+00
    outer loop
      vertex   5.187000e+01 5.327000e+01 2.500000e+00
      vertex   5.187000e+01 5.155000e+01 2.500000e+00
      vertex   5.377000e+01 5.155000e+01 2.500000e+00
    endloop
  endfacet
  facet normal -0.000000e+00 0.000000e+00 1.000000e+00
    outer loop
      vertex   5.187000e+01 5.327000e+01 2.500000e+00
      vertex   5.377000e+01 5.155000e+01 2.500000e+00
      vertex   5.377000e+01 5.327000e+01 2.500000e+00
    endloop
  endfacet
  facet normal 0.000000e+00 0.000000e+00 1.000000e+00
    outer loop
      vertex   5.377000e+01 5.327000e+01 2.500000e+00
      vertex   5.377000e+01 5.155000e+01 2.500000e+00
      vertex   5.441000e+01 5.155000e+01 2.500000e+00
    endloop
  endfacet
  facet normal -0.000000e+00 0.000000e+00 1.000000e+00
    outer loop
      vertex   5.377000e+01 5.327000e+01 2.500000e+00
      vertex   5.441000e+01 5.155000e+01 2.500000e+00
      vertex   5.441000e+01 5.327000e+01 2.500000e+00
    endloop
  endfacet
  facet normal 0.000000e+00 0.000000e+00 1.000000e+00
    outer loop
      vertex   4.869000e+01 5.391000e+01 2.500000e+00
      vertex   4.679000e+01 5.391000e+01 2.500000e+00
      vertex   4.869000e+01 5.327000e+01 2.500000e+00
    endloop
  endfacet
  facet normal 0.000000e+00 0.000000e+00 1.000000e+00
    outer loop
      vertex   4.869000e+01 5.327000e+01 2.500000e+00
      vertex   4.679000e+01 5.391000e+01 2.500000e+00
      vertex   4.679000e+01 5.327000e+01 2.500000e+00
    endloop
  endfacet
  facet normal 0.000000e+00 0.000000e+00 1.000000e+00
    outer loop
      vertex   4.869000e+01 5.327000e+01 2.500000e+00
      vertex   4.679000e+01 5.327000e+01 2.500000e+00
      vertex   4.869000e+01 5.155000e+01 2.500000e+00
    endloop
  endfacet
  facet normal 0.000000e+00 0.000000e+00 1.000000e+00
    outer loop
      vertex   4.869000e+01 5.155000e+01 2.500000e+00
      vertex   4.679000e+01 5.327000e+01 2.500000e+00
      vertex   4.679000e+01 5.155000e+01 2.500000e+00
    endloop
  endfacet
  facet normal 0.000000e+00 0.000000e+00 1.000000e+00
    outer loop
      vertex   4.869000e+01 5.155000e+01 2.500000e+00
      vertex   4.679000e+01 5.155000e+01 2.500000e+00
      vertex   4.869000e+01 5.091000e+01 2.500000e+00
    endloop
  endfacet
  facet normal 0.000000e+00 0.000000e+00 1.000000e+00
    outer loop
      vertex   4.869000e+01 5.091000e+01 2.500000e+00
      vertex   4.679000e+01 5.155000e+01 2.500000e+00
      vertex   4.679000e+01 5.091000e+01 2.500000e+00
    endloop
  endfacet
  facet normal 0.000000e+00 0.000000e+00 1.000000e+00
    outer loop
      vertex   4.869000e+01 5.091000e+01 2.500000e+00
      vertex   4.679000e+01 5.091000e+01 2.500000e+00
      vertex   5.790990e+01 5.000000e+01 2.500000e+00
    endloop
  endfacet
  facet normal 0.000000e+00 0.000000e+00 1.000000e+00
    outer loop
      vertex   5.790990e+01 5.000000e+01 2.500000e+00
      vertex   4.679000e+01 5.091000e+01 2.500000e+00
      vertex   4.615000e+01 5.091000e+01 2.500000e+00
    endloop
  endfacet
  facet normal 0.000000e+00 0.000000e+00 1.000000e+00
    outer loop
      vertex   5.790990e+01 5.000000e+01 2.500000e+00
      vertex   4.615000e+01 5.091000e+01 2.500000e+00
      vertex   4.425000e+01 5.091000e+01 2.500000e+00
    endloop
  endfacet
  facet normal 0.000000e+00 0.000000e+00 1.000000e+00
    outer loop
      vertex   4.425000e+01 5.091000e+01 2.500000e+00
      vertex   4.615000e+01 5.091000e+01 2.500000e+00
      vertex   4.425000e+01 5.155000e+01 2.500000e+00
    endloop
  endfacet
  facet normal -0.000000e+00 0.000000e+00 1.000000e+00
    outer loop
      vertex   4.425000e+01 5.155000e+01 2.500000e+00
      vertex   4.615000e+01 5.091000e+01 2.500000e+00
      vertex   4.615000e+01 5.155000e+01 2.500000e+00
    endloop
  endfacet
  facet normal 0.000000e+00 0.000000e+00 1.000000e+00
    outer loop
      vertex   4.425000e+01 5.155000e+01 2.500000e+00
      vertex   4.615000e+01 5.155000e+01 2.500000e+00
      vertex   4.425000e+01 5.327000e+01 2.500000e+00
    endloop
  endfacet
  facet normal -0.000000e+00 0.000000e+00 1.000000e+00
    outer loop
      vertex   4.425000e+01 5.327000e+01 2.500000e+00
      vertex   4.615000e+01 5.155000e+01 2.500000e+00
      vertex   4.615000e+01 5.327000e+01 2.500000e+00
    endloop
  endfacet
  facet normal 0.000000e+00 0.000000e+00 1.000000e+00
    outer loop
      vertex   4.425000e+01 5.327000e+01 2.500000e+00
      vertex   4.615000e+01 5.327000e+01 2.500000e+00
      vertex   4.425000e+01 5.391000e+01 2.500000e+00
    endloop
  endfacet
  facet normal -0.000000e+00 0.000000e+00 1.000000e+00
    outer loop
      vertex   4.425000e+01 5.391000e+01 2.500000e+00
      vertex   4.615000e+01 5.327000e+01 2.500000e+00
      vertex   4.615000e+01 5.391000e+01 2.500000e+00
    endloop
  endfacet
  facet normal 0.000000e+00 0.000000e+00 1.000000e+00
    outer loop
      vertex   4.425000e+01 5.391000e+01 2.500000e+00
      vertex   4.615000e+01 5.391000e+01 2.500000e+00
      vertex   5.790990e+01 5.500000e+01 2.500000e+00
    endloop
  endfacet
  facet normal 0.000000e+00 0.000000e+00 1.000000e+00
    outer loop
      vertex   5.790990e+01 5.500000e+01 2.500000e+00
      vertex   4.615000e+01 5.391000e+01 2.500000e+00
      vertex   4.679000e+01 5.391000e+01 2.500000e+00
    endloop
  endfacet
  facet normal 0.000000e+00 0.000000e+00 1.000000e+00
    outer loop
      vertex   5.790990e+01 5.500000e+01 2.500000e+00
      vertex   4.679000e+01 5.391000e+01 2.500000e+00
      vertex   4.869000e+01 5.391000e+01 2.500000e+00
    endloop
  endfacet
  facet normal 0.000000e+00 0.000000e+00 1.000000e+00
    outer loop
      vertex   4.869000e+01 5.391000e+01 2.500000e+00
      vertex   4.933000e+01 5.391000e+01 2.500000e+00
      vertex   5.790990e+01 5.500000e+01 2.500000e+00
    endloop
  endfacet
  facet normal 0.000000e+00 0.000000e+00 1.000000e+00
    outer loop
      vertex   5.790990e+01 5.500000e+01 2.500000e+00
      vertex   4.933000e+01 5.391000e+01 2.500000e+00
      vertex   5.123000e+01 5.391000e+01 2.500000e+00
    endloop
  endfacet
  facet normal 0.000000e+00 0.000000e+00 1.000000e+00
    outer loop
      vertex   5.790990e+01 5.500000e+01 2.500000e+00
      vertex   5.123000e+01 5.391000e+01 2.500000e+00
      vertex   5.187000e+01 5.391000e+01 2.500000e+00
    endloop
  endfacet
  facet normal 0.000000e+00 0.000000e+00 1.000000e+00
    outer loop
      vertex   5.123000e+01 5.391000e+01 2.500000e+00
      vertex   4.933000e+01 5.391000e+01 2.500000e+00
      vertex   5.123000e+01 5.327000e+01 2.500000e+00
    endloop
  endfacet
  facet normal 0.000000e+00 0.000000e+00 1.000000e+00
    outer loop
      vertex   5.123000e+01 5.327000e+01 2.500000e+00
      vertex   4.933000e+01 5.391000e+01 2.500000e+00
      vertex   4.933000e+01 5.327000e+01 2.500000e+00
    endloop
  endfacet
  facet normal 0.000000e+00 0.000000e+00 1.000000e+00
    outer loop
      vertex   5.441000e+01 5.091000e+01 2.500000e+00
      vertex   5.377000e+01 5.091000e+01 2.500000e+00
      vertex   5.790990e+01 5.000000e+01 2.500000e+00
    endloop
  endfacet
  facet normal 0.000000e+00 0.000000e+00 1.000000e+00
    outer loop
      vertex   5.790990e+01 5.000000e+01 2.500000e+00
      vertex   5.377000e+01 5.091000e+01 2.500000e+00
      vertex   5.187000e+01 5.091000e+01 2.500000e+00
    endloop
  endfacet
  facet normal 0.000000e+00 0.000000e+00 1.000000e+00
    outer loop
      vertex   5.790990e+01 5.000000e+01 2.500000e+00
      vertex   5.187000e+01 5.091000e+01 2.500000e+00
      vertex   5.123000e+01 5.091000e+01 2.500000e+00
    endloop
  endfacet
  facet normal 0.000000e+00 0.000000e+00 1.000000e+00
    outer loop
      vertex   5.187000e+01 5.091000e+01 2.500000e+00
      vertex   5.377000e+01 5.091000e+01 2.500000e+00
      vertex   5.187000e+01 5.155000e+01 2.500000e+00
    endloop
  endfacet
  facet normal -0.000000e+00 0.000000e+00 1.000000e+00
    outer loop
      vertex   5.187000e+01 5.155000e+01 2.500000e+00
      vertex   5.377000e+01 5.091000e+01 2.500000e+00
      vertex   5.377000e+01 5.155000e+01 2.500000e+00
    endloop
  endfacet
  facet normal 0.000000e+00 0.000000e+00 1.000000e+00
    outer loop
      vertex   4.425000e+01 5.091000e+01 2.500000e+00
      vertex   4.361000e+01 5.091000e+01 2.500000e+00
      vertex   5.790990e+01 5.000000e+01 2.500000e+00
    endloop
  endfacet
  facet normal 0.000000e+00 0.000000e+00 1.000000e+00
    outer loop
      vertex   5.790990e+01 5.000000e+01 2.500000e+00
      vertex   4.361000e+01 5.091000e+01 2.500000e+00
      vertex   4.171000e+01 5.091000e+01 2.500000e+00
    endloop
  endfacet
  facet normal 0.000000e+00 0.000000e+00 1.000000e+00
    outer loop
      vertex   5.790990e+01 5.000000e+01 2.500000e+00
      vertex   4.171000e+01 5.091000e+01 2.500000e+00
      vertex   4.107000e+01 5.091000e+01 2.500000e+00
    endloop
  endfacet
  facet normal 0.000000e+00 0.000000e+00 1.000000e+00
    outer loop
      vertex   4.171000e+01 5.091000e+01 2.500000e+00
      vertex   4.361000e+01 5.091000e+01 2.500000e+00
      vertex   4.171000e+01 5.155000e+01 2.500000e+00
    endloop
  endfacet
  facet normal -0.000000e+00 0.000000e+00 1.000000e+00
    outer loop
      vertex   4.171000e+01 5.155000e+01 2.500000e+00
      vertex   4.361000e+01 5.091000e+01 2.500000e+00
      vertex   4.361000e+01 5.155000e+01 2.500000e+00
    endloop
  endfacet
  facet normal 0.000000e+00 0.000000e+00 1.000000e+00
    outer loop
      vertex   4.171000e+01 5.155000e+01 2.500000e+00
      vertex   4.361000e+01 5.155000e+01 2.500000e+00
      vertex   4.171000e+01 5.327000e+01 2.500000e+00
    endloop
  endfacet
  facet normal -0.000000e+00 0.000000e+00 1.000000e+00
    outer loop
      vertex   4.171000e+01 5.327000e+01 2.500000e+00
      vertex   4.361000e+01 5.155000e+01 2.500000e+00
      vertex   4.361000e+01 5.327000e+01 2.500000e+00
    endloop
  endfacet
  facet normal 0.000000e+00 0.000000e+00 1.000000e+00
    outer loop
      vertex   4.171000e+01 5.327000e+01 2.500000e+00
      vertex   4.361000e+01 5.327000e+01 2.500000e+00
      vertex   4.171000e+01 5.391000e+01 2.500000e+00
    endloop
  endfacet
  facet normal -0.000000e+00 0.000000e+00 1.000000e+00
    outer loop
      vertex   4.171000e+01 5.391000e+01 2.500000e+00
      vertex   4.361000e+01 5.327000e+01 2.500000e+00
      vertex   4.361000e+01 5.391000e+01 2.500000e+00
    endloop
  endfacet
  facet normal 0.000000e+00 0.000000e+00 1.000000e+00
    outer loop
      vertex   4.171000e+01 5.391000e+01 2.500000e+00
      vertex   4.361000e+01 5.391000e+01 2.500000e+00
      vertex   5.790990e+01 5.500000e+01 2.500000e+00
    endloop
  endfacet
  facet normal 0.000000e+00 0.000000e+00 1.000000e+00
    outer loop
      vertex   5.790990e+01 5.500000e+01 2.500000e+00
      vertex   4.361000e+01 5.391000e+01 2.500000e+00
      vertex   4.425000e+01 5.391000e+01 2.500000e+00
    endloop
  endfacet
  facet normal 0.000000e+00 0.000000e+00 1.000000e+00
    outer loop
      vertex   4.361000e+01 5.155000e+01 2.500000e+00
      vertex   4.425000e+01 5.155000e+01 2.500000e+00
      vertex   4.361000e+01 5.327000e+01 2.500000e+00
    endloop
  endfacet
  facet normal -0.000000e+00 0.000000e+00 1.000000e+00
    outer loop
      vertex   4.361000e+01 5.327000e+01 2.500000e+00
      vertex   4.425000e+01 5.155000e+01 2.500000e+00
      vertex   4.425000e+01 5.327000e+01 2.500000e+00
    endloop
  endfacet
  facet normal -0.000000e+00 0.000000e+00 1.000000e+00
    outer loop
      vertex   3.345000e+01 5.327000e+01 2.500000e+00
      vertex   3.599000e+01 5.155000e+01 2.500000e+00
      vertex   3.409000e+01 5.327000e+01 2.500000e+00
    endloop
  endfacet
  facet normal -0.000000e+00 0.000000e+00 1.000000e+00
    outer loop
      vertex   3.409000e+01 5.327000e+01 2.500000e+00
      vertex   3.599000e+01 5.155000e+01 2.500000e+00
      vertex   3.599000e+01 5.327000e+01 2.500000e+00
    endloop
  endfacet
  facet normal 0.000000e+00 0.000000e+00 1.000000e+00
    outer loop
      vertex   3.409000e+01 5.327000e+01 2.500000e+00
      vertex   3.599000e+01 5.327000e+01 2.500000e+00
      vertex   3.409000e+01 5.391000e+01 2.500000e+00
    endloop
  endfacet
  facet normal -0.000000e+00 0.000000e+00 1.000000e+00
    outer loop
      vertex   3.409000e+01 5.391000e+01 2.500000e+00
      vertex   3.599000e+01 5.327000e+01 2.500000e+00
      vertex   3.599000e+01 5.391000e+01 2.500000e+00
    endloop
  endfacet
  facet normal 0.000000e+00 0.000000e+00 1.000000e+00
    outer loop
      vertex   3.409000e+01 5.391000e+01 2.500000e+00
      vertex   3.599000e+01 5.391000e+01 2.500000e+00
      vertex   5.790990e+01 5.500000e+01 2.500000e+00
    endloop
  endfacet
  facet normal 0.000000e+00 0.000000e+00 1.000000e+00
    outer loop
      vertex   5.790990e+01 5.500000e+01 2.500000e+00
      vertex   3.599000e+01 5.391000e+01 2.500000e+00
      vertex   3.663000e+01 5.391000e+01 2.500000e+00
    endloop
  endfacet
  facet normal 0.000000e+00 0.000000e+00 1.000000e+00
    outer loop
      vertex   5.790990e+01 5.500000e+01 2.500000e+00
      vertex   3.663000e+01 5.391000e+01 2.500000e+00
      vertex   3.853000e+01 5.391000e+01 2.500000e+00
    endloop
  endfacet
  facet normal 0.000000e+00 0.000000e+00 1.000000e+00
    outer loop
      vertex   3.853000e+01 5.391000e+01 2.500000e+00
      vertex   3.663000e+01 5.391000e+01 2.500000e+00
      vertex   3.853000e+01 5.327000e+01 2.500000e+00
    endloop
  endfacet
  facet normal 0.000000e+00 0.000000e+00 1.000000e+00
    outer loop
      vertex   3.853000e+01 5.327000e+01 2.500000e+00
      vertex   3.663000e+01 5.391000e+01 2.500000e+00
      vertex   3.663000e+01 5.327000e+01 2.500000e+00
    endloop
  endfacet
  facet normal 0.000000e+00 0.000000e+00 1.000000e+00
    outer loop
      vertex   3.853000e+01 5.327000e+01 2.500000e+00
      vertex   3.663000e+01 5.327000e+01 2.500000e+00
      vertex   3.853000e+01 5.155000e+01 2.500000e+00
    endloop
  endfacet
  facet normal 0.000000e+00 0.000000e+00 1.000000e+00
    outer loop
      vertex   3.853000e+01 5.155000e+01 2.500000e+00
      vertex   3.663000e+01 5.327000e+01 2.500000e+00
      vertex   3.663000e+01 5.155000e+01 2.500000e+00
    endloop
  endfacet
  facet normal 0.000000e+00 0.000000e+00 1.000000e+00
    outer loop
      vertex   3.853000e+01 5.155000e+01 2.500000e+00
      vertex   3.663000e+01 5.155000e+01 2.500000e+00
      vertex   3.853000e+01 5.091000e+01 2.500000e+00
    endloop
  endfacet
  facet normal 0.000000e+00 0.000000e+00 1.000000e+00
    outer loop
      vertex   3.853000e+01 5.091000e+01 2.500000e+00
      vertex   3.663000e+01 5.155000e+01 2.500000e+00
      vertex   3.663000e+01 5.091000e+01 2.500000e+00
    endloop
  endfacet
  facet normal 0.000000e+00 0.000000e+00 1.000000e+00
    outer loop
      vertex   3.853000e+01 5.091000e+01 2.500000e+00
      vertex   3.663000e+01 5.091000e+01 2.500000e+00
      vertex   5.790990e+01 5.000000e+01 2.500000e+00
    endloop
  endfacet
  facet normal 0.000000e+00 0.000000e+00 1.000000e+00
    outer loop
      vertex   5.790990e+01 5.000000e+01 2.500000e+00
      vertex   3.663000e+01 5.091000e+01 2.500000e+00
      vertex   3.599000e+01 5.091000e+01 2.500000e+00
    endloop
  endfacet
  facet normal 0.000000e+00 0.000000e+00 1.000000e+00
    outer loop
      vertex   5.790990e+01 5.000000e+01 2.500000e+00
      vertex   3.599000e+01 5.091000e+01 2.500000e+00
      vertex   3.409000e+01 5.091000e+01 2.500000e+00
    endloop
  endfacet
  facet normal 0.000000e+00 0.000000e+00 1.000000e+00
    outer loop
      vertex   3.409000e+01 5.091000e+01 2.500000e+00
      vertex   3.599000e+01 5.091000e+01 2.500000e+00
      vertex   3.409000e+01 5.155000e+01 2.500000e+00
    endloop
  endfacet
  facet normal -0.000000e+00 0.000000e+00 1.000000e+00
    outer loop
      vertex   3.409000e+01 5.155000e+01 2.500000e+00
      vertex   3.599000e+01 5.091000e+01 2.500000e+00
      vertex   3.599000e+01 5.155000e+01 2.500000e+00
    endloop
  endfacet
  facet normal 0.000000e+00 -0.000000e+00 1.000000e+00
    outer loop
      vertex   3.409000e+01 5.155000e+01 2.500000e+00
      vertex   3.599000e+01 5.155000e+01 2.500000e+00
      vertex   3.155000e+01 5.327000e+01 2.500000e+00
    endloop
  endfacet
  facet normal -0.000000e+00 0.000000e+00 1.000000e+00
    outer loop
      vertex   3.155000e+01 5.327000e+01 2.500000e+00
      vertex   3.599000e+01 5.155000e+01 2.500000e+00
      vertex   3.345000e+01 5.327000e+01 2.500000e+00
    endloop
  endfacet
  facet normal 0.000000e+00 0.000000e+00 1.000000e+00
    outer loop
      vertex   3.155000e+01 5.327000e+01 2.500000e+00
      vertex   3.345000e+01 5.327000e+01 2.500000e+00
      vertex   3.155000e+01 5.391000e+01 2.500000e+00
    endloop
  endfacet
  facet normal -0.000000e+00 0.000000e+00 1.000000e+00
    outer loop
      vertex   3.155000e+01 5.391000e+01 2.500000e+00
      vertex   3.345000e+01 5.327000e+01 2.500000e+00
      vertex   3.345000e+01 5.391000e+01 2.500000e+00
    endloop
  endfacet
  facet normal 0.000000e+00 -0.000000e+00 1.000000e+00
    outer loop
      vertex   3.155000e+01 5.391000e+01 2.500000e+00
      vertex   3.345000e+01 5.391000e+01 2.500000e+00
      vertex   7.097187e+00 5.500000e+01 2.500000e+00
    endloop
  endfacet
  facet normal -0.000000e+00 0.000000e+00 1.000000e+00
    outer loop
      vertex   7.097187e+00 5.500000e+01 2.500000e+00
      vertex   3.345000e+01 5.391000e+01 2.500000e+00
      vertex   5.790990e+01 5.500000e+01 2.500000e+00
    endloop
  endfacet
  facet normal 0.000000e+00 0.000000e+00 1.000000e+00
    outer loop
      vertex   5.790990e+01 5.500000e+01 2.500000e+00
      vertex   3.345000e+01 5.391000e+01 2.500000e+00
      vertex   3.409000e+01 5.391000e+01 2.500000e+00
    endloop
  endfacet
  facet normal 0.000000e+00 0.000000e+00 1.000000e+00
    outer loop
      vertex   3.599000e+01 5.155000e+01 2.500000e+00
      vertex   3.663000e+01 5.155000e+01 2.500000e+00
      vertex   3.599000e+01 5.327000e+01 2.500000e+00
    endloop
  endfacet
  facet normal -0.000000e+00 0.000000e+00 1.000000e+00
    outer loop
      vertex   3.599000e+01 5.327000e+01 2.500000e+00
      vertex   3.663000e+01 5.155000e+01 2.500000e+00
      vertex   3.663000e+01 5.327000e+01 2.500000e+00
    endloop
  endfacet
  facet normal -0.000000e+00 0.000000e+00 1.000000e+00
    outer loop
      vertex   2.583000e+01 5.327000e+01 2.500000e+00
      vertex   2.647000e+01 5.155000e+01 2.500000e+00
      vertex   2.647000e+01 5.327000e+01 2.500000e+00
    endloop
  endfacet
  facet normal 0.000000e+00 0.000000e+00 1.000000e+00
    outer loop
      vertex   2.647000e+01 5.327000e+01 2.500000e+00
      vertex   2.647000e+01 5.155000e+01 2.500000e+00
      vertex   2.837000e+01 5.155000e+01 2.500000e+00
    endloop
  endfacet
  facet normal -0.000000e+00 0.000000e+00 1.000000e+00
    outer loop
      vertex   2.647000e+01 5.327000e+01 2.500000e+00
      vertex   2.837000e+01 5.155000e+01 2.500000e+00
      vertex   2.837000e+01 5.327000e+01 2.500000e+00
    endloop
  endfacet
  facet normal 0.000000e+00 0.000000e+00 1.000000e+00
    outer loop
      vertex   2.837000e+01 5.327000e+01 2.500000e+00
      vertex   2.837000e+01 5.155000e+01 2.500000e+00
      vertex   2.901000e+01 5.155000e+01 2.500000e+00
    endloop
  endfacet
  facet normal -0.000000e+00 0.000000e+00 1.000000e+00
    outer loop
      vertex   2.837000e+01 5.327000e+01 2.500000e+00
      vertex   2.901000e+01 5.155000e+01 2.500000e+00
      vertex   2.901000e+01 5.327000e+01 2.500000e+00
    endloop
  endfacet
  facet normal 0.000000e+00 0.000000e+00 1.000000e+00
    outer loop
      vertex   2.901000e+01 5.327000e+01 2.500000e+00
      vertex   2.901000e+01 5.155000e+01 2.500000e+00
      vertex   3.091000e+01 5.155000e+01 2.500000e+00
    endloop
  endfacet
  facet normal 0.000000e+00 0.000000e+00 1.000000e+00
    outer loop
      vertex   2.901000e+01 5.327000e+01 2.500000e+00
      vertex   3.091000e+01 5.155000e+01 2.500000e+00
      vertex   3.155000e+01 5.155000e+01 2.500000e+00
    endloop
  endfacet
  facet normal 0.000000e+00 0.000000e+00 1.000000e+00
    outer loop
      vertex   2.583000e+01 5.391000e+01 2.500000e+00
      vertex   2.393000e+01 5.391000e+01 2.500000e+00
      vertex   2.583000e+01 5.327000e+01 2.500000e+00
    endloop
  endfacet
  facet normal 0.000000e+00 0.000000e+00 1.000000e+00
    outer loop
      vertex   2.583000e+01 5.327000e+01 2.500000e+00
      vertex   2.393000e+01 5.391000e+01 2.500000e+00
      vertex   2.393000e+01 5.327000e+01 2.500000e+00
    endloop
  endfacet
  facet normal 0.000000e+00 0.000000e+00 1.000000e+00
    outer loop
      vertex   2.583000e+01 5.327000e+01 2.500000e+00
      vertex   2.393000e+01 5.327000e+01 2.500000e+00
      vertex   2.583000e+01 5.155000e+01 2.500000e+00
    endloop
  endfacet
  facet normal 0.000000e+00 0.000000e+00 1.000000e+00
    outer loop
      vertex   2.583000e+01 5.155000e+01 2.500000e+00
      vertex   2.393000e+01 5.327000e+01 2.500000e+00
      vertex   2.393000e+01 5.155000e+01 2.500000e+00
    endloop
  endfacet
  facet normal 0.000000e+00 0.000000e+00 1.000000e+00
    outer loop
      vertex   2.583000e+01 5.155000e+01 2.500000e+00
      vertex   2.393000e+01 5.155000e+01 2.500000e+00
      vertex   2.583000e+01 5.091000e+01 2.500000e+00
    endloop
  endfacet
  facet normal 0.000000e+00 0.000000e+00 1.000000e+00
    outer loop
      vertex   2.583000e+01 5.091000e+01 2.500000e+00
      vertex   2.393000e+01 5.155000e+01 2.500000e+00
      vertex   2.393000e+01 5.091000e+01 2.500000e+00
    endloop
  endfacet
  facet normal 0.000000e+00 0.000000e+00 1.000000e+00
    outer loop
      vertex   2.583000e+01 5.091000e+01 2.500000e+00
      vertex   2.393000e+01 5.091000e+01 2.500000e+00
      vertex   7.097187e+00 5.000000e+01 2.500000e+00
    endloop
  endfacet
  facet normal 0.000000e+00 0.000000e+00 1.000000e+00
    outer loop
      vertex   7.097187e+00 5.000000e+01 2.500000e+00
      vertex   2.393000e+01 5.091000e+01 2.500000e+00
      vertex   2.329000e+01 5.091000e+01 2.500000e+00
    endloop
  endfacet
  facet normal 0.000000e+00 0.000000e+00 1.000000e+00
    outer loop
      vertex   7.097187e+00 5.000000e+01 2.500000e+00
      vertex   2.329000e+01 5.091000e+01 2.500000e+00
      vertex   2.139000e+01 5.091000e+01 2.500000e+00
    endloop
  endfacet
  facet normal 0.000000e+00 0.000000e+00 1.000000e+00
    outer loop
      vertex   2.139000e+01 5.091000e+01 2.500000e+00
      vertex   2.329000e+01 5.091000e+01 2.500000e+00
      vertex   2.139000e+01 5.155000e+01 2.500000e+00
    endloop
  endfacet
  facet normal -0.000000e+00 0.000000e+00 1.000000e+00
    outer loop
      vertex   2.139000e+01 5.155000e+01 2.500000e+00
      vertex   2.329000e+01 5.091000e+01 2.500000e+00
      vertex   2.329000e+01 5.155000e+01 2.500000e+00
    endloop
  endfacet
  facet normal 0.000000e+00 0.000000e+00 1.000000e+00
    outer loop
      vertex   2.139000e+01 5.155000e+01 2.500000e+00
      vertex   2.329000e+01 5.155000e+01 2.500000e+00
      vertex   2.139000e+01 5.327000e+01 2.500000e+00
    endloop
  endfacet
  facet normal -0.000000e+00 0.000000e+00 1.000000e+00
    outer loop
      vertex   2.139000e+01 5.327000e+01 2.500000e+00
      vertex   2.329000e+01 5.155000e+01 2.500000e+00
      vertex   2.329000e+01 5.327000e+01 2.500000e+00
    endloop
  endfacet
  facet normal 0.000000e+00 0.000000e+00 1.000000e+00
    outer loop
      vertex   2.139000e+01 5.327000e+01 2.500000e+00
      vertex   2.329000e+01 5.327000e+01 2.500000e+00
      vertex   2.139000e+01 5.391000e+01 2.500000e+00
    endloop
  endfacet
  facet normal -0.000000e+00 0.000000e+00 1.000000e+00
    outer loop
      vertex   2.139000e+01 5.391000e+01 2.500000e+00
      vertex   2.329000e+01 5.327000e+01 2.500000e+00
      vertex   2.329000e+01 5.391000e+01 2.500000e+00
    endloop
  endfacet
  facet normal 0.000000e+00 -0.000000e+00 1.000000e+00
    outer loop
      vertex   2.139000e+01 5.391000e+01 2.500000e+00
      vertex   2.329000e+01 5.391000e+01 2.500000e+00
      vertex   7.097187e+00 5.500000e+01 2.500000e+00
    endloop
  endfacet
  facet normal 0.000000e+00 0.000000e+00 1.000000e+00
    outer loop
      vertex   7.097187e+00 5.500000e+01 2.500000e+00
      vertex   2.329000e+01 5.391000e+01 2.500000e+00
      vertex   2.393000e+01 5.391000e+01 2.500000e+00
    endloop
  endfacet
  facet normal 0.000000e+00 0.000000e+00 1.000000e+00
    outer loop
      vertex   7.097187e+00 5.500000e+01 2.500000e+00
      vertex   2.393000e+01 5.391000e+01 2.500000e+00
      vertex   2.583000e+01 5.391000e+01 2.500000e+00
    endloop
  endfacet
  facet normal 0.000000e+00 -0.000000e+00 1.000000e+00
    outer loop
      vertex   2.583000e+01 5.391000e+01 2.500000e+00
      vertex   2.647000e+01 5.391000e+01 2.500000e+00
      vertex   7.097187e+00 5.500000e+01 2.500000e+00
    endloop
  endfacet
  facet normal 0.000000e+00 0.000000e+00 1.000000e+00
    outer loop
      vertex   7.097187e+00 5.500000e+01 2.500000e+00
      vertex   2.647000e+01 5.391000e+01 2.500000e+00
      vertex   2.837000e+01 5.391000e+01 2.500000e+00
    endloop
  endfacet
  facet normal 0.000000e+00 0.000000e+00 1.000000e+00
    outer loop
      vertex   7.097187e+00 5.500000e+01 2.500000e+00
      vertex   2.837000e+01 5.391000e+01 2.500000e+00
      vertex   2.901000e+01 5.391000e+01 2.500000e+00
    endloop
  endfacet
  facet normal 0.000000e+00 0.000000e+00 1.000000e+00
    outer loop
      vertex   2.837000e+01 5.391000e+01 2.500000e+00
      vertex   2.647000e+01 5.391000e+01 2.500000e+00
      vertex   2.837000e+01 5.327000e+01 2.500000e+00
    endloop
  endfacet
  facet normal 0.000000e+00 0.000000e+00 1.000000e+00
    outer loop
      vertex   2.837000e+01 5.327000e+01 2.500000e+00
      vertex   2.647000e+01 5.391000e+01 2.500000e+00
      vertex   2.647000e+01 5.327000e+01 2.500000e+00
    endloop
  endfacet
  facet normal 0.000000e+00 0.000000e+00 1.000000e+00
    outer loop
      vertex   2.329000e+01 5.155000e+01 2.500000e+00
      vertex   2.393000e+01 5.155000e+01 2.500000e+00
      vertex   2.329000e+01 5.327000e+01 2.500000e+00
    endloop
  endfacet
  facet normal -0.000000e+00 0.000000e+00 1.000000e+00
    outer loop
      vertex   2.329000e+01 5.327000e+01 2.500000e+00
      vertex   2.393000e+01 5.155000e+01 2.500000e+00
      vertex   2.393000e+01 5.327000e+01 2.500000e+00
    endloop
  endfacet
  facet normal -0.000000e+00 0.000000e+00 1.000000e+00
    outer loop
      vertex   1.567000e+01 5.327000e+01 2.500000e+00
      vertex   1.631000e+01 5.155000e+01 2.500000e+00
      vertex   1.631000e+01 5.327000e+01 2.500000e+00
    endloop
  endfacet
  facet normal 0.000000e+00 0.000000e+00 1.000000e+00
    outer loop
      vertex   1.631000e+01 5.327000e+01 2.500000e+00
      vertex   1.631000e+01 5.155000e+01 2.500000e+00
      vertex   1.821000e+01 5.155000e+01 2.500000e+00
    endloop
  endfacet
  facet normal -0.000000e+00 0.000000e+00 1.000000e+00
    outer loop
      vertex   1.631000e+01 5.327000e+01 2.500000e+00
      vertex   1.821000e+01 5.155000e+01 2.500000e+00
      vertex   1.821000e+01 5.327000e+01 2.500000e+00
    endloop
  endfacet
  facet normal 0.000000e+00 0.000000e+00 1.000000e+00
    outer loop
      vertex   1.821000e+01 5.327000e+01 2.500000e+00
      vertex   1.821000e+01 5.155000e+01 2.500000e+00
      vertex   1.885000e+01 5.155000e+01 2.500000e+00
    endloop
  endfacet
  facet normal -0.000000e+00 0.000000e+00 1.000000e+00
    outer loop
      vertex   1.821000e+01 5.327000e+01 2.500000e+00
      vertex   1.885000e+01 5.155000e+01 2.500000e+00
      vertex   1.885000e+01 5.327000e+01 2.500000e+00
    endloop
  endfacet
  facet normal 0.000000e+00 0.000000e+00 1.000000e+00
    outer loop
      vertex   1.885000e+01 5.327000e+01 2.500000e+00
      vertex   1.885000e+01 5.155000e+01 2.500000e+00
      vertex   2.075000e+01 5.155000e+01 2.500000e+00
    endloop
  endfacet
  facet normal -0.000000e+00 0.000000e+00 1.000000e+00
    outer loop
      vertex   1.885000e+01 5.327000e+01 2.500000e+00
      vertex   2.075000e+01 5.155000e+01 2.500000e+00
      vertex   2.075000e+01 5.327000e+01 2.500000e+00
    endloop
  endfacet
  facet normal 0.000000e+00 0.000000e+00 1.000000e+00
    outer loop
      vertex   2.075000e+01 5.327000e+01 2.500000e+00
      vertex   2.075000e+01 5.155000e+01 2.500000e+00
      vertex   2.139000e+01 5.155000e+01 2.500000e+00
    endloop
  endfacet
  facet normal -0.000000e+00 0.000000e+00 1.000000e+00
    outer loop
      vertex   2.075000e+01 5.327000e+01 2.500000e+00
      vertex   2.139000e+01 5.155000e+01 2.500000e+00
      vertex   2.139000e+01 5.327000e+01 2.500000e+00
    endloop
  endfacet
  facet normal 0.000000e+00 0.000000e+00 1.000000e+00
    outer loop
      vertex   1.567000e+01 5.391000e+01 2.500000e+00
      vertex   1.377000e+01 5.391000e+01 2.500000e+00
      vertex   1.567000e+01 5.327000e+01 2.500000e+00
    endloop
  endfacet
  facet normal 0.000000e+00 0.000000e+00 1.000000e+00
    outer loop
      vertex   1.567000e+01 5.327000e+01 2.500000e+00
      vertex   1.377000e+01 5.391000e+01 2.500000e+00
      vertex   1.377000e+01 5.327000e+01 2.500000e+00
    endloop
  endfacet
  facet normal 0.000000e+00 0.000000e+00 1.000000e+00
    outer loop
      vertex   1.567000e+01 5.327000e+01 2.500000e+00
      vertex   1.377000e+01 5.327000e+01 2.500000e+00
      vertex   1.567000e+01 5.155000e+01 2.500000e+00
    endloop
  endfacet
  facet normal 0.000000e+00 0.000000e+00 1.000000e+00
    outer loop
      vertex   1.567000e+01 5.155000e+01 2.500000e+00
      vertex   1.377000e+01 5.327000e+01 2.500000e+00
      vertex   1.377000e+01 5.155000e+01 2.500000e+00
    endloop
  endfacet
  facet normal 0.000000e+00 0.000000e+00 1.000000e+00
    outer loop
      vertex   1.567000e+01 5.155000e+01 2.500000e+00
      vertex   1.377000e+01 5.155000e+01 2.500000e+00
      vertex   1.567000e+01 5.091000e+01 2.500000e+00
    endloop
  endfacet
  facet normal 0.000000e+00 0.000000e+00 1.000000e+00
    outer loop
      vertex   1.567000e+01 5.091000e+01 2.500000e+00
      vertex   1.377000e+01 5.155000e+01 2.500000e+00
      vertex   1.377000e+01 5.091000e+01 2.500000e+00
    endloop
  endfacet
  facet normal 0.000000e+00 0.000000e+00 1.000000e+00
    outer loop
      vertex   1.567000e+01 5.091000e+01 2.500000e+00
      vertex   1.377000e+01 5.091000e+01 2.500000e+00
      vertex   7.097187e+00 5.000000e+01 2.500000e+00
    endloop
  endfacet
  facet normal 0.000000e+00 0.000000e+00 1.000000e+00
    outer loop
      vertex   7.097187e+00 5.000000e+01 2.500000e+00
      vertex   1.377000e+01 5.091000e+01 2.500000e+00
      vertex   1.313000e+01 5.091000e+01 2.500000e+00
    endloop
  endfacet
  facet normal 0.000000e+00 0.000000e+00 1.000000e+00
    outer loop
      vertex   7.097187e+00 5.000000e+01 2.500000e+00
      vertex   1.313000e+01 5.091000e+01 2.500000e+00
      vertex   1.123000e+01 5.091000e+01 2.500000e+00
    endloop
  endfacet
  facet normal 0.000000e+00 0.000000e+00 1.000000e+00
    outer loop
      vertex   1.123000e+01 5.091000e+01 2.500000e+00
      vertex   1.313000e+01 5.091000e+01 2.500000e+00
      vertex   1.123000e+01 5.155000e+01 2.500000e+00
    endloop
  endfacet
  facet normal -0.000000e+00 0.000000e+00 1.000000e+00
    outer loop
      vertex   1.123000e+01 5.155000e+01 2.500000e+00
      vertex   1.313000e+01 5.091000e+01 2.500000e+00
      vertex   1.313000e+01 5.155000e+01 2.500000e+00
    endloop
  endfacet
  facet normal 0.000000e+00 0.000000e+00 1.000000e+00
    outer loop
      vertex   1.123000e+01 5.155000e+01 2.500000e+00
      vertex   1.313000e+01 5.155000e+01 2.500000e+00
      vertex   1.123000e+01 5.327000e+01 2.500000e+00
    endloop
  endfacet
  facet normal -0.000000e+00 0.000000e+00 1.000000e+00
    outer loop
      vertex   1.123000e+01 5.327000e+01 2.500000e+00
      vertex   1.313000e+01 5.155000e+01 2.500000e+00
      vertex   1.313000e+01 5.327000e+01 2.500000e+00
    endloop
  endfacet
  facet normal 0.000000e+00 0.000000e+00 1.000000e+00
    outer loop
      vertex   1.123000e+01 5.327000e+01 2.500000e+00
      vertex   1.313000e+01 5.327000e+01 2.500000e+00
      vertex   1.123000e+01 5.391000e+01 2.500000e+00
    endloop
  endfacet
  facet normal -0.000000e+00 0.000000e+00 1.000000e+00
    outer loop
      vertex   1.123000e+01 5.391000e+01 2.500000e+00
      vertex   1.313000e+01 5.327000e+01 2.500000e+00
      vertex   1.313000e+01 5.391000e+01 2.500000e+00
    endloop
  endfacet
  facet normal 0.000000e+00 -0.000000e+00 1.000000e+00
    outer loop
      vertex   1.123000e+01 5.391000e+01 2.500000e+00
      vertex   1.313000e+01 5.391000e+01 2.500000e+00
      vertex   7.097187e+00 5.500000e+01 2.500000e+00
    endloop
  endfacet
  facet normal 0.000000e+00 0.000000e+00 1.000000e+00
    outer loop
      vertex   7.097187e+00 5.500000e+01 2.500000e+00
      vertex   1.313000e+01 5.391000e+01 2.500000e+00
      vertex   1.377000e+01 5.391000e+01 2.500000e+00
    endloop
  endfacet
  facet normal 0.000000e+00 0.000000e+00 1.000000e+00
    outer loop
      vertex   7.097187e+00 5.500000e+01 2.500000e+00
      vertex   1.377000e+01 5.391000e+01 2.500000e+00
      vertex   1.567000e+01 5.391000e+01 2.500000e+00
    endloop
  endfacet
  facet normal 0.000000e+00 -0.000000e+00 1.000000e+00
    outer loop
      vertex   1.567000e+01 5.391000e+01 2.500000e+00
      vertex   1.631000e+01 5.391000e+01 2.500000e+00
      vertex   7.097187e+00 5.500000e+01 2.500000e+00
    endloop
  endfacet
  facet normal 0.000000e+00 0.000000e+00 1.000000e+00
    outer loop
      vertex   7.097187e+00 5.500000e+01 2.500000e+00
      vertex   1.631000e+01 5.391000e+01 2.500000e+00
      vertex   1.821000e+01 5.391000e+01 2.500000e+00
    endloop
  endfacet
  facet normal 0.000000e+00 0.000000e+00 1.000000e+00
    outer loop
      vertex   7.097187e+00 5.500000e+01 2.500000e+00
      vertex   1.821000e+01 5.391000e+01 2.500000e+00
      vertex   1.885000e+01 5.391000e+01 2.500000e+00
    endloop
  endfacet
  facet normal 0.000000e+00 0.000000e+00 1.000000e+00
    outer loop
      vertex   1.821000e+01 5.391000e+01 2.500000e+00
      vertex   1.631000e+01 5.391000e+01 2.500000e+00
      vertex   1.821000e+01 5.327000e+01 2.500000e+00
    endloop
  endfacet
  facet normal 0.000000e+00 0.000000e+00 1.000000e+00
    outer loop
      vertex   1.821000e+01 5.327000e+01 2.500000e+00
      vertex   1.631000e+01 5.391000e+01 2.500000e+00
      vertex   1.631000e+01 5.327000e+01 2.500000e+00
    endloop
  endfacet
  facet normal 0.000000e+00 0.000000e+00 1.000000e+00
    outer loop
      vertex   1.313000e+01 5.155000e+01 2.500000e+00
      vertex   1.377000e+01 5.155000e+01 2.500000e+00
      vertex   1.313000e+01 5.327000e+01 2.500000e+00
    endloop
  endfacet
  facet normal -0.000000e+00 0.000000e+00 1.000000e+00
    outer loop
      vertex   1.313000e+01 5.327000e+01 2.500000e+00
      vertex   1.377000e+01 5.155000e+01 2.500000e+00
      vertex   1.377000e+01 5.327000e+01 2.500000e+00
    endloop
  endfacet
  facet normal 0.000000e+00 0.000000e+00 1.000000e+00
    outer loop
      vertex   8.690000e+00 5.091000e+01 2.500000e+00
      vertex   8.050000e+00 5.091000e+01 2.500000e+00
      vertex   7.097187e+00 5.000000e+01 2.500000e+00
    endloop
  endfacet
  facet normal 0.000000e+00 0.000000e+00 1.000000e+00
    outer loop
      vertex   7.097187e+00 5.000000e+01 2.500000e+00
      vertex   8.050000e+00 5.091000e+01 2.500000e+00
      vertex   8.050000e+00 5.155000e+01 2.500000e+00
    endloop
  endfacet
  facet normal 0.000000e+00 0.000000e+00 1.000000e+00
    outer loop
      vertex   7.097187e+00 5.000000e+01 2.500000e+00
      vertex   8.050000e+00 5.155000e+01 2.500000e+00
      vertex   8.050000e+00 5.327000e+01 2.500000e+00
    endloop
  endfacet
  facet normal 0.000000e+00 0.000000e+00 1.000000e+00
    outer loop
      vertex   8.050000e+00 5.327000e+01 2.500000e+00
      vertex   8.050000e+00 5.155000e+01 2.500000e+00
      vertex   8.690000e+00 5.155000e+01 2.500000e+00
    endloop
  endfacet
  facet normal -0.000000e+00 0.000000e+00 1.000000e+00
    outer loop
      vertex   8.050000e+00 5.327000e+01 2.500000e+00
      vertex   8.690000e+00 5.155000e+01 2.500000e+00
      vertex   8.690000e+00 5.327000e+01 2.500000e+00
    endloop
  endfacet
  facet normal 0.000000e+00 0.000000e+00 1.000000e+00
    outer loop
      vertex   8.690000e+00 5.327000e+01 2.500000e+00
      vertex   8.690000e+00 5.155000e+01 2.500000e+00
      vertex   1.059000e+01 5.155000e+01 2.500000e+00
    endloop
  endfacet
  facet normal -0.000000e+00 0.000000e+00 1.000000e+00
    outer loop
      vertex   8.690000e+00 5.327000e+01 2.500000e+00
      vertex   1.059000e+01 5.155000e+01 2.500000e+00
      vertex   1.059000e+01 5.327000e+01 2.500000e+00
    endloop
  endfacet
  facet normal 0.000000e+00 0.000000e+00 1.000000e+00
    outer loop
      vertex   1.059000e+01 5.327000e+01 2.500000e+00
      vertex   1.059000e+01 5.155000e+01 2.500000e+00
      vertex   1.123000e+01 5.155000e+01 2.500000e+00
    endloop
  endfacet
  facet normal -0.000000e+00 0.000000e+00 1.000000e+00
    outer loop
      vertex   1.059000e+01 5.327000e+01 2.500000e+00
      vertex   1.123000e+01 5.155000e+01 2.500000e+00
      vertex   1.123000e+01 5.327000e+01 2.500000e+00
    endloop
  endfacet
  facet normal 0.000000e+00 0.000000e+00 1.000000e+00
    outer loop
      vertex   1.059000e+01 5.155000e+01 2.500000e+00
      vertex   8.690000e+00 5.155000e+01 2.500000e+00
      vertex   1.059000e+01 5.091000e+01 2.500000e+00
    endloop
  endfacet
  facet normal 0.000000e+00 0.000000e+00 1.000000e+00
    outer loop
      vertex   1.059000e+01 5.091000e+01 2.500000e+00
      vertex   8.690000e+00 5.155000e+01 2.500000e+00
      vertex   8.690000e+00 5.091000e+01 2.500000e+00
    endloop
  endfacet
  facet normal 0.000000e+00 0.000000e+00 1.000000e+00
    outer loop
      vertex   1.059000e+01 5.091000e+01 2.500000e+00
      vertex   8.690000e+00 5.091000e+01 2.500000e+00
      vertex   7.097187e+00 5.000000e+01 2.500000e+00
    endloop
  endfacet
  facet normal 0.000000e+00 0.000000e+00 1.000000e+00
    outer loop
      vertex   8.690000e+00 5.327000e+01 2.500000e+00
      vertex   1.059000e+01 5.327000e+01 2.500000e+00
      vertex   8.690000e+00 5.391000e+01 2.500000e+00
    endloop
  endfacet
  facet normal -0.000000e+00 0.000000e+00 1.000000e+00
    outer loop
      vertex   8.690000e+00 5.391000e+01 2.500000e+00
      vertex   1.059000e+01 5.327000e+01 2.500000e+00
      vertex   1.059000e+01 5.391000e+01 2.500000e+00
    endloop
  endfacet
  facet normal 0.000000e+00 -0.000000e+00 1.000000e+00
    outer loop
      vertex   8.690000e+00 5.391000e+01 2.500000e+00
      vertex   1.059000e+01 5.391000e+01 2.500000e+00
      vertex   7.097187e+00 5.500000e+01 2.500000e+00
    endloop
  endfacet
  facet normal 0.000000e+00 0.000000e+00 1.000000e+00
    outer loop
      vertex   7.097187e+00 5.500000e+01 2.500000e+00
      vertex   1.059000e+01 5.391000e+01 2.500000e+00
      vertex   1.123000e+01 5.391000e+01 2.500000e+00
    endloop
  endfacet
  facet normal -0.000000e+00 0.000000e+00 1.000000e+00
    outer loop
      vertex   1.821000e+01 5.091000e+01 2.500000e+00
      vertex   7.097187e+00 5.000000e+01 2.500000e+00
      vertex   1.885000e+01 5.091000e+01 2.500000e+00
    endloop
  endfacet
  facet normal -0.000000e+00 0.000000e+00 1.000000e+00
    outer loop
      vertex   1.885000e+01 5.091000e+01 2.500000e+00
      vertex   7.097187e+00 5.000000e+01 2.500000e+00
      vertex   2.075000e+01 5.091000e+01 2.500000e+00
    endloop
  endfacet
  facet normal 0.000000e+00 0.000000e+00 1.000000e+00
    outer loop
      vertex   1.885000e+01 5.091000e+01 2.500000e+00
      vertex   2.075000e+01 5.091000e+01 2.500000e+00
      vertex   1.885000e+01 5.155000e+01 2.500000e+00
    endloop
  endfacet
  facet normal -0.000000e+00 0.000000e+00 1.000000e+00
    outer loop
      vertex   1.885000e+01 5.155000e+01 2.500000e+00
      vertex   2.075000e+01 5.091000e+01 2.500000e+00
      vertex   2.075000e+01 5.155000e+01 2.500000e+00
    endloop
  endfacet
  facet normal 0.000000e+00 0.000000e+00 1.000000e+00
    outer loop
      vertex   1.821000e+01 5.155000e+01 2.500000e+00
      vertex   1.631000e+01 5.155000e+01 2.500000e+00
      vertex   1.821000e+01 5.091000e+01 2.500000e+00
    endloop
  endfacet
  facet normal 0.000000e+00 0.000000e+00 1.000000e+00
    outer loop
      vertex   1.821000e+01 5.091000e+01 2.500000e+00
      vertex   1.631000e+01 5.155000e+01 2.500000e+00
      vertex   1.631000e+01 5.091000e+01 2.500000e+00
    endloop
  endfacet
  facet normal 0.000000e+00 0.000000e+00 1.000000e+00
    outer loop
      vertex   1.821000e+01 5.091000e+01 2.500000e+00
      vertex   1.631000e+01 5.091000e+01 2.500000e+00
      vertex   7.097187e+00 5.000000e+01 2.500000e+00
    endloop
  endfacet
  facet normal 0.000000e+00 0.000000e+00 1.000000e+00
    outer loop
      vertex   7.097187e+00 5.000000e+01 2.500000e+00
      vertex   1.631000e+01 5.091000e+01 2.500000e+00
      vertex   1.567000e+01 5.091000e+01 2.500000e+00
    endloop
  endfacet
  facet normal -0.000000e+00 0.000000e+00 1.000000e+00
    outer loop
      vertex   2.583000e+01 5.091000e+01 2.500000e+00
      vertex   7.097187e+00 5.000000e+01 2.500000e+00
      vertex   2.647000e+01 5.091000e+01 2.500000e+00
    endloop
  endfacet
  facet normal -0.000000e+00 0.000000e+00 1.000000e+00
    outer loop
      vertex   2.647000e+01 5.091000e+01 2.500000e+00
      vertex   7.097187e+00 5.000000e+01 2.500000e+00
      vertex   2.837000e+01 5.091000e+01 2.500000e+00
    endloop
  endfacet
  facet normal 0.000000e+00 0.000000e+00 1.000000e+00
    outer loop
      vertex   2.647000e+01 5.091000e+01 2.500000e+00
      vertex   2.837000e+01 5.091000e+01 2.500000e+00
      vertex   2.647000e+01 5.155000e+01 2.500000e+00
    endloop
  endfacet
  facet normal -0.000000e+00 0.000000e+00 1.000000e+00
    outer loop
      vertex   2.647000e+01 5.155000e+01 2.500000e+00
      vertex   2.837000e+01 5.091000e+01 2.500000e+00
      vertex   2.837000e+01 5.155000e+01 2.500000e+00
    endloop
  endfacet
  facet normal 0.000000e+00 0.000000e+00 1.000000e+00
    outer loop
      vertex   2.583000e+01 5.155000e+01 2.500000e+00
      vertex   2.647000e+01 5.155000e+01 2.500000e+00
      vertex   2.583000e+01 5.327000e+01 2.500000e+00
    endloop
  endfacet
  facet normal -0.000000e+00 0.000000e+00 1.000000e+00
    outer loop
      vertex   2.837000e+01 5.091000e+01 2.500000e+00
      vertex   7.097187e+00 5.000000e+01 2.500000e+00
      vertex   2.901000e+01 5.091000e+01 2.500000e+00
    endloop
  endfacet
  facet normal -0.000000e+00 0.000000e+00 1.000000e+00
    outer loop
      vertex   2.901000e+01 5.091000e+01 2.500000e+00
      vertex   7.097187e+00 5.000000e+01 2.500000e+00
      vertex   3.091000e+01 5.091000e+01 2.500000e+00
    endloop
  endfacet
  facet normal 0.000000e+00 0.000000e+00 1.000000e+00
    outer loop
      vertex   2.901000e+01 5.091000e+01 2.500000e+00
      vertex   3.091000e+01 5.091000e+01 2.500000e+00
      vertex   2.901000e+01 5.155000e+01 2.500000e+00
    endloop
  endfacet
  facet normal -0.000000e+00 0.000000e+00 1.000000e+00
    outer loop
      vertex   2.901000e+01 5.155000e+01 2.500000e+00
      vertex   3.091000e+01 5.091000e+01 2.500000e+00
      vertex   3.091000e+01 5.155000e+01 2.500000e+00
    endloop
  endfacet
  facet normal -0.000000e+00 0.000000e+00 1.000000e+00
    outer loop
      vertex   3.853000e+01 5.091000e+01 2.500000e+00
      vertex   5.790990e+01 5.000000e+01 2.500000e+00
      vertex   3.917000e+01 5.091000e+01 2.500000e+00
    endloop
  endfacet
  facet normal -0.000000e+00 0.000000e+00 1.000000e+00
    outer loop
      vertex   3.917000e+01 5.091000e+01 2.500000e+00
      vertex   5.790990e+01 5.000000e+01 2.500000e+00
      vertex   4.107000e+01 5.091000e+01 2.500000e+00
    endloop
  endfacet
  facet normal 0.000000e+00 0.000000e+00 1.000000e+00
    outer loop
      vertex   3.917000e+01 5.091000e+01 2.500000e+00
      vertex   4.107000e+01 5.091000e+01 2.500000e+00
      vertex   3.917000e+01 5.155000e+01 2.500000e+00
    endloop
  endfacet
  facet normal -0.000000e+00 0.000000e+00 1.000000e+00
    outer loop
      vertex   3.917000e+01 5.155000e+01 2.500000e+00
      vertex   4.107000e+01 5.091000e+01 2.500000e+00
      vertex   4.107000e+01 5.155000e+01 2.500000e+00
    endloop
  endfacet
  facet normal 0.000000e+00 0.000000e+00 1.000000e+00
    outer loop
      vertex   3.917000e+01 5.155000e+01 2.500000e+00
      vertex   4.107000e+01 5.155000e+01 2.500000e+00
      vertex   3.917000e+01 5.327000e+01 2.500000e+00
    endloop
  endfacet
  facet normal -0.000000e+00 0.000000e+00 1.000000e+00
    outer loop
      vertex   3.917000e+01 5.327000e+01 2.500000e+00
      vertex   4.107000e+01 5.155000e+01 2.500000e+00
      vertex   4.107000e+01 5.327000e+01 2.500000e+00
    endloop
  endfacet
  facet normal 0.000000e+00 0.000000e+00 1.000000e+00
    outer loop
      vertex   3.917000e+01 5.327000e+01 2.500000e+00
      vertex   4.107000e+01 5.327000e+01 2.500000e+00
      vertex   3.917000e+01 5.391000e+01 2.500000e+00
    endloop
  endfacet
  facet normal -0.000000e+00 0.000000e+00 1.000000e+00
    outer loop
      vertex   3.917000e+01 5.391000e+01 2.500000e+00
      vertex   4.107000e+01 5.327000e+01 2.500000e+00
      vertex   4.107000e+01 5.391000e+01 2.500000e+00
    endloop
  endfacet
  facet normal 0.000000e+00 0.000000e+00 1.000000e+00
    outer loop
      vertex   3.917000e+01 5.391000e+01 2.500000e+00
      vertex   4.107000e+01 5.391000e+01 2.500000e+00
      vertex   5.790990e+01 5.500000e+01 2.500000e+00
    endloop
  endfacet
  facet normal 0.000000e+00 0.000000e+00 1.000000e+00
    outer loop
      vertex   5.790990e+01 5.500000e+01 2.500000e+00
      vertex   4.107000e+01 5.391000e+01 2.500000e+00
      vertex   4.171000e+01 5.391000e+01 2.500000e+00
    endloop
  endfacet
  facet normal 0.000000e+00 0.000000e+00 1.000000e+00
    outer loop
      vertex   3.853000e+01 5.155000e+01 2.500000e+00
      vertex   3.917000e+01 5.155000e+01 2.500000e+00
      vertex   3.853000e+01 5.327000e+01 2.500000e+00
    endloop
  endfacet
  facet normal -0.000000e+00 0.000000e+00 1.000000e+00
    outer loop
      vertex   3.853000e+01 5.327000e+01 2.500000e+00
      vertex   3.917000e+01 5.155000e+01 2.500000e+00
      vertex   3.917000e+01 5.327000e+01 2.500000e+00
    endloop
  endfacet
  facet normal 0.000000e+00 0.000000e+00 1.000000e+00
    outer loop
      vertex   4.615000e+01 5.155000e+01 2.500000e+00
      vertex   4.679000e+01 5.155000e+01 2.500000e+00
      vertex   4.615000e+01 5.327000e+01 2.500000e+00
    endloop
  endfacet
  facet normal -0.000000e+00 0.000000e+00 1.000000e+00
    outer loop
      vertex   4.615000e+01 5.327000e+01 2.500000e+00
      vertex   4.679000e+01 5.155000e+01 2.500000e+00
      vertex   4.679000e+01 5.327000e+01 2.500000e+00
    endloop
  endfacet
  facet normal 0.000000e+00 0.000000e+00 1.000000e+00
    outer loop
      vertex   4.171000e+01 5.327000e+01 2.500000e+00
      vertex   4.107000e+01 5.327000e+01 2.500000e+00
      vertex   4.171000e+01 5.155000e+01 2.500000e+00
    endloop
  endfacet
  facet normal 0.000000e+00 0.000000e+00 1.000000e+00
    outer loop
      vertex   4.171000e+01 5.155000e+01 2.500000e+00
      vertex   4.107000e+01 5.327000e+01 2.500000e+00
      vertex   4.107000e+01 5.155000e+01 2.500000e+00
    endloop
  endfacet
  facet normal 0.000000e+00 0.000000e+00 1.000000e+00
    outer loop
      vertex   5.187000e+01 5.327000e+01 2.500000e+00
      vertex   5.377000e+01 5.327000e+01 2.500000e+00
      vertex   5.187000e+01 5.391000e+01 2.500000e+00
    endloop
  endfacet
  facet normal -0.000000e+00 0.000000e+00 1.000000e+00
    outer loop
      vertex   5.187000e+01 5.391000e+01 2.500000e+00
      vertex   5.377000e+01 5.327000e+01 2.500000e+00
      vertex   5.377000e+01 5.391000e+01 2.500000e+00
    endloop
  endfacet
  facet normal 0.000000e+00 0.000000e+00 1.000000e+00
    outer loop
      vertex   5.187000e+01 5.391000e+01 2.500000e+00
      vertex   5.377000e+01 5.391000e+01 2.500000e+00
      vertex   5.790990e+01 5.500000e+01 2.500000e+00
    endloop
  endfacet
  facet normal 0.000000e+00 0.000000e+00 1.000000e+00
    outer loop
      vertex   5.790990e+01 5.500000e+01 2.500000e+00
      vertex   5.377000e+01 5.391000e+01 2.500000e+00
      vertex   5.441000e+01 5.391000e+01 2.500000e+00
    endloop
  endfacet
  facet normal 0.000000e+00 0.000000e+00 1.000000e+00
    outer loop
      vertex   5.123000e+01 5.155000e+01 2.500000e+00
      vertex   4.933000e+01 5.155000e+01 2.500000e+00
      vertex   5.123000e+01 5.091000e+01 2.500000e+00
    endloop
  endfacet
  facet normal 0.000000e+00 0.000000e+00 1.000000e+00
    outer loop
      vertex   5.123000e+01 5.091000e+01 2.500000e+00
      vertex   4.933000e+01 5.155000e+01 2.500000e+00
      vertex   4.933000e+01 5.091000e+01 2.500000e+00
    endloop
  endfacet
  facet normal 0.000000e+00 0.000000e+00 1.000000e+00
    outer loop
      vertex   5.123000e+01 5.091000e+01 2.500000e+00
      vertex   4.933000e+01 5.091000e+01 2.500000e+00
      vertex   5.790990e+01 5.000000e+01 2.500000e+00
    endloop
  endfacet
  facet normal 0.000000e+00 0.000000e+00 1.000000e+00
    outer loop
      vertex   5.790990e+01 5.000000e+01 2.500000e+00
      vertex   4.933000e+01 5.091000e+01 2.500000e+00
      vertex   4.869000e+01 5.091000e+01 2.500000e+00
    endloop
  endfacet
  facet normal 0.000000e+00 0.000000e+00 1.000000e+00
    outer loop
      vertex   3.155000e+01 5.327000e+01 2.500000e+00
      vertex   3.091000e+01 5.327000e+01 2.500000e+00
      vertex   3.409000e+01 5.155000e+01 2.500000e+00
    endloop
  endfacet
  facet normal 0.000000e+00 0.000000e+00 1.000000e+00
    outer loop
      vertex   3.409000e+01 5.155000e+01 2.500000e+00
      vertex   3.091000e+01 5.327000e+01 2.500000e+00
      vertex   2.901000e+01 5.327000e+01 2.500000e+00
    endloop
  endfacet
  facet normal 0.000000e+00 0.000000e+00 1.000000e+00
    outer loop
      vertex   3.409000e+01 5.155000e+01 2.500000e+00
      vertex   2.901000e+01 5.327000e+01 2.500000e+00
      vertex   3.345000e+01 5.155000e+01 2.500000e+00
    endloop
  endfacet
  facet normal 0.000000e+00 0.000000e+00 1.000000e+00
    outer loop
      vertex   3.345000e+01 5.155000e+01 2.500000e+00
      vertex   2.901000e+01 5.327000e+01 2.500000e+00
      vertex   3.155000e+01 5.155000e+01 2.500000e+00
    endloop
  endfacet
  facet normal 0.000000e+00 0.000000e+00 1.000000e+00
    outer loop
      vertex   3.345000e+01 5.155000e+01 2.500000e+00
      vertex   3.155000e+01 5.155000e+01 2.500000e+00
      vertex   3.345000e+01 5.091000e+01 2.500000e+00
    endloop
  endfacet
  facet normal 0.000000e+00 0.000000e+00 1.000000e+00
    outer loop
      vertex   3.345000e+01 5.091000e+01 2.500000e+00
      vertex   3.155000e+01 5.155000e+01 2.500000e+00
      vertex   3.155000e+01 5.091000e+01 2.500000e+00
    endloop
  endfacet
  facet normal 0.000000e+00 0.000000e+00 1.000000e+00
    outer loop
      vertex   3.345000e+01 5.091000e+01 2.500000e+00
      vertex   3.155000e+01 5.091000e+01 2.500000e+00
      vertex   7.097187e+00 5.000000e+01 2.500000e+00
    endloop
  endfacet
  facet normal 0.000000e+00 0.000000e+00 1.000000e+00
    outer loop
      vertex   7.097187e+00 5.000000e+01 2.500000e+00
      vertex   3.155000e+01 5.091000e+01 2.500000e+00
      vertex   3.091000e+01 5.091000e+01 2.500000e+00
    endloop
  endfacet
  facet normal 0.000000e+00 0.000000e+00 1.000000e+00
    outer loop
      vertex   2.901000e+01 5.327000e+01 2.500000e+00
      vertex   3.091000e+01 5.327000e+01 2.500000e+00
      vertex   2.901000e+01 5.391000e+01 2.500000e+00
    endloop
  endfacet
  facet normal -0.000000e+00 0.000000e+00 1.000000e+00
    outer loop
      vertex   2.901000e+01 5.391000e+01 2.500000e+00
      vertex   3.091000e+01 5.327000e+01 2.500000e+00
      vertex   3.091000e+01 5.391000e+01 2.500000e+00
    endloop
  endfacet
  facet normal 0.000000e+00 -0.000000e+00 1.000000e+00
    outer loop
      vertex   2.901000e+01 5.391000e+01 2.500000e+00
      vertex   3.091000e+01 5.391000e+01 2.500000e+00
      vertex   7.097187e+00 5.500000e+01 2.500000e+00
    endloop
  endfacet
  facet normal 0.000000e+00 0.000000e+00 1.000000e+00
    outer loop
      vertex   7.097187e+00 5.500000e+01 2.500000e+00
      vertex   3.091000e+01 5.391000e+01 2.500000e+00
      vertex   3.155000e+01 5.391000e+01 2.500000e+00
    endloop
  endfacet
  facet normal 0.000000e+00 0.000000e+00 1.000000e+00
    outer loop
      vertex   3.409000e+01 5.091000e+01 2.500000e+00
      vertex   3.345000e+01 5.091000e+01 2.500000e+00
      vertex   5.790990e+01 5.000000e+01 2.500000e+00
    endloop
  endfacet
  facet normal 0.000000e+00 0.000000e+00 1.000000e+00
    outer loop
      vertex   5.790990e+01 5.000000e+01 2.500000e+00
      vertex   3.345000e+01 5.091000e+01 2.500000e+00
      vertex   7.097187e+00 5.000000e+01 2.500000e+00
    endloop
  endfacet
  facet normal 0.000000e+00 0.000000e+00 1.000000e+00
    outer loop
      vertex   2.139000e+01 5.091000e+01 2.500000e+00
      vertex   2.075000e+01 5.091000e+01 2.500000e+00
      vertex   7.097187e+00 5.000000e+01 2.500000e+00
    endloop
  endfacet
  facet normal 0.000000e+00 0.000000e+00 1.000000e+00
    outer loop
      vertex   1.567000e+01 5.155000e+01 2.500000e+00
      vertex   1.631000e+01 5.155000e+01 2.500000e+00
      vertex   1.567000e+01 5.327000e+01 2.500000e+00
    endloop
  endfacet
  facet normal 0.000000e+00 0.000000e+00 1.000000e+00
    outer loop
      vertex   1.123000e+01 5.091000e+01 2.500000e+00
      vertex   1.059000e+01 5.091000e+01 2.500000e+00
      vertex   7.097187e+00 5.000000e+01 2.500000e+00
    endloop
  endfacet
  facet normal 0.000000e+00 0.000000e+00 1.000000e+00
    outer loop
      vertex   7.097187e+00 5.000000e+01 2.500000e+00
      vertex   8.050000e+00 5.327000e+01 2.500000e+00
      vertex   7.097187e+00 5.500000e+01 2.500000e+00
    endloop
  endfacet
  facet normal 0.000000e+00 0.000000e+00 1.000000e+00
    outer loop
      vertex   7.097187e+00 5.500000e+01 2.500000e+00
      vertex   8.050000e+00 5.327000e+01 2.500000e+00
      vertex   8.050000e+00 5.391000e+01 2.500000e+00
    endloop
  endfacet
  facet normal 0.000000e+00 0.000000e+00 1.000000e+00
    outer loop
      vertex   7.097187e+00 5.500000e+01 2.500000e+00
      vertex   8.050000e+00 5.391000e+01 2.500000e+00
      vertex   8.690000e+00 5.391000e+01 2.500000e+00
    endloop
  endfacet
  facet normal 0.000000e+00 0.000000e+00 1.000000e+00
    outer loop
      vertex   1.885000e+01 5.327000e+01 2.500000e+00
      vertex   2.075000e+01 5.327000e+01 2.500000e+00
      vertex   1.885000e+01 5.391000e+01 2.500000e+00
    endloop
  endfacet
  facet normal -0.000000e+00 0.000000e+00 1.000000e+00
    outer loop
      vertex   1.885000e+01 5.391000e+01 2.500000e+00
      vertex   2.075000e+01 5.327000e+01 2.500000e+00
      vertex   2.075000e+01 5.391000e+01 2.500000e+00
    endloop
  endfacet
  facet normal 0.000000e+00 -0.000000e+00 1.000000e+00
    outer loop
      vertex   1.885000e+01 5.391000e+01 2.500000e+00
      vertex   2.075000e+01 5.391000e+01 2.500000e+00
      vertex   7.097187e+00 5.500000e+01 2.500000e+00
    endloop
  endfacet
  facet normal 0.000000e+00 0.000000e+00 1.000000e+00
    outer loop
      vertex   7.097187e+00 5.500000e+01 2.500000e+00
      vertex   2.075000e+01 5.391000e+01 2.500000e+00
      vertex   2.139000e+01 5.391000e+01 2.500000e+00
    endloop
  endfacet
  facet normal 0.000000e+00 0.000000e+00 1.000000e+00
    outer loop
      vertex   3.853000e+01 5.391000e+01 2.500000e+00
      vertex   3.917000e+01 5.391000e+01 2.500000e+00
      vertex   5.790990e+01 5.500000e+01 2.500000e+00
    endloop
  endfacet
  facet normal 0.000000e+00 0.000000e+00 1.000000e+00
    outer loop
      vertex   4.869000e+01 5.155000e+01 2.500000e+00
      vertex   4.933000e+01 5.155000e+01 2.500000e+00
      vertex   4.869000e+01 5.327000e+01 2.500000e+00
    endloop
  endfacet
  facet normal -1.000000e+00 0.000000e+00 0.000000e+00
    outer loop
      vertex   4.304805e+01 2.269932e+01 0.000000e+00
      vertex   4.304805e+01 2.961598e-01 0.000000e+00
      vertex   4.304805e+01 2.269932e+01 5.500000e+00
    endloop
  endfacet
  facet normal -1.000000e+00 -0.000000e+00 0.000000e+00
    outer loop
      vertex   4.304805e+01 2.269932e+01 5.500000e+00
      vertex   4.304805e+01 2.961598e-01 0.000000e+00
      vertex   4.304805e+01 2.961598e-01 5.500000e+00
    endloop
  endfacet
  facet normal 0.000000e+00 1.000000e+00 -0.000000e+00
    outer loop
      vertex   4.695235e+01 2.269932e+01 0.000000e+00
      vertex   4.304805e+01 2.269932e+01 0.000000e+00
      vertex   4.695235e+01 2.269932e+01 5.500000e+00
    endloop
  endfacet
  facet normal 0.000000e+00 1.000000e+00 0.000000e+00
    outer loop
      vertex   4.695235e+01 2.269932e+01 5.500000e+00
      vertex   4.304805e+01 2.269932e+01 0.000000e+00
      vertex   4.304805e+01 2.269932e+01 5.500000e+00
    endloop
  endfacet
  facet normal 1.000000e+00 0.000000e+00 0.000000e+00
    outer loop
      vertex   4.695235e+01 2.961598e-01 0.000000e+00
      vertex   4.695235e+01 2.269932e+01 0.000000e+00
      vertex   4.695235e+01 2.961598e-01 5.500000e+00
    endloop
  endfacet
  facet normal 1.000000e+00 -0.000000e+00 0.000000e+00
    outer loop
      vertex   4.695235e+01 2.961598e-01 5.500000e+00
      vertex   4.695235e+01 2.269932e+01 0.000000e+00
      vertex   4.695235e+01 2.269932e+01 5.500000e+00
    endloop
  endfacet
  facet normal -6.255909e-16 -1.000000e+00 0.000000e+00
    outer loop
      vertex   4.304805e+01 2.961598e-01 0.000000e+00
      vertex   4.695235e+01 2.961598e-01 0.000000e+00
      vertex   4.304805e+01 2.961598e-01 5.500000e+00
    endloop
  endfacet
  facet normal -6.255909e-16 -1.000000e+00 0.000000e+00
    outer loop
      vertex   4.304805e+01 2.961598e-01 5.500000e+00
      vertex   4.695235e+01 2.961598e-01 0.000000e+00
      vertex   4.695235e+01 2.961598e-01 5.500000e+00
    endloop
  endfacet
  facet normal -0.000000e+00 0.000000e+00 1.000000e+00
    outer loop
      vertex   4.304805e+01 2.961598e-01 5.500000e+00
      vertex   4.695235e+01 2.961598e-01 5.500000e+00
      vertex   4.304805e+01 2.269932e+01 5.500000e+00
    endloop
  endfacet
  facet normal -0.000000e+00 0.000000e+00 1.000000e+00
    outer loop
      vertex   4.304805e+01 2.269932e+01 5.500000e+00
      vertex   4.695235e+01 2.961598e-01 5.500000e+00
      vertex   4.695235e+01 2.269932e+01 5.500000e+00
    endloop
  endfacet
  facet normal -1.000000e+00 0.000000e+00 0.000000e+00
    outer loop
      vertex   6.555569e+00 -2.294551e-01 0.000000e+00
      vertex   6.555569e+00 -2.294551e-01 2.500000e+00
      vertex   6.555569e+00 0.000000e+00 0.000000e+00
    endloop
  endfacet
  facet normal -1.000000e+00 0.000000e+00 0.000000e+00
    outer loop
      vertex   6.555569e+00 0.000000e+00 0.000000e+00
      vertex   6.555569e+00 -2.294551e-01 2.500000e+00
      vertex   6.555569e+00 5.211530e+00 2.500000e+00
    endloop
  endfacet
  facet normal -1.000000e+00 0.000000e+00 0.000000e+00
    outer loop
      vertex   6.555569e+00 0.000000e+00 0.000000e+00
      vertex   6.555569e+00 5.211530e+00 2.500000e+00
      vertex   6.555569e+00 5.211530e+00 0.000000e+00
    endloop
  endfacet
  facet normal 0.000000e+00 1.000000e+00 -0.000000e+00
    outer loop
      vertex   1.452752e+01 5.211530e+00 0.000000e+00
      vertex   6.555569e+00 5.211530e+00 0.000000e+00
      vertex   1.452752e+01 5.211530e+00 2.500000e+00
    endloop
  endfacet
  facet normal 0.000000e+00 1.000000e+00 0.000000e+00
    outer loop
      vertex   1.452752e+01 5.211530e+00 2.500000e+00
      vertex   6.555569e+00 5.211530e+00 0.000000e+00
      vertex   6.555569e+00 5.211530e+00 2.500000e+00
    endloop
  endfacet
  facet normal 1.000000e+00 0.000000e+00 -0.000000e+00
    outer loop
      vertex   1.452752e+01 5.211530e+00 0.000000e+00
      vertex   1.452752e+01 5.211530e+00 2.500000e+00
      vertex   1.452752e+01 0.000000e+00 0.000000e+00
    endloop
  endfacet
  facet normal 1.000000e+00 0.000000e+00 -0.000000e+00
    outer loop
      vertex   1.452752e+01 0.000000e+00 0.000000e+00
      vertex   1.452752e+01 5.211530e+00 2.500000e+00
      vertex   1.452752e+01 -2.294551e-01 2.500000e+00
    endloop
  endfacet
  facet normal 1.000000e+00 0.000000e+00 0.000000e+00
    outer loop
      vertex   1.452752e+01 0.000000e+00 0.000000e+00
      vertex   1.452752e+01 -2.294551e-01 2.500000e+00
      vertex   1.452752e+01 -2.294551e-01 0.000000e+00
    endloop
  endfacet
  facet normal -6.963304e-17 -1.000000e+00 0.000000e+00
    outer loop
      vertex   6.555569e+00 -2.294551e-01 0.000000e+00
      vertex   1.452752e+01 -2.294551e-01 0.000000e+00
      vertex   6.555569e+00 -2.294551e-01 2.500000e+00
    endloop
  endfacet
  facet normal -6.963304e-17 -1.000000e+00 0.000000e+00
    outer loop
      vertex   6.555569e+00 -2.294551e-01 2.500000e+00
      vertex   1.452752e+01 -2.294551e-01 0.000000e+00
      vertex   1.452752e+01 -2.294551e-01 2.500000e+00
    endloop
  endfacet
  facet normal -0.000000e+00 0.000000e+00 1.000000e+00
    outer loop
      vertex   6.555569e+00 -2.294551e-01 2.500000e+00
      vertex   1.452752e+01 -2.294551e-01 2.500000e+00
      vertex   6.555569e+00 5.211530e+00 2.500000e+00
    endloop
  endfacet
  facet normal -0.000000e+00 0.000000e+00 1.000000e+00
    outer loop
      vertex   6.555569e+00 5.211530e+00 2.500000e+00
      vertex   1.452752e+01 -2.294551e-01 2.500000e+00
      vertex   1.452752e+01 5.211530e+00 2.500000e+00
    endloop
  endfacet
  facet normal 0.000000e+00 0.000000e+00 -1.000000e+00
    outer loop
      vertex   6.555569e+00 0.000000e+00 0.000000e+00
      vertex   1.452752e+01 0.000000e+00 0.000000e+00
      vertex   6.555569e+00 -2.294551e-01 0.000000e+00
    endloop
  endfacet
  facet normal 0.000000e+00 0.000000e+00 -1.000000e+00
    outer loop
      vertex   6.555569e+00 -2.294551e-01 0.000000e+00
      vertex   1.452752e+01 0.000000e+00 0.000000e+00
      vertex   1.452752e+01 -2.294551e-01 0.000000e+00
    endloop
  endfacet
  facet normal 0.000000e+00 1.000000e+00 -0.000000e+00
    outer loop
      vertex   3.944743e+01 1.087168e+01 0.000000e+00
      vertex   2.444044e+01 1.087168e+01 0.000000e+00
      vertex   3.944743e+01 1.087168e+01 5.900000e+00
    endloop
  endfacet
  facet normal 0.000000e+00 1.000000e+00 0.000000e+00
    outer loop
      vertex   3.944743e+01 1.087168e+01 5.900000e+00
      vertex   2.444044e+01 1.087168e+01 0.000000e+00
      vertex   2.444044e+01 1.087168e+01 5.900000e+00
    endloop
  endfacet
  facet normal 1.000000e+00 0.000000e+00 -0.000000e+00
    outer loop
      vertex   3.944743e+01 -1.286939e+00 0.000000e+00
      vertex   3.944743e+01 0.000000e+00 0.000000e+00
      vertex   3.944743e+01 -1.286939e+00 5.900000e+00
    endloop
  endfacet
  facet normal 1.000000e+00 -0.000000e+00 0.000000e+00
    outer loop
      vertex   3.944743e+01 -1.286939e+00 5.900000e+00
      vertex   3.944743e+01 0.000000e+00 0.000000e+00
      vertex   3.944743e+01 1.087168e+01 5.900000e+00
    endloop
  endfacet
  facet normal 1.000000e+00 0.000000e+00 0.000000e+00
    outer loop
      vertex   3.944743e+01 1.087168e+01 5.900000e+00
      vertex   3.944743e+01 0.000000e+00 0.000000e+00
      vertex   3.944743e+01 1.087168e+01 0.000000e+00
    endloop
  endfacet
  facet normal 1.479608e-17 -1.000000e+00 0.000000e+00
    outer loop
      vertex   2.444044e+01 -1.286939e+00 0.000000e+00
      vertex   3.944743e+01 -1.286939e+00 0.000000e+00
      vertex   2.444044e+01 -1.286939e+00 5.900000e+00
    endloop
  endfacet
  facet normal 0.000000e+00 -1.000000e+00 -3.763468e-17
    outer loop
      vertex   2.444044e+01 -1.286939e+00 5.900000e+00
      vertex   3.944743e+01 -1.286939e+00 0.000000e+00
      vertex   3.944743e+01 -1.286939e+00 5.900000e+00
    endloop
  endfacet
  facet normal -1.000000e+00 0.000000e+00 0.000000e+00
    outer loop
      vertex   2.444044e+01 1.087168e+01 0.000000e+00
      vertex   2.444044e+01 0.000000e+00 0.000000e+00
      vertex   2.444044e+01 1.087168e+01 5.900000e+00
    endloop
  endfacet
  facet normal -1.000000e+00 -0.000000e+00 0.000000e+00
    outer loop
      vertex   2.444044e+01 1.087168e+01 5.900000e+00
      vertex   2.444044e+01 0.000000e+00 0.000000e+00
      vertex   2.444044e+01 -1.286939e+00 5.900000e+00
    endloop
  endfacet
  facet normal -1.000000e+00 0.000000e+00 0.000000e+00
    outer loop
      vertex   2.444044e+01 -1.286939e+00 5.900000e+00
      vertex   2.444044e+01 0.000000e+00 0.000000e+00
      vertex   2.444044e+01 -1.286939e+00 0.000000e+00
    endloop
  endfacet
  facet normal 0.000000e+00 0.000000e+00 1.000000e+00
    outer loop
      vertex   2.444044e+01 -1.286939e+00 5.900000e+00
      vertex   3.944743e+01 -1.286939e+00 5.900000e+00
      vertex   2.444044e+01 1.087168e+01 5.900000e+00
    endloop
  endfacet
  facet normal -0.000000e+00 0.000000e+00 1.000000e+00
    outer loop
      vertex   2.444044e+01 1.087168e+01 5.900000e+00
      vertex   3.944743e+01 -1.286939e+00 5.900000e+00
      vertex   3.944743e+01 1.087168e+01 5.900000e+00
    endloop
  endfacet
  facet normal 0.000000e+00 0.000000e+00 -1.000000e+00
    outer loop
      vertex   2.444044e+01 0.000000e+00 0.000000e+00
      vertex   3.944743e+01 0.000000e+00 0.000000e+00
      vertex   2.444044e+01 -1.286939e+00 0.000000e+00
    endloop
  endfacet
  facet normal 0.000000e+00 0.000000e+00 -1.000000e+00
    outer loop
      vertex   2.444044e+01 -1.286939e+00 0.000000e+00
      vertex   3.944743e+01 0.000000e+00 0.000000e+00
      vertex   3.944743e+01 -1.286939e+00 0.000000e+00
    endloop
  endfacet
  facet normal -1.000000e+00 0.000000e+00 0.000000e+00
    outer loop
      vertex   5.004276e+01 -1.310675e+00 0.000000e+00
      vertex   5.004276e+01 -1.310675e+00 5.800000e+00
      vertex   5.004276e+01 0.000000e+00 0.000000e+00
    endloop
  endfacet
  facet normal -1.000000e+00 0.000000e+00 0.000000e+00
    outer loop
      vertex   5.004276e+01 0.000000e+00 0.000000e+00
      vertex   5.004276e+01 -1.310675e+00 5.800000e+00
      vertex   5.004276e+01 1.368915e+01 5.800000e+00
    endloop
  endfacet
  facet normal -1.000000e+00 0.000000e+00 0.000000e+00
    outer loop
      vertex   5.004276e+01 0.000000e+00 0.000000e+00
      vertex   5.004276e+01 1.368915e+01 5.800000e+00
      vertex   5.004276e+01 1.368915e+01 0.000000e+00
    endloop
  endfacet
  facet normal 0.000000e+00 1.000000e+00 -0.000000e+00
    outer loop
      vertex   5.704401e+01 1.368915e+01 0.000000e+00
      vertex   5.004276e+01 1.368915e+01 0.000000e+00
      vertex   5.704401e+01 1.368915e+01 5.800000e+00
    endloop
  endfacet
  facet normal 0.000000e+00 1.000000e+00 0.000000e+00
    outer loop
      vertex   5.704401e+01 1.368915e+01 5.800000e+00
      vertex   5.004276e+01 1.368915e+01 0.000000e+00
      vertex   5.004276e+01 1.368915e+01 5.800000e+00
    endloop
  endfacet
  facet normal 1.000000e+00 0.000000e+00 -0.000000e+00
    outer loop
      vertex   5.704401e+01 1.368915e+01 0.000000e+00
      vertex   5.704401e+01 1.368915e+01 5.800000e+00
      vertex   5.704401e+01 0.000000e+00 0.000000e+00
    endloop
  endfacet
  facet normal 1.000000e+00 0.000000e+00 -0.000000e+00
    outer loop
      vertex   5.704401e+01 0.000000e+00 0.000000e+00
      vertex   5.704401e+01 1.368915e+01 5.800000e+00
      vertex   5.704401e+01 -1.310675e+00 5.800000e+00
    endloop
  endfacet
  facet normal 1.000000e+00 0.000000e+00 0.000000e+00
    outer loop
      vertex   5.704401e+01 0.000000e+00 0.000000e+00
      vertex   5.704401e+01 -1.310675e+00 5.800000e+00
      vertex   5.704401e+01 -1.310675e+00 0.000000e+00
    endloop
  endfacet
  facet normal 0.000000e+00 -1.000000e+00 0.000000e+00
    outer loop
      vertex   5.004276e+01 -1.310675e+00 0.000000e+00
      vertex   5.704401e+01 -1.310675e+00 0.000000e+00
      vertex   5.004276e+01 -1.310675e+00 5.800000e+00
    endloop
  endfacet
  facet normal 0.000000e+00 -1.000000e+00 0.000000e+00
    outer loop
      vertex   5.004276e+01 -1.310675e+00 5.800000e+00
      vertex   5.704401e+01 -1.310675e+00 0.000000e+00
      vertex   5.704401e+01 -1.310675e+00 5.800000e+00
    endloop
  endfacet
  facet normal 0.000000e+00 0.000000e+00 1.000000e+00
    outer loop
      vertex   5.004276e+01 -1.310675e+00 5.800000e+00
      vertex   5.704401e+01 -1.310675e+00 5.800000e+00
      vertex   5.004276e+01 1.368915e+01 5.800000e+00
    endloop
  endfacet
  facet normal -0.000000e+00 0.000000e+00 1.000000e+00
    outer loop
      vertex   5.004276e+01 1.368915e+01 5.800000e+00
      vertex   5.704401e+01 -1.310675e+00 5.800000e+00
      vertex   5.704401e+01 1.368915e+01 5.800000e+00
    endloop
  endfacet
  facet normal 0.000000e+00 0.000000e+00 -1.000000e+00
    outer loop
      vertex   5.004276e+01 0.000000e+00 0.000000e+00
      vertex   5.704401e+01 0.000000e+00 0.000000e+00
      vertex   5.004276e+01 -1.310675e+00 0.000000e+00
    endloop
  endfacet
  facet normal 0.000000e+00 0.000000e+00 -1.000000e+00
    outer loop
      vertex   5.004276e+01 -1.310675e+00 0.000000e+00
      vertex   5.704401e+01 0.000000e+00 0.000000e+00
      vertex   5.704401e+01 -1.310675e+00 0.000000e+00
    endloop
  endfacet
  facet normal -1.000000e+00 0.000000e+00 0.000000e+00
    outer loop
      vertex   6.945233e+01 5.464207e+01 0.000000e+00
      vertex   6.945233e+01 3.953858e+01 0.000000e+00
      vertex   6.945233e+01 5.464207e+01 1.550000e+01
    endloop
  endfacet
  facet normal -1.000000e+00 -0.000000e+00 0.000000e+00
    outer loop
      vertex   6.945233e+01 5.464207e+01 1.550000e+01
      vertex   6.945233e+01 3.953858e+01 0.000000e+00
      vertex   6.945233e+01 3.953858e+01 1.550000e+01
    endloop
  endfacet
  facet normal 0.000000e+00 1.000000e+00 0.000000e+00
    outer loop
      vertex   6.945233e+01 5.464207e+01 0.000000e+00
      vertex   6.945233e+01 5.464207e+01 1.550000e+01
      vertex   8.451070e+01 5.464207e+01 0.000000e+00
    endloop
  endfacet
  facet normal 0.000000e+00 1.000000e+00 -0.000000e+00
    outer loop
      vertex   8.451070e+01 5.464207e+01 0.000000e+00
      vertex   6.945233e+01 5.464207e+01 1.550000e+01
      vertex   8.737123e+01 5.464207e+01 1.550000e+01
    endloop
  endfacet
  facet normal 0.000000e+00 1.000000e+00 0.000000e+00
    outer loop
      vertex   8.451070e+01 5.464207e+01 0.000000e+00
      vertex   8.737123e+01 5.464207e+01 1.550000e+01
      vertex   8.737123e+01 5.464207e+01 0.000000e+00
    endloop
  endfacet
  facet normal 1.000000e+00 0.000000e+00 0.000000e+00
    outer loop
      vertex   8.737123e+01 3.953858e+01 0.000000e+00
      vertex   8.737123e+01 5.464207e+01 0.000000e+00
      vertex   8.737123e+01 3.953858e+01 1.550000e+01
    endloop
  endfacet
  facet normal 1.000000e+00 -0.000000e+00 0.000000e+00
    outer loop
      vertex   8.737123e+01 3.953858e+01 1.550000e+01
      vertex   8.737123e+01 5.464207e+01 0.000000e+00
      vertex   8.737123e+01 5.464207e+01 1.550000e+01
    endloop
  endfacet
  facet normal 0.000000e+00 -1.000000e+00 0.000000e+00
    outer loop
      vertex   8.737123e+01 3.953858e+01 0.000000e+00
      vertex   8.737123e+01 3.953858e+01 1.550000e+01
      vertex   8.500000e+01 3.953858e+01 0.000000e+00
    endloop
  endfacet
  facet normal 0.000000e+00 -1.000000e+00 0.000000e+00
    outer loop
      vertex   8.500000e+01 3.953858e+01 0.000000e+00
      vertex   8.737123e+01 3.953858e+01 1.550000e+01
      vertex   6.945233e+01 3.953858e+01 1.550000e+01
    endloop
  endfacet
  facet normal 0.000000e+00 -1.000000e+00 0.000000e+00
    outer loop
      vertex   8.500000e+01 3.953858e+01 0.000000e+00
      vertex   6.945233e+01 3.953858e+01 1.550000e+01
      vertex   6.945233e+01 3.953858e+01 0.000000e+00
    endloop
  endfacet
  facet normal 0.000000e+00 0.000000e+00 1.000000e+00
    outer loop
      vertex   6.945233e+01 3.953858e+01 1.550000e+01
      vertex   8.737123e+01 3.953858e+01 1.550000e+01
      vertex   6.945233e+01 5.464207e+01 1.550000e+01
    endloop
  endfacet
  facet normal -0.000000e+00 0.000000e+00 1.000000e+00
    outer loop
      vertex   6.945233e+01 5.464207e+01 1.550000e+01
      vertex   8.737123e+01 3.953858e+01 1.550000e+01
      vertex   8.737123e+01 5.464207e+01 1.550000e+01
    endloop
  endfacet
  facet normal 0.000000e+00 0.000000e+00 -1.000000e+00
    outer loop
      vertex   8.494426e+01 5.357561e+01 0.000000e+00
      vertex   8.737123e+01 5.464207e+01 0.000000e+00
      vertex   8.500000e+01 5.300000e+01 0.000000e+00
    endloop
  endfacet
  facet normal 0.000000e+00 0.000000e+00 -1.000000e+00
    outer loop
      vertex   8.500000e+01 5.300000e+01 0.000000e+00
      vertex   8.737123e+01 5.464207e+01 0.000000e+00
      vertex   8.737123e+01 3.953858e+01 0.000000e+00
    endloop
  endfacet
  facet normal 0.000000e+00 0.000000e+00 -1.000000e+00
    outer loop
      vertex   8.500000e+01 5.300000e+01 0.000000e+00
      vertex   8.737123e+01 3.953858e+01 0.000000e+00
      vertex   8.500000e+01 3.953858e+01 0.000000e+00
    endloop
  endfacet
  facet normal 0.000000e+00 0.000000e+00 -1.000000e+00
    outer loop
      vertex   8.494426e+01 5.357561e+01 0.000000e+00
      vertex   8.477911e+01 5.412983e+01 0.000000e+00
      vertex   8.737123e+01 5.464207e+01 0.000000e+00
    endloop
  endfacet
  facet normal -0.000000e+00 0.000000e+00 -1.000000e+00
    outer loop
      vertex   8.737123e+01 5.464207e+01 0.000000e+00
      vertex   8.477911e+01 5.412983e+01 0.000000e+00
      vertex   8.451070e+01 5.464207e+01 0.000000e+00
    endloop
  endfacet
  facet normal -1.000000e+00 0.000000e+00 0.000000e+00
    outer loop
      vertex   6.945233e+01 3.663919e+01 0.000000e+00
      vertex   6.945233e+01 2.153570e+01 0.000000e+00
      vertex   6.945233e+01 3.663919e+01 1.550000e+01
    endloop
  endfacet
  facet normal -1.000000e+00 -0.000000e+00 0.000000e+00
    outer loop
      vertex   6.945233e+01 3.663919e+01 1.550000e+01
      vertex   6.945233e+01 2.153570e+01 0.000000e+00
      vertex   6.945233e+01 2.153570e+01 1.550000e+01
    endloop
  endfacet
  facet normal 0.000000e+00 1.000000e+00 0.000000e+00
    outer loop
      vertex   6.945233e+01 3.663919e+01 0.000000e+00
      vertex   6.945233e+01 3.663919e+01 1.550000e+01
      vertex   8.500000e+01 3.663919e+01 0.000000e+00
    endloop
  endfacet
  facet normal 0.000000e+00 1.000000e+00 -0.000000e+00
    outer loop
      vertex   8.500000e+01 3.663919e+01 0.000000e+00
      vertex   6.945233e+01 3.663919e+01 1.550000e+01
      vertex   8.737123e+01 3.663919e+01 1.550000e+01
    endloop
  endfacet
  facet normal 0.000000e+00 1.000000e+00 0.000000e+00
    outer loop
      vertex   8.500000e+01 3.663919e+01 0.000000e+00
      vertex   8.737123e+01 3.663919e+01 1.550000e+01
      vertex   8.737123e+01 3.663919e+01 0.000000e+00
    endloop
  endfacet
  facet normal 1.000000e+00 0.000000e+00 0.000000e+00
    outer loop
      vertex   8.737123e+01 2.153570e+01 0.000000e+00
      vertex   8.737123e+01 3.663919e+01 0.000000e+00
      vertex   8.737123e+01 2.153570e+01 1.550000e+01
    endloop
  endfacet
  facet normal 1.000000e+00 -0.000000e+00 0.000000e+00
    outer loop
      vertex   8.737123e+01 2.153570e+01 1.550000e+01
      vertex   8.737123e+01 3.663919e+01 0.000000e+00
      vertex   8.737123e+01 3.663919e+01 1.550000e+01
    endloop
  endfacet
  facet normal 0.000000e+00 -1.000000e+00 0.000000e+00
    outer loop
      vertex   8.737123e+01 2.153570e+01 0.000000e+00
      vertex   8.737123e+01 2.153570e+01 1.550000e+01
      vertex   8.500000e+01 2.153570e+01 0.000000e+00
    endloop
  endfacet
  facet normal 0.000000e+00 -1.000000e+00 0.000000e+00
    outer loop
      vertex   8.500000e+01 2.153570e+01 0.000000e+00
      vertex   8.737123e+01 2.153570e+01 1.550000e+01
      vertex   6.945233e+01 2.153570e+01 1.550000e+01
    endloop
  endfacet
  facet normal 0.000000e+00 -1.000000e+00 0.000000e+00
    outer loop
      vertex   8.500000e+01 2.153570e+01 0.000000e+00
      vertex   6.945233e+01 2.153570e+01 1.550000e+01
      vertex   6.945233e+01 2.153570e+01 0.000000e+00
    endloop
  endfacet
  facet normal 0.000000e+00 0.000000e+00 1.000000e+00
    outer loop
      vertex   6.945233e+01 2.153570e+01 1.550000e+01
      vertex   8.737123e+01 2.153570e+01 1.550000e+01
      vertex   6.945233e+01 3.663919e+01 1.550000e+01
    endloop
  endfacet
  facet normal -0.000000e+00 0.000000e+00 1.000000e+00
    outer loop
      vertex   6.945233e+01 3.663919e+01 1.550000e+01
      vertex   8.737123e+01 2.153570e+01 1.550000e+01
      vertex   8.737123e+01 3.663919e+01 1.550000e+01
    endloop
  endfacet
  facet normal 0.000000e+00 0.000000e+00 -1.000000e+00
    outer loop
      vertex   8.500000e+01 3.663919e+01 0.000000e+00
      vertex   8.737123e+01 3.663919e+01 0.000000e+00
      vertex   8.500000e+01 2.153570e+01 0.000000e+00
    endloop
  endfacet
  facet normal 0.000000e+00 0.000000e+00 -1.000000e+00
    outer loop
      vertex   8.500000e+01 2.153570e+01 0.000000e+00
      vertex   8.737123e+01 3.663919e+01 0.000000e+00
      vertex   8.737123e+01 2.153570e+01 0.000000e+00
    endloop
  endfacet
  facet normal -1.000000e+00 0.000000e+00 0.000000e+00
    outer loop
      vertex   1.988258e+01 3.891338e+01 0.000000e+00
      vertex   1.988258e+01 2.480149e+01 0.000000e+00
      vertex   1.988258e+01 3.891338e+01 1.000000e+00
    endloop
  endfacet
  facet normal -1.000000e+00 -0.000000e+00 0.000000e+00
    outer loop
      vertex   1.988258e+01 3.891338e+01 1.000000e+00
      vertex   1.988258e+01 2.480149e+01 0.000000e+00
      vertex   1.988258e+01 2.480149e+01 1.000000e+00
    endloop
  endfacet
  facet normal 0.000000e+00 1.000000e+00 -0.000000e+00
    outer loop
      vertex   3.385583e+01 3.891338e+01 0.000000e+00
      vertex   1.988258e+01 3.891338e+01 0.000000e+00
      vertex   3.385583e+01 3.891338e+01 1.000000e+00
    endloop
  endfacet
  facet normal 0.000000e+00 1.000000e+00 0.000000e+00
    outer loop
      vertex   3.385583e+01 3.891338e+01 1.000000e+00
      vertex   1.988258e+01 3.891338e+01 0.000000e+00
      vertex   1.988258e+01 3.891338e+01 1.000000e+00
    endloop
  endfacet
  facet normal 1.000000e+00 0.000000e+00 0.000000e+00
    outer loop
      vertex   3.385583e+01 2.480149e+01 0.000000e+00
      vertex   3.385583e+01 3.891338e+01 0.000000e+00
      vertex   3.385583e+01 2.480149e+01 1.000000e+00
    endloop
  endfacet
  facet normal 1.000000e+00 -0.000000e+00 0.000000e+00
    outer loop
      vertex   3.385583e+01 2.480149e+01 1.000000e+00
      vertex   3.385583e+01 3.891338e+01 0.000000e+00
      vertex   3.385583e+01 3.891338e+01 1.000000e+00
    endloop
  endfacet
  facet normal 0.000000e+00 -1.000000e+00 0.000000e+00
    outer loop
      vertex   1.988258e+01 2.480149e+01 0.000000e+00
      vertex   3.385583e+01 2.480149e+01 0.000000e+00
      vertex   1.988258e+01 2.480149e+01 1.000000e+00
    endloop
  endfacet
  facet normal 0.000000e+00 -1.000000e+00 0.000000e+00
    outer loop
      vertex   1.988258e+01 2.480149e+01 1.000000e+00
      vertex   3.385583e+01 2.480149e+01 0.000000e+00
      vertex   3.385583e+01 2.480149e+01 1.000000e+00
    endloop
  endfacet
  facet normal 0.000000e+00 0.000000e+00 1.000000e+00
    outer loop
      vertex   1.988258e+01 2.480149e+01 1.000000e+00
      vertex   3.385583e+01 2.480149e+01 1.000000e+00
      vertex   1.988258e+01 3.891338e+01 1.000000e+00
    endloop
  endfacet
  facet normal -0.000000e+00 0.000000e+00 1.000000e+00
    outer loop
      vertex   1.988258e+01 3.891338e+01 1.000000e+00
      vertex   3.385583e+01 2.480149e+01 1.000000e+00
      vertex   3.385583e+01 3.891338e+01 1.000000e+00
    endloop
  endfacet
  facet normal -1.000000e+00 0.000000e+00 0.000000e+00
    outer loop
      vertex   5.505771e+01 3.874209e+01 0.000000e+00
      vertex   5.505771e+01 2.909358e+01 0.000000e+00
      vertex   5.505771e+01 3.874209e+01 1.000000e+00
    endloop
  endfacet
  facet normal -1.000000e+00 -0.000000e+00 0.000000e+00
    outer loop
      vertex   5.505771e+01 3.874209e+01 1.000000e+00
      vertex   5.505771e+01 2.909358e+01 0.000000e+00
      vertex   5.505771e+01 2.909358e+01 1.000000e+00
    endloop
  endfacet
  facet normal 0.000000e+00 1.000000e+00 -0.000000e+00
    outer loop
      vertex   6.460608e+01 3.874209e+01 0.000000e+00
      vertex   5.505771e+01 3.874209e+01 0.000000e+00
      vertex   6.460608e+01 3.874209e+01 1.000000e+00
    endloop
  endfacet
  facet normal 0.000000e+00 1.000000e+00 0.000000e+00
    outer loop
      vertex   6.460608e+01 3.874209e+01 1.000000e+00
      vertex   5.505771e+01 3.874209e+01 0.000000e+00
      vertex   5.505771e+01 3.874209e+01 1.000000e+00
    endloop
  endfacet
  facet normal 1.000000e+00 0.000000e+00 0.000000e+00
    outer loop
      vertex   6.460608e+01 2.909358e+01 0.000000e+00
      vertex   6.460608e+01 3.874209e+01 0.000000e+00
      vertex   6.460608e+01 2.909358e+01 1.000000e+00
    endloop
  endfacet
  facet normal 1.000000e+00 -0.000000e+00 0.000000e+00
    outer loop
      vertex   6.460608e+01 2.909358e+01 1.000000e+00
      vertex   6.460608e+01 3.874209e+01 0.000000e+00
      vertex   6.460608e+01 3.874209e+01 1.000000e+00
    endloop
  endfacet
  facet normal 0.000000e+00 -1.000000e+00 0.000000e+00
    outer loop
      vertex   5.505771e+01 2.909358e+01 0.000000e+00
      vertex   6.460608e+01 2.909358e+01 0.000000e+00
      vertex   5.505771e+01 2.909358e+01 1.000000e+00
    endloop
  endfacet
  facet normal 0.000000e+00 -1.000000e+00 0.000000e+00
    outer loop
      vertex   5.505771e+01 2.909358e+01 1.000000e+00
      vertex   6.460608e+01 2.909358e+01 0.000000e+00
      vertex   6.460608e+01 2.909358e+01 1.000000e+00
    endloop
  endfacet
  facet normal 0.000000e+00 0.000000e+00 1.000000e+00
    outer loop
      vertex   5.505771e+01 2.909358e+01 1.000000e+00
      vertex   6.460608e+01 2.909358e+01 1.000000e+00
      vertex   5.505771e+01 3.874209e+01 1.000000e+00
    endloop
  endfacet
  facet normal -0.000000e+00 0.000000e+00 1.000000e+00
    outer loop
      vertex   5.505771e+01 3.874209e+01 1.000000e+00
      vertex   6.460608e+01 2.909358e+01 1.000000e+00
      vertex   6.460608e+01 3.874209e+01 1.000000e+00
    endloop
  endfacet
  facet normal -1.000000e+00 0.000000e+00 0.000000e+00
    outer loop
      vertex   6.597501e+01 1.827860e+01 0.000000e+00
      vertex   6.597501e+01 2.399478e+00 0.000000e+00
      vertex   6.597501e+01 1.827860e+01 1.350000e+01
    endloop
  endfacet
  facet normal -1.000000e+00 -0.000000e+00 0.000000e+00
    outer loop
      vertex   6.597501e+01 1.827860e+01 1.350000e+01
      vertex   6.597501e+01 2.399478e+00 0.000000e+00
      vertex   6.597501e+01 2.399478e+00 1.350000e+01
    endloop
  endfacet
  facet normal 0.000000e+00 1.000000e+00 0.000000e+00
    outer loop
      vertex   6.597501e+01 1.827860e+01 0.000000e+00
      vertex   6.597501e+01 1.827860e+01 1.350000e+01
      vertex   8.500000e+01 1.827860e+01 0.000000e+00
    endloop
  endfacet
  facet normal 0.000000e+00 1.000000e+00 -0.000000e+00
    outer loop
      vertex   8.500000e+01 1.827860e+01 0.000000e+00
      vertex   6.597501e+01 1.827860e+01 1.350000e+01
      vertex   8.737218e+01 1.827860e+01 1.350000e+01
    endloop
  endfacet
  facet normal 0.000000e+00 1.000000e+00 0.000000e+00
    outer loop
      vertex   8.500000e+01 1.827860e+01 0.000000e+00
      vertex   8.737218e+01 1.827860e+01 1.350000e+01
      vertex   8.737218e+01 1.827860e+01 0.000000e+00
    endloop
  endfacet
  facet normal 1.000000e+00 0.000000e+00 0.000000e+00
    outer loop
      vertex   8.737218e+01 2.399478e+00 0.000000e+00
      vertex   8.737218e+01 1.827860e+01 0.000000e+00
      vertex   8.737218e+01 2.399478e+00 1.350000e+01
    endloop
  endfacet
  facet normal 1.000000e+00 -0.000000e+00 0.000000e+00
    outer loop
      vertex   8.737218e+01 2.399478e+00 1.350000e+01
      vertex   8.737218e+01 1.827860e+01 0.000000e+00
      vertex   8.737218e+01 1.827860e+01 1.350000e+01
    endloop
  endfacet
  facet normal 0.000000e+00 -1.000000e+00 0.000000e+00
    outer loop
      vertex   8.737218e+01 2.399478e+00 0.000000e+00
      vertex   8.737218e+01 2.399478e+00 1.350000e+01
      vertex   8.493928e+01 2.399478e+00 0.000000e+00
    endloop
  endfacet
  facet normal -2.075457e-17 -1.000000e+00 3.740286e-18
    outer loop
      vertex   8.493928e+01 2.399478e+00 0.000000e+00
      vertex   8.737218e+01 2.399478e+00 1.350000e+01
      vertex   6.597501e+01 2.399478e+00 1.350000e+01
    endloop
  endfacet
  facet normal -2.341715e-17 -1.000000e+00 0.000000e+00
    outer loop
      vertex   8.493928e+01 2.399478e+00 0.000000e+00
      vertex   6.597501e+01 2.399478e+00 1.350000e+01
      vertex   6.597501e+01 2.399478e+00 0.000000e+00
    endloop
  endfacet
  facet normal -0.000000e+00 0.000000e+00 1.000000e+00
    outer loop
      vertex   6.597501e+01 2.399478e+00 1.350000e+01
      vertex   8.737218e+01 2.399478e+00 1.350000e+01
      vertex   6.597501e+01 1.827860e+01 1.350000e+01
    endloop
  endfacet
  facet normal -0.000000e+00 0.000000e+00 1.000000e+00
    outer loop
      vertex   6.597501e+01 1.827860e+01 1.350000e+01
      vertex   8.737218e+01 2.399478e+00 1.350000e+01
      vertex   8.737218e+01 1.827860e+01 1.350000e+01
    endloop
  endfacet
  facet normal 0.000000e+00 0.000000e+00 -1.000000e+00
    outer loop
      vertex   8.500000e+01 1.827860e+01 0.000000e+00
      vertex   8.737218e+01 1.827860e+01 0.000000e+00
      vertex   8.500000e+01 3.000000e+00 0.000000e+00
    endloop
  endfacet
  facet normal 0.000000e+00 0.000000e+00 -1.000000e+00
    outer loop
      vertex   8.500000e+01 3.000000e+00 0.000000e+00
      vertex   8.737218e+01 1.827860e+01 0.000000e+00
      vertex   8.737218e+01 2.399478e+00 0.000000e+00
    endloop
  endfacet
  facet normal 0.000000e+00 -0.000000e+00 -1.000000e+00
    outer loop
      vertex   8.500000e+01 3.000000e+00 0.000000e+00
      vertex   8.737218e+01 2.399478e+00 0.000000e+00
      vertex   8.499323e+01 2.798616e+00 0.000000e+00
    endloop
  endfacet
  facet normal 0.000000e+00 -0.000000e+00 -1.000000e+00
    outer loop
      vertex   8.499323e+01 2.798616e+00 0.000000e+00
      vertex   8.737218e+01 2.399478e+00 0.000000e+00
      vertex   8.497296e+01 2.598140e+00 0.000000e+00
    endloop
  endfacet
  facet normal 0.000000e+00 -0.000000e+00 -1.000000e+00
    outer loop
      vertex   8.497296e+01 2.598140e+00 0.000000e+00
      vertex   8.737218e+01 2.399478e+00 0.000000e+00
      vertex   8.493928e+01 2.399478e+00 0.000000e+00
    endloop
  endfacet
  facet normal 9.914449e-01 -1.305262e-01 -4.458867e-17
    outer loop
      vertex   2.196000e+00 3.849406e+00 -1.300000e+00
      vertex   2.196000e+00 3.849406e+00 0.000000e+00
      vertex   2.150000e+00 3.500000e+00 -1.300000e+00
    endloop
  endfacet
  facet normal 9.914449e-01 -1.305262e-01 1.693423e-15
    outer loop
      vertex   2.150000e+00 3.500000e+00 -1.300000e+00
      vertex   2.196000e+00 3.849406e+00 0.000000e+00
      vertex   2.150000e+00 3.500000e+00 0.000000e+00
    endloop
  endfacet
  facet normal 9.914449e-01 1.305262e-01 1.693423e-15
    outer loop
      vertex   2.150000e+00 3.500000e+00 -1.300000e+00
      vertex   2.150000e+00 3.500000e+00 0.000000e+00
      vertex   2.196000e+00 3.150594e+00 -1.300000e+00
    endloop
  endfacet
  facet normal 9.914449e-01 1.305262e-01 4.458867e-17
    outer loop
      vertex   2.196000e+00 3.150594e+00 -1.300000e+00
      vertex   2.150000e+00 3.500000e+00 0.000000e+00
      vertex   2.196000e+00 3.150594e+00 0.000000e+00
    endloop
  endfacet
  facet normal 9.238795e-01 3.826834e-01 1.307274e-16
    outer loop
      vertex   2.196000e+00 3.150594e+00 -1.300000e+00
      vertex   2.196000e+00 3.150594e+00 0.000000e+00
      vertex   2.330866e+00 2.825000e+00 -1.300000e+00
    endloop
  endfacet
  facet normal 9.238795e-01 3.826834e-01 2.614547e-16
    outer loop
      vertex   2.330866e+00 2.825000e+00 -1.300000e+00
      vertex   2.196000e+00 3.150594e+00 0.000000e+00
      vertex   2.330866e+00 2.825000e+00 0.000000e+00
    endloop
  endfacet
  facet normal 7.933533e-01 6.087614e-01 4.159144e-16
    outer loop
      vertex   2.330866e+00 2.825000e+00 -1.300000e+00
      vertex   2.330866e+00 2.825000e+00 0.000000e+00
      vertex   2.545406e+00 2.545406e+00 -1.300000e+00
    endloop
  endfacet
  facet normal 7.933533e-01 6.087614e-01 -0.000000e+00
    outer loop
      vertex   2.545406e+00 2.545406e+00 -1.300000e+00
      vertex   2.330866e+00 2.825000e+00 0.000000e+00
      vertex   2.545406e+00 2.545406e+00 0.000000e+00
    endloop
  endfacet
  facet normal 6.087614e-01 7.933533e-01 -0.000000e+00
    outer loop
      vertex   2.545406e+00 2.545406e+00 -1.300000e+00
      vertex   2.545406e+00 2.545406e+00 0.000000e+00
      vertex   2.825000e+00 2.330866e+00 -1.300000e+00
    endloop
  endfacet
  facet normal 6.087614e-01 7.933533e-01 1.261158e-16
    outer loop
      vertex   2.825000e+00 2.330866e+00 -1.300000e+00
      vertex   2.545406e+00 2.545406e+00 0.000000e+00
      vertex   2.825000e+00 2.330866e+00 0.000000e+00
    endloop
  endfacet
  facet normal 3.826834e-01 9.238795e-01 3.697528e-16
    outer loop
      vertex   2.825000e+00 2.330866e+00 -1.300000e+00
      vertex   2.825000e+00 2.330866e+00 0.000000e+00
      vertex   3.150594e+00 2.196000e+00 -1.300000e+00
    endloop
  endfacet
  facet normal 3.826834e-01 9.238795e-01 -2.614547e-16
    outer loop
      vertex   3.150594e+00 2.196000e+00 -1.300000e+00
      vertex   2.825000e+00 2.330866e+00 0.000000e+00
      vertex   3.150594e+00 2.196000e+00 0.000000e+00
    endloop
  endfacet
  facet normal 1.305262e-01 9.914449e-01 -8.917734e-17
    outer loop
      vertex   3.150594e+00 2.196000e+00 -1.300000e+00
      vertex   3.150594e+00 2.196000e+00 0.000000e+00
      vertex   3.500000e+00 2.150000e+00 -1.300000e+00
    endloop
  endfacet
  facet normal 1.305262e-01 9.914449e-01 -0.000000e+00
    outer loop
      vertex   3.500000e+00 2.150000e+00 -1.300000e+00
      vertex   3.150594e+00 2.196000e+00 0.000000e+00
      vertex   3.500000e+00 2.150000e+00 0.000000e+00
    endloop
  endfacet
  facet normal -1.305262e-01 9.914449e-01 0.000000e+00
    outer loop
      vertex   3.500000e+00 2.150000e+00 -1.300000e+00
      vertex   3.500000e+00 2.150000e+00 0.000000e+00
      vertex   3.849406e+00 2.196000e+00 -1.300000e+00
    endloop
  endfacet
  facet normal -1.305262e-01 9.914449e-01 8.917734e-17
    outer loop
      vertex   3.849406e+00 2.196000e+00 -1.300000e+00
      vertex   3.500000e+00 2.150000e+00 0.000000e+00
      vertex   3.849406e+00 2.196000e+00 0.000000e+00
    endloop
  endfacet
  facet normal -3.826834e-01 9.238795e-01 2.614547e-16
    outer loop
      vertex   3.849406e+00 2.196000e+00 -1.300000e+00
      vertex   3.849406e+00 2.196000e+00 0.000000e+00
      vertex   4.175000e+00 2.330866e+00 -1.300000e+00
    endloop
  endfacet
  facet normal -3.826834e-01 9.238795e-01 2.614547e-16
    outer loop
      vertex   4.175000e+00 2.330866e+00 -1.300000e+00
      vertex   3.849406e+00 2.196000e+00 0.000000e+00
      vertex   4.175000e+00 2.330866e+00 0.000000e+00
    endloop
  endfacet
  facet normal -6.087614e-01 7.933533e-01 4.159144e-16
    outer loop
      vertex   4.175000e+00 2.330866e+00 -1.300000e+00
      vertex   4.175000e+00 2.330866e+00 0.000000e+00
      vertex   4.454594e+00 2.545406e+00 -1.300000e+00
    endloop
  endfacet
  facet normal -6.087614e-01 7.933533e-01 -2.710151e-16
    outer loop
      vertex   4.454594e+00 2.545406e+00 -1.300000e+00
      vertex   4.175000e+00 2.330866e+00 0.000000e+00
      vertex   4.454594e+00 2.545406e+00 0.000000e+00
    endloop
  endfacet
  facet normal -7.933533e-01 6.087614e-01 -2.079572e-16
    outer loop
      vertex   4.454594e+00 2.545406e+00 -1.300000e+00
      vertex   4.454594e+00 2.545406e+00 0.000000e+00
      vertex   4.669134e+00 2.825000e+00 -1.300000e+00
    endloop
  endfacet
  facet normal -7.933533e-01 6.087614e-01 0.000000e+00
    outer loop
      vertex   4.669134e+00 2.825000e+00 -1.300000e+00
      vertex   4.454594e+00 2.545406e+00 0.000000e+00
      vertex   4.669134e+00 2.825000e+00 0.000000e+00
    endloop
  endfacet
  facet normal -9.238795e-01 3.826834e-01 0.000000e+00
    outer loop
      vertex   4.669134e+00 2.825000e+00 -1.300000e+00
      vertex   4.669134e+00 2.825000e+00 0.000000e+00
      vertex   4.804000e+00 3.150594e+00 -1.300000e+00
    endloop
  endfacet
  facet normal -9.238795e-01 3.826834e-01 -2.614547e-16
    outer loop
      vertex   4.804000e+00 3.150594e+00 -1.300000e+00
      vertex   4.669134e+00 2.825000e+00 0.000000e+00
      vertex   4.804000e+00 3.150594e+00 0.000000e+00
    endloop
  endfacet
  facet normal -9.914449e-01 1.305262e-01 -8.917734e-17
    outer loop
      vertex   4.804000e+00 3.150594e+00 -1.300000e+00
      vertex   4.804000e+00 3.150594e+00 0.000000e+00
      vertex   4.850000e+00 3.500000e+00 -1.300000e+00
    endloop
  endfacet
  facet normal -9.914449e-01 1.305262e-01 0.000000e+00
    outer loop
      vertex   4.850000e+00 3.500000e+00 -1.300000e+00
      vertex   4.804000e+00 3.150594e+00 0.000000e+00
      vertex   4.850000e+00 3.500000e+00 0.000000e+00
    endloop
  endfacet
  facet normal -9.914449e-01 -1.305262e-01 0.000000e+00
    outer loop
      vertex   4.850000e+00 3.500000e+00 -1.300000e+00
      vertex   4.850000e+00 3.500000e+00 0.000000e+00
      vertex   4.804000e+00 3.849406e+00 -1.300000e+00
    endloop
  endfacet
  facet normal -9.914449e-01 -1.305262e-01 8.917734e-17
    outer loop
      vertex   4.804000e+00 3.849406e+00 -1.300000e+00
      vertex   4.850000e+00 3.500000e+00 0.000000e+00
      vertex   4.804000e+00 3.849406e+00 0.000000e+00
    endloop
  endfacet
  facet normal -9.238795e-01 -3.826834e-01 2.614547e-16
    outer loop
      vertex   4.804000e+00 3.849406e+00 -1.300000e+00
      vertex   4.804000e+00 3.849406e+00 0.000000e+00
      vertex   4.669134e+00 4.175000e+00 -1.300000e+00
    endloop
  endfacet
  facet normal -9.238795e-01 -3.826834e-01 0.000000e+00
    outer loop
      vertex   4.669134e+00 4.175000e+00 -1.300000e+00
      vertex   4.804000e+00 3.849406e+00 0.000000e+00
      vertex   4.669134e+00 4.175000e+00 0.000000e+00
    endloop
  endfacet
  facet normal -7.933533e-01 -6.087614e-01 0.000000e+00
    outer loop
      vertex   4.669134e+00 4.175000e+00 -1.300000e+00
      vertex   4.669134e+00 4.175000e+00 0.000000e+00
      vertex   4.454594e+00 4.454594e+00 -1.300000e+00
    endloop
  endfacet
  facet normal -7.933533e-01 -6.087614e-01 0.000000e+00
    outer loop
      vertex   4.454594e+00 4.454594e+00 -1.300000e+00
      vertex   4.669134e+00 4.175000e+00 0.000000e+00
      vertex   4.454594e+00 4.454594e+00 0.000000e+00
    endloop
  endfacet
  facet normal -6.087614e-01 -7.933533e-01 0.000000e+00
    outer loop
      vertex   4.454594e+00 4.454594e+00 -1.300000e+00
      vertex   4.454594e+00 4.454594e+00 0.000000e+00
      vertex   4.175000e+00 4.669134e+00 -1.300000e+00
    endloop
  endfacet
  facet normal -6.087614e-01 -7.933533e-01 -4.159144e-16
    outer loop
      vertex   4.175000e+00 4.669134e+00 -1.300000e+00
      vertex   4.454594e+00 4.454594e+00 0.000000e+00
      vertex   4.175000e+00 4.669134e+00 0.000000e+00
    endloop
  endfacet
  facet normal -3.826834e-01 -9.238795e-01 -2.614547e-16
    outer loop
      vertex   4.175000e+00 4.669134e+00 -1.300000e+00
      vertex   4.175000e+00 4.669134e+00 0.000000e+00
      vertex   3.849406e+00 4.804000e+00 -1.300000e+00
    endloop
  endfacet
  facet normal -3.826834e-01 -9.238795e-01 -2.614547e-16
    outer loop
      vertex   3.849406e+00 4.804000e+00 -1.300000e+00
      vertex   4.175000e+00 4.669134e+00 0.000000e+00
      vertex   3.849406e+00 4.804000e+00 0.000000e+00
    endloop
  endfacet
  facet normal -1.305262e-01 -9.914449e-01 -8.917734e-17
    outer loop
      vertex   3.849406e+00 4.804000e+00 -1.300000e+00
      vertex   3.849406e+00 4.804000e+00 0.000000e+00
      vertex   3.500000e+00 4.850000e+00 -1.300000e+00
    endloop
  endfacet
  facet normal -1.305262e-01 -9.914449e-01 0.000000e+00
    outer loop
      vertex   3.500000e+00 4.850000e+00 -1.300000e+00
      vertex   3.849406e+00 4.804000e+00 0.000000e+00
      vertex   3.500000e+00 4.850000e+00 0.000000e+00
    endloop
  endfacet
  facet normal 1.305262e-01 -9.914449e-01 0.000000e+00
    outer loop
      vertex   3.500000e+00 4.850000e+00 -1.300000e+00
      vertex   3.500000e+00 4.850000e+00 0.000000e+00
      vertex   3.150594e+00 4.804000e+00 -1.300000e+00
    endloop
  endfacet
  facet normal 1.305262e-01 -9.914449e-01 8.917734e-17
    outer loop
      vertex   3.150594e+00 4.804000e+00 -1.300000e+00
      vertex   3.500000e+00 4.850000e+00 0.000000e+00
      vertex   3.150594e+00 4.804000e+00 0.000000e+00
    endloop
  endfacet
  facet normal 3.826834e-01 -9.238795e-01 2.614547e-16
    outer loop
      vertex   3.150594e+00 4.804000e+00 -1.300000e+00
      vertex   3.150594e+00 4.804000e+00 0.000000e+00
      vertex   2.825000e+00 4.669134e+00 -1.300000e+00
    endloop
  endfacet
  facet normal 3.826834e-01 -9.238795e-01 -3.697528e-16
    outer loop
      vertex   2.825000e+00 4.669134e+00 -1.300000e+00
      vertex   3.150594e+00 4.804000e+00 0.000000e+00
      vertex   2.825000e+00 4.669134e+00 0.000000e+00
    endloop
  endfacet
  facet normal 6.087614e-01 -7.933533e-01 -1.261158e-16
    outer loop
      vertex   2.825000e+00 4.669134e+00 -1.300000e+00
      vertex   2.825000e+00 4.669134e+00 0.000000e+00
      vertex   2.545406e+00 4.454594e+00 -1.300000e+00
    endloop
  endfacet
  facet normal 6.087614e-01 -7.933533e-01 0.000000e+00
    outer loop
      vertex   2.545406e+00 4.454594e+00 -1.300000e+00
      vertex   2.825000e+00 4.669134e+00 0.000000e+00
      vertex   2.545406e+00 4.454594e+00 0.000000e+00
    endloop
  endfacet
  facet normal 7.933533e-01 -6.087614e-01 0.000000e+00
    outer loop
      vertex   2.545406e+00 4.454594e+00 -1.300000e+00
      vertex   2.545406e+00 4.454594e+00 0.000000e+00
      vertex   2.330866e+00 4.175000e+00 -1.300000e+00
    endloop
  endfacet
  facet normal 7.933533e-01 -6.087614e-01 -4.159144e-16
    outer loop
      vertex   2.330866e+00 4.175000e+00 -1.300000e+00
      vertex   2.545406e+00 4.454594e+00 0.000000e+00
      vertex   2.330866e+00 4.175000e+00 0.000000e+00
    endloop
  endfacet
  facet normal 9.238795e-01 -3.826834e-01 -2.614547e-16
    outer loop
      vertex   2.330866e+00 4.175000e+00 -1.300000e+00
      vertex   2.330866e+00 4.175000e+00 0.000000e+00
      vertex   2.196000e+00 3.849406e+00 -1.300000e+00
    endloop
  endfacet
  facet normal 9.238795e-01 -3.826834e-01 -1.307274e-16
    outer loop
      vertex   2.196000e+00 3.849406e+00 -1.300000e+00
      vertex   2.330866e+00 4.175000e+00 0.000000e+00
      vertex   2.196000e+00 3.849406e+00 0.000000e+00
    endloop
  endfacet
  facet normal 9.914449e-01 -1.305262e-01 0.000000e+00
    outer loop
      vertex   2.196000e+00 5.284941e+01 -1.300000e+00
      vertex   2.196000e+00 5.284941e+01 0.000000e+00
      vertex   2.150000e+00 5.250000e+01 -1.300000e+00
    endloop
  endfacet
  facet normal 9.914449e-01 -1.305262e-01 1.693423e-15
    outer loop
      vertex   2.150000e+00 5.250000e+01 -1.300000e+00
      vertex   2.196000e+00 5.284941e+01 0.000000e+00
      vertex   2.150000e+00 5.250000e+01 0.000000e+00
    endloop
  endfacet
  facet normal 9.914449e-01 1.305262e-01 1.693423e-15
    outer loop
      vertex   2.150000e+00 5.250000e+01 -1.300000e+00
      vertex   2.150000e+00 5.250000e+01 0.000000e+00
      vertex   2.196000e+00 5.215059e+01 -1.300000e+00
    endloop
  endfacet
  facet normal 9.914449e-01 1.305262e-01 -0.000000e+00
    outer loop
      vertex   2.196000e+00 5.215059e+01 -1.300000e+00
      vertex   2.150000e+00 5.250000e+01 0.000000e+00
      vertex   2.196000e+00 5.215059e+01 0.000000e+00
    endloop
  endfacet
  facet normal 9.238795e-01 3.826834e-01 -0.000000e+00
    outer loop
      vertex   2.196000e+00 5.215059e+01 -1.300000e+00
      vertex   2.196000e+00 5.215059e+01 0.000000e+00
      vertex   2.330866e+00 5.182500e+01 -1.300000e+00
    endloop
  endfacet
  facet normal 9.238795e-01 3.826834e-01 -0.000000e+00
    outer loop
      vertex   2.330866e+00 5.182500e+01 -1.300000e+00
      vertex   2.196000e+00 5.215059e+01 0.000000e+00
      vertex   2.330866e+00 5.182500e+01 0.000000e+00
    endloop
  endfacet
  facet normal 7.933533e-01 6.087614e-01 -0.000000e+00
    outer loop
      vertex   2.330866e+00 5.182500e+01 -1.300000e+00
      vertex   2.330866e+00 5.182500e+01 0.000000e+00
      vertex   2.545406e+00 5.154541e+01 -1.300000e+00
    endloop
  endfacet
  facet normal 7.933533e-01 6.087614e-01 -0.000000e+00
    outer loop
      vertex   2.545406e+00 5.154541e+01 -1.300000e+00
      vertex   2.330866e+00 5.182500e+01 0.000000e+00
      vertex   2.545406e+00 5.154541e+01 0.000000e+00
    endloop
  endfacet
  facet normal 6.087614e-01 7.933533e-01 -0.000000e+00
    outer loop
      vertex   2.545406e+00 5.154541e+01 -1.300000e+00
      vertex   2.545406e+00 5.154541e+01 0.000000e+00
      vertex   2.825000e+00 5.133087e+01 -1.300000e+00
    endloop
  endfacet
  facet normal 6.087614e-01 7.933533e-01 -4.159144e-16
    outer loop
      vertex   2.825000e+00 5.133087e+01 -1.300000e+00
      vertex   2.545406e+00 5.154541e+01 0.000000e+00
      vertex   2.825000e+00 5.133087e+01 0.000000e+00
    endloop
  endfacet
  facet normal 3.826834e-01 9.238795e-01 -2.614547e-16
    outer loop
      vertex   2.825000e+00 5.133087e+01 -1.300000e+00
      vertex   2.825000e+00 5.133087e+01 0.000000e+00
      vertex   3.150594e+00 5.119600e+01 -1.300000e+00
    endloop
  endfacet
  facet normal 3.826834e-01 9.238795e-01 -2.614547e-16
    outer loop
      vertex   3.150594e+00 5.119600e+01 -1.300000e+00
      vertex   2.825000e+00 5.133087e+01 0.000000e+00
      vertex   3.150594e+00 5.119600e+01 0.000000e+00
    endloop
  endfacet
  facet normal 1.305262e-01 9.914449e-01 -8.917734e-17
    outer loop
      vertex   3.150594e+00 5.119600e+01 -1.300000e+00
      vertex   3.150594e+00 5.119600e+01 0.000000e+00
      vertex   3.500000e+00 5.115000e+01 -1.300000e+00
    endloop
  endfacet
  facet normal 1.305262e-01 9.914449e-01 -0.000000e+00
    outer loop
      vertex   3.500000e+00 5.115000e+01 -1.300000e+00
      vertex   3.150594e+00 5.119600e+01 0.000000e+00
      vertex   3.500000e+00 5.115000e+01 0.000000e+00
    endloop
  endfacet
  facet normal -1.305262e-01 9.914449e-01 0.000000e+00
    outer loop
      vertex   3.500000e+00 5.115000e+01 -1.300000e+00
      vertex   3.500000e+00 5.115000e+01 0.000000e+00
      vertex   3.849406e+00 5.119600e+01 -1.300000e+00
    endloop
  endfacet
  facet normal -1.305262e-01 9.914449e-01 8.917734e-17
    outer loop
      vertex   3.849406e+00 5.119600e+01 -1.300000e+00
      vertex   3.500000e+00 5.115000e+01 0.000000e+00
      vertex   3.849406e+00 5.119600e+01 0.000000e+00
    endloop
  endfacet
  facet normal -3.826834e-01 9.238795e-01 2.614547e-16
    outer loop
      vertex   3.849406e+00 5.119600e+01 -1.300000e+00
      vertex   3.849406e+00 5.119600e+01 0.000000e+00
      vertex   4.175000e+00 5.133087e+01 -1.300000e+00
    endloop
  endfacet
  facet normal -3.826834e-01 9.238795e-01 2.614547e-16
    outer loop
      vertex   4.175000e+00 5.133087e+01 -1.300000e+00
      vertex   3.849406e+00 5.119600e+01 0.000000e+00
      vertex   4.175000e+00 5.133087e+01 0.000000e+00
    endloop
  endfacet
  facet normal -6.087614e-01 7.933533e-01 4.159144e-16
    outer loop
      vertex   4.175000e+00 5.133087e+01 -1.300000e+00
      vertex   4.175000e+00 5.133087e+01 0.000000e+00
      vertex   4.454594e+00 5.154541e+01 -1.300000e+00
    endloop
  endfacet
  facet normal -6.087614e-01 7.933533e-01 0.000000e+00
    outer loop
      vertex   4.454594e+00 5.154541e+01 -1.300000e+00
      vertex   4.175000e+00 5.133087e+01 0.000000e+00
      vertex   4.454594e+00 5.154541e+01 0.000000e+00
    endloop
  endfacet
  facet normal -7.933533e-01 6.087614e-01 0.000000e+00
    outer loop
      vertex   4.454594e+00 5.154541e+01 -1.300000e+00
      vertex   4.454594e+00 5.154541e+01 0.000000e+00
      vertex   4.669134e+00 5.182500e+01 -1.300000e+00
    endloop
  endfacet
  facet normal -7.933533e-01 6.087614e-01 0.000000e+00
    outer loop
      vertex   4.669134e+00 5.182500e+01 -1.300000e+00
      vertex   4.454594e+00 5.154541e+01 0.000000e+00
      vertex   4.669134e+00 5.182500e+01 0.000000e+00
    endloop
  endfacet
  facet normal -9.238795e-01 3.826834e-01 0.000000e+00
    outer loop
      vertex   4.669134e+00 5.182500e+01 -1.300000e+00
      vertex   4.669134e+00 5.182500e+01 0.000000e+00
      vertex   4.804000e+00 5.215059e+01 -1.300000e+00
    endloop
  endfacet
  facet normal -9.238795e-01 3.826834e-01 0.000000e+00
    outer loop
      vertex   4.804000e+00 5.215059e+01 -1.300000e+00
      vertex   4.669134e+00 5.182500e+01 0.000000e+00
      vertex   4.804000e+00 5.215059e+01 0.000000e+00
    endloop
  endfacet
  facet normal -9.914449e-01 1.305262e-01 0.000000e+00
    outer loop
      vertex   4.804000e+00 5.215059e+01 -1.300000e+00
      vertex   4.804000e+00 5.215059e+01 0.000000e+00
      vertex   4.850000e+00 5.250000e+01 -1.300000e+00
    endloop
  endfacet
  facet normal -9.914449e-01 1.305262e-01 0.000000e+00
    outer loop
      vertex   4.850000e+00 5.250000e+01 -1.300000e+00
      vertex   4.804000e+00 5.215059e+01 0.000000e+00
      vertex   4.850000e+00 5.250000e+01 0.000000e+00
    endloop
  endfacet
  facet normal -9.914449e-01 -1.305262e-01 0.000000e+00
    outer loop
      vertex   4.850000e+00 5.250000e+01 -1.300000e+00
      vertex   4.850000e+00 5.250000e+01 0.000000e+00
      vertex   4.804000e+00 5.284941e+01 -1.300000e+00
    endloop
  endfacet
  facet normal -9.914449e-01 -1.305262e-01 0.000000e+00
    outer loop
      vertex   4.804000e+00 5.284941e+01 -1.300000e+00
      vertex   4.850000e+00 5.250000e+01 0.000000e+00
      vertex   4.804000e+00 5.284941e+01 0.000000e+00
    endloop
  endfacet
  facet normal -9.238795e-01 -3.826834e-01 0.000000e+00
    outer loop
      vertex   4.804000e+00 5.284941e+01 -1.300000e+00
      vertex   4.804000e+00 5.284941e+01 0.000000e+00
      vertex   4.669134e+00 5.317500e+01 -1.300000e+00
    endloop
  endfacet
  facet normal -9.238795e-01 -3.826834e-01 0.000000e+00
    outer loop
      vertex   4.669134e+00 5.317500e+01 -1.300000e+00
      vertex   4.804000e+00 5.284941e+01 0.000000e+00
      vertex   4.669134e+00 5.317500e+01 0.000000e+00
    endloop
  endfacet
  facet normal -7.933533e-01 -6.087614e-01 0.000000e+00
    outer loop
      vertex   4.669134e+00 5.317500e+01 -1.300000e+00
      vertex   4.669134e+00 5.317500e+01 0.000000e+00
      vertex   4.454594e+00 5.345459e+01 -1.300000e+00
    endloop
  endfacet
  facet normal -7.933533e-01 -6.087614e-01 0.000000e+00
    outer loop
      vertex   4.454594e+00 5.345459e+01 -1.300000e+00
      vertex   4.669134e+00 5.317500e+01 0.000000e+00
      vertex   4.454594e+00 5.345459e+01 0.000000e+00
    endloop
  endfacet
  facet normal -6.087614e-01 -7.933533e-01 0.000000e+00
    outer loop
      vertex   4.454594e+00 5.345459e+01 -1.300000e+00
      vertex   4.454594e+00 5.345459e+01 0.000000e+00
      vertex   4.175000e+00 5.366913e+01 -1.300000e+00
    endloop
  endfacet
  facet normal -6.087614e-01 -7.933533e-01 -4.159144e-16
    outer loop
      vertex   4.175000e+00 5.366913e+01 -1.300000e+00
      vertex   4.454594e+00 5.345459e+01 0.000000e+00
      vertex   4.175000e+00 5.366913e+01 0.000000e+00
    endloop
  endfacet
  facet normal -3.826834e-01 -9.238795e-01 -2.614547e-16
    outer loop
      vertex   4.175000e+00 5.366913e+01 -1.300000e+00
      vertex   4.175000e+00 5.366913e+01 0.000000e+00
      vertex   3.849406e+00 5.380400e+01 -1.300000e+00
    endloop
  endfacet
  facet normal -3.826834e-01 -9.238795e-01 -2.614547e-16
    outer loop
      vertex   3.849406e+00 5.380400e+01 -1.300000e+00
      vertex   4.175000e+00 5.366913e+01 0.000000e+00
      vertex   3.849406e+00 5.380400e+01 0.000000e+00
    endloop
  endfacet
  facet normal -1.305262e-01 -9.914449e-01 -8.917734e-17
    outer loop
      vertex   3.849406e+00 5.380400e+01 -1.300000e+00
      vertex   3.849406e+00 5.380400e+01 0.000000e+00
      vertex   3.500000e+00 5.385000e+01 -1.300000e+00
    endloop
  endfacet
  facet normal -1.305262e-01 -9.914449e-01 0.000000e+00
    outer loop
      vertex   3.500000e+00 5.385000e+01 -1.300000e+00
      vertex   3.849406e+00 5.380400e+01 0.000000e+00
      vertex   3.500000e+00 5.385000e+01 0.000000e+00
    endloop
  endfacet
  facet normal 1.305262e-01 -9.914449e-01 0.000000e+00
    outer loop
      vertex   3.500000e+00 5.385000e+01 -1.300000e+00
      vertex   3.500000e+00 5.385000e+01 0.000000e+00
      vertex   3.150594e+00 5.380400e+01 -1.300000e+00
    endloop
  endfacet
  facet normal 1.305262e-01 -9.914449e-01 8.917734e-17
    outer loop
      vertex   3.150594e+00 5.380400e+01 -1.300000e+00
      vertex   3.500000e+00 5.385000e+01 0.000000e+00
      vertex   3.150594e+00 5.380400e+01 0.000000e+00
    endloop
  endfacet
  facet normal 3.826834e-01 -9.238795e-01 2.614547e-16
    outer loop
      vertex   3.150594e+00 5.380400e+01 -1.300000e+00
      vertex   3.150594e+00 5.380400e+01 0.000000e+00
      vertex   2.825000e+00 5.366913e+01 -1.300000e+00
    endloop
  endfacet
  facet normal 3.826834e-01 -9.238795e-01 2.614547e-16
    outer loop
      vertex   2.825000e+00 5.366913e+01 -1.300000e+00
      vertex   3.150594e+00 5.380400e+01 0.000000e+00
      vertex   2.825000e+00 5.366913e+01 0.000000e+00
    endloop
  endfacet
  facet normal 6.087614e-01 -7.933533e-01 4.159144e-16
    outer loop
      vertex   2.825000e+00 5.366913e+01 -1.300000e+00
      vertex   2.825000e+00 5.366913e+01 0.000000e+00
      vertex   2.545406e+00 5.345459e+01 -1.300000e+00
    endloop
  endfacet
  facet normal 6.087614e-01 -7.933533e-01 0.000000e+00
    outer loop
      vertex   2.545406e+00 5.345459e+01 -1.300000e+00
      vertex   2.825000e+00 5.366913e+01 0.000000e+00
      vertex   2.545406e+00 5.345459e+01 0.000000e+00
    endloop
  endfacet
  facet normal 7.933533e-01 -6.087614e-01 0.000000e+00
    outer loop
      vertex   2.545406e+00 5.345459e+01 -1.300000e+00
      vertex   2.545406e+00 5.345459e+01 0.000000e+00
      vertex   2.330866e+00 5.317500e+01 -1.300000e+00
    endloop
  endfacet
  facet normal 7.933533e-01 -6.087614e-01 0.000000e+00
    outer loop
      vertex   2.330866e+00 5.317500e+01 -1.300000e+00
      vertex   2.545406e+00 5.345459e+01 0.000000e+00
      vertex   2.330866e+00 5.317500e+01 0.000000e+00
    endloop
  endfacet
  facet normal 9.238795e-01 -3.826834e-01 0.000000e+00
    outer loop
      vertex   2.330866e+00 5.317500e+01 -1.300000e+00
      vertex   2.330866e+00 5.317500e+01 0.000000e+00
      vertex   2.196000e+00 5.284941e+01 -1.300000e+00
    endloop
  endfacet
  facet normal 9.238795e-01 -3.826834e-01 0.000000e+00
    outer loop
      vertex   2.196000e+00 5.284941e+01 -1.300000e+00
      vertex   2.330866e+00 5.317500e+01 0.000000e+00
      vertex   2.196000e+00 5.284941e+01 0.000000e+00
    endloop
  endfacet
  facet normal 9.914449e-01 -1.305262e-01 -4.458867e-17
    outer loop
      vertex   6.019600e+01 3.849406e+00 -1.300000e+00
      vertex   6.019600e+01 3.849406e+00 0.000000e+00
      vertex   6.015000e+01 3.500000e+00 -1.300000e+00
    endloop
  endfacet
  facet normal 9.914449e-01 -1.305262e-01 0.000000e+00
    outer loop
      vertex   6.015000e+01 3.500000e+00 -1.300000e+00
      vertex   6.019600e+01 3.849406e+00 0.000000e+00
      vertex   6.015000e+01 3.500000e+00 0.000000e+00
    endloop
  endfacet
  facet normal 9.914449e-01 1.305262e-01 -0.000000e+00
    outer loop
      vertex   6.015000e+01 3.500000e+00 -1.300000e+00
      vertex   6.015000e+01 3.500000e+00 0.000000e+00
      vertex   6.019600e+01 3.150594e+00 -1.300000e+00
    endloop
  endfacet
  facet normal 9.914449e-01 1.305262e-01 4.458867e-17
    outer loop
      vertex   6.019600e+01 3.150594e+00 -1.300000e+00
      vertex   6.015000e+01 3.500000e+00 0.000000e+00
      vertex   6.019600e+01 3.150594e+00 0.000000e+00
    endloop
  endfacet
  facet normal 9.238795e-01 3.826834e-01 1.307274e-16
    outer loop
      vertex   6.019600e+01 3.150594e+00 -1.300000e+00
      vertex   6.019600e+01 3.150594e+00 0.000000e+00
      vertex   6.033087e+01 2.825000e+00 -1.300000e+00
    endloop
  endfacet
  facet normal 9.238795e-01 3.826834e-01 1.307274e-16
    outer loop
      vertex   6.033087e+01 2.825000e+00 -1.300000e+00
      vertex   6.019600e+01 3.150594e+00 0.000000e+00
      vertex   6.033087e+01 2.825000e+00 0.000000e+00
    endloop
  endfacet
  facet normal 7.933533e-01 6.087614e-01 2.079572e-16
    outer loop
      vertex   6.033087e+01 2.825000e+00 -1.300000e+00
      vertex   6.033087e+01 2.825000e+00 0.000000e+00
      vertex   6.054541e+01 2.545406e+00 -1.300000e+00
    endloop
  endfacet
  facet normal 7.933533e-01 6.087614e-01 -0.000000e+00
    outer loop
      vertex   6.054541e+01 2.545406e+00 -1.300000e+00
      vertex   6.033087e+01 2.825000e+00 0.000000e+00
      vertex   6.054541e+01 2.545406e+00 0.000000e+00
    endloop
  endfacet
  facet normal 6.087614e-01 7.933533e-01 -0.000000e+00
    outer loop
      vertex   6.054541e+01 2.545406e+00 -1.300000e+00
      vertex   6.054541e+01 2.545406e+00 0.000000e+00
      vertex   6.082500e+01 2.330866e+00 -1.300000e+00
    endloop
  endfacet
  facet normal 6.087614e-01 7.933533e-01 2.710151e-16
    outer loop
      vertex   6.082500e+01 2.330866e+00 -1.300000e+00
      vertex   6.054541e+01 2.545406e+00 0.000000e+00
      vertex   6.082500e+01 2.330866e+00 0.000000e+00
    endloop
  endfacet
  facet normal 3.826834e-01 9.238795e-01 3.156038e-16
    outer loop
      vertex   6.082500e+01 2.330866e+00 -1.300000e+00
      vertex   6.082500e+01 2.330866e+00 0.000000e+00
      vertex   6.115059e+01 2.196000e+00 -1.300000e+00
    endloop
  endfacet
  facet normal 3.826834e-01 9.238795e-01 3.156038e-16
    outer loop
      vertex   6.115059e+01 2.196000e+00 -1.300000e+00
      vertex   6.082500e+01 2.330866e+00 0.000000e+00
      vertex   6.115059e+01 2.196000e+00 0.000000e+00
    endloop
  endfacet
  facet normal 1.305262e-01 9.914449e-01 3.386846e-16
    outer loop
      vertex   6.115059e+01 2.196000e+00 -1.300000e+00
      vertex   6.115059e+01 2.196000e+00 0.000000e+00
      vertex   6.150000e+01 2.150000e+00 -1.300000e+00
    endloop
  endfacet
  facet normal 1.305262e-01 9.914449e-01 -0.000000e+00
    outer loop
      vertex   6.150000e+01 2.150000e+00 -1.300000e+00
      vertex   6.115059e+01 2.196000e+00 0.000000e+00
      vertex   6.150000e+01 2.150000e+00 0.000000e+00
    endloop
  endfacet
  facet normal -1.305262e-01 9.914449e-01 0.000000e+00
    outer loop
      vertex   6.150000e+01 2.150000e+00 -1.300000e+00
      vertex   6.150000e+01 2.150000e+00 0.000000e+00
      vertex   6.184941e+01 2.196000e+00 -1.300000e+00
    endloop
  endfacet
  facet normal -1.305262e-01 9.914449e-01 0.000000e+00
    outer loop
      vertex   6.184941e+01 2.196000e+00 -1.300000e+00
      vertex   6.150000e+01 2.150000e+00 0.000000e+00
      vertex   6.184941e+01 2.196000e+00 0.000000e+00
    endloop
  endfacet
  facet normal -3.826834e-01 9.238795e-01 0.000000e+00
    outer loop
      vertex   6.184941e+01 2.196000e+00 -1.300000e+00
      vertex   6.184941e+01 2.196000e+00 0.000000e+00
      vertex   6.217500e+01 2.330866e+00 -1.300000e+00
    endloop
  endfacet
  facet normal -3.826834e-01 9.238795e-01 -3.156038e-16
    outer loop
      vertex   6.217500e+01 2.330866e+00 -1.300000e+00
      vertex   6.184941e+01 2.196000e+00 0.000000e+00
      vertex   6.217500e+01 2.330866e+00 0.000000e+00
    endloop
  endfacet
  facet normal -6.087614e-01 7.933533e-01 -2.710151e-16
    outer loop
      vertex   6.217500e+01 2.330866e+00 -1.300000e+00
      vertex   6.217500e+01 2.330866e+00 0.000000e+00
      vertex   6.245459e+01 2.545406e+00 -1.300000e+00
    endloop
  endfacet
  facet normal -6.087614e-01 7.933533e-01 -2.710151e-16
    outer loop
      vertex   6.245459e+01 2.545406e+00 -1.300000e+00
      vertex   6.217500e+01 2.330866e+00 0.000000e+00
      vertex   6.245459e+01 2.545406e+00 0.000000e+00
    endloop
  endfacet
  facet normal -7.933533e-01 6.087614e-01 -2.079572e-16
    outer loop
      vertex   6.245459e+01 2.545406e+00 -1.300000e+00
      vertex   6.245459e+01 2.545406e+00 0.000000e+00
      vertex   6.266913e+01 2.825000e+00 -1.300000e+00
    endloop
  endfacet
  facet normal -7.933533e-01 6.087614e-01 0.000000e+00
    outer loop
      vertex   6.266913e+01 2.825000e+00 -1.300000e+00
      vertex   6.245459e+01 2.545406e+00 0.000000e+00
      vertex   6.266913e+01 2.825000e+00 0.000000e+00
    endloop
  endfacet
  facet normal -9.238795e-01 3.826834e-01 0.000000e+00
    outer loop
      vertex   6.266913e+01 2.825000e+00 -1.300000e+00
      vertex   6.266913e+01 2.825000e+00 0.000000e+00
      vertex   6.280400e+01 3.150594e+00 -1.300000e+00
    endloop
  endfacet
  facet normal -9.238795e-01 3.826834e-01 -1.307274e-16
    outer loop
      vertex   6.280400e+01 3.150594e+00 -1.300000e+00
      vertex   6.266913e+01 2.825000e+00 0.000000e+00
      vertex   6.280400e+01 3.150594e+00 0.000000e+00
    endloop
  endfacet
  facet normal -9.914449e-01 1.305262e-01 -4.458867e-17
    outer loop
      vertex   6.280400e+01 3.150594e+00 -1.300000e+00
      vertex   6.280400e+01 3.150594e+00 0.000000e+00
      vertex   6.285000e+01 3.500000e+00 -1.300000e+00
    endloop
  endfacet
  facet normal -9.914449e-01 1.305262e-01 0.000000e+00
    outer loop
      vertex   6.285000e+01 3.500000e+00 -1.300000e+00
      vertex   6.280400e+01 3.150594e+00 0.000000e+00
      vertex   6.285000e+01 3.500000e+00 0.000000e+00
    endloop
  endfacet
  facet normal -9.914449e-01 -1.305262e-01 0.000000e+00
    outer loop
      vertex   6.285000e+01 3.500000e+00 -1.300000e+00
      vertex   6.285000e+01 3.500000e+00 0.000000e+00
      vertex   6.280400e+01 3.849406e+00 -1.300000e+00
    endloop
  endfacet
  facet normal -9.914449e-01 -1.305262e-01 4.458867e-17
    outer loop
      vertex   6.280400e+01 3.849406e+00 -1.300000e+00
      vertex   6.285000e+01 3.500000e+00 0.000000e+00
      vertex   6.280400e+01 3.849406e+00 0.000000e+00
    endloop
  endfacet
  facet normal -9.238795e-01 -3.826834e-01 1.307274e-16
    outer loop
      vertex   6.280400e+01 3.849406e+00 -1.300000e+00
      vertex   6.280400e+01 3.849406e+00 0.000000e+00
      vertex   6.266913e+01 4.175000e+00 -1.300000e+00
    endloop
  endfacet
  facet normal -9.238795e-01 -3.826834e-01 0.000000e+00
    outer loop
      vertex   6.266913e+01 4.175000e+00 -1.300000e+00
      vertex   6.280400e+01 3.849406e+00 0.000000e+00
      vertex   6.266913e+01 4.175000e+00 0.000000e+00
    endloop
  endfacet
  facet normal -7.933533e-01 -6.087614e-01 0.000000e+00
    outer loop
      vertex   6.266913e+01 4.175000e+00 -1.300000e+00
      vertex   6.266913e+01 4.175000e+00 0.000000e+00
      vertex   6.245459e+01 4.454594e+00 -1.300000e+00
    endloop
  endfacet
  facet normal -7.933533e-01 -6.087614e-01 0.000000e+00
    outer loop
      vertex   6.245459e+01 4.454594e+00 -1.300000e+00
      vertex   6.266913e+01 4.175000e+00 0.000000e+00
      vertex   6.245459e+01 4.454594e+00 0.000000e+00
    endloop
  endfacet
  facet normal -6.087614e-01 -7.933533e-01 0.000000e+00
    outer loop
      vertex   6.245459e+01 4.454594e+00 -1.300000e+00
      vertex   6.245459e+01 4.454594e+00 0.000000e+00
      vertex   6.217500e+01 4.669134e+00 -1.300000e+00
    endloop
  endfacet
  facet normal -6.087614e-01 -7.933533e-01 0.000000e+00
    outer loop
      vertex   6.217500e+01 4.669134e+00 -1.300000e+00
      vertex   6.245459e+01 4.454594e+00 0.000000e+00
      vertex   6.217500e+01 4.669134e+00 0.000000e+00
    endloop
  endfacet
  facet normal -3.826834e-01 -9.238795e-01 0.000000e+00
    outer loop
      vertex   6.217500e+01 4.669134e+00 -1.300000e+00
      vertex   6.217500e+01 4.669134e+00 0.000000e+00
      vertex   6.184941e+01 4.804000e+00 -1.300000e+00
    endloop
  endfacet
  facet normal -3.826834e-01 -9.238795e-01 6.312076e-16
    outer loop
      vertex   6.184941e+01 4.804000e+00 -1.300000e+00
      vertex   6.217500e+01 4.669134e+00 0.000000e+00
      vertex   6.184941e+01 4.804000e+00 0.000000e+00
    endloop
  endfacet
  facet normal -1.305262e-01 -9.914449e-01 6.773692e-16
    outer loop
      vertex   6.184941e+01 4.804000e+00 -1.300000e+00
      vertex   6.184941e+01 4.804000e+00 0.000000e+00
      vertex   6.150000e+01 4.850000e+00 -1.300000e+00
    endloop
  endfacet
  facet normal -1.305262e-01 -9.914449e-01 0.000000e+00
    outer loop
      vertex   6.150000e+01 4.850000e+00 -1.300000e+00
      vertex   6.184941e+01 4.804000e+00 0.000000e+00
      vertex   6.150000e+01 4.850000e+00 0.000000e+00
    endloop
  endfacet
  facet normal 1.305262e-01 -9.914449e-01 0.000000e+00
    outer loop
      vertex   6.150000e+01 4.850000e+00 -1.300000e+00
      vertex   6.150000e+01 4.850000e+00 0.000000e+00
      vertex   6.115059e+01 4.804000e+00 -1.300000e+00
    endloop
  endfacet
  facet normal 1.305262e-01 -9.914449e-01 0.000000e+00
    outer loop
      vertex   6.115059e+01 4.804000e+00 -1.300000e+00
      vertex   6.150000e+01 4.850000e+00 0.000000e+00
      vertex   6.115059e+01 4.804000e+00 0.000000e+00
    endloop
  endfacet
  facet normal 3.826834e-01 -9.238795e-01 0.000000e+00
    outer loop
      vertex   6.115059e+01 4.804000e+00 -1.300000e+00
      vertex   6.115059e+01 4.804000e+00 0.000000e+00
      vertex   6.082500e+01 4.669134e+00 -1.300000e+00
    endloop
  endfacet
  facet normal 3.826834e-01 -9.238795e-01 -6.312076e-16
    outer loop
      vertex   6.082500e+01 4.669134e+00 -1.300000e+00
      vertex   6.115059e+01 4.804000e+00 0.000000e+00
      vertex   6.082500e+01 4.669134e+00 0.000000e+00
    endloop
  endfacet
  facet normal 6.087614e-01 -7.933533e-01 -5.420302e-16
    outer loop
      vertex   6.082500e+01 4.669134e+00 -1.300000e+00
      vertex   6.082500e+01 4.669134e+00 0.000000e+00
      vertex   6.054541e+01 4.454594e+00 -1.300000e+00
    endloop
  endfacet
  facet normal 6.087614e-01 -7.933533e-01 0.000000e+00
    outer loop
      vertex   6.054541e+01 4.454594e+00 -1.300000e+00
      vertex   6.082500e+01 4.669134e+00 0.000000e+00
      vertex   6.054541e+01 4.454594e+00 0.000000e+00
    endloop
  endfacet
  facet normal 7.933533e-01 -6.087614e-01 0.000000e+00
    outer loop
      vertex   6.054541e+01 4.454594e+00 -1.300000e+00
      vertex   6.054541e+01 4.454594e+00 0.000000e+00
      vertex   6.033087e+01 4.175000e+00 -1.300000e+00
    endloop
  endfacet
  facet normal 7.933533e-01 -6.087614e-01 -4.159144e-16
    outer loop
      vertex   6.033087e+01 4.175000e+00 -1.300000e+00
      vertex   6.054541e+01 4.454594e+00 0.000000e+00
      vertex   6.033087e+01 4.175000e+00 0.000000e+00
    endloop
  endfacet
  facet normal 9.238795e-01 -3.826834e-01 -2.614547e-16
    outer loop
      vertex   6.033087e+01 4.175000e+00 -1.300000e+00
      vertex   6.033087e+01 4.175000e+00 0.000000e+00
      vertex   6.019600e+01 3.849406e+00 -1.300000e+00
    endloop
  endfacet
  facet normal 9.238795e-01 -3.826834e-01 -1.307274e-16
    outer loop
      vertex   6.019600e+01 3.849406e+00 -1.300000e+00
      vertex   6.033087e+01 4.175000e+00 0.000000e+00
      vertex   6.019600e+01 3.849406e+00 0.000000e+00
    endloop
  endfacet
  facet normal 9.914449e-01 -1.305262e-01 0.000000e+00
    outer loop
      vertex   6.019600e+01 5.284941e+01 -1.300000e+00
      vertex   6.019600e+01 5.284941e+01 0.000000e+00
      vertex   6.015000e+01 5.250000e+01 -1.300000e+00
    endloop
  endfacet
  facet normal 9.914449e-01 -1.305262e-01 0.000000e+00
    outer loop
      vertex   6.015000e+01 5.250000e+01 -1.300000e+00
      vertex   6.019600e+01 5.284941e+01 0.000000e+00
      vertex   6.015000e+01 5.250000e+01 0.000000e+00
    endloop
  endfacet
  facet normal 9.914449e-01 1.305262e-01 -0.000000e+00
    outer loop
      vertex   6.015000e+01 5.250000e+01 -1.300000e+00
      vertex   6.015000e+01 5.250000e+01 0.000000e+00
      vertex   6.019600e+01 5.215059e+01 -1.300000e+00
    endloop
  endfacet
  facet normal 9.914449e-01 1.305262e-01 -0.000000e+00
    outer loop
      vertex   6.019600e+01 5.215059e+01 -1.300000e+00
      vertex   6.015000e+01 5.250000e+01 0.000000e+00
      vertex   6.019600e+01 5.215059e+01 0.000000e+00
    endloop
  endfacet
  facet normal 9.238795e-01 3.826834e-01 -0.000000e+00
    outer loop
      vertex   6.019600e+01 5.215059e+01 -1.300000e+00
      vertex   6.019600e+01 5.215059e+01 0.000000e+00
      vertex   6.033087e+01 5.182500e+01 -1.300000e+00
    endloop
  endfacet
  facet normal 9.238795e-01 3.826834e-01 -0.000000e+00
    outer loop
      vertex   6.033087e+01 5.182500e+01 -1.300000e+00
      vertex   6.019600e+01 5.215059e+01 0.000000e+00
      vertex   6.033087e+01 5.182500e+01 0.000000e+00
    endloop
  endfacet
  facet normal 7.933533e-01 6.087614e-01 -0.000000e+00
    outer loop
      vertex   6.033087e+01 5.182500e+01 -1.300000e+00
      vertex   6.033087e+01 5.182500e+01 0.000000e+00
      vertex   6.054541e+01 5.154541e+01 -1.300000e+00
    endloop
  endfacet
  facet normal 7.933533e-01 6.087614e-01 -0.000000e+00
    outer loop
      vertex   6.054541e+01 5.154541e+01 -1.300000e+00
      vertex   6.033087e+01 5.182500e+01 0.000000e+00
      vertex   6.054541e+01 5.154541e+01 0.000000e+00
    endloop
  endfacet
  facet normal 6.087614e-01 7.933533e-01 -0.000000e+00
    outer loop
      vertex   6.054541e+01 5.154541e+01 -1.300000e+00
      vertex   6.054541e+01 5.154541e+01 0.000000e+00
      vertex   6.082500e+01 5.133087e+01 -1.300000e+00
    endloop
  endfacet
  facet normal 6.087614e-01 7.933533e-01 -0.000000e+00
    outer loop
      vertex   6.082500e+01 5.133087e+01 -1.300000e+00
      vertex   6.054541e+01 5.154541e+01 0.000000e+00
      vertex   6.082500e+01 5.133087e+01 0.000000e+00
    endloop
  endfacet
  facet normal 3.826834e-01 9.238795e-01 -0.000000e+00
    outer loop
      vertex   6.082500e+01 5.133087e+01 -1.300000e+00
      vertex   6.082500e+01 5.133087e+01 0.000000e+00
      vertex   6.115059e+01 5.119600e+01 -1.300000e+00
    endloop
  endfacet
  facet normal 3.826834e-01 9.238795e-01 -0.000000e+00
    outer loop
      vertex   6.115059e+01 5.119600e+01 -1.300000e+00
      vertex   6.082500e+01 5.133087e+01 0.000000e+00
      vertex   6.115059e+01 5.119600e+01 0.000000e+00
    endloop
  endfacet
  facet normal 1.305262e-01 9.914449e-01 -0.000000e+00
    outer loop
      vertex   6.115059e+01 5.119600e+01 -1.300000e+00
      vertex   6.115059e+01 5.119600e+01 0.000000e+00
      vertex   6.150000e+01 5.115000e+01 -1.300000e+00
    endloop
  endfacet
  facet normal 1.305262e-01 9.914449e-01 -0.000000e+00
    outer loop
      vertex   6.150000e+01 5.115000e+01 -1.300000e+00
      vertex   6.115059e+01 5.119600e+01 0.000000e+00
      vertex   6.150000e+01 5.115000e+01 0.000000e+00
    endloop
  endfacet
  facet normal -1.305262e-01 9.914449e-01 0.000000e+00
    outer loop
      vertex   6.150000e+01 5.115000e+01 -1.300000e+00
      vertex   6.150000e+01 5.115000e+01 0.000000e+00
      vertex   6.184941e+01 5.119600e+01 -1.300000e+00
    endloop
  endfacet
  facet normal -1.305262e-01 9.914449e-01 0.000000e+00
    outer loop
      vertex   6.184941e+01 5.119600e+01 -1.300000e+00
      vertex   6.150000e+01 5.115000e+01 0.000000e+00
      vertex   6.184941e+01 5.119600e+01 0.000000e+00
    endloop
  endfacet
  facet normal -3.826834e-01 9.238795e-01 0.000000e+00
    outer loop
      vertex   6.184941e+01 5.119600e+01 -1.300000e+00
      vertex   6.184941e+01 5.119600e+01 0.000000e+00
      vertex   6.217500e+01 5.133087e+01 -1.300000e+00
    endloop
  endfacet
  facet normal -3.826834e-01 9.238795e-01 0.000000e+00
    outer loop
      vertex   6.217500e+01 5.133087e+01 -1.300000e+00
      vertex   6.184941e+01 5.119600e+01 0.000000e+00
      vertex   6.217500e+01 5.133087e+01 0.000000e+00
    endloop
  endfacet
  facet normal -6.087614e-01 7.933533e-01 0.000000e+00
    outer loop
      vertex   6.217500e+01 5.133087e+01 -1.300000e+00
      vertex   6.217500e+01 5.133087e+01 0.000000e+00
      vertex   6.245459e+01 5.154541e+01 -1.300000e+00
    endloop
  endfacet
  facet normal -6.087614e-01 7.933533e-01 0.000000e+00
    outer loop
      vertex   6.245459e+01 5.154541e+01 -1.300000e+00
      vertex   6.217500e+01 5.133087e+01 0.000000e+00
      vertex   6.245459e+01 5.154541e+01 0.000000e+00
    endloop
  endfacet
  facet normal -7.933533e-01 6.087614e-01 0.000000e+00
    outer loop
      vertex   6.245459e+01 5.154541e+01 -1.300000e+00
      vertex   6.245459e+01 5.154541e+01 0.000000e+00
      vertex   6.266913e+01 5.182500e+01 -1.300000e+00
    endloop
  endfacet
  facet normal -7.933533e-01 6.087614e-01 0.000000e+00
    outer loop
      vertex   6.266913e+01 5.182500e+01 -1.300000e+00
      vertex   6.245459e+01 5.154541e+01 0.000000e+00
      vertex   6.266913e+01 5.182500e+01 0.000000e+00
    endloop
  endfacet
  facet normal -9.238795e-01 3.826834e-01 0.000000e+00
    outer loop
      vertex   6.266913e+01 5.182500e+01 -1.300000e+00
      vertex   6.266913e+01 5.182500e+01 0.000000e+00
      vertex   6.280400e+01 5.215059e+01 -1.300000e+00
    endloop
  endfacet
  facet normal -9.238795e-01 3.826834e-01 0.000000e+00
    outer loop
      vertex   6.280400e+01 5.215059e+01 -1.300000e+00
      vertex   6.266913e+01 5.182500e+01 0.000000e+00
      vertex   6.280400e+01 5.215059e+01 0.000000e+00
    endloop
  endfacet
  facet normal -9.914449e-01 1.305262e-01 0.000000e+00
    outer loop
      vertex   6.280400e+01 5.215059e+01 -1.300000e+00
      vertex   6.280400e+01 5.215059e+01 0.000000e+00
      vertex   6.285000e+01 5.250000e+01 -1.300000e+00
    endloop
  endfacet
  facet normal -9.914449e-01 1.305262e-01 0.000000e+00
    outer loop
      vertex   6.285000e+01 5.250000e+01 -1.300000e+00
      vertex   6.280400e+01 5.215059e+01 0.000000e+00
      vertex   6.285000e+01 5.250000e+01 0.000000e+00
    endloop
  endfacet
  facet normal -9.914449e-01 -1.305262e-01 0.000000e+00
    outer loop
      vertex   6.285000e+01 5.250000e+01 -1.300000e+00
      vertex   6.285000e+01 5.250000e+01 0.000000e+00
      vertex   6.280400e+01 5.284941e+01 -1.300000e+00
    endloop
  endfacet
  facet normal -9.914449e-01 -1.305262e-01 0.000000e+00
    outer loop
      vertex   6.280400e+01 5.284941e+01 -1.300000e+00
      vertex   6.285000e+01 5.250000e+01 0.000000e+00
      vertex   6.280400e+01 5.284941e+01 0.000000e+00
    endloop
  endfacet
  facet normal -9.238795e-01 -3.826834e-01 0.000000e+00
    outer loop
      vertex   6.280400e+01 5.284941e+01 -1.300000e+00
      vertex   6.280400e+01 5.284941e+01 0.000000e+00
      vertex   6.266913e+01 5.317500e+01 -1.300000e+00
    endloop
  endfacet
  facet normal -9.238795e-01 -3.826834e-01 0.000000e+00
    outer loop
      vertex   6.266913e+01 5.317500e+01 -1.300000e+00
      vertex   6.280400e+01 5.284941e+01 0.000000e+00
      vertex   6.266913e+01 5.317500e+01 0.000000e+00
    endloop
  endfacet
  facet normal -7.933533e-01 -6.087614e-01 0.000000e+00
    outer loop
      vertex   6.266913e+01 5.317500e+01 -1.300000e+00
      vertex   6.266913e+01 5.317500e+01 0.000000e+00
      vertex   6.245459e+01 5.345459e+01 -1.300000e+00
    endloop
  endfacet
  facet normal -7.933533e-01 -6.087614e-01 0.000000e+00
    outer loop
      vertex   6.245459e+01 5.345459e+01 -1.300000e+00
      vertex   6.266913e+01 5.317500e+01 0.000000e+00
      vertex   6.245459e+01 5.345459e+01 0.000000e+00
    endloop
  endfacet
  facet normal -6.087614e-01 -7.933533e-01 0.000000e+00
    outer loop
      vertex   6.245459e+01 5.345459e+01 -1.300000e+00
      vertex   6.245459e+01 5.345459e+01 0.000000e+00
      vertex   6.217500e+01 5.366913e+01 -1.300000e+00
    endloop
  endfacet
  facet normal -6.087614e-01 -7.933533e-01 0.000000e+00
    outer loop
      vertex   6.217500e+01 5.366913e+01 -1.300000e+00
      vertex   6.245459e+01 5.345459e+01 0.000000e+00
      vertex   6.217500e+01 5.366913e+01 0.000000e+00
    endloop
  endfacet
  facet normal -3.826834e-01 -9.238795e-01 0.000000e+00
    outer loop
      vertex   6.217500e+01 5.366913e+01 -1.300000e+00
      vertex   6.217500e+01 5.366913e+01 0.000000e+00
      vertex   6.184941e+01 5.380400e+01 -1.300000e+00
    endloop
  endfacet
  facet normal -3.826834e-01 -9.238795e-01 0.000000e+00
    outer loop
      vertex   6.184941e+01 5.380400e+01 -1.300000e+00
      vertex   6.217500e+01 5.366913e+01 0.000000e+00
      vertex   6.184941e+01 5.380400e+01 0.000000e+00
    endloop
  endfacet
  facet normal -1.305262e-01 -9.914449e-01 0.000000e+00
    outer loop
      vertex   6.184941e+01 5.380400e+01 -1.300000e+00
      vertex   6.184941e+01 5.380400e+01 0.000000e+00
      vertex   6.150000e+01 5.385000e+01 -1.300000e+00
    endloop
  endfacet
  facet normal -1.305262e-01 -9.914449e-01 0.000000e+00
    outer loop
      vertex   6.150000e+01 5.385000e+01 -1.300000e+00
      vertex   6.184941e+01 5.380400e+01 0.000000e+00
      vertex   6.150000e+01 5.385000e+01 0.000000e+00
    endloop
  endfacet
  facet normal 1.305262e-01 -9.914449e-01 0.000000e+00
    outer loop
      vertex   6.150000e+01 5.385000e+01 -1.300000e+00
      vertex   6.150000e+01 5.385000e+01 0.000000e+00
      vertex   6.115059e+01 5.380400e+01 -1.300000e+00
    endloop
  endfacet
  facet normal 1.305262e-01 -9.914449e-01 0.000000e+00
    outer loop
      vertex   6.115059e+01 5.380400e+01 -1.300000e+00
      vertex   6.150000e+01 5.385000e+01 0.000000e+00
      vertex   6.115059e+01 5.380400e+01 0.000000e+00
    endloop
  endfacet
  facet normal 3.826834e-01 -9.238795e-01 0.000000e+00
    outer loop
      vertex   6.115059e+01 5.380400e+01 -1.300000e+00
      vertex   6.115059e+01 5.380400e+01 0.000000e+00
      vertex   6.082500e+01 5.366913e+01 -1.300000e+00
    endloop
  endfacet
  facet normal 3.826834e-01 -9.238795e-01 0.000000e+00
    outer loop
      vertex   6.082500e+01 5.366913e+01 -1.300000e+00
      vertex   6.115059e+01 5.380400e+01 0.000000e+00
      vertex   6.082500e+01 5.366913e+01 0.000000e+00
    endloop
  endfacet
  facet normal 6.087614e-01 -7.933533e-01 0.000000e+00
    outer loop
      vertex   6.082500e+01 5.366913e+01 -1.300000e+00
      vertex   6.082500e+01 5.366913e+01 0.000000e+00
      vertex   6.054541e+01 5.345459e+01 -1.300000e+00
    endloop
  endfacet
  facet normal 6.087614e-01 -7.933533e-01 0.000000e+00
    outer loop
      vertex   6.054541e+01 5.345459e+01 -1.300000e+00
      vertex   6.082500e+01 5.366913e+01 0.000000e+00
      vertex   6.054541e+01 5.345459e+01 0.000000e+00
    endloop
  endfacet
  facet normal 7.933533e-01 -6.087614e-01 0.000000e+00
    outer loop
      vertex   6.054541e+01 5.345459e+01 -1.300000e+00
      vertex   6.054541e+01 5.345459e+01 0.000000e+00
      vertex   6.033087e+01 5.317500e+01 -1.300000e+00
    endloop
  endfacet
  facet normal 7.933533e-01 -6.087614e-01 0.000000e+00
    outer loop
      vertex   6.033087e+01 5.317500e+01 -1.300000e+00
      vertex   6.054541e+01 5.345459e+01 0.000000e+00
      vertex   6.033087e+01 5.317500e+01 0.000000e+00
    endloop
  endfacet
  facet normal 9.238795e-01 -3.826834e-01 0.000000e+00
    outer loop
      vertex   6.033087e+01 5.317500e+01 -1.300000e+00
      vertex   6.033087e+01 5.317500e+01 0.000000e+00
      vertex   6.019600e+01 5.284941e+01 -1.300000e+00
    endloop
  endfacet
  facet normal 9.238795e-01 -3.826834e-01 0.000000e+00
    outer loop
      vertex   6.019600e+01 5.284941e+01 -1.300000e+00
      vertex   6.033087e+01 5.317500e+01 0.000000e+00
      vertex   6.019600e+01 5.284941e+01 0.000000e+00
    endloop
  endfacet
  facet normal -0.000000e+00 1.000000e+00 0.000000e+00
    outer loop
      vertex   3.000000e+00 5.600000e+01 0.000000e+00
      vertex   8.200000e+01 5.600000e+01 0.000000e+00
      vertex   3.000000e+00 5.600000e+01 -1.300000e+00
    endloop
  endfacet
  facet normal 0.000000e+00 1.000000e+00 0.000000e+00
    outer loop
      vertex   3.000000e+00 5.600000e+01 -1.300000e+00
      vertex   8.200000e+01 5.600000e+01 0.000000e+00
      vertex   8.200000e+01 5.600000e+01 -1.300000e+00
    endloop
  endfacet
  facet normal -9.951847e-01 9.801714e-02 -1.274858e-15
    outer loop
      vertex   0.000000e+00 5.300000e+01 -1.300000e+00
      vertex   -1.665335e-15 5.300000e+01 0.000000e+00
      vertex   5.764416e-02 5.358527e+01 -1.300000e+00
    endloop
  endfacet
  facet normal -9.951847e-01 9.801714e-02 0.000000e+00
    outer loop
      vertex   5.764416e-02 5.358527e+01 -1.300000e+00
      vertex   -1.665335e-15 5.300000e+01 0.000000e+00
      vertex   5.764416e-02 5.358527e+01 0.000000e+00
    endloop
  endfacet
  facet normal -9.569403e-01 2.902847e-01 0.000000e+00
    outer loop
      vertex   5.764416e-02 5.358527e+01 -1.300000e+00
      vertex   5.764416e-02 5.358527e+01 0.000000e+00
      vertex   2.283614e-01 5.414805e+01 -1.300000e+00
    endloop
  endfacet
  facet normal -9.569403e-01 2.902847e-01 0.000000e+00
    outer loop
      vertex   2.283614e-01 5.414805e+01 -1.300000e+00
      vertex   5.764416e-02 5.358527e+01 0.000000e+00
      vertex   2.283614e-01 5.414805e+01 0.000000e+00
    endloop
  endfacet
  facet normal -8.819213e-01 4.713967e-01 0.000000e+00
    outer loop
      vertex   2.283614e-01 5.414805e+01 -1.300000e+00
      vertex   2.283614e-01 5.414805e+01 0.000000e+00
      vertex   5.055912e-01 5.466671e+01 -1.300000e+00
    endloop
  endfacet
  facet normal -8.819213e-01 4.713967e-01 0.000000e+00
    outer loop
      vertex   5.055912e-01 5.466671e+01 -1.300000e+00
      vertex   2.283614e-01 5.414805e+01 0.000000e+00
      vertex   5.055912e-01 5.466671e+01 0.000000e+00
    endloop
  endfacet
  facet normal -7.730105e-01 6.343933e-01 0.000000e+00
    outer loop
      vertex   5.055912e-01 5.466671e+01 -1.300000e+00
      vertex   5.055912e-01 5.466671e+01 0.000000e+00
      vertex   8.786797e-01 5.512132e+01 -1.300000e+00
    endloop
  endfacet
  facet normal -7.730105e-01 6.343933e-01 0.000000e+00
    outer loop
      vertex   8.786797e-01 5.512132e+01 -1.300000e+00
      vertex   5.055912e-01 5.466671e+01 0.000000e+00
      vertex   8.786797e-01 5.512132e+01 0.000000e+00
    endloop
  endfacet
  facet normal -6.343933e-01 7.730105e-01 0.000000e+00
    outer loop
      vertex   8.786797e-01 5.512132e+01 -1.300000e+00
      vertex   8.786797e-01 5.512132e+01 0.000000e+00
      vertex   1.333289e+00 5.549441e+01 -1.300000e+00
    endloop
  endfacet
  facet normal -6.343933e-01 7.730105e-01 0.000000e+00
    outer loop
      vertex   1.333289e+00 5.549441e+01 -1.300000e+00
      vertex   8.786797e-01 5.512132e+01 0.000000e+00
      vertex   1.333289e+00 5.549441e+01 0.000000e+00
    endloop
  endfacet
  facet normal -4.713967e-01 8.819213e-01 0.000000e+00
    outer loop
      vertex   1.333289e+00 5.549441e+01 -1.300000e+00
      vertex   1.333289e+00 5.549441e+01 0.000000e+00
      vertex   1.851950e+00 5.577164e+01 -1.300000e+00
    endloop
  endfacet
  facet normal -4.713967e-01 8.819213e-01 0.000000e+00
    outer loop
      vertex   1.851950e+00 5.577164e+01 -1.300000e+00
      vertex   1.333289e+00 5.549441e+01 0.000000e+00
      vertex   1.851950e+00 5.577164e+01 0.000000e+00
    endloop
  endfacet
  facet normal -2.902847e-01 9.569403e-01 0.000000e+00
    outer loop
      vertex   1.851950e+00 5.577164e+01 -1.300000e+00
      vertex   1.851950e+00 5.577164e+01 0.000000e+00
      vertex   2.414729e+00 5.594236e+01 -1.300000e+00
    endloop
  endfacet
  facet normal -2.902847e-01 9.569403e-01 0.000000e+00
    outer loop
      vertex   2.414729e+00 5.594236e+01 -1.300000e+00
      vertex   1.851950e+00 5.577164e+01 0.000000e+00
      vertex   2.414729e+00 5.594236e+01 0.000000e+00
    endloop
  endfacet
  facet normal -9.801714e-02 9.951847e-01 0.000000e+00
    outer loop
      vertex   2.414729e+00 5.594236e+01 -1.300000e+00
      vertex   2.414729e+00 5.594236e+01 0.000000e+00
      vertex   3.000000e+00 5.600000e+01 -1.300000e+00
    endloop
  endfacet
  facet normal -9.801714e-02 9.951847e-01 0.000000e+00
    outer loop
      vertex   3.000000e+00 5.600000e+01 -1.300000e+00
      vertex   2.414729e+00 5.594236e+01 0.000000e+00
      vertex   3.000000e+00 5.600000e+01 0.000000e+00
    endloop
  endfacet
  facet normal -1.000000e+00 -1.440215e-17 4.270089e-16
    outer loop
      vertex   0.000000e+00 3.000000e+00 -1.300000e+00
      vertex   5.551115e-16 3.000000e+00 0.000000e+00
      vertex   -2.775558e-16 2.227182e+01 -1.300000e+00
    endloop
  endfacet
  facet normal -1.000000e+00 -4.440892e-17 -1.782581e-17
    outer loop
      vertex   -2.775558e-16 2.227182e+01 -1.300000e+00
      vertex   5.551115e-16 3.000000e+00 0.000000e+00
      vertex   -1.665335e-15 5.300000e+01 0.000000e+00
    endloop
  endfacet
  facet normal -1.000000e+00 -1.625863e-16 2.775539e-15
    outer loop
      vertex   -2.775558e-16 2.227182e+01 -1.300000e+00
      vertex   -1.665335e-15 5.300000e+01 0.000000e+00
      vertex   -2.220446e-15 3.422173e+01 -1.300000e+00
    endloop
  endfacet
  facet normal -1.000000e+00 1.182455e-16 -1.281027e-15
    outer loop
      vertex   -2.220446e-15 3.422173e+01 -1.300000e+00
      vertex   -1.665335e-15 5.300000e+01 0.000000e+00
      vertex   0.000000e+00 5.300000e+01 -1.300000e+00
    endloop
  endfacet
  facet normal -9.801714e-02 -9.951847e-01 1.339334e-16
    outer loop
      vertex   3.000000e+00 0.000000e+00 -1.300000e+00
      vertex   3.000000e+00 0.000000e+00 0.000000e+00
      vertex   2.414729e+00 5.764416e-02 -1.300000e+00
    endloop
  endfacet
  facet normal -9.801714e-02 -9.951847e-01 0.000000e+00
    outer loop
      vertex   2.414729e+00 5.764416e-02 -1.300000e+00
      vertex   3.000000e+00 0.000000e+00 0.000000e+00
      vertex   2.414729e+00 5.764416e-02 0.000000e+00
    endloop
  endfacet
  facet normal -2.902847e-01 -9.569403e-01 0.000000e+00
    outer loop
      vertex   2.414729e+00 5.764416e-02 -1.300000e+00
      vertex   2.414729e+00 5.764416e-02 0.000000e+00
      vertex   1.851950e+00 2.283614e-01 -1.300000e+00
    endloop
  endfacet
  facet normal -2.902847e-01 -9.569403e-01 0.000000e+00
    outer loop
      vertex   1.851950e+00 2.283614e-01 -1.300000e+00
      vertex   2.414729e+00 5.764416e-02 0.000000e+00
      vertex   1.851950e+00 2.283614e-01 0.000000e+00
    endloop
  endfacet
  facet normal -4.713967e-01 -8.819213e-01 0.000000e+00
    outer loop
      vertex   1.851950e+00 2.283614e-01 -1.300000e+00
      vertex   1.851950e+00 2.283614e-01 0.000000e+00
      vertex   1.333289e+00 5.055912e-01 -1.300000e+00
    endloop
  endfacet
  facet normal -4.713967e-01 -8.819213e-01 0.000000e+00
    outer loop
      vertex   1.333289e+00 5.055912e-01 -1.300000e+00
      vertex   1.851950e+00 2.283614e-01 0.000000e+00
      vertex   1.333289e+00 5.055912e-01 0.000000e+00
    endloop
  endfacet
  facet normal -6.343933e-01 -7.730105e-01 0.000000e+00
    outer loop
      vertex   1.333289e+00 5.055912e-01 -1.300000e+00
      vertex   1.333289e+00 5.055912e-01 0.000000e+00
      vertex   8.786797e-01 8.786797e-01 -1.300000e+00
    endloop
  endfacet
  facet normal -6.343933e-01 -7.730105e-01 0.000000e+00
    outer loop
      vertex   8.786797e-01 8.786797e-01 -1.300000e+00
      vertex   1.333289e+00 5.055912e-01 0.000000e+00
      vertex   8.786797e-01 8.786797e-01 0.000000e+00
    endloop
  endfacet
  facet normal -7.730105e-01 -6.343933e-01 0.000000e+00
    outer loop
      vertex   8.786797e-01 8.786797e-01 -1.300000e+00
      vertex   8.786797e-01 8.786797e-01 0.000000e+00
      vertex   5.055912e-01 1.333289e+00 -1.300000e+00
    endloop
  endfacet
  facet normal -7.730105e-01 -6.343933e-01 0.000000e+00
    outer loop
      vertex   5.055912e-01 1.333289e+00 -1.300000e+00
      vertex   8.786797e-01 8.786797e-01 0.000000e+00
      vertex   5.055912e-01 1.333289e+00 0.000000e+00
    endloop
  endfacet
  facet normal -8.819213e-01 -4.713967e-01 0.000000e+00
    outer loop
      vertex   5.055912e-01 1.333289e+00 -1.300000e+00
      vertex   5.055912e-01 1.333289e+00 0.000000e+00
      vertex   2.283614e-01 1.851950e+00 -1.300000e+00
    endloop
  endfacet
  facet normal -8.819213e-01 -4.713967e-01 0.000000e+00
    outer loop
      vertex   2.283614e-01 1.851950e+00 -1.300000e+00
      vertex   5.055912e-01 1.333289e+00 0.000000e+00
      vertex   2.283614e-01 1.851950e+00 0.000000e+00
    endloop
  endfacet
  facet normal -9.569403e-01 -2.902847e-01 0.000000e+00
    outer loop
      vertex   2.283614e-01 1.851950e+00 -1.300000e+00
      vertex   2.283614e-01 1.851950e+00 0.000000e+00
      vertex   5.764416e-02 2.414729e+00 -1.300000e+00
    endloop
  endfacet
  facet normal -9.569403e-01 -2.902847e-01 -9.916330e-17
    outer loop
      vertex   5.764416e-02 2.414729e+00 -1.300000e+00
      vertex   2.283614e-01 1.851950e+00 0.000000e+00
      vertex   5.764416e-02 2.414729e+00 0.000000e+00
    endloop
  endfacet
  facet normal -9.951847e-01 -9.801714e-02 -3.348335e-17
    outer loop
      vertex   5.764416e-02 2.414729e+00 -1.300000e+00
      vertex   5.764416e-02 2.414729e+00 0.000000e+00
      vertex   0.000000e+00 3.000000e+00 -1.300000e+00
    endloop
  endfacet
  facet normal -9.951847e-01 -9.801714e-02 4.249527e-16
    outer loop
      vertex   0.000000e+00 3.000000e+00 -1.300000e+00
      vertex   5.764416e-02 2.414729e+00 0.000000e+00
      vertex   5.551115e-16 3.000000e+00 0.000000e+00
    endloop
  endfacet
  facet normal 0.000000e+00 -1.000000e+00 -0.000000e+00
    outer loop
      vertex   3.000000e+00 0.000000e+00 0.000000e+00
      vertex   3.000000e+00 0.000000e+00 -1.300000e+00
      vertex   6.555569e+00 0.000000e+00 0.000000e+00
    endloop
  endfacet
  facet normal 0.000000e+00 -1.000000e+00 -0.000000e+00
    outer loop
      vertex   6.555569e+00 0.000000e+00 0.000000e+00
      vertex   3.000000e+00 0.000000e+00 -1.300000e+00
      vertex   1.452752e+01 0.000000e+00 0.000000e+00
    endloop
  endfacet
  facet normal 0.000000e+00 -1.000000e+00 -0.000000e+00
    outer loop
      vertex   1.452752e+01 0.000000e+00 0.000000e+00
      vertex   3.000000e+00 0.000000e+00 -1.300000e+00
      vertex   2.444044e+01 0.000000e+00 0.000000e+00
    endloop
  endfacet
  facet normal 0.000000e+00 -1.000000e+00 -0.000000e+00
    outer loop
      vertex   2.444044e+01 0.000000e+00 0.000000e+00
      vertex   3.000000e+00 0.000000e+00 -1.300000e+00
      vertex   3.944743e+01 0.000000e+00 0.000000e+00
    endloop
  endfacet
  facet normal 0.000000e+00 -1.000000e+00 -0.000000e+00
    outer loop
      vertex   3.944743e+01 0.000000e+00 0.000000e+00
      vertex   3.000000e+00 0.000000e+00 -1.300000e+00
      vertex   8.200000e+01 0.000000e+00 -1.300000e+00
    endloop
  endfacet
  facet normal 0.000000e+00 -1.000000e+00 0.000000e+00
    outer loop
      vertex   3.944743e+01 0.000000e+00 0.000000e+00
      vertex   8.200000e+01 0.000000e+00 -1.300000e+00
      vertex   5.004276e+01 0.000000e+00 0.000000e+00
    endloop
  endfacet
  facet normal 0.000000e+00 -1.000000e+00 0.000000e+00
    outer loop
      vertex   5.004276e+01 0.000000e+00 0.000000e+00
      vertex   8.200000e+01 0.000000e+00 -1.300000e+00
      vertex   5.704401e+01 0.000000e+00 0.000000e+00
    endloop
  endfacet
  facet normal 0.000000e+00 -1.000000e+00 0.000000e+00
    outer loop
      vertex   5.704401e+01 0.000000e+00 0.000000e+00
      vertex   8.200000e+01 0.000000e+00 -1.300000e+00
      vertex   8.200000e+01 0.000000e+00 0.000000e+00
    endloop
  endfacet
  facet normal 9.555309e-01 -2.948894e-01 9.790020e-04
    outer loop
      vertex   8.476651e+01 1.839641e+00 0.000000e+00
      vertex   8.477164e+01 1.851950e+00 -1.300000e+00
      vertex   8.493928e+01 2.399478e+00 0.000000e+00
    endloop
  endfacet
  facet normal 9.569397e-01 -2.902845e-01 -1.142168e-03
    outer loop
      vertex   8.493928e+01 2.399478e+00 0.000000e+00
      vertex   8.477164e+01 1.851950e+00 -1.300000e+00
      vertex   8.494236e+01 2.414729e+00 -1.300000e+00
    endloop
  endfacet
  facet normal 9.859301e-01 -1.671579e-01 3.708996e-04
    outer loop
      vertex   8.493928e+01 2.399478e+00 0.000000e+00
      vertex   8.494236e+01 2.414729e+00 -1.300000e+00
      vertex   8.497296e+01 2.598140e+00 0.000000e+00
    endloop
  endfacet
  facet normal 9.948848e-01 -1.005931e-01 -9.231276e-03
    outer loop
      vertex   8.497296e+01 2.598140e+00 0.000000e+00
      vertex   8.494236e+01 2.414729e+00 -1.300000e+00
      vertex   8.499323e+01 2.798616e+00 0.000000e+00
    endloop
  endfacet
  facet normal 9.951349e-01 -9.801224e-02 -1.000318e-02
    outer loop
      vertex   8.499323e+01 2.798616e+00 0.000000e+00
      vertex   8.494236e+01 2.414729e+00 -1.300000e+00
      vertex   8.500000e+01 3.000000e+00 -1.300000e+00
    endloop
  endfacet
  facet normal 9.994359e-01 -3.358296e-02 2.317847e-17
    outer loop
      vertex   8.499323e+01 2.798616e+00 0.000000e+00
      vertex   8.500000e+01 3.000000e+00 -1.300000e+00
      vertex   8.500000e+01 3.000000e+00 0.000000e+00
    endloop
  endfacet
  facet normal 8.819208e-01 -4.713965e-01 -9.827846e-04
    outer loop
      vertex   8.477164e+01 1.851950e+00 -1.300000e+00
      vertex   8.476651e+01 1.839641e+00 0.000000e+00
      vertex   8.449441e+01 1.333289e+00 -1.300000e+00
    endloop
  endfacet
  facet normal 8.799928e-01 -4.749863e-01 8.189875e-04
    outer loop
      vertex   8.449441e+01 1.333289e+00 -1.300000e+00
      vertex   8.476651e+01 1.839641e+00 0.000000e+00
      vertex   8.448822e+01 1.324061e+00 0.000000e+00
    endloop
  endfacet
  facet normal 7.730102e-01 -6.343931e-01 -8.221395e-04
    outer loop
      vertex   8.449441e+01 1.333289e+00 -1.300000e+00
      vertex   8.448822e+01 1.324061e+00 0.000000e+00
      vertex   8.412132e+01 8.786797e-01 -1.300000e+00
    endloop
  endfacet
  facet normal 7.708910e-01 -6.369668e-01 6.577118e-04
    outer loop
      vertex   8.412132e+01 8.786797e-01 -1.300000e+00
      vertex   8.448822e+01 1.324061e+00 0.000000e+00
      vertex   8.411502e+01 8.724025e-01 0.000000e+00
    endloop
  endfacet
  facet normal 6.343931e-01 -7.730103e-01 -6.602334e-04
    outer loop
      vertex   8.412132e+01 8.786797e-01 -1.300000e+00
      vertex   8.411502e+01 8.724025e-01 0.000000e+00
      vertex   8.366671e+01 5.055912e-01 -1.300000e+00
    endloop
  endfacet
  facet normal 6.323866e-01 -7.746528e-01 4.951751e-04
    outer loop
      vertex   8.366671e+01 5.055912e-01 -1.300000e+00
      vertex   8.411502e+01 8.724025e-01 0.000000e+00
      vertex   8.366116e+01 5.018929e-01 0.000000e+00
    endloop
  endfacet
  facet normal 4.713967e-01 -8.819212e-01 -4.970662e-04
    outer loop
      vertex   8.366671e+01 5.055912e-01 -1.300000e+00
      vertex   8.366116e+01 5.018929e-01 0.000000e+00
      vertex   8.314805e+01 2.283614e-01 -1.300000e+00
    endloop
  endfacet
  facet normal 4.697624e-01 -8.827928e-01 3.313775e-04
    outer loop
      vertex   8.314805e+01 2.283614e-01 -1.300000e+00
      vertex   8.366116e+01 5.018929e-01 0.000000e+00
      vertex   8.314394e+01 2.266633e-01 0.000000e+00
    endloop
  endfacet
  facet normal 2.902847e-01 -9.569403e-01 -3.326382e-04
    outer loop
      vertex   8.314805e+01 2.283614e-01 -1.300000e+00
      vertex   8.314394e+01 2.266633e-01 0.000000e+00
      vertex   8.258527e+01 5.764416e-02 -1.300000e+00
    endloop
  endfacet
  facet normal 2.892210e-01 -9.572623e-01 1.663191e-04
    outer loop
      vertex   8.258527e+01 5.764416e-02 -1.300000e+00
      vertex   8.314394e+01 2.266633e-01 0.000000e+00
      vertex   8.258309e+01 5.721136e-02 0.000000e+00
    endloop
  endfacet
  facet normal 9.801714e-02 -9.951847e-01 -1.669494e-04
    outer loop
      vertex   8.258527e+01 5.764416e-02 -1.300000e+00
      vertex   8.258309e+01 5.721136e-02 0.000000e+00
      vertex   8.200000e+01 0.000000e+00 -1.300000e+00
    endloop
  endfacet
  facet normal 9.764848e-02 -9.952210e-01 0.000000e+00
    outer loop
      vertex   8.200000e+01 0.000000e+00 -1.300000e+00
      vertex   8.258309e+01 5.721136e-02 0.000000e+00
      vertex   8.200000e+01 0.000000e+00 0.000000e+00
    endloop
  endfacet
  facet normal 1.000000e+00 -0.000000e+00 0.000000e+00
    outer loop
      vertex   8.500000e+01 3.000000e+00 0.000000e+00
      vertex   8.500000e+01 3.000000e+00 -1.300000e+00
      vertex   8.500000e+01 1.827860e+01 0.000000e+00
    endloop
  endfacet
  facet normal 1.000000e+00 -0.000000e+00 0.000000e+00
    outer loop
      vertex   8.500000e+01 1.827860e+01 0.000000e+00
      vertex   8.500000e+01 3.000000e+00 -1.300000e+00
      vertex   8.500000e+01 2.153570e+01 0.000000e+00
    endloop
  endfacet
  facet normal 1.000000e+00 0.000000e+00 0.000000e+00
    outer loop
      vertex   8.500000e+01 2.153570e+01 0.000000e+00
      vertex   8.500000e+01 3.000000e+00 -1.300000e+00
      vertex   8.500000e+01 5.300000e+01 -1.300000e+00
    endloop
  endfacet
  facet normal 1.000000e+00 -0.000000e+00 0.000000e+00
    outer loop
      vertex   8.500000e+01 2.153570e+01 0.000000e+00
      vertex   8.500000e+01 5.300000e+01 -1.300000e+00
      vertex   8.500000e+01 3.663919e+01 0.000000e+00
    endloop
  endfacet
  facet normal 1.000000e+00 -0.000000e+00 0.000000e+00
    outer loop
      vertex   8.500000e+01 3.663919e+01 0.000000e+00
      vertex   8.500000e+01 5.300000e+01 -1.300000e+00
      vertex   8.500000e+01 3.953858e+01 0.000000e+00
    endloop
  endfacet
  facet normal 1.000000e+00 -0.000000e+00 0.000000e+00
    outer loop
      vertex   8.500000e+01 3.953858e+01 0.000000e+00
      vertex   8.500000e+01 5.300000e+01 -1.300000e+00
      vertex   8.500000e+01 5.300000e+01 0.000000e+00
    endloop
  endfacet
  facet normal 8.857586e-01 4.641440e-01 1.410564e-03
    outer loop
      vertex   8.477911e+01 5.412983e+01 0.000000e+00
      vertex   8.477164e+01 5.414805e+01 -1.300000e+00
      vertex   8.451070e+01 5.464207e+01 0.000000e+00
    endloop
  endfacet
  facet normal 8.819193e-01 4.713957e-01 -2.115838e-03
    outer loop
      vertex   8.451070e+01 5.464207e+01 0.000000e+00
      vertex   8.477164e+01 5.414805e+01 -1.300000e+00
      vertex   8.449441e+01 5.466671e+01 -1.300000e+00
    endloop
  endfacet
  facet normal 7.786001e-01 6.275167e-01 2.138114e-03
    outer loop
      vertex   8.451070e+01 5.464207e+01 0.000000e+00
      vertex   8.449441e+01 5.466671e+01 -1.300000e+00
      vertex   8.413796e+01 5.510454e+01 0.000000e+00
    endloop
  endfacet
  facet normal 7.730093e-01 6.343924e-01 -1.710495e-03
    outer loop
      vertex   8.413796e+01 5.510454e+01 0.000000e+00
      vertex   8.449441e+01 5.466671e+01 -1.300000e+00
      vertex   8.412132e+01 5.512132e+01 -1.300000e+00
    endloop
  endfacet
  facet normal 6.397052e-01 7.686184e-01 1.728313e-03
    outer loop
      vertex   8.413796e+01 5.510454e+01 0.000000e+00
      vertex   8.412132e+01 5.512132e+01 -1.300000e+00
      vertex   8.368142e+01 5.548452e+01 0.000000e+00
    endloop
  endfacet
  facet normal 6.343928e-01 7.730098e-01 -1.296237e-03
    outer loop
      vertex   8.368142e+01 5.548452e+01 0.000000e+00
      vertex   8.412132e+01 5.512132e+01 -1.300000e+00
      vertex   8.366671e+01 5.549441e+01 -1.300000e+00
    endloop
  endfacet
  facet normal 4.757325e-01 8.795890e-01 1.309600e-03
    outer loop
      vertex   8.368142e+01 5.548452e+01 0.000000e+00
      vertex   8.366671e+01 5.549441e+01 -1.300000e+00
      vertex   8.315896e+01 5.576710e+01 0.000000e+00
    endloop
  endfacet
  facet normal 4.713966e-01 8.819209e-01 -8.730679e-04
    outer loop
      vertex   8.315896e+01 5.576710e+01 0.000000e+00
      vertex   8.366671e+01 5.549441e+01 -1.300000e+00
      vertex   8.314805e+01 5.577164e+01 -1.300000e+00
    endloop
  endfacet
  facet normal 2.931100e-01 9.560783e-01 8.819756e-04
    outer loop
      vertex   8.315896e+01 5.576710e+01 0.000000e+00
      vertex   8.314805e+01 5.577164e+01 -1.300000e+00
      vertex   8.259106e+01 5.594120e+01 0.000000e+00
    endloop
  endfacet
  facet normal 2.902846e-01 9.569402e-01 -4.409881e-04
    outer loop
      vertex   8.259106e+01 5.594120e+01 0.000000e+00
      vertex   8.314805e+01 5.577164e+01 -1.300000e+00
      vertex   8.258527e+01 5.594236e+01 -1.300000e+00
    endloop
  endfacet
  facet normal 9.899699e-02 9.950876e-01 4.454416e-04
    outer loop
      vertex   8.259106e+01 5.594120e+01 0.000000e+00
      vertex   8.258527e+01 5.594236e+01 -1.300000e+00
      vertex   8.200000e+01 5.600000e+01 0.000000e+00
    endloop
  endfacet
  facet normal 9.801714e-02 9.951847e-01 0.000000e+00
    outer loop
      vertex   8.200000e+01 5.600000e+01 0.000000e+00
      vertex   8.258527e+01 5.594236e+01 -1.300000e+00
      vertex   8.200000e+01 5.600000e+01 -1.300000e+00
    endloop
  endfacet
  facet normal 9.569394e-01 2.902844e-01 -1.435314e-03
    outer loop
      vertex   8.477164e+01 5.414805e+01 -1.300000e+00
      vertex   8.477911e+01 5.412983e+01 0.000000e+00
      vertex   8.494236e+01 5.358527e+01 -1.300000e+00
    endloop
  endfacet
  facet normal 9.583576e-01 2.855699e-01 7.176583e-04
    outer loop
      vertex   8.494236e+01 5.358527e+01 -1.300000e+00
      vertex   8.477911e+01 5.412983e+01 0.000000e+00
      vertex   8.494426e+01 5.357561e+01 0.000000e+00
    endloop
  endfacet
  facet normal 9.951845e-01 9.801711e-02 -7.300313e-04
    outer loop
      vertex   8.494236e+01 5.358527e+01 -1.300000e+00
      vertex   8.494426e+01 5.357561e+01 0.000000e+00
      vertex   8.500000e+01 5.300000e+01 -1.300000e+00
    endloop
  endfacet
  facet normal 9.953442e-01 9.638383e-02 -0.000000e+00
    outer loop
      vertex   8.500000e+01 5.300000e+01 -1.300000e+00
      vertex   8.494426e+01 5.357561e+01 0.000000e+00
      vertex   8.500000e+01 5.300000e+01 0.000000e+00
    endloop
  endfacet
  facet normal 0.000000e+00 0.000000e+00 1.000000e+00
    outer loop
      vertex   5.425000e-01 9.092500e+00 0.000000e+00
      vertex   5.551115e-16 3.000000e+00 0.000000e+00
      vertex   5.425000e-01 7.292500e+00 0.000000e+00
    endloop
  endfacet
  facet normal 0.000000e+00 0.000000e+00 1.000000e+00
    outer loop
      vertex   5.425000e-01 7.292500e+00 0.000000e+00
      vertex   5.551115e-16 3.000000e+00 0.000000e+00
      vertex   2.330866e+00 4.175000e+00 0.000000e+00
    endloop
  endfacet
  facet normal 0.000000e+00 0.000000e+00 1.000000e+00
    outer loop
      vertex   5.425000e-01 7.292500e+00 0.000000e+00
      vertex   2.330866e+00 4.175000e+00 0.000000e+00
      vertex   2.545406e+00 4.454594e+00 0.000000e+00
    endloop
  endfacet
  facet normal 0.000000e+00 0.000000e+00 1.000000e+00
    outer loop
      vertex   5.551115e-16 3.000000e+00 0.000000e+00
      vertex   5.425000e-01 9.092500e+00 0.000000e+00
      vertex   5.425000e-01 1.089250e+01 0.000000e+00
    endloop
  endfacet
  facet normal 0.000000e+00 0.000000e+00 1.000000e+00
    outer loop
      vertex   5.425000e-01 1.089250e+01 0.000000e+00
      vertex   5.425000e-01 9.092500e+00 0.000000e+00
      vertex   1.642500e+00 9.092500e+00 0.000000e+00
    endloop
  endfacet
  facet normal -0.000000e+00 0.000000e+00 1.000000e+00
    outer loop
      vertex   5.425000e-01 1.089250e+01 0.000000e+00
      vertex   1.642500e+00 9.092500e+00 0.000000e+00
      vertex   1.642500e+00 1.089250e+01 0.000000e+00
    endloop
  endfacet
  facet normal 0.000000e+00 0.000000e+00 1.000000e+00
    outer loop
      vertex   1.642500e+00 1.089250e+01 0.000000e+00
      vertex   1.642500e+00 9.092500e+00 0.000000e+00
      vertex   6.555569e+00 5.211530e+00 0.000000e+00
    endloop
  endfacet
  facet normal 0.000000e+00 0.000000e+00 1.000000e+00
    outer loop
      vertex   1.642500e+00 1.089250e+01 0.000000e+00
      vertex   6.555569e+00 5.211530e+00 0.000000e+00
      vertex   1.452752e+01 5.211530e+00 0.000000e+00
    endloop
  endfacet
  facet normal 0.000000e+00 0.000000e+00 1.000000e+00
    outer loop
      vertex   1.642500e+00 9.092500e+00 0.000000e+00
      vertex   1.642500e+00 7.292500e+00 0.000000e+00
      vertex   6.555569e+00 5.211530e+00 0.000000e+00
    endloop
  endfacet
  facet normal 0.000000e+00 0.000000e+00 1.000000e+00
    outer loop
      vertex   6.555569e+00 5.211530e+00 0.000000e+00
      vertex   1.642500e+00 7.292500e+00 0.000000e+00
      vertex   3.849406e+00 4.804000e+00 0.000000e+00
    endloop
  endfacet
  facet normal 0.000000e+00 0.000000e+00 1.000000e+00
    outer loop
      vertex   6.555569e+00 5.211530e+00 0.000000e+00
      vertex   3.849406e+00 4.804000e+00 0.000000e+00
      vertex   4.175000e+00 4.669134e+00 0.000000e+00
    endloop
  endfacet
  facet normal -0.000000e+00 0.000000e+00 1.000000e+00
    outer loop
      vertex   5.425000e-01 7.292500e+00 0.000000e+00
      vertex   2.825000e+00 4.669134e+00 0.000000e+00
      vertex   1.642500e+00 7.292500e+00 0.000000e+00
    endloop
  endfacet
  facet normal 0.000000e+00 0.000000e+00 1.000000e+00
    outer loop
      vertex   1.642500e+00 7.292500e+00 0.000000e+00
      vertex   2.825000e+00 4.669134e+00 0.000000e+00
      vertex   3.150594e+00 4.804000e+00 0.000000e+00
    endloop
  endfacet
  facet normal 0.000000e+00 0.000000e+00 1.000000e+00
    outer loop
      vertex   1.642500e+00 7.292500e+00 0.000000e+00
      vertex   3.150594e+00 4.804000e+00 0.000000e+00
      vertex   3.500000e+00 4.850000e+00 0.000000e+00
    endloop
  endfacet
  facet normal 0.000000e+00 -0.000000e+00 1.000000e+00
    outer loop
      vertex   5.425000e-01 1.089250e+01 0.000000e+00
      vertex   5.425000e-01 1.269250e+01 0.000000e+00
      vertex   5.551115e-16 3.000000e+00 0.000000e+00
    endloop
  endfacet
  facet normal 0.000000e+00 0.000000e+00 1.000000e+00
    outer loop
      vertex   5.551115e-16 3.000000e+00 0.000000e+00
      vertex   5.425000e-01 1.269250e+01 0.000000e+00
      vertex   4.049947e-01 4.226016e+01 0.000000e+00
    endloop
  endfacet
  facet normal 0.000000e+00 -0.000000e+00 1.000000e+00
    outer loop
      vertex   5.551115e-16 3.000000e+00 0.000000e+00
      vertex   4.049947e-01 4.226016e+01 0.000000e+00
      vertex   -1.665335e-15 5.300000e+01 0.000000e+00
    endloop
  endfacet
  facet normal 0.000000e+00 0.000000e+00 1.000000e+00
    outer loop
      vertex   -1.665335e-15 5.300000e+01 0.000000e+00
      vertex   4.049947e-01 4.226016e+01 0.000000e+00
      vertex   4.049947e-01 4.837346e+01 0.000000e+00
    endloop
  endfacet
  facet normal 0.000000e+00 0.000000e+00 1.000000e+00
    outer loop
      vertex   -1.665335e-15 5.300000e+01 0.000000e+00
      vertex   4.049947e-01 4.837346e+01 0.000000e+00
      vertex   2.330866e+00 5.182500e+01 0.000000e+00
    endloop
  endfacet
  facet normal 0.000000e+00 0.000000e+00 1.000000e+00
    outer loop
      vertex   2.330866e+00 5.182500e+01 0.000000e+00
      vertex   4.049947e-01 4.837346e+01 0.000000e+00
      vertex   2.545406e+00 5.154541e+01 0.000000e+00
    endloop
  endfacet
  facet normal 0.000000e+00 0.000000e+00 1.000000e+00
    outer loop
      vertex   2.545406e+00 5.154541e+01 0.000000e+00
      vertex   4.049947e-01 4.837346e+01 0.000000e+00
      vertex   2.825000e+00 5.133087e+01 0.000000e+00
    endloop
  endfacet
  facet normal 0.000000e+00 0.000000e+00 1.000000e+00
    outer loop
      vertex   2.825000e+00 5.133087e+01 0.000000e+00
      vertex   4.049947e-01 4.837346e+01 0.000000e+00
      vertex   2.630586e+00 4.837346e+01 0.000000e+00
    endloop
  endfacet
  facet normal 0.000000e+00 0.000000e+00 1.000000e+00
    outer loop
      vertex   2.825000e+00 5.133087e+01 0.000000e+00
      vertex   2.630586e+00 4.837346e+01 0.000000e+00
      vertex   3.150594e+00 5.119600e+01 0.000000e+00
    endloop
  endfacet
  facet normal 0.000000e+00 0.000000e+00 1.000000e+00
    outer loop
      vertex   3.150594e+00 5.119600e+01 0.000000e+00
      vertex   2.630586e+00 4.837346e+01 0.000000e+00
      vertex   3.500000e+00 5.115000e+01 0.000000e+00
    endloop
  endfacet
  facet normal -0.000000e+00 0.000000e+00 1.000000e+00
    outer loop
      vertex   3.500000e+00 5.115000e+01 0.000000e+00
      vertex   2.630586e+00 4.837346e+01 0.000000e+00
      vertex   3.849406e+00 5.119600e+01 0.000000e+00
    endloop
  endfacet
  facet normal 0.000000e+00 0.000000e+00 1.000000e+00
    outer loop
      vertex   3.849406e+00 5.119600e+01 0.000000e+00
      vertex   2.630586e+00 4.837346e+01 0.000000e+00
      vertex   7.097187e+00 5.000000e+01 0.000000e+00
    endloop
  endfacet
  facet normal -0.000000e+00 0.000000e+00 1.000000e+00
    outer loop
      vertex   3.849406e+00 5.119600e+01 0.000000e+00
      vertex   7.097187e+00 5.000000e+01 0.000000e+00
      vertex   4.175000e+00 5.133087e+01 0.000000e+00
    endloop
  endfacet
  facet normal -0.000000e+00 0.000000e+00 1.000000e+00
    outer loop
      vertex   4.175000e+00 5.133087e+01 0.000000e+00
      vertex   7.097187e+00 5.000000e+01 0.000000e+00
      vertex   4.454594e+00 5.154541e+01 0.000000e+00
    endloop
  endfacet
  facet normal -0.000000e+00 0.000000e+00 1.000000e+00
    outer loop
      vertex   4.454594e+00 5.154541e+01 0.000000e+00
      vertex   7.097187e+00 5.000000e+01 0.000000e+00
      vertex   4.669134e+00 5.182500e+01 0.000000e+00
    endloop
  endfacet
  facet normal -0.000000e+00 0.000000e+00 1.000000e+00
    outer loop
      vertex   4.669134e+00 5.182500e+01 0.000000e+00
      vertex   7.097187e+00 5.000000e+01 0.000000e+00
      vertex   4.804000e+00 5.215059e+01 0.000000e+00
    endloop
  endfacet
  facet normal -0.000000e+00 0.000000e+00 1.000000e+00
    outer loop
      vertex   4.804000e+00 5.215059e+01 0.000000e+00
      vertex   7.097187e+00 5.000000e+01 0.000000e+00
      vertex   4.850000e+00 5.250000e+01 0.000000e+00
    endloop
  endfacet
  facet normal -0.000000e+00 0.000000e+00 1.000000e+00
    outer loop
      vertex   4.850000e+00 5.250000e+01 0.000000e+00
      vertex   7.097187e+00 5.000000e+01 0.000000e+00
      vertex   7.097187e+00 5.500000e+01 0.000000e+00
    endloop
  endfacet
  facet normal 0.000000e+00 -0.000000e+00 1.000000e+00
    outer loop
      vertex   4.850000e+00 5.250000e+01 0.000000e+00
      vertex   7.097187e+00 5.500000e+01 0.000000e+00
      vertex   4.804000e+00 5.284941e+01 0.000000e+00
    endloop
  endfacet
  facet normal 0.000000e+00 -0.000000e+00 1.000000e+00
    outer loop
      vertex   4.804000e+00 5.284941e+01 0.000000e+00
      vertex   7.097187e+00 5.500000e+01 0.000000e+00
      vertex   4.669134e+00 5.317500e+01 0.000000e+00
    endloop
  endfacet
  facet normal 0.000000e+00 -0.000000e+00 1.000000e+00
    outer loop
      vertex   4.669134e+00 5.317500e+01 0.000000e+00
      vertex   7.097187e+00 5.500000e+01 0.000000e+00
      vertex   4.454594e+00 5.345459e+01 0.000000e+00
    endloop
  endfacet
  facet normal 0.000000e+00 -0.000000e+00 1.000000e+00
    outer loop
      vertex   4.454594e+00 5.345459e+01 0.000000e+00
      vertex   7.097187e+00 5.500000e+01 0.000000e+00
      vertex   4.175000e+00 5.366913e+01 0.000000e+00
    endloop
  endfacet
  facet normal 0.000000e+00 -0.000000e+00 1.000000e+00
    outer loop
      vertex   4.175000e+00 5.366913e+01 0.000000e+00
      vertex   7.097187e+00 5.500000e+01 0.000000e+00
      vertex   3.849406e+00 5.380400e+01 0.000000e+00
    endloop
  endfacet
  facet normal 0.000000e+00 -0.000000e+00 1.000000e+00
    outer loop
      vertex   3.849406e+00 5.380400e+01 0.000000e+00
      vertex   7.097187e+00 5.500000e+01 0.000000e+00
      vertex   3.000000e+00 5.600000e+01 0.000000e+00
    endloop
  endfacet
  facet normal 0.000000e+00 0.000000e+00 1.000000e+00
    outer loop
      vertex   3.849406e+00 5.380400e+01 0.000000e+00
      vertex   3.000000e+00 5.600000e+01 0.000000e+00
      vertex   3.500000e+00 5.385000e+01 0.000000e+00
    endloop
  endfacet
  facet normal 0.000000e+00 0.000000e+00 1.000000e+00
    outer loop
      vertex   3.500000e+00 5.385000e+01 0.000000e+00
      vertex   3.000000e+00 5.600000e+01 0.000000e+00
      vertex   3.150594e+00 5.380400e+01 0.000000e+00
    endloop
  endfacet
  facet normal 0.000000e+00 0.000000e+00 1.000000e+00
    outer loop
      vertex   3.150594e+00 5.380400e+01 0.000000e+00
      vertex   3.000000e+00 5.600000e+01 0.000000e+00
      vertex   2.414729e+00 5.594236e+01 0.000000e+00
    endloop
  endfacet
  facet normal 0.000000e+00 0.000000e+00 1.000000e+00
    outer loop
      vertex   3.150594e+00 5.380400e+01 0.000000e+00
      vertex   2.414729e+00 5.594236e+01 0.000000e+00
      vertex   1.851950e+00 5.577164e+01 0.000000e+00
    endloop
  endfacet
  facet normal 0.000000e+00 0.000000e+00 1.000000e+00
    outer loop
      vertex   4.049947e-01 4.226016e+01 0.000000e+00
      vertex   5.425000e-01 1.269250e+01 0.000000e+00
      vertex   1.283592e+00 1.688990e+01 0.000000e+00
    endloop
  endfacet
  facet normal 0.000000e+00 0.000000e+00 1.000000e+00
    outer loop
      vertex   1.283592e+00 1.688990e+01 0.000000e+00
      vertex   5.425000e-01 1.269250e+01 0.000000e+00
      vertex   1.642500e+00 1.269250e+01 0.000000e+00
    endloop
  endfacet
  facet normal -0.000000e+00 0.000000e+00 1.000000e+00
    outer loop
      vertex   1.283592e+00 1.688990e+01 0.000000e+00
      vertex   1.642500e+00 1.269250e+01 0.000000e+00
      vertex   5.185655e+00 1.688990e+01 0.000000e+00
    endloop
  endfacet
  facet normal 0.000000e+00 0.000000e+00 1.000000e+00
    outer loop
      vertex   5.185655e+00 1.688990e+01 0.000000e+00
      vertex   1.642500e+00 1.269250e+01 0.000000e+00
      vertex   1.452752e+01 5.211530e+00 0.000000e+00
    endloop
  endfacet
  facet normal 0.000000e+00 0.000000e+00 1.000000e+00
    outer loop
      vertex   5.185655e+00 1.688990e+01 0.000000e+00
      vertex   1.452752e+01 5.211530e+00 0.000000e+00
      vertex   2.444044e+01 1.087168e+01 0.000000e+00
    endloop
  endfacet
  facet normal 0.000000e+00 0.000000e+00 1.000000e+00
    outer loop
      vertex   2.444044e+01 1.087168e+01 0.000000e+00
      vertex   1.452752e+01 5.211530e+00 0.000000e+00
      vertex   2.444044e+01 0.000000e+00 0.000000e+00
    endloop
  endfacet
  facet normal 0.000000e+00 0.000000e+00 1.000000e+00
    outer loop
      vertex   2.444044e+01 0.000000e+00 0.000000e+00
      vertex   1.452752e+01 5.211530e+00 0.000000e+00
      vertex   1.452752e+01 0.000000e+00 0.000000e+00
    endloop
  endfacet
  facet normal 0.000000e+00 0.000000e+00 1.000000e+00
    outer loop
      vertex   1.642500e+00 1.269250e+01 0.000000e+00
      vertex   1.642500e+00 1.089250e+01 0.000000e+00
      vertex   1.452752e+01 5.211530e+00 0.000000e+00
    endloop
  endfacet
  facet normal 0.000000e+00 -0.000000e+00 1.000000e+00
    outer loop
      vertex   1.283592e+00 1.688990e+01 0.000000e+00
      vertex   1.283592e+00 3.928973e+01 0.000000e+00
      vertex   4.049947e-01 4.226016e+01 0.000000e+00
    endloop
  endfacet
  facet normal -0.000000e+00 0.000000e+00 1.000000e+00
    outer loop
      vertex   4.049947e-01 4.226016e+01 0.000000e+00
      vertex   1.283592e+00 3.928973e+01 0.000000e+00
      vertex   2.630586e+00 4.226016e+01 0.000000e+00
    endloop
  endfacet
  facet normal 0.000000e+00 0.000000e+00 1.000000e+00
    outer loop
      vertex   2.630586e+00 4.226016e+01 0.000000e+00
      vertex   1.283592e+00 3.928973e+01 0.000000e+00
      vertex   5.185655e+00 3.928973e+01 0.000000e+00
    endloop
  endfacet
  facet normal 0.000000e+00 0.000000e+00 1.000000e+00
    outer loop
      vertex   2.630586e+00 4.226016e+01 0.000000e+00
      vertex   5.185655e+00 3.928973e+01 0.000000e+00
      vertex   1.988258e+01 3.891338e+01 0.000000e+00
    endloop
  endfacet
  facet normal 0.000000e+00 0.000000e+00 1.000000e+00
    outer loop
      vertex   1.988258e+01 3.891338e+01 0.000000e+00
      vertex   5.185655e+00 3.928973e+01 0.000000e+00
      vertex   1.988258e+01 2.480149e+01 0.000000e+00
    endloop
  endfacet
  facet normal 0.000000e+00 0.000000e+00 1.000000e+00
    outer loop
      vertex   1.988258e+01 2.480149e+01 0.000000e+00
      vertex   5.185655e+00 3.928973e+01 0.000000e+00
      vertex   5.185655e+00 1.688990e+01 0.000000e+00
    endloop
  endfacet
  facet normal 0.000000e+00 0.000000e+00 1.000000e+00
    outer loop
      vertex   1.988258e+01 2.480149e+01 0.000000e+00
      vertex   5.185655e+00 1.688990e+01 0.000000e+00
      vertex   2.444044e+01 1.087168e+01 0.000000e+00
    endloop
  endfacet
  facet normal -0.000000e+00 0.000000e+00 1.000000e+00
    outer loop
      vertex   2.630586e+00 4.837346e+01 0.000000e+00
      vertex   2.630586e+00 4.226016e+01 0.000000e+00
      vertex   7.097187e+00 5.000000e+01 0.000000e+00
    endloop
  endfacet
  facet normal 0.000000e+00 0.000000e+00 1.000000e+00
    outer loop
      vertex   7.097187e+00 5.000000e+01 0.000000e+00
      vertex   2.630586e+00 4.226016e+01 0.000000e+00
      vertex   1.988258e+01 3.891338e+01 0.000000e+00
    endloop
  endfacet
  facet normal 0.000000e+00 0.000000e+00 1.000000e+00
    outer loop
      vertex   7.097187e+00 5.000000e+01 0.000000e+00
      vertex   1.988258e+01 3.891338e+01 0.000000e+00
      vertex   3.385583e+01 3.891338e+01 0.000000e+00
    endloop
  endfacet
  facet normal 0.000000e+00 -0.000000e+00 1.000000e+00
    outer loop
      vertex   7.097187e+00 5.500000e+01 0.000000e+00
      vertex   5.790990e+01 5.500000e+01 0.000000e+00
      vertex   3.000000e+00 5.600000e+01 0.000000e+00
    endloop
  endfacet
  facet normal -0.000000e+00 0.000000e+00 1.000000e+00
    outer loop
      vertex   3.000000e+00 5.600000e+01 0.000000e+00
      vertex   5.790990e+01 5.500000e+01 0.000000e+00
      vertex   8.200000e+01 5.600000e+01 0.000000e+00
    endloop
  endfacet
  facet normal 0.000000e+00 0.000000e+00 1.000000e+00
    outer loop
      vertex   8.200000e+01 5.600000e+01 0.000000e+00
      vertex   5.790990e+01 5.500000e+01 0.000000e+00
      vertex   6.945233e+01 5.464207e+01 0.000000e+00
    endloop
  endfacet
  facet normal 0.000000e+00 0.000000e+00 1.000000e+00
    outer loop
      vertex   8.200000e+01 5.600000e+01 0.000000e+00
      vertex   6.945233e+01 5.464207e+01 0.000000e+00
      vertex   8.451070e+01 5.464207e+01 0.000000e+00
    endloop
  endfacet
  facet normal 0.000000e+00 0.000000e+00 1.000000e+00
    outer loop
      vertex   5.790990e+01 5.000000e+01 0.000000e+00
      vertex   6.015000e+01 5.250000e+01 0.000000e+00
      vertex   5.790990e+01 5.500000e+01 0.000000e+00
    endloop
  endfacet
  facet normal 0.000000e+00 0.000000e+00 1.000000e+00
    outer loop
      vertex   5.790990e+01 5.500000e+01 0.000000e+00
      vertex   6.015000e+01 5.250000e+01 0.000000e+00
      vertex   6.019600e+01 5.284941e+01 0.000000e+00
    endloop
  endfacet
  facet normal 0.000000e+00 0.000000e+00 1.000000e+00
    outer loop
      vertex   5.790990e+01 5.500000e+01 0.000000e+00
      vertex   6.019600e+01 5.284941e+01 0.000000e+00
      vertex   6.033087e+01 5.317500e+01 0.000000e+00
    endloop
  endfacet
  facet normal -0.000000e+00 0.000000e+00 1.000000e+00
    outer loop
      vertex   7.097187e+00 5.000000e+01 0.000000e+00
      vertex   3.385583e+01 3.891338e+01 0.000000e+00
      vertex   5.790990e+01 5.000000e+01 0.000000e+00
    endloop
  endfacet
  facet normal 0.000000e+00 0.000000e+00 1.000000e+00
    outer loop
      vertex   5.790990e+01 5.000000e+01 0.000000e+00
      vertex   3.385583e+01 3.891338e+01 0.000000e+00
      vertex   5.505771e+01 3.874209e+01 0.000000e+00
    endloop
  endfacet
  facet normal 0.000000e+00 0.000000e+00 1.000000e+00
    outer loop
      vertex   5.790990e+01 5.000000e+01 0.000000e+00
      vertex   5.505771e+01 3.874209e+01 0.000000e+00
      vertex   6.460608e+01 3.874209e+01 0.000000e+00
    endloop
  endfacet
  facet normal 0.000000e+00 0.000000e+00 1.000000e+00
    outer loop
      vertex   4.304805e+01 2.269932e+01 0.000000e+00
      vertex   3.944743e+01 1.087168e+01 0.000000e+00
      vertex   4.304805e+01 2.961598e-01 0.000000e+00
    endloop
  endfacet
  facet normal 0.000000e+00 0.000000e+00 1.000000e+00
    outer loop
      vertex   4.304805e+01 2.961598e-01 0.000000e+00
      vertex   3.944743e+01 1.087168e+01 0.000000e+00
      vertex   3.944743e+01 0.000000e+00 0.000000e+00
    endloop
  endfacet
  facet normal 0.000000e+00 0.000000e+00 1.000000e+00
    outer loop
      vertex   4.304805e+01 2.961598e-01 0.000000e+00
      vertex   3.944743e+01 0.000000e+00 0.000000e+00
      vertex   5.004276e+01 0.000000e+00 0.000000e+00
    endloop
  endfacet
  facet normal 0.000000e+00 -0.000000e+00 1.000000e+00
    outer loop
      vertex   4.695235e+01 2.269932e+01 0.000000e+00
      vertex   5.505771e+01 2.909358e+01 0.000000e+00
      vertex   4.304805e+01 2.269932e+01 0.000000e+00
    endloop
  endfacet
  facet normal 0.000000e+00 -0.000000e+00 1.000000e+00
    outer loop
      vertex   4.304805e+01 2.269932e+01 0.000000e+00
      vertex   5.505771e+01 2.909358e+01 0.000000e+00
      vertex   3.385583e+01 3.891338e+01 0.000000e+00
    endloop
  endfacet
  facet normal 0.000000e+00 0.000000e+00 1.000000e+00
    outer loop
      vertex   4.304805e+01 2.269932e+01 0.000000e+00
      vertex   3.385583e+01 3.891338e+01 0.000000e+00
      vertex   3.385583e+01 2.480149e+01 0.000000e+00
    endloop
  endfacet
  facet normal 0.000000e+00 0.000000e+00 1.000000e+00
    outer loop
      vertex   4.695235e+01 2.961598e-01 0.000000e+00
      vertex   5.004276e+01 1.368915e+01 0.000000e+00
      vertex   4.695235e+01 2.269932e+01 0.000000e+00
    endloop
  endfacet
  facet normal 0.000000e+00 0.000000e+00 1.000000e+00
    outer loop
      vertex   4.695235e+01 2.269932e+01 0.000000e+00
      vertex   5.004276e+01 1.368915e+01 0.000000e+00
      vertex   5.704401e+01 1.368915e+01 0.000000e+00
    endloop
  endfacet
  facet normal 0.000000e+00 0.000000e+00 1.000000e+00
    outer loop
      vertex   4.695235e+01 2.269932e+01 0.000000e+00
      vertex   5.704401e+01 1.368915e+01 0.000000e+00
      vertex   6.597501e+01 1.827860e+01 0.000000e+00
    endloop
  endfacet
  facet normal 0.000000e+00 0.000000e+00 1.000000e+00
    outer loop
      vertex   6.597501e+01 1.827860e+01 0.000000e+00
      vertex   5.704401e+01 1.368915e+01 0.000000e+00
      vertex   6.184941e+01 4.804000e+00 0.000000e+00
    endloop
  endfacet
  facet normal 0.000000e+00 0.000000e+00 1.000000e+00
    outer loop
      vertex   6.597501e+01 1.827860e+01 0.000000e+00
      vertex   6.184941e+01 4.804000e+00 0.000000e+00
      vertex   6.217500e+01 4.669134e+00 0.000000e+00
    endloop
  endfacet
  facet normal 0.000000e+00 0.000000e+00 1.000000e+00
    outer loop
      vertex   5.004276e+01 1.368915e+01 0.000000e+00
      vertex   4.695235e+01 2.961598e-01 0.000000e+00
      vertex   5.004276e+01 0.000000e+00 0.000000e+00
    endloop
  endfacet
  facet normal 0.000000e+00 0.000000e+00 1.000000e+00
    outer loop
      vertex   5.004276e+01 0.000000e+00 0.000000e+00
      vertex   4.695235e+01 2.961598e-01 0.000000e+00
      vertex   4.304805e+01 2.961598e-01 0.000000e+00
    endloop
  endfacet
  facet normal -0.000000e+00 0.000000e+00 1.000000e+00
    outer loop
      vertex   1.988258e+01 2.480149e+01 0.000000e+00
      vertex   2.444044e+01 1.087168e+01 0.000000e+00
      vertex   3.385583e+01 2.480149e+01 0.000000e+00
    endloop
  endfacet
  facet normal 0.000000e+00 0.000000e+00 1.000000e+00
    outer loop
      vertex   3.385583e+01 2.480149e+01 0.000000e+00
      vertex   2.444044e+01 1.087168e+01 0.000000e+00
      vertex   3.944743e+01 1.087168e+01 0.000000e+00
    endloop
  endfacet
  facet normal 0.000000e+00 0.000000e+00 1.000000e+00
    outer loop
      vertex   3.385583e+01 2.480149e+01 0.000000e+00
      vertex   3.944743e+01 1.087168e+01 0.000000e+00
      vertex   4.304805e+01 2.269932e+01 0.000000e+00
    endloop
  endfacet
  facet normal 0.000000e+00 0.000000e+00 1.000000e+00
    outer loop
      vertex   5.704401e+01 0.000000e+00 0.000000e+00
      vertex   6.033087e+01 4.175000e+00 0.000000e+00
      vertex   5.704401e+01 1.368915e+01 0.000000e+00
    endloop
  endfacet
  facet normal 0.000000e+00 0.000000e+00 1.000000e+00
    outer loop
      vertex   5.704401e+01 1.368915e+01 0.000000e+00
      vertex   6.033087e+01 4.175000e+00 0.000000e+00
      vertex   6.054541e+01 4.454594e+00 0.000000e+00
    endloop
  endfacet
  facet normal 0.000000e+00 0.000000e+00 1.000000e+00
    outer loop
      vertex   5.704401e+01 1.368915e+01 0.000000e+00
      vertex   6.054541e+01 4.454594e+00 0.000000e+00
      vertex   6.082500e+01 4.669134e+00 0.000000e+00
    endloop
  endfacet
  facet normal 0.000000e+00 0.000000e+00 1.000000e+00
    outer loop
      vertex   8.200000e+01 0.000000e+00 0.000000e+00
      vertex   6.597501e+01 2.399478e+00 0.000000e+00
      vertex   5.704401e+01 0.000000e+00 0.000000e+00
    endloop
  endfacet
  facet normal 0.000000e+00 0.000000e+00 1.000000e+00
    outer loop
      vertex   5.704401e+01 0.000000e+00 0.000000e+00
      vertex   6.597501e+01 2.399478e+00 0.000000e+00
      vertex   6.184941e+01 2.196000e+00 0.000000e+00
    endloop
  endfacet
  facet normal 0.000000e+00 0.000000e+00 1.000000e+00
    outer loop
      vertex   5.704401e+01 0.000000e+00 0.000000e+00
      vertex   6.184941e+01 2.196000e+00 0.000000e+00
      vertex   6.150000e+01 2.150000e+00 0.000000e+00
    endloop
  endfacet
  facet normal 0.000000e+00 -0.000000e+00 1.000000e+00
    outer loop
      vertex   8.258309e+01 5.721136e-02 0.000000e+00
      vertex   8.314394e+01 2.266633e-01 0.000000e+00
      vertex   8.200000e+01 0.000000e+00 0.000000e+00
    endloop
  endfacet
  facet normal 0.000000e+00 0.000000e+00 1.000000e+00
    outer loop
      vertex   8.200000e+01 0.000000e+00 0.000000e+00
      vertex   8.314394e+01 2.266633e-01 0.000000e+00
      vertex   8.366116e+01 5.018929e-01 0.000000e+00
    endloop
  endfacet
  facet normal 0.000000e+00 0.000000e+00 1.000000e+00
    outer loop
      vertex   8.200000e+01 0.000000e+00 0.000000e+00
      vertex   8.366116e+01 5.018929e-01 0.000000e+00
      vertex   8.411502e+01 8.724025e-01 0.000000e+00
    endloop
  endfacet
  facet normal 0.000000e+00 -0.000000e+00 1.000000e+00
    outer loop
      vertex   8.411502e+01 8.724025e-01 0.000000e+00
      vertex   8.448822e+01 1.324061e+00 0.000000e+00
      vertex   8.200000e+01 0.000000e+00 0.000000e+00
    endloop
  endfacet
  facet normal 0.000000e+00 0.000000e+00 1.000000e+00
    outer loop
      vertex   8.200000e+01 0.000000e+00 0.000000e+00
      vertex   8.448822e+01 1.324061e+00 0.000000e+00
      vertex   8.476651e+01 1.839641e+00 0.000000e+00
    endloop
  endfacet
  facet normal 0.000000e+00 0.000000e+00 1.000000e+00
    outer loop
      vertex   8.200000e+01 0.000000e+00 0.000000e+00
      vertex   8.476651e+01 1.839641e+00 0.000000e+00
      vertex   8.493928e+01 2.399478e+00 0.000000e+00
    endloop
  endfacet
  facet normal 0.000000e+00 0.000000e+00 1.000000e+00
    outer loop
      vertex   8.493928e+01 2.399478e+00 0.000000e+00
      vertex   6.597501e+01 2.399478e+00 0.000000e+00
      vertex   8.200000e+01 0.000000e+00 0.000000e+00
    endloop
  endfacet
  facet normal 0.000000e+00 0.000000e+00 1.000000e+00
    outer loop
      vertex   6.597501e+01 1.827860e+01 0.000000e+00
      vertex   6.245459e+01 4.454594e+00 0.000000e+00
      vertex   6.597501e+01 2.399478e+00 0.000000e+00
    endloop
  endfacet
  facet normal 0.000000e+00 0.000000e+00 1.000000e+00
    outer loop
      vertex   6.597501e+01 2.399478e+00 0.000000e+00
      vertex   6.245459e+01 4.454594e+00 0.000000e+00
      vertex   6.266913e+01 4.175000e+00 0.000000e+00
    endloop
  endfacet
  facet normal 0.000000e+00 0.000000e+00 1.000000e+00
    outer loop
      vertex   6.597501e+01 2.399478e+00 0.000000e+00
      vertex   6.266913e+01 4.175000e+00 0.000000e+00
      vertex   6.280400e+01 3.849406e+00 0.000000e+00
    endloop
  endfacet
  facet normal 0.000000e+00 0.000000e+00 1.000000e+00
    outer loop
      vertex   8.500000e+01 1.827860e+01 0.000000e+00
      vertex   6.945233e+01 2.153570e+01 0.000000e+00
      vertex   6.597501e+01 1.827860e+01 0.000000e+00
    endloop
  endfacet
  facet normal 0.000000e+00 -0.000000e+00 1.000000e+00
    outer loop
      vertex   6.597501e+01 1.827860e+01 0.000000e+00
      vertex   6.945233e+01 2.153570e+01 0.000000e+00
      vertex   5.505771e+01 2.909358e+01 0.000000e+00
    endloop
  endfacet
  facet normal 0.000000e+00 0.000000e+00 1.000000e+00
    outer loop
      vertex   6.597501e+01 1.827860e+01 0.000000e+00
      vertex   5.505771e+01 2.909358e+01 0.000000e+00
      vertex   4.695235e+01 2.269932e+01 0.000000e+00
    endloop
  endfacet
  facet normal 0.000000e+00 -0.000000e+00 1.000000e+00
    outer loop
      vertex   8.500000e+01 1.827860e+01 0.000000e+00
      vertex   8.500000e+01 2.153570e+01 0.000000e+00
      vertex   6.945233e+01 2.153570e+01 0.000000e+00
    endloop
  endfacet
  facet normal -0.000000e+00 0.000000e+00 1.000000e+00
    outer loop
      vertex   5.505771e+01 2.909358e+01 0.000000e+00
      vertex   6.945233e+01 2.153570e+01 0.000000e+00
      vertex   6.460608e+01 2.909358e+01 0.000000e+00
    endloop
  endfacet
  facet normal -0.000000e+00 0.000000e+00 1.000000e+00
    outer loop
      vertex   6.460608e+01 2.909358e+01 0.000000e+00
      vertex   6.945233e+01 2.153570e+01 0.000000e+00
      vertex   6.945233e+01 3.663919e+01 0.000000e+00
    endloop
  endfacet
  facet normal 0.000000e+00 0.000000e+00 1.000000e+00
    outer loop
      vertex   6.460608e+01 2.909358e+01 0.000000e+00
      vertex   6.945233e+01 3.663919e+01 0.000000e+00
      vertex   6.460608e+01 3.874209e+01 0.000000e+00
    endloop
  endfacet
  facet normal -0.000000e+00 0.000000e+00 1.000000e+00
    outer loop
      vertex   6.460608e+01 3.874209e+01 0.000000e+00
      vertex   6.945233e+01 3.663919e+01 0.000000e+00
      vertex   6.945233e+01 3.953858e+01 0.000000e+00
    endloop
  endfacet
  facet normal 0.000000e+00 -0.000000e+00 1.000000e+00
    outer loop
      vertex   6.460608e+01 3.874209e+01 0.000000e+00
      vertex   6.945233e+01 3.953858e+01 0.000000e+00
      vertex   6.184941e+01 5.119600e+01 0.000000e+00
    endloop
  endfacet
  facet normal -0.000000e+00 0.000000e+00 1.000000e+00
    outer loop
      vertex   6.184941e+01 5.119600e+01 0.000000e+00
      vertex   6.945233e+01 3.953858e+01 0.000000e+00
      vertex   6.217500e+01 5.133087e+01 0.000000e+00
    endloop
  endfacet
  facet normal -0.000000e+00 0.000000e+00 1.000000e+00
    outer loop
      vertex   6.217500e+01 5.133087e+01 0.000000e+00
      vertex   6.945233e+01 3.953858e+01 0.000000e+00
      vertex   6.245459e+01 5.154541e+01 0.000000e+00
    endloop
  endfacet
  facet normal -0.000000e+00 0.000000e+00 1.000000e+00
    outer loop
      vertex   6.245459e+01 5.154541e+01 0.000000e+00
      vertex   6.945233e+01 3.953858e+01 0.000000e+00
      vertex   6.945233e+01 5.464207e+01 0.000000e+00
    endloop
  endfacet
  facet normal 0.000000e+00 0.000000e+00 1.000000e+00
    outer loop
      vertex   6.245459e+01 5.154541e+01 0.000000e+00
      vertex   6.945233e+01 5.464207e+01 0.000000e+00
      vertex   6.266913e+01 5.182500e+01 0.000000e+00
    endloop
  endfacet
  facet normal 0.000000e+00 0.000000e+00 1.000000e+00
    outer loop
      vertex   6.266913e+01 5.182500e+01 0.000000e+00
      vertex   6.945233e+01 5.464207e+01 0.000000e+00
      vertex   6.280400e+01 5.215059e+01 0.000000e+00
    endloop
  endfacet
  facet normal 0.000000e+00 0.000000e+00 1.000000e+00
    outer loop
      vertex   6.280400e+01 5.215059e+01 0.000000e+00
      vertex   6.945233e+01 5.464207e+01 0.000000e+00
      vertex   6.285000e+01 5.250000e+01 0.000000e+00
    endloop
  endfacet
  facet normal 0.000000e+00 -0.000000e+00 1.000000e+00
    outer loop
      vertex   6.285000e+01 5.250000e+01 0.000000e+00
      vertex   6.945233e+01 5.464207e+01 0.000000e+00
      vertex   6.280400e+01 5.284941e+01 0.000000e+00
    endloop
  endfacet
  facet normal 0.000000e+00 -0.000000e+00 1.000000e+00
    outer loop
      vertex   6.280400e+01 5.284941e+01 0.000000e+00
      vertex   6.945233e+01 5.464207e+01 0.000000e+00
      vertex   6.266913e+01 5.317500e+01 0.000000e+00
    endloop
  endfacet
  facet normal 0.000000e+00 -0.000000e+00 1.000000e+00
    outer loop
      vertex   6.266913e+01 5.317500e+01 0.000000e+00
      vertex   6.945233e+01 5.464207e+01 0.000000e+00
      vertex   6.245459e+01 5.345459e+01 0.000000e+00
    endloop
  endfacet
  facet normal 0.000000e+00 -0.000000e+00 1.000000e+00
    outer loop
      vertex   6.245459e+01 5.345459e+01 0.000000e+00
      vertex   6.945233e+01 5.464207e+01 0.000000e+00
      vertex   6.217500e+01 5.366913e+01 0.000000e+00
    endloop
  endfacet
  facet normal 0.000000e+00 -0.000000e+00 1.000000e+00
    outer loop
      vertex   6.217500e+01 5.366913e+01 0.000000e+00
      vertex   6.945233e+01 5.464207e+01 0.000000e+00
      vertex   6.184941e+01 5.380400e+01 0.000000e+00
    endloop
  endfacet
  facet normal 0.000000e+00 -0.000000e+00 1.000000e+00
    outer loop
      vertex   6.184941e+01 5.380400e+01 0.000000e+00
      vertex   6.945233e+01 5.464207e+01 0.000000e+00
      vertex   5.790990e+01 5.500000e+01 0.000000e+00
    endloop
  endfacet
  facet normal 0.000000e+00 0.000000e+00 1.000000e+00
    outer loop
      vertex   6.184941e+01 5.380400e+01 0.000000e+00
      vertex   5.790990e+01 5.500000e+01 0.000000e+00
      vertex   6.150000e+01 5.385000e+01 0.000000e+00
    endloop
  endfacet
  facet normal 0.000000e+00 0.000000e+00 1.000000e+00
    outer loop
      vertex   6.150000e+01 5.385000e+01 0.000000e+00
      vertex   5.790990e+01 5.500000e+01 0.000000e+00
      vertex   6.115059e+01 5.380400e+01 0.000000e+00
    endloop
  endfacet
  facet normal 0.000000e+00 0.000000e+00 1.000000e+00
    outer loop
      vertex   6.115059e+01 5.380400e+01 0.000000e+00
      vertex   5.790990e+01 5.500000e+01 0.000000e+00
      vertex   6.082500e+01 5.366913e+01 0.000000e+00
    endloop
  endfacet
  facet normal 0.000000e+00 0.000000e+00 1.000000e+00
    outer loop
      vertex   6.082500e+01 5.366913e+01 0.000000e+00
      vertex   5.790990e+01 5.500000e+01 0.000000e+00
      vertex   6.054541e+01 5.345459e+01 0.000000e+00
    endloop
  endfacet
  facet normal 0.000000e+00 0.000000e+00 1.000000e+00
    outer loop
      vertex   6.054541e+01 5.345459e+01 0.000000e+00
      vertex   5.790990e+01 5.500000e+01 0.000000e+00
      vertex   6.033087e+01 5.317500e+01 0.000000e+00
    endloop
  endfacet
  facet normal 0.000000e+00 0.000000e+00 1.000000e+00
    outer loop
      vertex   6.945233e+01 3.663919e+01 0.000000e+00
      vertex   8.500000e+01 3.663919e+01 0.000000e+00
      vertex   6.945233e+01 3.953858e+01 0.000000e+00
    endloop
  endfacet
  facet normal -0.000000e+00 0.000000e+00 1.000000e+00
    outer loop
      vertex   6.945233e+01 3.953858e+01 0.000000e+00
      vertex   8.500000e+01 3.663919e+01 0.000000e+00
      vertex   8.500000e+01 3.953858e+01 0.000000e+00
    endloop
  endfacet
  facet normal 0.000000e+00 0.000000e+00 1.000000e+00
    outer loop
      vertex   8.451070e+01 5.464207e+01 0.000000e+00
      vertex   8.413796e+01 5.510454e+01 0.000000e+00
      vertex   8.200000e+01 5.600000e+01 0.000000e+00
    endloop
  endfacet
  facet normal 0.000000e+00 0.000000e+00 1.000000e+00
    outer loop
      vertex   8.200000e+01 5.600000e+01 0.000000e+00
      vertex   8.413796e+01 5.510454e+01 0.000000e+00
      vertex   8.368142e+01 5.548452e+01 0.000000e+00
    endloop
  endfacet
  facet normal 0.000000e+00 0.000000e+00 1.000000e+00
    outer loop
      vertex   8.200000e+01 5.600000e+01 0.000000e+00
      vertex   8.368142e+01 5.548452e+01 0.000000e+00
      vertex   8.315896e+01 5.576710e+01 0.000000e+00
    endloop
  endfacet
  facet normal 0.000000e+00 0.000000e+00 1.000000e+00
    outer loop
      vertex   8.315896e+01 5.576710e+01 0.000000e+00
      vertex   8.259106e+01 5.594120e+01 0.000000e+00
      vertex   8.200000e+01 5.600000e+01 0.000000e+00
    endloop
  endfacet
  facet normal 0.000000e+00 0.000000e+00 1.000000e+00
    outer loop
      vertex   1.851950e+00 5.577164e+01 0.000000e+00
      vertex   1.333289e+00 5.549441e+01 0.000000e+00
      vertex   3.150594e+00 5.380400e+01 0.000000e+00
    endloop
  endfacet
  facet normal 0.000000e+00 0.000000e+00 1.000000e+00
    outer loop
      vertex   3.150594e+00 5.380400e+01 0.000000e+00
      vertex   1.333289e+00 5.549441e+01 0.000000e+00
      vertex   8.786797e-01 5.512132e+01 0.000000e+00
    endloop
  endfacet
  facet normal 0.000000e+00 0.000000e+00 1.000000e+00
    outer loop
      vertex   3.150594e+00 5.380400e+01 0.000000e+00
      vertex   8.786797e-01 5.512132e+01 0.000000e+00
      vertex   2.825000e+00 5.366913e+01 0.000000e+00
    endloop
  endfacet
  facet normal 0.000000e+00 0.000000e+00 1.000000e+00
    outer loop
      vertex   2.825000e+00 5.366913e+01 0.000000e+00
      vertex   8.786797e-01 5.512132e+01 0.000000e+00
      vertex   5.055912e-01 5.466671e+01 0.000000e+00
    endloop
  endfacet
  facet normal 0.000000e+00 0.000000e+00 1.000000e+00
    outer loop
      vertex   2.825000e+00 5.366913e+01 0.000000e+00
      vertex   5.055912e-01 5.466671e+01 0.000000e+00
      vertex   2.545406e+00 5.345459e+01 0.000000e+00
    endloop
  endfacet
  facet normal 0.000000e+00 0.000000e+00 1.000000e+00
    outer loop
      vertex   2.545406e+00 5.345459e+01 0.000000e+00
      vertex   5.055912e-01 5.466671e+01 0.000000e+00
      vertex   2.283614e-01 5.414805e+01 0.000000e+00
    endloop
  endfacet
  facet normal 0.000000e+00 0.000000e+00 1.000000e+00
    outer loop
      vertex   2.545406e+00 5.345459e+01 0.000000e+00
      vertex   2.283614e-01 5.414805e+01 0.000000e+00
      vertex   5.764416e-02 5.358527e+01 0.000000e+00
    endloop
  endfacet
  facet normal 0.000000e+00 0.000000e+00 1.000000e+00
    outer loop
      vertex   2.545406e+00 5.345459e+01 0.000000e+00
      vertex   5.764416e-02 5.358527e+01 0.000000e+00
      vertex   2.330866e+00 5.317500e+01 0.000000e+00
    endloop
  endfacet
  facet normal 0.000000e+00 0.000000e+00 1.000000e+00
    outer loop
      vertex   2.330866e+00 5.317500e+01 0.000000e+00
      vertex   5.764416e-02 5.358527e+01 0.000000e+00
      vertex   -1.665335e-15 5.300000e+01 0.000000e+00
    endloop
  endfacet
  facet normal 0.000000e+00 0.000000e+00 1.000000e+00
    outer loop
      vertex   2.330866e+00 5.317500e+01 0.000000e+00
      vertex   -1.665335e-15 5.300000e+01 0.000000e+00
      vertex   2.196000e+00 5.284941e+01 0.000000e+00
    endloop
  endfacet
  facet normal 0.000000e+00 0.000000e+00 1.000000e+00
    outer loop
      vertex   2.196000e+00 5.284941e+01 0.000000e+00
      vertex   -1.665335e-15 5.300000e+01 0.000000e+00
      vertex   2.150000e+00 5.250000e+01 0.000000e+00
    endloop
  endfacet
  facet normal 0.000000e+00 0.000000e+00 1.000000e+00
    outer loop
      vertex   2.150000e+00 5.250000e+01 0.000000e+00
      vertex   -1.665335e-15 5.300000e+01 0.000000e+00
      vertex   2.196000e+00 5.215059e+01 0.000000e+00
    endloop
  endfacet
  facet normal 0.000000e+00 0.000000e+00 1.000000e+00
    outer loop
      vertex   2.196000e+00 5.215059e+01 0.000000e+00
      vertex   -1.665335e-15 5.300000e+01 0.000000e+00
      vertex   2.330866e+00 5.182500e+01 0.000000e+00
    endloop
  endfacet
  facet normal 0.000000e+00 -0.000000e+00 1.000000e+00
    outer loop
      vertex   5.764416e-02 2.414729e+00 0.000000e+00
      vertex   2.330866e+00 2.825000e+00 0.000000e+00
      vertex   5.551115e-16 3.000000e+00 0.000000e+00
    endloop
  endfacet
  facet normal -0.000000e+00 0.000000e+00 1.000000e+00
    outer loop
      vertex   5.551115e-16 3.000000e+00 0.000000e+00
      vertex   2.330866e+00 2.825000e+00 0.000000e+00
      vertex   2.196000e+00 3.150594e+00 0.000000e+00
    endloop
  endfacet
  facet normal 0.000000e+00 0.000000e+00 1.000000e+00
    outer loop
      vertex   5.551115e-16 3.000000e+00 0.000000e+00
      vertex   2.196000e+00 3.150594e+00 0.000000e+00
      vertex   2.150000e+00 3.500000e+00 0.000000e+00
    endloop
  endfacet
  facet normal 0.000000e+00 0.000000e+00 1.000000e+00
    outer loop
      vertex   2.330866e+00 2.825000e+00 0.000000e+00
      vertex   5.764416e-02 2.414729e+00 0.000000e+00
      vertex   2.545406e+00 2.545406e+00 0.000000e+00
    endloop
  endfacet
  facet normal 0.000000e+00 0.000000e+00 1.000000e+00
    outer loop
      vertex   2.545406e+00 2.545406e+00 0.000000e+00
      vertex   5.764416e-02 2.414729e+00 0.000000e+00
      vertex   2.283614e-01 1.851950e+00 0.000000e+00
    endloop
  endfacet
  facet normal 0.000000e+00 0.000000e+00 1.000000e+00
    outer loop
      vertex   2.545406e+00 2.545406e+00 0.000000e+00
      vertex   2.283614e-01 1.851950e+00 0.000000e+00
      vertex   5.055912e-01 1.333289e+00 0.000000e+00
    endloop
  endfacet
  facet normal 0.000000e+00 0.000000e+00 1.000000e+00
    outer loop
      vertex   2.545406e+00 2.545406e+00 0.000000e+00
      vertex   5.055912e-01 1.333289e+00 0.000000e+00
      vertex   2.825000e+00 2.330866e+00 0.000000e+00
    endloop
  endfacet
  facet normal 0.000000e+00 0.000000e+00 1.000000e+00
    outer loop
      vertex   2.825000e+00 2.330866e+00 0.000000e+00
      vertex   5.055912e-01 1.333289e+00 0.000000e+00
      vertex   8.786797e-01 8.786797e-01 0.000000e+00
    endloop
  endfacet
  facet normal 0.000000e+00 0.000000e+00 1.000000e+00
    outer loop
      vertex   2.825000e+00 2.330866e+00 0.000000e+00
      vertex   8.786797e-01 8.786797e-01 0.000000e+00
      vertex   3.150594e+00 2.196000e+00 0.000000e+00
    endloop
  endfacet
  facet normal 0.000000e+00 0.000000e+00 1.000000e+00
    outer loop
      vertex   3.150594e+00 2.196000e+00 0.000000e+00
      vertex   8.786797e-01 8.786797e-01 0.000000e+00
      vertex   1.333289e+00 5.055912e-01 0.000000e+00
    endloop
  endfacet
  facet normal 0.000000e+00 0.000000e+00 1.000000e+00
    outer loop
      vertex   3.150594e+00 2.196000e+00 0.000000e+00
      vertex   1.333289e+00 5.055912e-01 0.000000e+00
      vertex   1.851950e+00 2.283614e-01 0.000000e+00
    endloop
  endfacet
  facet normal -0.000000e+00 0.000000e+00 1.000000e+00
    outer loop
      vertex   1.851950e+00 2.283614e-01 0.000000e+00
      vertex   2.414729e+00 5.764416e-02 0.000000e+00
      vertex   3.150594e+00 2.196000e+00 0.000000e+00
    endloop
  endfacet
  facet normal 0.000000e+00 0.000000e+00 1.000000e+00
    outer loop
      vertex   3.150594e+00 2.196000e+00 0.000000e+00
      vertex   2.414729e+00 5.764416e-02 0.000000e+00
      vertex   3.000000e+00 0.000000e+00 0.000000e+00
    endloop
  endfacet
  facet normal 0.000000e+00 0.000000e+00 1.000000e+00
    outer loop
      vertex   3.150594e+00 2.196000e+00 0.000000e+00
      vertex   3.000000e+00 0.000000e+00 0.000000e+00
      vertex   3.500000e+00 2.150000e+00 0.000000e+00
    endloop
  endfacet
  facet normal -0.000000e+00 0.000000e+00 1.000000e+00
    outer loop
      vertex   3.500000e+00 2.150000e+00 0.000000e+00
      vertex   3.000000e+00 0.000000e+00 0.000000e+00
      vertex   3.849406e+00 2.196000e+00 0.000000e+00
    endloop
  endfacet
  facet normal 0.000000e+00 0.000000e+00 1.000000e+00
    outer loop
      vertex   3.849406e+00 2.196000e+00 0.000000e+00
      vertex   3.000000e+00 0.000000e+00 0.000000e+00
      vertex   6.555569e+00 0.000000e+00 0.000000e+00
    endloop
  endfacet
  facet normal -0.000000e+00 0.000000e+00 1.000000e+00
    outer loop
      vertex   3.849406e+00 2.196000e+00 0.000000e+00
      vertex   6.555569e+00 0.000000e+00 0.000000e+00
      vertex   4.175000e+00 2.330866e+00 0.000000e+00
    endloop
  endfacet
  facet normal -0.000000e+00 0.000000e+00 1.000000e+00
    outer loop
      vertex   4.175000e+00 2.330866e+00 0.000000e+00
      vertex   6.555569e+00 0.000000e+00 0.000000e+00
      vertex   4.454594e+00 2.545406e+00 0.000000e+00
    endloop
  endfacet
  facet normal -0.000000e+00 0.000000e+00 1.000000e+00
    outer loop
      vertex   4.454594e+00 2.545406e+00 0.000000e+00
      vertex   6.555569e+00 0.000000e+00 0.000000e+00
      vertex   4.669134e+00 2.825000e+00 0.000000e+00
    endloop
  endfacet
  facet normal -0.000000e+00 0.000000e+00 1.000000e+00
    outer loop
      vertex   4.669134e+00 2.825000e+00 0.000000e+00
      vertex   6.555569e+00 0.000000e+00 0.000000e+00
      vertex   4.804000e+00 3.150594e+00 0.000000e+00
    endloop
  endfacet
  facet normal -0.000000e+00 0.000000e+00 1.000000e+00
    outer loop
      vertex   4.804000e+00 3.150594e+00 0.000000e+00
      vertex   6.555569e+00 0.000000e+00 0.000000e+00
      vertex   6.555569e+00 5.211530e+00 0.000000e+00
    endloop
  endfacet
  facet normal 0.000000e+00 0.000000e+00 1.000000e+00
    outer loop
      vertex   4.804000e+00 3.150594e+00 0.000000e+00
      vertex   6.555569e+00 5.211530e+00 0.000000e+00
      vertex   4.850000e+00 3.500000e+00 0.000000e+00
    endloop
  endfacet
  facet normal 0.000000e+00 -0.000000e+00 1.000000e+00
    outer loop
      vertex   4.850000e+00 3.500000e+00 0.000000e+00
      vertex   6.555569e+00 5.211530e+00 0.000000e+00
      vertex   4.804000e+00 3.849406e+00 0.000000e+00
    endloop
  endfacet
  facet normal 0.000000e+00 -0.000000e+00 1.000000e+00
    outer loop
      vertex   4.804000e+00 3.849406e+00 0.000000e+00
      vertex   6.555569e+00 5.211530e+00 0.000000e+00
      vertex   4.669134e+00 4.175000e+00 0.000000e+00
    endloop
  endfacet
  facet normal 0.000000e+00 -0.000000e+00 1.000000e+00
    outer loop
      vertex   4.669134e+00 4.175000e+00 0.000000e+00
      vertex   6.555569e+00 5.211530e+00 0.000000e+00
      vertex   4.454594e+00 4.454594e+00 0.000000e+00
    endloop
  endfacet
  facet normal 0.000000e+00 -0.000000e+00 1.000000e+00
    outer loop
      vertex   4.454594e+00 4.454594e+00 0.000000e+00
      vertex   6.555569e+00 5.211530e+00 0.000000e+00
      vertex   4.175000e+00 4.669134e+00 0.000000e+00
    endloop
  endfacet
  facet normal 0.000000e+00 -0.000000e+00 1.000000e+00
    outer loop
      vertex   5.505771e+01 2.909358e+01 0.000000e+00
      vertex   5.505771e+01 3.874209e+01 0.000000e+00
      vertex   3.385583e+01 3.891338e+01 0.000000e+00
    endloop
  endfacet
  facet normal 0.000000e+00 0.000000e+00 1.000000e+00
    outer loop
      vertex   6.460608e+01 3.874209e+01 0.000000e+00
      vertex   6.184941e+01 5.119600e+01 0.000000e+00
      vertex   5.790990e+01 5.000000e+01 0.000000e+00
    endloop
  endfacet
  facet normal 0.000000e+00 0.000000e+00 1.000000e+00
    outer loop
      vertex   5.790990e+01 5.000000e+01 0.000000e+00
      vertex   6.184941e+01 5.119600e+01 0.000000e+00
      vertex   6.150000e+01 5.115000e+01 0.000000e+00
    endloop
  endfacet
  facet normal 0.000000e+00 0.000000e+00 1.000000e+00
    outer loop
      vertex   5.790990e+01 5.000000e+01 0.000000e+00
      vertex   6.150000e+01 5.115000e+01 0.000000e+00
      vertex   6.115059e+01 5.119600e+01 0.000000e+00
    endloop
  endfacet
  facet normal 0.000000e+00 0.000000e+00 1.000000e+00
    outer loop
      vertex   6.115059e+01 5.119600e+01 0.000000e+00
      vertex   6.082500e+01 5.133087e+01 0.000000e+00
      vertex   5.790990e+01 5.000000e+01 0.000000e+00
    endloop
  endfacet
  facet normal 0.000000e+00 0.000000e+00 1.000000e+00
    outer loop
      vertex   5.790990e+01 5.000000e+01 0.000000e+00
      vertex   6.082500e+01 5.133087e+01 0.000000e+00
      vertex   6.054541e+01 5.154541e+01 0.000000e+00
    endloop
  endfacet
  facet normal 0.000000e+00 0.000000e+00 1.000000e+00
    outer loop
      vertex   5.790990e+01 5.000000e+01 0.000000e+00
      vertex   6.054541e+01 5.154541e+01 0.000000e+00
      vertex   6.033087e+01 5.182500e+01 0.000000e+00
    endloop
  endfacet
  facet normal 0.000000e+00 0.000000e+00 1.000000e+00
    outer loop
      vertex   6.033087e+01 5.182500e+01 0.000000e+00
      vertex   6.019600e+01 5.215059e+01 0.000000e+00
      vertex   5.790990e+01 5.000000e+01 0.000000e+00
    endloop
  endfacet
  facet normal 0.000000e+00 0.000000e+00 1.000000e+00
    outer loop
      vertex   5.790990e+01 5.000000e+01 0.000000e+00
      vertex   6.019600e+01 5.215059e+01 0.000000e+00
      vertex   6.015000e+01 5.250000e+01 0.000000e+00
    endloop
  endfacet
  facet normal 0.000000e+00 0.000000e+00 1.000000e+00
    outer loop
      vertex   6.019600e+01 3.150594e+00 0.000000e+00
      vertex   6.015000e+01 3.500000e+00 0.000000e+00
      vertex   5.704401e+01 0.000000e+00 0.000000e+00
    endloop
  endfacet
  facet normal 0.000000e+00 0.000000e+00 1.000000e+00
    outer loop
      vertex   5.704401e+01 0.000000e+00 0.000000e+00
      vertex   6.015000e+01 3.500000e+00 0.000000e+00
      vertex   6.019600e+01 3.849406e+00 0.000000e+00
    endloop
  endfacet
  facet normal 0.000000e+00 0.000000e+00 1.000000e+00
    outer loop
      vertex   5.704401e+01 0.000000e+00 0.000000e+00
      vertex   6.019600e+01 3.849406e+00 0.000000e+00
      vertex   6.033087e+01 4.175000e+00 0.000000e+00
    endloop
  endfacet
  facet normal 0.000000e+00 -0.000000e+00 1.000000e+00
    outer loop
      vertex   6.082500e+01 4.669134e+00 0.000000e+00
      vertex   6.115059e+01 4.804000e+00 0.000000e+00
      vertex   5.704401e+01 1.368915e+01 0.000000e+00
    endloop
  endfacet
  facet normal 0.000000e+00 0.000000e+00 1.000000e+00
    outer loop
      vertex   5.704401e+01 1.368915e+01 0.000000e+00
      vertex   6.115059e+01 4.804000e+00 0.000000e+00
      vertex   6.150000e+01 4.850000e+00 0.000000e+00
    endloop
  endfacet
  facet normal 0.000000e+00 0.000000e+00 1.000000e+00
    outer loop
      vertex   5.704401e+01 1.368915e+01 0.000000e+00
      vertex   6.150000e+01 4.850000e+00 0.000000e+00
      vertex   6.184941e+01 4.804000e+00 0.000000e+00
    endloop
  endfacet
  facet normal -0.000000e+00 0.000000e+00 1.000000e+00
    outer loop
      vertex   6.217500e+01 4.669134e+00 0.000000e+00
      vertex   6.245459e+01 4.454594e+00 0.000000e+00
      vertex   6.597501e+01 1.827860e+01 0.000000e+00
    endloop
  endfacet
  facet normal 0.000000e+00 0.000000e+00 1.000000e+00
    outer loop
      vertex   6.280400e+01 3.849406e+00 0.000000e+00
      vertex   6.285000e+01 3.500000e+00 0.000000e+00
      vertex   6.597501e+01 2.399478e+00 0.000000e+00
    endloop
  endfacet
  facet normal 0.000000e+00 0.000000e+00 1.000000e+00
    outer loop
      vertex   6.597501e+01 2.399478e+00 0.000000e+00
      vertex   6.285000e+01 3.500000e+00 0.000000e+00
      vertex   6.280400e+01 3.150594e+00 0.000000e+00
    endloop
  endfacet
  facet normal 0.000000e+00 0.000000e+00 1.000000e+00
    outer loop
      vertex   6.597501e+01 2.399478e+00 0.000000e+00
      vertex   6.280400e+01 3.150594e+00 0.000000e+00
      vertex   6.266913e+01 2.825000e+00 0.000000e+00
    endloop
  endfacet
  facet normal 0.000000e+00 0.000000e+00 1.000000e+00
    outer loop
      vertex   6.266913e+01 2.825000e+00 0.000000e+00
      vertex   6.245459e+01 2.545406e+00 0.000000e+00
      vertex   6.597501e+01 2.399478e+00 0.000000e+00
    endloop
  endfacet
  facet normal 0.000000e+00 0.000000e+00 1.000000e+00
    outer loop
      vertex   6.597501e+01 2.399478e+00 0.000000e+00
      vertex   6.245459e+01 2.545406e+00 0.000000e+00
      vertex   6.217500e+01 2.330866e+00 0.000000e+00
    endloop
  endfacet
  facet normal 0.000000e+00 0.000000e+00 1.000000e+00
    outer loop
      vertex   6.597501e+01 2.399478e+00 0.000000e+00
      vertex   6.217500e+01 2.330866e+00 0.000000e+00
      vertex   6.184941e+01 2.196000e+00 0.000000e+00
    endloop
  endfacet
  facet normal 0.000000e+00 0.000000e+00 1.000000e+00
    outer loop
      vertex   6.150000e+01 2.150000e+00 0.000000e+00
      vertex   6.115059e+01 2.196000e+00 0.000000e+00
      vertex   5.704401e+01 0.000000e+00 0.000000e+00
    endloop
  endfacet
  facet normal 0.000000e+00 0.000000e+00 1.000000e+00
    outer loop
      vertex   5.704401e+01 0.000000e+00 0.000000e+00
      vertex   6.115059e+01 2.196000e+00 0.000000e+00
      vertex   6.082500e+01 2.330866e+00 0.000000e+00
    endloop
  endfacet
  facet normal 0.000000e+00 0.000000e+00 1.000000e+00
    outer loop
      vertex   5.704401e+01 0.000000e+00 0.000000e+00
      vertex   6.082500e+01 2.330866e+00 0.000000e+00
      vertex   6.054541e+01 2.545406e+00 0.000000e+00
    endloop
  endfacet
  facet normal 0.000000e+00 0.000000e+00 1.000000e+00
    outer loop
      vertex   6.054541e+01 2.545406e+00 0.000000e+00
      vertex   6.033087e+01 2.825000e+00 0.000000e+00
      vertex   5.704401e+01 0.000000e+00 0.000000e+00
    endloop
  endfacet
  facet normal 0.000000e+00 0.000000e+00 1.000000e+00
    outer loop
      vertex   5.704401e+01 0.000000e+00 0.000000e+00
      vertex   6.033087e+01 2.825000e+00 0.000000e+00
      vertex   6.019600e+01 3.150594e+00 0.000000e+00
    endloop
  endfacet
  facet normal 0.000000e+00 -0.000000e+00 1.000000e+00
    outer loop
      vertex   2.150000e+00 3.500000e+00 0.000000e+00
      vertex   2.196000e+00 3.849406e+00 0.000000e+00
      vertex   5.551115e-16 3.000000e+00 0.000000e+00
    endloop
  endfacet
  facet normal 0.000000e+00 0.000000e+00 1.000000e+00
    outer loop
      vertex   5.551115e-16 3.000000e+00 0.000000e+00
      vertex   2.196000e+00 3.849406e+00 0.000000e+00
      vertex   2.330866e+00 4.175000e+00 0.000000e+00
    endloop
  endfacet
  facet normal 0.000000e+00 -0.000000e+00 1.000000e+00
    outer loop
      vertex   2.545406e+00 4.454594e+00 0.000000e+00
      vertex   2.825000e+00 4.669134e+00 0.000000e+00
      vertex   5.425000e-01 7.292500e+00 0.000000e+00
    endloop
  endfacet
  facet normal -0.000000e+00 -0.000000e+00 1.000000e+00
    outer loop
      vertex   3.500000e+00 4.850000e+00 0.000000e+00
      vertex   3.849406e+00 4.804000e+00 0.000000e+00
      vertex   1.642500e+00 7.292500e+00 0.000000e+00
    endloop
  endfacet
  facet normal 0.000000e+00 0.000000e+00 -1.000000e+00
    outer loop
      vertex   -2.220446e-15 3.422173e+01 -1.300000e+00
      vertex   8.050000e+00 5.091000e+01 -1.300000e+00
      vertex   1.307766e+01 3.422173e+01 -1.300000e+00
    endloop
  endfacet
  facet normal 0.000000e+00 0.000000e+00 -1.000000e+00
    outer loop
      vertex   1.307766e+01 3.422173e+01 -1.300000e+00
      vertex   8.050000e+00 5.091000e+01 -1.300000e+00
      vertex   8.690000e+00 5.091000e+01 -1.300000e+00
    endloop
  endfacet
  facet normal 0.000000e+00 0.000000e+00 -1.000000e+00
    outer loop
      vertex   1.307766e+01 3.422173e+01 -1.300000e+00
      vertex   8.690000e+00 5.091000e+01 -1.300000e+00
      vertex   1.059000e+01 5.091000e+01 -1.300000e+00
    endloop
  endfacet
  facet normal 0.000000e+00 0.000000e+00 -1.000000e+00
    outer loop
      vertex   1.059000e+01 5.091000e+01 -1.300000e+00
      vertex   8.690000e+00 5.091000e+01 -1.300000e+00
      vertex   1.059000e+01 5.155000e+01 -1.300000e+00
    endloop
  endfacet
  facet normal -0.000000e+00 0.000000e+00 -1.000000e+00
    outer loop
      vertex   1.059000e+01 5.155000e+01 -1.300000e+00
      vertex   8.690000e+00 5.091000e+01 -1.300000e+00
      vertex   8.690000e+00 5.155000e+01 -1.300000e+00
    endloop
  endfacet
  facet normal 0.000000e+00 0.000000e+00 -1.000000e+00
    outer loop
      vertex   1.059000e+01 5.155000e+01 -1.300000e+00
      vertex   8.690000e+00 5.155000e+01 -1.300000e+00
      vertex   1.059000e+01 5.327000e+01 -1.300000e+00
    endloop
  endfacet
  facet normal -0.000000e+00 0.000000e+00 -1.000000e+00
    outer loop
      vertex   1.059000e+01 5.327000e+01 -1.300000e+00
      vertex   8.690000e+00 5.155000e+01 -1.300000e+00
      vertex   8.690000e+00 5.327000e+01 -1.300000e+00
    endloop
  endfacet
  facet normal 0.000000e+00 0.000000e+00 -1.000000e+00
    outer loop
      vertex   1.059000e+01 5.327000e+01 -1.300000e+00
      vertex   8.690000e+00 5.327000e+01 -1.300000e+00
      vertex   1.059000e+01 5.391000e+01 -1.300000e+00
    endloop
  endfacet
  facet normal -0.000000e+00 0.000000e+00 -1.000000e+00
    outer loop
      vertex   1.059000e+01 5.391000e+01 -1.300000e+00
      vertex   8.690000e+00 5.327000e+01 -1.300000e+00
      vertex   8.690000e+00 5.391000e+01 -1.300000e+00
    endloop
  endfacet
  facet normal 0.000000e+00 0.000000e+00 -1.000000e+00
    outer loop
      vertex   1.059000e+01 5.391000e+01 -1.300000e+00
      vertex   8.690000e+00 5.391000e+01 -1.300000e+00
      vertex   3.000000e+00 5.600000e+01 -1.300000e+00
    endloop
  endfacet
  facet normal 0.000000e+00 0.000000e+00 -1.000000e+00
    outer loop
      vertex   3.000000e+00 5.600000e+01 -1.300000e+00
      vertex   8.690000e+00 5.391000e+01 -1.300000e+00
      vertex   8.050000e+00 5.391000e+01 -1.300000e+00
    endloop
  endfacet
  facet normal 0.000000e+00 0.000000e+00 -1.000000e+00
    outer loop
      vertex   3.000000e+00 5.600000e+01 -1.300000e+00
      vertex   8.050000e+00 5.391000e+01 -1.300000e+00
      vertex   4.175000e+00 5.366913e+01 -1.300000e+00
    endloop
  endfacet
  facet normal 0.000000e+00 0.000000e+00 -1.000000e+00
    outer loop
      vertex   4.175000e+00 5.366913e+01 -1.300000e+00
      vertex   8.050000e+00 5.391000e+01 -1.300000e+00
      vertex   4.454594e+00 5.345459e+01 -1.300000e+00
    endloop
  endfacet
  facet normal 0.000000e+00 0.000000e+00 -1.000000e+00
    outer loop
      vertex   4.454594e+00 5.345459e+01 -1.300000e+00
      vertex   8.050000e+00 5.391000e+01 -1.300000e+00
      vertex   4.669134e+00 5.317500e+01 -1.300000e+00
    endloop
  endfacet
  facet normal 0.000000e+00 0.000000e+00 -1.000000e+00
    outer loop
      vertex   4.669134e+00 5.317500e+01 -1.300000e+00
      vertex   8.050000e+00 5.391000e+01 -1.300000e+00
      vertex   8.050000e+00 5.327000e+01 -1.300000e+00
    endloop
  endfacet
  facet normal 0.000000e+00 0.000000e+00 -1.000000e+00
    outer loop
      vertex   4.669134e+00 5.317500e+01 -1.300000e+00
      vertex   8.050000e+00 5.327000e+01 -1.300000e+00
      vertex   4.804000e+00 5.284941e+01 -1.300000e+00
    endloop
  endfacet
  facet normal 0.000000e+00 0.000000e+00 -1.000000e+00
    outer loop
      vertex   4.804000e+00 5.284941e+01 -1.300000e+00
      vertex   8.050000e+00 5.327000e+01 -1.300000e+00
      vertex   4.850000e+00 5.250000e+01 -1.300000e+00
    endloop
  endfacet
  facet normal 0.000000e+00 0.000000e+00 -1.000000e+00
    outer loop
      vertex   4.850000e+00 5.250000e+01 -1.300000e+00
      vertex   8.050000e+00 5.327000e+01 -1.300000e+00
      vertex   8.050000e+00 5.155000e+01 -1.300000e+00
    endloop
  endfacet
  facet normal 0.000000e+00 -0.000000e+00 -1.000000e+00
    outer loop
      vertex   4.850000e+00 5.250000e+01 -1.300000e+00
      vertex   8.050000e+00 5.155000e+01 -1.300000e+00
      vertex   4.804000e+00 5.215059e+01 -1.300000e+00
    endloop
  endfacet
  facet normal 0.000000e+00 -0.000000e+00 -1.000000e+00
    outer loop
      vertex   4.804000e+00 5.215059e+01 -1.300000e+00
      vertex   8.050000e+00 5.155000e+01 -1.300000e+00
      vertex   4.669134e+00 5.182500e+01 -1.300000e+00
    endloop
  endfacet
  facet normal 0.000000e+00 0.000000e+00 -1.000000e+00
    outer loop
      vertex   4.669134e+00 5.182500e+01 -1.300000e+00
      vertex   8.050000e+00 5.155000e+01 -1.300000e+00
      vertex   8.050000e+00 5.091000e+01 -1.300000e+00
    endloop
  endfacet
  facet normal 0.000000e+00 -0.000000e+00 -1.000000e+00
    outer loop
      vertex   4.669134e+00 5.182500e+01 -1.300000e+00
      vertex   8.050000e+00 5.091000e+01 -1.300000e+00
      vertex   4.454594e+00 5.154541e+01 -1.300000e+00
    endloop
  endfacet
  facet normal 0.000000e+00 -0.000000e+00 -1.000000e+00
    outer loop
      vertex   4.454594e+00 5.154541e+01 -1.300000e+00
      vertex   8.050000e+00 5.091000e+01 -1.300000e+00
      vertex   4.175000e+00 5.133087e+01 -1.300000e+00
    endloop
  endfacet
  facet normal 0.000000e+00 -0.000000e+00 -1.000000e+00
    outer loop
      vertex   4.175000e+00 5.133087e+01 -1.300000e+00
      vertex   8.050000e+00 5.091000e+01 -1.300000e+00
      vertex   3.849406e+00 5.119600e+01 -1.300000e+00
    endloop
  endfacet
  facet normal 0.000000e+00 -0.000000e+00 -1.000000e+00
    outer loop
      vertex   3.849406e+00 5.119600e+01 -1.300000e+00
      vertex   8.050000e+00 5.091000e+01 -1.300000e+00
      vertex   3.500000e+00 5.115000e+01 -1.300000e+00
    endloop
  endfacet
  facet normal 0.000000e+00 -0.000000e+00 -1.000000e+00
    outer loop
      vertex   3.500000e+00 5.115000e+01 -1.300000e+00
      vertex   8.050000e+00 5.091000e+01 -1.300000e+00
      vertex   -2.220446e-15 3.422173e+01 -1.300000e+00
    endloop
  endfacet
  facet normal -0.000000e+00 0.000000e+00 -1.000000e+00
    outer loop
      vertex   3.500000e+00 5.115000e+01 -1.300000e+00
      vertex   -2.220446e-15 3.422173e+01 -1.300000e+00
      vertex   3.150594e+00 5.119600e+01 -1.300000e+00
    endloop
  endfacet
  facet normal -0.000000e+00 0.000000e+00 -1.000000e+00
    outer loop
      vertex   3.150594e+00 5.119600e+01 -1.300000e+00
      vertex   -2.220446e-15 3.422173e+01 -1.300000e+00
      vertex   2.825000e+00 5.133087e+01 -1.300000e+00
    endloop
  endfacet
  facet normal -0.000000e+00 0.000000e+00 -1.000000e+00
    outer loop
      vertex   2.825000e+00 5.133087e+01 -1.300000e+00
      vertex   -2.220446e-15 3.422173e+01 -1.300000e+00
      vertex   0.000000e+00 5.300000e+01 -1.300000e+00
    endloop
  endfacet
  facet normal 0.000000e+00 0.000000e+00 -1.000000e+00
    outer loop
      vertex   2.825000e+00 5.133087e+01 -1.300000e+00
      vertex   0.000000e+00 5.300000e+01 -1.300000e+00
      vertex   2.545406e+00 5.154541e+01 -1.300000e+00
    endloop
  endfacet
  facet normal 0.000000e+00 0.000000e+00 -1.000000e+00
    outer loop
      vertex   2.545406e+00 5.154541e+01 -1.300000e+00
      vertex   0.000000e+00 5.300000e+01 -1.300000e+00
      vertex   2.330866e+00 5.182500e+01 -1.300000e+00
    endloop
  endfacet
  facet normal 0.000000e+00 0.000000e+00 -1.000000e+00
    outer loop
      vertex   2.330866e+00 5.182500e+01 -1.300000e+00
      vertex   0.000000e+00 5.300000e+01 -1.300000e+00
      vertex   2.196000e+00 5.215059e+01 -1.300000e+00
    endloop
  endfacet
  facet normal 0.000000e+00 0.000000e+00 -1.000000e+00
    outer loop
      vertex   2.196000e+00 5.215059e+01 -1.300000e+00
      vertex   0.000000e+00 5.300000e+01 -1.300000e+00
      vertex   2.150000e+00 5.250000e+01 -1.300000e+00
    endloop
  endfacet
  facet normal 0.000000e+00 0.000000e+00 -1.000000e+00
    outer loop
      vertex   2.150000e+00 5.250000e+01 -1.300000e+00
      vertex   0.000000e+00 5.300000e+01 -1.300000e+00
      vertex   2.196000e+00 5.284941e+01 -1.300000e+00
    endloop
  endfacet
  facet normal 0.000000e+00 0.000000e+00 -1.000000e+00
    outer loop
      vertex   2.196000e+00 5.284941e+01 -1.300000e+00
      vertex   0.000000e+00 5.300000e+01 -1.300000e+00
      vertex   2.330866e+00 5.317500e+01 -1.300000e+00
    endloop
  endfacet
  facet normal -0.000000e+00 0.000000e+00 -1.000000e+00
    outer loop
      vertex   2.330866e+00 5.317500e+01 -1.300000e+00
      vertex   0.000000e+00 5.300000e+01 -1.300000e+00
      vertex   5.764416e-02 5.358527e+01 -1.300000e+00
    endloop
  endfacet
  facet normal 0.000000e+00 0.000000e+00 -1.000000e+00
    outer loop
      vertex   2.330866e+00 5.317500e+01 -1.300000e+00
      vertex   5.764416e-02 5.358527e+01 -1.300000e+00
      vertex   2.545406e+00 5.345459e+01 -1.300000e+00
    endloop
  endfacet
  facet normal 0.000000e+00 0.000000e+00 -1.000000e+00
    outer loop
      vertex   2.545406e+00 5.345459e+01 -1.300000e+00
      vertex   5.764416e-02 5.358527e+01 -1.300000e+00
      vertex   2.283614e-01 5.414805e+01 -1.300000e+00
    endloop
  endfacet
  facet normal 0.000000e+00 0.000000e+00 -1.000000e+00
    outer loop
      vertex   2.545406e+00 5.345459e+01 -1.300000e+00
      vertex   2.283614e-01 5.414805e+01 -1.300000e+00
      vertex   5.055912e-01 5.466671e+01 -1.300000e+00
    endloop
  endfacet
  facet normal 0.000000e+00 0.000000e+00 -1.000000e+00
    outer loop
      vertex   2.545406e+00 5.345459e+01 -1.300000e+00
      vertex   5.055912e-01 5.466671e+01 -1.300000e+00
      vertex   2.825000e+00 5.366913e+01 -1.300000e+00
    endloop
  endfacet
  facet normal 0.000000e+00 0.000000e+00 -1.000000e+00
    outer loop
      vertex   2.825000e+00 5.366913e+01 -1.300000e+00
      vertex   5.055912e-01 5.466671e+01 -1.300000e+00
      vertex   8.786797e-01 5.512132e+01 -1.300000e+00
    endloop
  endfacet
  facet normal 0.000000e+00 0.000000e+00 -1.000000e+00
    outer loop
      vertex   2.825000e+00 5.366913e+01 -1.300000e+00
      vertex   8.786797e-01 5.512132e+01 -1.300000e+00
      vertex   3.150594e+00 5.380400e+01 -1.300000e+00
    endloop
  endfacet
  facet normal 0.000000e+00 0.000000e+00 -1.000000e+00
    outer loop
      vertex   3.150594e+00 5.380400e+01 -1.300000e+00
      vertex   8.786797e-01 5.512132e+01 -1.300000e+00
      vertex   1.333289e+00 5.549441e+01 -1.300000e+00
    endloop
  endfacet
  facet normal 0.000000e+00 0.000000e+00 -1.000000e+00
    outer loop
      vertex   3.150594e+00 5.380400e+01 -1.300000e+00
      vertex   1.333289e+00 5.549441e+01 -1.300000e+00
      vertex   1.851950e+00 5.577164e+01 -1.300000e+00
    endloop
  endfacet
  facet normal 0.000000e+00 0.000000e+00 -1.000000e+00
    outer loop
      vertex   1.851950e+00 5.577164e+01 -1.300000e+00
      vertex   2.414729e+00 5.594236e+01 -1.300000e+00
      vertex   3.150594e+00 5.380400e+01 -1.300000e+00
    endloop
  endfacet
  facet normal 0.000000e+00 0.000000e+00 -1.000000e+00
    outer loop
      vertex   3.150594e+00 5.380400e+01 -1.300000e+00
      vertex   2.414729e+00 5.594236e+01 -1.300000e+00
      vertex   3.000000e+00 5.600000e+01 -1.300000e+00
    endloop
  endfacet
  facet normal 0.000000e+00 0.000000e+00 -1.000000e+00
    outer loop
      vertex   3.150594e+00 5.380400e+01 -1.300000e+00
      vertex   3.000000e+00 5.600000e+01 -1.300000e+00
      vertex   3.500000e+00 5.385000e+01 -1.300000e+00
    endloop
  endfacet
  facet normal 0.000000e+00 0.000000e+00 -1.000000e+00
    outer loop
      vertex   3.500000e+00 5.385000e+01 -1.300000e+00
      vertex   3.000000e+00 5.600000e+01 -1.300000e+00
      vertex   3.849406e+00 5.380400e+01 -1.300000e+00
    endloop
  endfacet
  facet normal 0.000000e+00 0.000000e+00 -1.000000e+00
    outer loop
      vertex   3.849406e+00 5.380400e+01 -1.300000e+00
      vertex   3.000000e+00 5.600000e+01 -1.300000e+00
      vertex   4.175000e+00 5.366913e+01 -1.300000e+00
    endloop
  endfacet
  facet normal -0.000000e+00 0.000000e+00 -1.000000e+00
    outer loop
      vertex   8.200000e+01 5.600000e+01 -1.300000e+00
      vertex   4.171000e+01 5.391000e+01 -1.300000e+00
      vertex   3.000000e+00 5.600000e+01 -1.300000e+00
    endloop
  endfacet
  facet normal 0.000000e+00 0.000000e+00 -1.000000e+00
    outer loop
      vertex   3.000000e+00 5.600000e+01 -1.300000e+00
      vertex   4.171000e+01 5.391000e+01 -1.300000e+00
      vertex   4.107000e+01 5.391000e+01 -1.300000e+00
    endloop
  endfacet
  facet normal 0.000000e+00 0.000000e+00 -1.000000e+00
    outer loop
      vertex   3.000000e+00 5.600000e+01 -1.300000e+00
      vertex   4.107000e+01 5.391000e+01 -1.300000e+00
      vertex   3.917000e+01 5.391000e+01 -1.300000e+00
    endloop
  endfacet
  facet normal 0.000000e+00 0.000000e+00 -1.000000e+00
    outer loop
      vertex   3.917000e+01 5.391000e+01 -1.300000e+00
      vertex   4.107000e+01 5.391000e+01 -1.300000e+00
      vertex   3.917000e+01 5.327000e+01 -1.300000e+00
    endloop
  endfacet
  facet normal 0.000000e+00 0.000000e+00 -1.000000e+00
    outer loop
      vertex   3.917000e+01 5.327000e+01 -1.300000e+00
      vertex   4.107000e+01 5.391000e+01 -1.300000e+00
      vertex   4.107000e+01 5.327000e+01 -1.300000e+00
    endloop
  endfacet
  facet normal 0.000000e+00 0.000000e+00 -1.000000e+00
    outer loop
      vertex   3.917000e+01 5.327000e+01 -1.300000e+00
      vertex   4.107000e+01 5.327000e+01 -1.300000e+00
      vertex   3.917000e+01 5.155000e+01 -1.300000e+00
    endloop
  endfacet
  facet normal 0.000000e+00 0.000000e+00 -1.000000e+00
    outer loop
      vertex   3.917000e+01 5.155000e+01 -1.300000e+00
      vertex   4.107000e+01 5.327000e+01 -1.300000e+00
      vertex   4.107000e+01 5.155000e+01 -1.300000e+00
    endloop
  endfacet
  facet normal 0.000000e+00 0.000000e+00 -1.000000e+00
    outer loop
      vertex   3.917000e+01 5.155000e+01 -1.300000e+00
      vertex   4.107000e+01 5.155000e+01 -1.300000e+00
      vertex   3.917000e+01 5.091000e+01 -1.300000e+00
    endloop
  endfacet
  facet normal 0.000000e+00 0.000000e+00 -1.000000e+00
    outer loop
      vertex   3.917000e+01 5.091000e+01 -1.300000e+00
      vertex   4.107000e+01 5.155000e+01 -1.300000e+00
      vertex   4.107000e+01 5.091000e+01 -1.300000e+00
    endloop
  endfacet
  facet normal 0.000000e+00 -0.000000e+00 -1.000000e+00
    outer loop
      vertex   3.917000e+01 5.091000e+01 -1.300000e+00
      vertex   4.107000e+01 5.091000e+01 -1.300000e+00
      vertex   3.763510e+01 3.969670e+01 -1.300000e+00
    endloop
  endfacet
  facet normal 0.000000e+00 0.000000e+00 -1.000000e+00
    outer loop
      vertex   3.763510e+01 3.969670e+01 -1.300000e+00
      vertex   4.107000e+01 5.091000e+01 -1.300000e+00
      vertex   4.171000e+01 5.091000e+01 -1.300000e+00
    endloop
  endfacet
  facet normal 0.000000e+00 0.000000e+00 -1.000000e+00
    outer loop
      vertex   3.763510e+01 3.969670e+01 -1.300000e+00
      vertex   4.171000e+01 5.091000e+01 -1.300000e+00
      vertex   4.361000e+01 5.091000e+01 -1.300000e+00
    endloop
  endfacet
  facet normal 0.000000e+00 0.000000e+00 -1.000000e+00
    outer loop
      vertex   4.361000e+01 5.091000e+01 -1.300000e+00
      vertex   4.171000e+01 5.091000e+01 -1.300000e+00
      vertex   4.361000e+01 5.155000e+01 -1.300000e+00
    endloop
  endfacet
  facet normal -0.000000e+00 0.000000e+00 -1.000000e+00
    outer loop
      vertex   4.361000e+01 5.155000e+01 -1.300000e+00
      vertex   4.171000e+01 5.091000e+01 -1.300000e+00
      vertex   4.171000e+01 5.155000e+01 -1.300000e+00
    endloop
  endfacet
  facet normal 0.000000e+00 0.000000e+00 -1.000000e+00
    outer loop
      vertex   4.361000e+01 5.155000e+01 -1.300000e+00
      vertex   4.171000e+01 5.155000e+01 -1.300000e+00
      vertex   4.361000e+01 5.327000e+01 -1.300000e+00
    endloop
  endfacet
  facet normal -0.000000e+00 0.000000e+00 -1.000000e+00
    outer loop
      vertex   4.361000e+01 5.327000e+01 -1.300000e+00
      vertex   4.171000e+01 5.155000e+01 -1.300000e+00
      vertex   4.171000e+01 5.327000e+01 -1.300000e+00
    endloop
  endfacet
  facet normal 0.000000e+00 0.000000e+00 -1.000000e+00
    outer loop
      vertex   4.361000e+01 5.327000e+01 -1.300000e+00
      vertex   4.171000e+01 5.327000e+01 -1.300000e+00
      vertex   4.361000e+01 5.391000e+01 -1.300000e+00
    endloop
  endfacet
  facet normal -0.000000e+00 0.000000e+00 -1.000000e+00
    outer loop
      vertex   4.361000e+01 5.391000e+01 -1.300000e+00
      vertex   4.171000e+01 5.327000e+01 -1.300000e+00
      vertex   4.171000e+01 5.391000e+01 -1.300000e+00
    endloop
  endfacet
  facet normal 0.000000e+00 0.000000e+00 -1.000000e+00
    outer loop
      vertex   4.361000e+01 5.391000e+01 -1.300000e+00
      vertex   4.171000e+01 5.391000e+01 -1.300000e+00
      vertex   8.200000e+01 5.600000e+01 -1.300000e+00
    endloop
  endfacet
  facet normal -0.000000e+00 -0.000000e+00 -1.000000e+00
    outer loop
      vertex   8.258527e+01 5.594236e+01 -1.300000e+00
      vertex   8.314805e+01 5.577164e+01 -1.300000e+00
      vertex   8.200000e+01 5.600000e+01 -1.300000e+00
    endloop
  endfacet
  facet normal 0.000000e+00 0.000000e+00 -1.000000e+00
    outer loop
      vertex   8.200000e+01 5.600000e+01 -1.300000e+00
      vertex   8.314805e+01 5.577164e+01 -1.300000e+00
      vertex   8.366671e+01 5.549441e+01 -1.300000e+00
    endloop
  endfacet
  facet normal 0.000000e+00 0.000000e+00 -1.000000e+00
    outer loop
      vertex   8.200000e+01 5.600000e+01 -1.300000e+00
      vertex   8.366671e+01 5.549441e+01 -1.300000e+00
      vertex   8.412132e+01 5.512132e+01 -1.300000e+00
    endloop
  endfacet
  facet normal -0.000000e+00 -0.000000e+00 -1.000000e+00
    outer loop
      vertex   8.412132e+01 5.512132e+01 -1.300000e+00
      vertex   8.449441e+01 5.466671e+01 -1.300000e+00
      vertex   8.200000e+01 5.600000e+01 -1.300000e+00
    endloop
  endfacet
  facet normal 0.000000e+00 0.000000e+00 -1.000000e+00
    outer loop
      vertex   8.200000e+01 5.600000e+01 -1.300000e+00
      vertex   8.449441e+01 5.466671e+01 -1.300000e+00
      vertex   8.477164e+01 5.414805e+01 -1.300000e+00
    endloop
  endfacet
  facet normal 0.000000e+00 0.000000e+00 -1.000000e+00
    outer loop
      vertex   8.200000e+01 5.600000e+01 -1.300000e+00
      vertex   8.477164e+01 5.414805e+01 -1.300000e+00
      vertex   8.494236e+01 5.358527e+01 -1.300000e+00
    endloop
  endfacet
  facet normal -0.000000e+00 -0.000000e+00 -1.000000e+00
    outer loop
      vertex   8.494236e+01 5.358527e+01 -1.300000e+00
      vertex   8.500000e+01 5.300000e+01 -1.300000e+00
      vertex   8.200000e+01 5.600000e+01 -1.300000e+00
    endloop
  endfacet
  facet normal 0.000000e+00 -0.000000e+00 -1.000000e+00
    outer loop
      vertex   8.200000e+01 5.600000e+01 -1.300000e+00
      vertex   8.500000e+01 5.300000e+01 -1.300000e+00
      vertex   6.280400e+01 5.215059e+01 -1.300000e+00
    endloop
  endfacet
  facet normal 0.000000e+00 0.000000e+00 -1.000000e+00
    outer loop
      vertex   8.200000e+01 5.600000e+01 -1.300000e+00
      vertex   6.280400e+01 5.215059e+01 -1.300000e+00
      vertex   6.285000e+01 5.250000e+01 -1.300000e+00
    endloop
  endfacet
  facet normal 0.000000e+00 0.000000e+00 -1.000000e+00
    outer loop
      vertex   8.500000e+01 3.000000e+00 -1.300000e+00
      vertex   4.967563e+01 2.771686e+01 -1.300000e+00
      vertex   8.500000e+01 5.300000e+01 -1.300000e+00
    endloop
  endfacet
  facet normal 0.000000e+00 0.000000e+00 -1.000000e+00
    outer loop
      vertex   8.500000e+01 5.300000e+01 -1.300000e+00
      vertex   4.967563e+01 2.771686e+01 -1.300000e+00
      vertex   4.967563e+01 3.969670e+01 -1.300000e+00
    endloop
  endfacet
  facet normal 0.000000e+00 0.000000e+00 -1.000000e+00
    outer loop
      vertex   8.500000e+01 5.300000e+01 -1.300000e+00
      vertex   4.967563e+01 3.969670e+01 -1.300000e+00
      vertex   6.184941e+01 5.119600e+01 -1.300000e+00
    endloop
  endfacet
  facet normal 0.000000e+00 0.000000e+00 -1.000000e+00
    outer loop
      vertex   6.184941e+01 5.119600e+01 -1.300000e+00
      vertex   4.967563e+01 3.969670e+01 -1.300000e+00
      vertex   6.150000e+01 5.115000e+01 -1.300000e+00
    endloop
  endfacet
  facet normal 0.000000e+00 0.000000e+00 -1.000000e+00
    outer loop
      vertex   6.150000e+01 5.115000e+01 -1.300000e+00
      vertex   4.967563e+01 3.969670e+01 -1.300000e+00
      vertex   5.695000e+01 5.091000e+01 -1.300000e+00
    endloop
  endfacet
  facet normal -0.000000e+00 0.000000e+00 -1.000000e+00
    outer loop
      vertex   6.150000e+01 5.115000e+01 -1.300000e+00
      vertex   5.695000e+01 5.091000e+01 -1.300000e+00
      vertex   6.115059e+01 5.119600e+01 -1.300000e+00
    endloop
  endfacet
  facet normal -0.000000e+00 0.000000e+00 -1.000000e+00
    outer loop
      vertex   6.115059e+01 5.119600e+01 -1.300000e+00
      vertex   5.695000e+01 5.091000e+01 -1.300000e+00
      vertex   6.082500e+01 5.133087e+01 -1.300000e+00
    endloop
  endfacet
  facet normal -0.000000e+00 0.000000e+00 -1.000000e+00
    outer loop
      vertex   6.082500e+01 5.133087e+01 -1.300000e+00
      vertex   5.695000e+01 5.091000e+01 -1.300000e+00
      vertex   6.054541e+01 5.154541e+01 -1.300000e+00
    endloop
  endfacet
  facet normal -0.000000e+00 0.000000e+00 -1.000000e+00
    outer loop
      vertex   6.054541e+01 5.154541e+01 -1.300000e+00
      vertex   5.695000e+01 5.091000e+01 -1.300000e+00
      vertex   6.033087e+01 5.182500e+01 -1.300000e+00
    endloop
  endfacet
  facet normal 0.000000e+00 0.000000e+00 -1.000000e+00
    outer loop
      vertex   6.033087e+01 5.182500e+01 -1.300000e+00
      vertex   5.695000e+01 5.091000e+01 -1.300000e+00
      vertex   5.695000e+01 5.155000e+01 -1.300000e+00
    endloop
  endfacet
  facet normal -0.000000e+00 0.000000e+00 -1.000000e+00
    outer loop
      vertex   6.033087e+01 5.182500e+01 -1.300000e+00
      vertex   5.695000e+01 5.155000e+01 -1.300000e+00
      vertex   6.019600e+01 5.215059e+01 -1.300000e+00
    endloop
  endfacet
  facet normal -0.000000e+00 0.000000e+00 -1.000000e+00
    outer loop
      vertex   6.019600e+01 5.215059e+01 -1.300000e+00
      vertex   5.695000e+01 5.155000e+01 -1.300000e+00
      vertex   6.015000e+01 5.250000e+01 -1.300000e+00
    endloop
  endfacet
  facet normal -0.000000e+00 0.000000e+00 -1.000000e+00
    outer loop
      vertex   6.015000e+01 5.250000e+01 -1.300000e+00
      vertex   5.695000e+01 5.155000e+01 -1.300000e+00
      vertex   5.695000e+01 5.327000e+01 -1.300000e+00
    endloop
  endfacet
  facet normal 0.000000e+00 0.000000e+00 -1.000000e+00
    outer loop
      vertex   6.015000e+01 5.250000e+01 -1.300000e+00
      vertex   5.695000e+01 5.327000e+01 -1.300000e+00
      vertex   6.019600e+01 5.284941e+01 -1.300000e+00
    endloop
  endfacet
  facet normal 0.000000e+00 0.000000e+00 -1.000000e+00
    outer loop
      vertex   6.019600e+01 5.284941e+01 -1.300000e+00
      vertex   5.695000e+01 5.327000e+01 -1.300000e+00
      vertex   6.033087e+01 5.317500e+01 -1.300000e+00
    endloop
  endfacet
  facet normal 0.000000e+00 0.000000e+00 -1.000000e+00
    outer loop
      vertex   6.033087e+01 5.317500e+01 -1.300000e+00
      vertex   5.695000e+01 5.327000e+01 -1.300000e+00
      vertex   5.695000e+01 5.391000e+01 -1.300000e+00
    endloop
  endfacet
  facet normal 0.000000e+00 0.000000e+00 -1.000000e+00
    outer loop
      vertex   6.033087e+01 5.317500e+01 -1.300000e+00
      vertex   5.695000e+01 5.391000e+01 -1.300000e+00
      vertex   6.054541e+01 5.345459e+01 -1.300000e+00
    endloop
  endfacet
  facet normal 0.000000e+00 0.000000e+00 -1.000000e+00
    outer loop
      vertex   6.054541e+01 5.345459e+01 -1.300000e+00
      vertex   5.695000e+01 5.391000e+01 -1.300000e+00
      vertex   6.082500e+01 5.366913e+01 -1.300000e+00
    endloop
  endfacet
  facet normal 0.000000e+00 0.000000e+00 -1.000000e+00
    outer loop
      vertex   6.082500e+01 5.366913e+01 -1.300000e+00
      vertex   5.695000e+01 5.391000e+01 -1.300000e+00
      vertex   6.115059e+01 5.380400e+01 -1.300000e+00
    endloop
  endfacet
  facet normal 0.000000e+00 0.000000e+00 -1.000000e+00
    outer loop
      vertex   6.115059e+01 5.380400e+01 -1.300000e+00
      vertex   5.695000e+01 5.391000e+01 -1.300000e+00
      vertex   6.150000e+01 5.385000e+01 -1.300000e+00
    endloop
  endfacet
  facet normal 0.000000e+00 0.000000e+00 -1.000000e+00
    outer loop
      vertex   6.150000e+01 5.385000e+01 -1.300000e+00
      vertex   5.695000e+01 5.391000e+01 -1.300000e+00
      vertex   8.200000e+01 5.600000e+01 -1.300000e+00
    endloop
  endfacet
  facet normal 0.000000e+00 0.000000e+00 -1.000000e+00
    outer loop
      vertex   6.150000e+01 5.385000e+01 -1.300000e+00
      vertex   8.200000e+01 5.600000e+01 -1.300000e+00
      vertex   6.184941e+01 5.380400e+01 -1.300000e+00
    endloop
  endfacet
  facet normal 0.000000e+00 0.000000e+00 -1.000000e+00
    outer loop
      vertex   6.184941e+01 5.380400e+01 -1.300000e+00
      vertex   8.200000e+01 5.600000e+01 -1.300000e+00
      vertex   6.217500e+01 5.366913e+01 -1.300000e+00
    endloop
  endfacet
  facet normal 0.000000e+00 0.000000e+00 -1.000000e+00
    outer loop
      vertex   6.217500e+01 5.366913e+01 -1.300000e+00
      vertex   8.200000e+01 5.600000e+01 -1.300000e+00
      vertex   6.245459e+01 5.345459e+01 -1.300000e+00
    endloop
  endfacet
  facet normal 0.000000e+00 0.000000e+00 -1.000000e+00
    outer loop
      vertex   6.245459e+01 5.345459e+01 -1.300000e+00
      vertex   8.200000e+01 5.600000e+01 -1.300000e+00
      vertex   6.266913e+01 5.317500e+01 -1.300000e+00
    endloop
  endfacet
  facet normal 0.000000e+00 0.000000e+00 -1.000000e+00
    outer loop
      vertex   6.266913e+01 5.317500e+01 -1.300000e+00
      vertex   8.200000e+01 5.600000e+01 -1.300000e+00
      vertex   6.280400e+01 5.284941e+01 -1.300000e+00
    endloop
  endfacet
  facet normal 0.000000e+00 0.000000e+00 -1.000000e+00
    outer loop
      vertex   6.280400e+01 5.284941e+01 -1.300000e+00
      vertex   8.200000e+01 5.600000e+01 -1.300000e+00
      vertex   6.285000e+01 5.250000e+01 -1.300000e+00
    endloop
  endfacet
  facet normal -0.000000e+00 0.000000e+00 -1.000000e+00
    outer loop
      vertex   8.494236e+01 2.414729e+00 -1.300000e+00
      vertex   8.200000e+01 0.000000e+00 -1.300000e+00
      vertex   8.500000e+01 3.000000e+00 -1.300000e+00
    endloop
  endfacet
  facet normal -0.000000e+00 0.000000e+00 -1.000000e+00
    outer loop
      vertex   8.500000e+01 3.000000e+00 -1.300000e+00
      vertex   8.200000e+01 0.000000e+00 -1.300000e+00
      vertex   6.280400e+01 3.849406e+00 -1.300000e+00
    endloop
  endfacet
  facet normal 0.000000e+00 0.000000e+00 -1.000000e+00
    outer loop
      vertex   8.500000e+01 3.000000e+00 -1.300000e+00
      vertex   6.280400e+01 3.849406e+00 -1.300000e+00
      vertex   6.266913e+01 4.175000e+00 -1.300000e+00
    endloop
  endfacet
  facet normal 0.000000e+00 0.000000e+00 -1.000000e+00
    outer loop
      vertex   8.494236e+01 2.414729e+00 -1.300000e+00
      vertex   8.477164e+01 1.851950e+00 -1.300000e+00
      vertex   8.200000e+01 0.000000e+00 -1.300000e+00
    endloop
  endfacet
  facet normal 0.000000e+00 0.000000e+00 -1.000000e+00
    outer loop
      vertex   8.200000e+01 0.000000e+00 -1.300000e+00
      vertex   8.477164e+01 1.851950e+00 -1.300000e+00
      vertex   8.449441e+01 1.333289e+00 -1.300000e+00
    endloop
  endfacet
  facet normal 0.000000e+00 0.000000e+00 -1.000000e+00
    outer loop
      vertex   8.200000e+01 0.000000e+00 -1.300000e+00
      vertex   8.449441e+01 1.333289e+00 -1.300000e+00
      vertex   8.412132e+01 8.786797e-01 -1.300000e+00
    endloop
  endfacet
  facet normal 0.000000e+00 0.000000e+00 -1.000000e+00
    outer loop
      vertex   8.412132e+01 8.786797e-01 -1.300000e+00
      vertex   8.366671e+01 5.055912e-01 -1.300000e+00
      vertex   8.200000e+01 0.000000e+00 -1.300000e+00
    endloop
  endfacet
  facet normal 0.000000e+00 0.000000e+00 -1.000000e+00
    outer loop
      vertex   8.200000e+01 0.000000e+00 -1.300000e+00
      vertex   8.366671e+01 5.055912e-01 -1.300000e+00
      vertex   8.314805e+01 2.283614e-01 -1.300000e+00
    endloop
  endfacet
  facet normal 0.000000e+00 0.000000e+00 -1.000000e+00
    outer loop
      vertex   8.200000e+01 0.000000e+00 -1.300000e+00
      vertex   8.314805e+01 2.283614e-01 -1.300000e+00
      vertex   8.258527e+01 5.764416e-02 -1.300000e+00
    endloop
  endfacet
  facet normal 0.000000e+00 0.000000e+00 -1.000000e+00
    outer loop
      vertex   3.000000e+00 0.000000e+00 -1.300000e+00
      vertex   6.150000e+01 2.150000e+00 -1.300000e+00
      vertex   8.200000e+01 0.000000e+00 -1.300000e+00
    endloop
  endfacet
  facet normal 0.000000e+00 0.000000e+00 -1.000000e+00
    outer loop
      vertex   8.200000e+01 0.000000e+00 -1.300000e+00
      vertex   6.150000e+01 2.150000e+00 -1.300000e+00
      vertex   6.184941e+01 2.196000e+00 -1.300000e+00
    endloop
  endfacet
  facet normal 0.000000e+00 0.000000e+00 -1.000000e+00
    outer loop
      vertex   8.200000e+01 0.000000e+00 -1.300000e+00
      vertex   6.184941e+01 2.196000e+00 -1.300000e+00
      vertex   6.217500e+01 2.330866e+00 -1.300000e+00
    endloop
  endfacet
  facet normal 0.000000e+00 0.000000e+00 -1.000000e+00
    outer loop
      vertex   2.414729e+00 5.764416e-02 -1.300000e+00
      vertex   3.150594e+00 2.196000e+00 -1.300000e+00
      vertex   3.000000e+00 0.000000e+00 -1.300000e+00
    endloop
  endfacet
  facet normal 0.000000e+00 0.000000e+00 -1.000000e+00
    outer loop
      vertex   3.000000e+00 0.000000e+00 -1.300000e+00
      vertex   3.150594e+00 2.196000e+00 -1.300000e+00
      vertex   3.500000e+00 2.150000e+00 -1.300000e+00
    endloop
  endfacet
  facet normal 0.000000e+00 0.000000e+00 -1.000000e+00
    outer loop
      vertex   3.000000e+00 0.000000e+00 -1.300000e+00
      vertex   3.500000e+00 2.150000e+00 -1.300000e+00
      vertex   3.849406e+00 2.196000e+00 -1.300000e+00
    endloop
  endfacet
  facet normal 0.000000e+00 0.000000e+00 -1.000000e+00
    outer loop
      vertex   2.414729e+00 5.764416e-02 -1.300000e+00
      vertex   1.851950e+00 2.283614e-01 -1.300000e+00
      vertex   3.150594e+00 2.196000e+00 -1.300000e+00
    endloop
  endfacet
  facet normal 0.000000e+00 0.000000e+00 -1.000000e+00
    outer loop
      vertex   3.150594e+00 2.196000e+00 -1.300000e+00
      vertex   1.851950e+00 2.283614e-01 -1.300000e+00
      vertex   1.333289e+00 5.055912e-01 -1.300000e+00
    endloop
  endfacet
  facet normal 0.000000e+00 0.000000e+00 -1.000000e+00
    outer loop
      vertex   3.150594e+00 2.196000e+00 -1.300000e+00
      vertex   1.333289e+00 5.055912e-01 -1.300000e+00
      vertex   8.786797e-01 8.786797e-01 -1.300000e+00
    endloop
  endfacet
  facet normal -0.000000e+00 0.000000e+00 -1.000000e+00
    outer loop
      vertex   3.150594e+00 2.196000e+00 -1.300000e+00
      vertex   8.786797e-01 8.786797e-01 -1.300000e+00
      vertex   2.825000e+00 2.330866e+00 -1.300000e+00
    endloop
  endfacet
  facet normal 0.000000e+00 0.000000e+00 -1.000000e+00
    outer loop
      vertex   2.825000e+00 2.330866e+00 -1.300000e+00
      vertex   8.786797e-01 8.786797e-01 -1.300000e+00
      vertex   5.055912e-01 1.333289e+00 -1.300000e+00
    endloop
  endfacet
  facet normal -0.000000e+00 0.000000e+00 -1.000000e+00
    outer loop
      vertex   2.825000e+00 2.330866e+00 -1.300000e+00
      vertex   5.055912e-01 1.333289e+00 -1.300000e+00
      vertex   2.545406e+00 2.545406e+00 -1.300000e+00
    endloop
  endfacet
  facet normal 0.000000e+00 0.000000e+00 -1.000000e+00
    outer loop
      vertex   2.545406e+00 2.545406e+00 -1.300000e+00
      vertex   5.055912e-01 1.333289e+00 -1.300000e+00
      vertex   2.283614e-01 1.851950e+00 -1.300000e+00
    endloop
  endfacet
  facet normal 0.000000e+00 0.000000e+00 -1.000000e+00
    outer loop
      vertex   2.545406e+00 2.545406e+00 -1.300000e+00
      vertex   2.283614e-01 1.851950e+00 -1.300000e+00
      vertex   5.764416e-02 2.414729e+00 -1.300000e+00
    endloop
  endfacet
  facet normal -0.000000e+00 0.000000e+00 -1.000000e+00
    outer loop
      vertex   2.545406e+00 2.545406e+00 -1.300000e+00
      vertex   5.764416e-02 2.414729e+00 -1.300000e+00
      vertex   2.330866e+00 2.825000e+00 -1.300000e+00
    endloop
  endfacet
  facet normal -0.000000e+00 0.000000e+00 -1.000000e+00
    outer loop
      vertex   2.330866e+00 2.825000e+00 -1.300000e+00
      vertex   5.764416e-02 2.414729e+00 -1.300000e+00
      vertex   0.000000e+00 3.000000e+00 -1.300000e+00
    endloop
  endfacet
  facet normal 0.000000e+00 0.000000e+00 -1.000000e+00
    outer loop
      vertex   2.330866e+00 2.825000e+00 -1.300000e+00
      vertex   0.000000e+00 3.000000e+00 -1.300000e+00
      vertex   2.196000e+00 3.150594e+00 -1.300000e+00
    endloop
  endfacet
  facet normal -0.000000e+00 0.000000e+00 -1.000000e+00
    outer loop
      vertex   2.196000e+00 3.150594e+00 -1.300000e+00
      vertex   0.000000e+00 3.000000e+00 -1.300000e+00
      vertex   2.150000e+00 3.500000e+00 -1.300000e+00
    endloop
  endfacet
  facet normal -0.000000e+00 0.000000e+00 -1.000000e+00
    outer loop
      vertex   2.150000e+00 3.500000e+00 -1.300000e+00
      vertex   0.000000e+00 3.000000e+00 -1.300000e+00
      vertex   2.196000e+00 3.849406e+00 -1.300000e+00
    endloop
  endfacet
  facet normal -0.000000e+00 0.000000e+00 -1.000000e+00
    outer loop
      vertex   2.196000e+00 3.849406e+00 -1.300000e+00
      vertex   0.000000e+00 3.000000e+00 -1.300000e+00
      vertex   2.330866e+00 4.175000e+00 -1.300000e+00
    endloop
  endfacet
  facet normal -0.000000e+00 0.000000e+00 -1.000000e+00
    outer loop
      vertex   2.330866e+00 4.175000e+00 -1.300000e+00
      vertex   0.000000e+00 3.000000e+00 -1.300000e+00
      vertex   2.545406e+00 4.454594e+00 -1.300000e+00
    endloop
  endfacet
  facet normal -0.000000e+00 0.000000e+00 -1.000000e+00
    outer loop
      vertex   2.545406e+00 4.454594e+00 -1.300000e+00
      vertex   0.000000e+00 3.000000e+00 -1.300000e+00
      vertex   2.825000e+00 4.669134e+00 -1.300000e+00
    endloop
  endfacet
  facet normal -0.000000e+00 0.000000e+00 -1.000000e+00
    outer loop
      vertex   2.825000e+00 4.669134e+00 -1.300000e+00
      vertex   0.000000e+00 3.000000e+00 -1.300000e+00
      vertex   -2.775558e-16 2.227182e+01 -1.300000e+00
    endloop
  endfacet
  facet normal 0.000000e+00 0.000000e+00 -1.000000e+00
    outer loop
      vertex   2.825000e+00 4.669134e+00 -1.300000e+00
      vertex   -2.775558e-16 2.227182e+01 -1.300000e+00
      vertex   3.150594e+00 4.804000e+00 -1.300000e+00
    endloop
  endfacet
  facet normal 0.000000e+00 0.000000e+00 -1.000000e+00
    outer loop
      vertex   3.150594e+00 4.804000e+00 -1.300000e+00
      vertex   -2.775558e-16 2.227182e+01 -1.300000e+00
      vertex   3.500000e+00 4.850000e+00 -1.300000e+00
    endloop
  endfacet
  facet normal 0.000000e+00 0.000000e+00 -1.000000e+00
    outer loop
      vertex   3.500000e+00 4.850000e+00 -1.300000e+00
      vertex   -2.775558e-16 2.227182e+01 -1.300000e+00
      vertex   3.849406e+00 4.804000e+00 -1.300000e+00
    endloop
  endfacet
  facet normal 0.000000e+00 0.000000e+00 -1.000000e+00
    outer loop
      vertex   3.849406e+00 4.804000e+00 -1.300000e+00
      vertex   -2.775558e-16 2.227182e+01 -1.300000e+00
      vertex   1.307766e+01 2.227182e+01 -1.300000e+00
    endloop
  endfacet
  facet normal 0.000000e+00 0.000000e+00 -1.000000e+00
    outer loop
      vertex   3.849406e+00 4.804000e+00 -1.300000e+00
      vertex   1.307766e+01 2.227182e+01 -1.300000e+00
      vertex   4.175000e+00 4.669134e+00 -1.300000e+00
    endloop
  endfacet
  facet normal 0.000000e+00 0.000000e+00 -1.000000e+00
    outer loop
      vertex   4.175000e+00 4.669134e+00 -1.300000e+00
      vertex   1.307766e+01 2.227182e+01 -1.300000e+00
      vertex   4.454594e+00 4.454594e+00 -1.300000e+00
    endloop
  endfacet
  facet normal 0.000000e+00 0.000000e+00 -1.000000e+00
    outer loop
      vertex   4.454594e+00 4.454594e+00 -1.300000e+00
      vertex   1.307766e+01 2.227182e+01 -1.300000e+00
      vertex   4.669134e+00 4.175000e+00 -1.300000e+00
    endloop
  endfacet
  facet normal 0.000000e+00 0.000000e+00 -1.000000e+00
    outer loop
      vertex   4.669134e+00 4.175000e+00 -1.300000e+00
      vertex   1.307766e+01 2.227182e+01 -1.300000e+00
      vertex   4.804000e+00 3.849406e+00 -1.300000e+00
    endloop
  endfacet
  facet normal 0.000000e+00 0.000000e+00 -1.000000e+00
    outer loop
      vertex   4.804000e+00 3.849406e+00 -1.300000e+00
      vertex   1.307766e+01 2.227182e+01 -1.300000e+00
      vertex   6.019600e+01 3.849406e+00 -1.300000e+00
    endloop
  endfacet
  facet normal 0.000000e+00 0.000000e+00 -1.000000e+00
    outer loop
      vertex   4.804000e+00 3.849406e+00 -1.300000e+00
      vertex   6.019600e+01 3.849406e+00 -1.300000e+00
      vertex   4.850000e+00 3.500000e+00 -1.300000e+00
    endloop
  endfacet
  facet normal 0.000000e+00 0.000000e+00 -1.000000e+00
    outer loop
      vertex   4.850000e+00 3.500000e+00 -1.300000e+00
      vertex   6.019600e+01 3.849406e+00 -1.300000e+00
      vertex   6.015000e+01 3.500000e+00 -1.300000e+00
    endloop
  endfacet
  facet normal 0.000000e+00 -0.000000e+00 -1.000000e+00
    outer loop
      vertex   4.850000e+00 3.500000e+00 -1.300000e+00
      vertex   6.015000e+01 3.500000e+00 -1.300000e+00
      vertex   4.804000e+00 3.150594e+00 -1.300000e+00
    endloop
  endfacet
  facet normal 0.000000e+00 0.000000e+00 -1.000000e+00
    outer loop
      vertex   4.804000e+00 3.150594e+00 -1.300000e+00
      vertex   6.015000e+01 3.500000e+00 -1.300000e+00
      vertex   6.019600e+01 3.150594e+00 -1.300000e+00
    endloop
  endfacet
  facet normal 0.000000e+00 -0.000000e+00 -1.000000e+00
    outer loop
      vertex   4.804000e+00 3.150594e+00 -1.300000e+00
      vertex   6.019600e+01 3.150594e+00 -1.300000e+00
      vertex   4.669134e+00 2.825000e+00 -1.300000e+00
    endloop
  endfacet
  facet normal 0.000000e+00 0.000000e+00 -1.000000e+00
    outer loop
      vertex   4.669134e+00 2.825000e+00 -1.300000e+00
      vertex   6.019600e+01 3.150594e+00 -1.300000e+00
      vertex   6.033087e+01 2.825000e+00 -1.300000e+00
    endloop
  endfacet
  facet normal 0.000000e+00 -0.000000e+00 -1.000000e+00
    outer loop
      vertex   4.669134e+00 2.825000e+00 -1.300000e+00
      vertex   6.033087e+01 2.825000e+00 -1.300000e+00
      vertex   3.000000e+00 0.000000e+00 -1.300000e+00
    endloop
  endfacet
  facet normal 0.000000e+00 0.000000e+00 -1.000000e+00
    outer loop
      vertex   3.000000e+00 0.000000e+00 -1.300000e+00
      vertex   6.033087e+01 2.825000e+00 -1.300000e+00
      vertex   6.054541e+01 2.545406e+00 -1.300000e+00
    endloop
  endfacet
  facet normal 0.000000e+00 0.000000e+00 -1.000000e+00
    outer loop
      vertex   3.000000e+00 0.000000e+00 -1.300000e+00
      vertex   6.054541e+01 2.545406e+00 -1.300000e+00
      vertex   6.082500e+01 2.330866e+00 -1.300000e+00
    endloop
  endfacet
  facet normal 0.000000e+00 0.000000e+00 -1.000000e+00
    outer loop
      vertex   1.307766e+01 3.422173e+01 -1.300000e+00
      vertex   3.763510e+01 2.771686e+01 -1.300000e+00
      vertex   1.307766e+01 2.227182e+01 -1.300000e+00
    endloop
  endfacet
  facet normal 0.000000e+00 0.000000e+00 -1.000000e+00
    outer loop
      vertex   1.307766e+01 2.227182e+01 -1.300000e+00
      vertex   3.763510e+01 2.771686e+01 -1.300000e+00
      vertex   6.033087e+01 4.175000e+00 -1.300000e+00
    endloop
  endfacet
  facet normal 0.000000e+00 0.000000e+00 -1.000000e+00
    outer loop
      vertex   1.307766e+01 2.227182e+01 -1.300000e+00
      vertex   6.033087e+01 4.175000e+00 -1.300000e+00
      vertex   6.019600e+01 3.849406e+00 -1.300000e+00
    endloop
  endfacet
  facet normal 0.000000e+00 0.000000e+00 -1.000000e+00
    outer loop
      vertex   6.033087e+01 4.175000e+00 -1.300000e+00
      vertex   3.763510e+01 2.771686e+01 -1.300000e+00
      vertex   6.054541e+01 4.454594e+00 -1.300000e+00
    endloop
  endfacet
  facet normal 0.000000e+00 0.000000e+00 -1.000000e+00
    outer loop
      vertex   6.054541e+01 4.454594e+00 -1.300000e+00
      vertex   3.763510e+01 2.771686e+01 -1.300000e+00
      vertex   4.967563e+01 2.771686e+01 -1.300000e+00
    endloop
  endfacet
  facet normal 0.000000e+00 0.000000e+00 -1.000000e+00
    outer loop
      vertex   6.054541e+01 4.454594e+00 -1.300000e+00
      vertex   4.967563e+01 2.771686e+01 -1.300000e+00
      vertex   6.082500e+01 4.669134e+00 -1.300000e+00
    endloop
  endfacet
  facet normal 0.000000e+00 0.000000e+00 -1.000000e+00
    outer loop
      vertex   6.082500e+01 4.669134e+00 -1.300000e+00
      vertex   4.967563e+01 2.771686e+01 -1.300000e+00
      vertex   6.115059e+01 4.804000e+00 -1.300000e+00
    endloop
  endfacet
  facet normal 0.000000e+00 0.000000e+00 -1.000000e+00
    outer loop
      vertex   6.115059e+01 4.804000e+00 -1.300000e+00
      vertex   4.967563e+01 2.771686e+01 -1.300000e+00
      vertex   6.150000e+01 4.850000e+00 -1.300000e+00
    endloop
  endfacet
  facet normal 0.000000e+00 0.000000e+00 -1.000000e+00
    outer loop
      vertex   6.150000e+01 4.850000e+00 -1.300000e+00
      vertex   4.967563e+01 2.771686e+01 -1.300000e+00
      vertex   6.184941e+01 4.804000e+00 -1.300000e+00
    endloop
  endfacet
  facet normal 0.000000e+00 0.000000e+00 -1.000000e+00
    outer loop
      vertex   6.184941e+01 4.804000e+00 -1.300000e+00
      vertex   4.967563e+01 2.771686e+01 -1.300000e+00
      vertex   8.500000e+01 3.000000e+00 -1.300000e+00
    endloop
  endfacet
  facet normal 0.000000e+00 0.000000e+00 -1.000000e+00
    outer loop
      vertex   6.184941e+01 4.804000e+00 -1.300000e+00
      vertex   8.500000e+01 3.000000e+00 -1.300000e+00
      vertex   6.217500e+01 4.669134e+00 -1.300000e+00
    endloop
  endfacet
  facet normal 0.000000e+00 0.000000e+00 -1.000000e+00
    outer loop
      vertex   6.217500e+01 4.669134e+00 -1.300000e+00
      vertex   8.500000e+01 3.000000e+00 -1.300000e+00
      vertex   6.245459e+01 4.454594e+00 -1.300000e+00
    endloop
  endfacet
  facet normal 0.000000e+00 0.000000e+00 -1.000000e+00
    outer loop
      vertex   6.245459e+01 4.454594e+00 -1.300000e+00
      vertex   8.500000e+01 3.000000e+00 -1.300000e+00
      vertex   6.266913e+01 4.175000e+00 -1.300000e+00
    endloop
  endfacet
  facet normal 0.000000e+00 0.000000e+00 -1.000000e+00
    outer loop
      vertex   3.763510e+01 3.969670e+01 -1.300000e+00
      vertex   4.361000e+01 5.091000e+01 -1.300000e+00
      vertex   4.967563e+01 3.969670e+01 -1.300000e+00
    endloop
  endfacet
  facet normal 0.000000e+00 0.000000e+00 -1.000000e+00
    outer loop
      vertex   4.967563e+01 3.969670e+01 -1.300000e+00
      vertex   4.361000e+01 5.091000e+01 -1.300000e+00
      vertex   4.425000e+01 5.091000e+01 -1.300000e+00
    endloop
  endfacet
  facet normal 0.000000e+00 0.000000e+00 -1.000000e+00
    outer loop
      vertex   4.967563e+01 3.969670e+01 -1.300000e+00
      vertex   4.425000e+01 5.091000e+01 -1.300000e+00
      vertex   4.615000e+01 5.091000e+01 -1.300000e+00
    endloop
  endfacet
  facet normal 0.000000e+00 0.000000e+00 -1.000000e+00
    outer loop
      vertex   4.615000e+01 5.091000e+01 -1.300000e+00
      vertex   4.425000e+01 5.091000e+01 -1.300000e+00
      vertex   4.615000e+01 5.155000e+01 -1.300000e+00
    endloop
  endfacet
  facet normal -0.000000e+00 0.000000e+00 -1.000000e+00
    outer loop
      vertex   4.615000e+01 5.155000e+01 -1.300000e+00
      vertex   4.425000e+01 5.091000e+01 -1.300000e+00
      vertex   4.425000e+01 5.155000e+01 -1.300000e+00
    endloop
  endfacet
  facet normal 0.000000e+00 0.000000e+00 -1.000000e+00
    outer loop
      vertex   4.615000e+01 5.155000e+01 -1.300000e+00
      vertex   4.425000e+01 5.155000e+01 -1.300000e+00
      vertex   4.615000e+01 5.327000e+01 -1.300000e+00
    endloop
  endfacet
  facet normal -0.000000e+00 0.000000e+00 -1.000000e+00
    outer loop
      vertex   4.615000e+01 5.327000e+01 -1.300000e+00
      vertex   4.425000e+01 5.155000e+01 -1.300000e+00
      vertex   4.425000e+01 5.327000e+01 -1.300000e+00
    endloop
  endfacet
  facet normal 0.000000e+00 0.000000e+00 -1.000000e+00
    outer loop
      vertex   4.615000e+01 5.327000e+01 -1.300000e+00
      vertex   4.425000e+01 5.327000e+01 -1.300000e+00
      vertex   4.615000e+01 5.391000e+01 -1.300000e+00
    endloop
  endfacet
  facet normal -0.000000e+00 0.000000e+00 -1.000000e+00
    outer loop
      vertex   4.615000e+01 5.391000e+01 -1.300000e+00
      vertex   4.425000e+01 5.327000e+01 -1.300000e+00
      vertex   4.425000e+01 5.391000e+01 -1.300000e+00
    endloop
  endfacet
  facet normal 0.000000e+00 0.000000e+00 -1.000000e+00
    outer loop
      vertex   4.615000e+01 5.391000e+01 -1.300000e+00
      vertex   4.425000e+01 5.391000e+01 -1.300000e+00
      vertex   8.200000e+01 5.600000e+01 -1.300000e+00
    endloop
  endfacet
  facet normal 0.000000e+00 0.000000e+00 -1.000000e+00
    outer loop
      vertex   8.200000e+01 5.600000e+01 -1.300000e+00
      vertex   4.425000e+01 5.391000e+01 -1.300000e+00
      vertex   4.361000e+01 5.391000e+01 -1.300000e+00
    endloop
  endfacet
  facet normal 0.000000e+00 0.000000e+00 -1.000000e+00
    outer loop
      vertex   3.763510e+01 2.771686e+01 -1.300000e+00
      vertex   1.307766e+01 3.422173e+01 -1.300000e+00
      vertex   3.763510e+01 3.969670e+01 -1.300000e+00
    endloop
  endfacet
  facet normal -0.000000e+00 0.000000e+00 -1.000000e+00
    outer loop
      vertex   3.763510e+01 3.969670e+01 -1.300000e+00
      vertex   1.307766e+01 3.422173e+01 -1.300000e+00
      vertex   2.329000e+01 5.091000e+01 -1.300000e+00
    endloop
  endfacet
  facet normal 0.000000e+00 0.000000e+00 -1.000000e+00
    outer loop
      vertex   3.763510e+01 3.969670e+01 -1.300000e+00
      vertex   2.329000e+01 5.091000e+01 -1.300000e+00
      vertex   2.393000e+01 5.091000e+01 -1.300000e+00
    endloop
  endfacet
  facet normal 0.000000e+00 0.000000e+00 -1.000000e+00
    outer loop
      vertex   5.695000e+01 5.155000e+01 -1.300000e+00
      vertex   5.631000e+01 5.155000e+01 -1.300000e+00
      vertex   5.695000e+01 5.327000e+01 -1.300000e+00
    endloop
  endfacet
  facet normal -0.000000e+00 0.000000e+00 -1.000000e+00
    outer loop
      vertex   5.695000e+01 5.327000e+01 -1.300000e+00
      vertex   5.631000e+01 5.155000e+01 -1.300000e+00
      vertex   5.631000e+01 5.327000e+01 -1.300000e+00
    endloop
  endfacet
  facet normal 0.000000e+00 -0.000000e+00 -1.000000e+00
    outer loop
      vertex   5.631000e+01 5.327000e+01 -1.300000e+00
      vertex   5.631000e+01 5.155000e+01 -1.300000e+00
      vertex   5.441000e+01 5.155000e+01 -1.300000e+00
    endloop
  endfacet
  facet normal -0.000000e+00 0.000000e+00 -1.000000e+00
    outer loop
      vertex   5.631000e+01 5.327000e+01 -1.300000e+00
      vertex   5.441000e+01 5.155000e+01 -1.300000e+00
      vertex   5.441000e+01 5.327000e+01 -1.300000e+00
    endloop
  endfacet
  facet normal 0.000000e+00 -0.000000e+00 -1.000000e+00
    outer loop
      vertex   5.441000e+01 5.327000e+01 -1.300000e+00
      vertex   5.441000e+01 5.155000e+01 -1.300000e+00
      vertex   5.377000e+01 5.155000e+01 -1.300000e+00
    endloop
  endfacet
  facet normal -0.000000e+00 0.000000e+00 -1.000000e+00
    outer loop
      vertex   5.441000e+01 5.327000e+01 -1.300000e+00
      vertex   5.377000e+01 5.155000e+01 -1.300000e+00
      vertex   5.377000e+01 5.327000e+01 -1.300000e+00
    endloop
  endfacet
  facet normal 0.000000e+00 -0.000000e+00 -1.000000e+00
    outer loop
      vertex   5.377000e+01 5.327000e+01 -1.300000e+00
      vertex   5.377000e+01 5.155000e+01 -1.300000e+00
      vertex   5.187000e+01 5.155000e+01 -1.300000e+00
    endloop
  endfacet
  facet normal -0.000000e+00 0.000000e+00 -1.000000e+00
    outer loop
      vertex   5.377000e+01 5.327000e+01 -1.300000e+00
      vertex   5.187000e+01 5.155000e+01 -1.300000e+00
      vertex   5.187000e+01 5.327000e+01 -1.300000e+00
    endloop
  endfacet
  facet normal 0.000000e+00 -0.000000e+00 -1.000000e+00
    outer loop
      vertex   5.187000e+01 5.327000e+01 -1.300000e+00
      vertex   5.187000e+01 5.155000e+01 -1.300000e+00
      vertex   5.123000e+01 5.155000e+01 -1.300000e+00
    endloop
  endfacet
  facet normal -0.000000e+00 0.000000e+00 -1.000000e+00
    outer loop
      vertex   5.187000e+01 5.327000e+01 -1.300000e+00
      vertex   5.123000e+01 5.155000e+01 -1.300000e+00
      vertex   5.123000e+01 5.327000e+01 -1.300000e+00
    endloop
  endfacet
  facet normal 0.000000e+00 -0.000000e+00 -1.000000e+00
    outer loop
      vertex   5.123000e+01 5.327000e+01 -1.300000e+00
      vertex   5.123000e+01 5.155000e+01 -1.300000e+00
      vertex   4.933000e+01 5.155000e+01 -1.300000e+00
    endloop
  endfacet
  facet normal -0.000000e+00 0.000000e+00 -1.000000e+00
    outer loop
      vertex   5.123000e+01 5.327000e+01 -1.300000e+00
      vertex   4.933000e+01 5.155000e+01 -1.300000e+00
      vertex   4.933000e+01 5.327000e+01 -1.300000e+00
    endloop
  endfacet
  facet normal 0.000000e+00 -0.000000e+00 -1.000000e+00
    outer loop
      vertex   4.933000e+01 5.327000e+01 -1.300000e+00
      vertex   4.933000e+01 5.155000e+01 -1.300000e+00
      vertex   4.869000e+01 5.155000e+01 -1.300000e+00
    endloop
  endfacet
  facet normal -0.000000e+00 0.000000e+00 -1.000000e+00
    outer loop
      vertex   4.933000e+01 5.327000e+01 -1.300000e+00
      vertex   4.869000e+01 5.155000e+01 -1.300000e+00
      vertex   4.869000e+01 5.327000e+01 -1.300000e+00
    endloop
  endfacet
  facet normal 0.000000e+00 -0.000000e+00 -1.000000e+00
    outer loop
      vertex   4.869000e+01 5.327000e+01 -1.300000e+00
      vertex   4.869000e+01 5.155000e+01 -1.300000e+00
      vertex   4.679000e+01 5.155000e+01 -1.300000e+00
    endloop
  endfacet
  facet normal -0.000000e+00 0.000000e+00 -1.000000e+00
    outer loop
      vertex   4.869000e+01 5.327000e+01 -1.300000e+00
      vertex   4.679000e+01 5.155000e+01 -1.300000e+00
      vertex   4.679000e+01 5.327000e+01 -1.300000e+00
    endloop
  endfacet
  facet normal 0.000000e+00 -0.000000e+00 -1.000000e+00
    outer loop
      vertex   4.679000e+01 5.327000e+01 -1.300000e+00
      vertex   4.679000e+01 5.155000e+01 -1.300000e+00
      vertex   4.615000e+01 5.155000e+01 -1.300000e+00
    endloop
  endfacet
  facet normal -0.000000e+00 0.000000e+00 -1.000000e+00
    outer loop
      vertex   4.679000e+01 5.327000e+01 -1.300000e+00
      vertex   4.615000e+01 5.155000e+01 -1.300000e+00
      vertex   4.615000e+01 5.327000e+01 -1.300000e+00
    endloop
  endfacet
  facet normal 0.000000e+00 0.000000e+00 -1.000000e+00
    outer loop
      vertex   5.441000e+01 5.155000e+01 -1.300000e+00
      vertex   5.631000e+01 5.155000e+01 -1.300000e+00
      vertex   5.441000e+01 5.091000e+01 -1.300000e+00
    endloop
  endfacet
  facet normal 0.000000e+00 0.000000e+00 -1.000000e+00
    outer loop
      vertex   5.441000e+01 5.091000e+01 -1.300000e+00
      vertex   5.631000e+01 5.155000e+01 -1.300000e+00
      vertex   5.631000e+01 5.091000e+01 -1.300000e+00
    endloop
  endfacet
  facet normal 0.000000e+00 -0.000000e+00 -1.000000e+00
    outer loop
      vertex   5.441000e+01 5.091000e+01 -1.300000e+00
      vertex   5.631000e+01 5.091000e+01 -1.300000e+00
      vertex   4.967563e+01 3.969670e+01 -1.300000e+00
    endloop
  endfacet
  facet normal 0.000000e+00 0.000000e+00 -1.000000e+00
    outer loop
      vertex   4.967563e+01 3.969670e+01 -1.300000e+00
      vertex   5.631000e+01 5.091000e+01 -1.300000e+00
      vertex   5.695000e+01 5.091000e+01 -1.300000e+00
    endloop
  endfacet
  facet normal 0.000000e+00 0.000000e+00 -1.000000e+00
    outer loop
      vertex   4.615000e+01 5.091000e+01 -1.300000e+00
      vertex   4.679000e+01 5.091000e+01 -1.300000e+00
      vertex   4.967563e+01 3.969670e+01 -1.300000e+00
    endloop
  endfacet
  facet normal 0.000000e+00 0.000000e+00 -1.000000e+00
    outer loop
      vertex   4.967563e+01 3.969670e+01 -1.300000e+00
      vertex   4.679000e+01 5.091000e+01 -1.300000e+00
      vertex   4.869000e+01 5.091000e+01 -1.300000e+00
    endloop
  endfacet
  facet normal 0.000000e+00 0.000000e+00 -1.000000e+00
    outer loop
      vertex   4.967563e+01 3.969670e+01 -1.300000e+00
      vertex   4.869000e+01 5.091000e+01 -1.300000e+00
      vertex   4.933000e+01 5.091000e+01 -1.300000e+00
    endloop
  endfacet
  facet normal 0.000000e+00 0.000000e+00 -1.000000e+00
    outer loop
      vertex   4.869000e+01 5.091000e+01 -1.300000e+00
      vertex   4.679000e+01 5.091000e+01 -1.300000e+00
      vertex   4.869000e+01 5.155000e+01 -1.300000e+00
    endloop
  endfacet
  facet normal -0.000000e+00 0.000000e+00 -1.000000e+00
    outer loop
      vertex   4.869000e+01 5.155000e+01 -1.300000e+00
      vertex   4.679000e+01 5.091000e+01 -1.300000e+00
      vertex   4.679000e+01 5.155000e+01 -1.300000e+00
    endloop
  endfacet
  facet normal 0.000000e+00 0.000000e+00 -1.000000e+00
    outer loop
      vertex   5.123000e+01 5.391000e+01 -1.300000e+00
      vertex   8.200000e+01 5.600000e+01 -1.300000e+00
      vertex   5.187000e+01 5.391000e+01 -1.300000e+00
    endloop
  endfacet
  facet normal 0.000000e+00 0.000000e+00 -1.000000e+00
    outer loop
      vertex   5.187000e+01 5.391000e+01 -1.300000e+00
      vertex   8.200000e+01 5.600000e+01 -1.300000e+00
      vertex   5.377000e+01 5.391000e+01 -1.300000e+00
    endloop
  endfacet
  facet normal 0.000000e+00 0.000000e+00 -1.000000e+00
    outer loop
      vertex   5.187000e+01 5.391000e+01 -1.300000e+00
      vertex   5.377000e+01 5.391000e+01 -1.300000e+00
      vertex   5.187000e+01 5.327000e+01 -1.300000e+00
    endloop
  endfacet
  facet normal 0.000000e+00 0.000000e+00 -1.000000e+00
    outer loop
      vertex   5.187000e+01 5.327000e+01 -1.300000e+00
      vertex   5.377000e+01 5.391000e+01 -1.300000e+00
      vertex   5.377000e+01 5.327000e+01 -1.300000e+00
    endloop
  endfacet
  facet normal 0.000000e+00 0.000000e+00 -1.000000e+00
    outer loop
      vertex   5.123000e+01 5.327000e+01 -1.300000e+00
      vertex   4.933000e+01 5.327000e+01 -1.300000e+00
      vertex   5.123000e+01 5.391000e+01 -1.300000e+00
    endloop
  endfacet
  facet normal -0.000000e+00 0.000000e+00 -1.000000e+00
    outer loop
      vertex   5.123000e+01 5.391000e+01 -1.300000e+00
      vertex   4.933000e+01 5.327000e+01 -1.300000e+00
      vertex   4.933000e+01 5.391000e+01 -1.300000e+00
    endloop
  endfacet
  facet normal 0.000000e+00 0.000000e+00 -1.000000e+00
    outer loop
      vertex   5.123000e+01 5.391000e+01 -1.300000e+00
      vertex   4.933000e+01 5.391000e+01 -1.300000e+00
      vertex   8.200000e+01 5.600000e+01 -1.300000e+00
    endloop
  endfacet
  facet normal 0.000000e+00 0.000000e+00 -1.000000e+00
    outer loop
      vertex   8.200000e+01 5.600000e+01 -1.300000e+00
      vertex   4.933000e+01 5.391000e+01 -1.300000e+00
      vertex   4.869000e+01 5.391000e+01 -1.300000e+00
    endloop
  endfacet
  facet normal 0.000000e+00 0.000000e+00 -1.000000e+00
    outer loop
      vertex   8.200000e+01 5.600000e+01 -1.300000e+00
      vertex   4.869000e+01 5.391000e+01 -1.300000e+00
      vertex   4.679000e+01 5.391000e+01 -1.300000e+00
    endloop
  endfacet
  facet normal 0.000000e+00 0.000000e+00 -1.000000e+00
    outer loop
      vertex   4.679000e+01 5.391000e+01 -1.300000e+00
      vertex   4.869000e+01 5.391000e+01 -1.300000e+00
      vertex   4.679000e+01 5.327000e+01 -1.300000e+00
    endloop
  endfacet
  facet normal 0.000000e+00 0.000000e+00 -1.000000e+00
    outer loop
      vertex   4.679000e+01 5.327000e+01 -1.300000e+00
      vertex   4.869000e+01 5.391000e+01 -1.300000e+00
      vertex   4.869000e+01 5.327000e+01 -1.300000e+00
    endloop
  endfacet
  facet normal 0.000000e+00 0.000000e+00 -1.000000e+00
    outer loop
      vertex   4.107000e+01 5.327000e+01 -1.300000e+00
      vertex   4.171000e+01 5.327000e+01 -1.300000e+00
      vertex   4.107000e+01 5.155000e+01 -1.300000e+00
    endloop
  endfacet
  facet normal 0.000000e+00 0.000000e+00 -1.000000e+00
    outer loop
      vertex   4.107000e+01 5.155000e+01 -1.300000e+00
      vertex   4.171000e+01 5.327000e+01 -1.300000e+00
      vertex   4.171000e+01 5.155000e+01 -1.300000e+00
    endloop
  endfacet
  facet normal 0.000000e+00 0.000000e+00 -1.000000e+00
    outer loop
      vertex   3.917000e+01 5.155000e+01 -1.300000e+00
      vertex   3.853000e+01 5.155000e+01 -1.300000e+00
      vertex   3.917000e+01 5.327000e+01 -1.300000e+00
    endloop
  endfacet
  facet normal -0.000000e+00 0.000000e+00 -1.000000e+00
    outer loop
      vertex   3.917000e+01 5.327000e+01 -1.300000e+00
      vertex   3.853000e+01 5.155000e+01 -1.300000e+00
      vertex   3.853000e+01 5.327000e+01 -1.300000e+00
    endloop
  endfacet
  facet normal 0.000000e+00 -0.000000e+00 -1.000000e+00
    outer loop
      vertex   3.853000e+01 5.327000e+01 -1.300000e+00
      vertex   3.853000e+01 5.155000e+01 -1.300000e+00
      vertex   3.663000e+01 5.155000e+01 -1.300000e+00
    endloop
  endfacet
  facet normal -0.000000e+00 0.000000e+00 -1.000000e+00
    outer loop
      vertex   3.853000e+01 5.327000e+01 -1.300000e+00
      vertex   3.663000e+01 5.155000e+01 -1.300000e+00
      vertex   3.663000e+01 5.327000e+01 -1.300000e+00
    endloop
  endfacet
  facet normal 0.000000e+00 -0.000000e+00 -1.000000e+00
    outer loop
      vertex   3.663000e+01 5.327000e+01 -1.300000e+00
      vertex   3.663000e+01 5.155000e+01 -1.300000e+00
      vertex   3.599000e+01 5.155000e+01 -1.300000e+00
    endloop
  endfacet
  facet normal -0.000000e+00 0.000000e+00 -1.000000e+00
    outer loop
      vertex   3.663000e+01 5.327000e+01 -1.300000e+00
      vertex   3.599000e+01 5.155000e+01 -1.300000e+00
      vertex   3.599000e+01 5.327000e+01 -1.300000e+00
    endloop
  endfacet
  facet normal 0.000000e+00 -0.000000e+00 -1.000000e+00
    outer loop
      vertex   3.599000e+01 5.327000e+01 -1.300000e+00
      vertex   3.599000e+01 5.155000e+01 -1.300000e+00
      vertex   3.409000e+01 5.155000e+01 -1.300000e+00
    endloop
  endfacet
  facet normal -0.000000e+00 0.000000e+00 -1.000000e+00
    outer loop
      vertex   3.599000e+01 5.327000e+01 -1.300000e+00
      vertex   3.409000e+01 5.155000e+01 -1.300000e+00
      vertex   3.409000e+01 5.327000e+01 -1.300000e+00
    endloop
  endfacet
  facet normal 0.000000e+00 -0.000000e+00 -1.000000e+00
    outer loop
      vertex   3.409000e+01 5.327000e+01 -1.300000e+00
      vertex   3.409000e+01 5.155000e+01 -1.300000e+00
      vertex   3.345000e+01 5.155000e+01 -1.300000e+00
    endloop
  endfacet
  facet normal -0.000000e+00 0.000000e+00 -1.000000e+00
    outer loop
      vertex   3.409000e+01 5.327000e+01 -1.300000e+00
      vertex   3.345000e+01 5.155000e+01 -1.300000e+00
      vertex   3.345000e+01 5.327000e+01 -1.300000e+00
    endloop
  endfacet
  facet normal 0.000000e+00 -0.000000e+00 -1.000000e+00
    outer loop
      vertex   3.345000e+01 5.327000e+01 -1.300000e+00
      vertex   3.345000e+01 5.155000e+01 -1.300000e+00
      vertex   3.155000e+01 5.155000e+01 -1.300000e+00
    endloop
  endfacet
  facet normal -0.000000e+00 0.000000e+00 -1.000000e+00
    outer loop
      vertex   3.345000e+01 5.327000e+01 -1.300000e+00
      vertex   3.155000e+01 5.155000e+01 -1.300000e+00
      vertex   3.155000e+01 5.327000e+01 -1.300000e+00
    endloop
  endfacet
  facet normal 0.000000e+00 -0.000000e+00 -1.000000e+00
    outer loop
      vertex   3.155000e+01 5.327000e+01 -1.300000e+00
      vertex   3.155000e+01 5.155000e+01 -1.300000e+00
      vertex   3.091000e+01 5.155000e+01 -1.300000e+00
    endloop
  endfacet
  facet normal -0.000000e+00 0.000000e+00 -1.000000e+00
    outer loop
      vertex   3.155000e+01 5.327000e+01 -1.300000e+00
      vertex   3.091000e+01 5.155000e+01 -1.300000e+00
      vertex   3.091000e+01 5.327000e+01 -1.300000e+00
    endloop
  endfacet
  facet normal 0.000000e+00 -0.000000e+00 -1.000000e+00
    outer loop
      vertex   3.091000e+01 5.327000e+01 -1.300000e+00
      vertex   3.091000e+01 5.155000e+01 -1.300000e+00
      vertex   2.901000e+01 5.155000e+01 -1.300000e+00
    endloop
  endfacet
  facet normal -0.000000e+00 0.000000e+00 -1.000000e+00
    outer loop
      vertex   3.091000e+01 5.327000e+01 -1.300000e+00
      vertex   2.901000e+01 5.155000e+01 -1.300000e+00
      vertex   2.901000e+01 5.327000e+01 -1.300000e+00
    endloop
  endfacet
  facet normal 0.000000e+00 -0.000000e+00 -1.000000e+00
    outer loop
      vertex   2.901000e+01 5.327000e+01 -1.300000e+00
      vertex   2.901000e+01 5.155000e+01 -1.300000e+00
      vertex   2.837000e+01 5.155000e+01 -1.300000e+00
    endloop
  endfacet
  facet normal -0.000000e+00 0.000000e+00 -1.000000e+00
    outer loop
      vertex   2.901000e+01 5.327000e+01 -1.300000e+00
      vertex   2.837000e+01 5.155000e+01 -1.300000e+00
      vertex   2.837000e+01 5.327000e+01 -1.300000e+00
    endloop
  endfacet
  facet normal 0.000000e+00 -0.000000e+00 -1.000000e+00
    outer loop
      vertex   2.837000e+01 5.327000e+01 -1.300000e+00
      vertex   2.837000e+01 5.155000e+01 -1.300000e+00
      vertex   2.647000e+01 5.155000e+01 -1.300000e+00
    endloop
  endfacet
  facet normal -0.000000e+00 0.000000e+00 -1.000000e+00
    outer loop
      vertex   2.837000e+01 5.327000e+01 -1.300000e+00
      vertex   2.647000e+01 5.155000e+01 -1.300000e+00
      vertex   2.647000e+01 5.327000e+01 -1.300000e+00
    endloop
  endfacet
  facet normal 0.000000e+00 -0.000000e+00 -1.000000e+00
    outer loop
      vertex   2.647000e+01 5.327000e+01 -1.300000e+00
      vertex   2.647000e+01 5.155000e+01 -1.300000e+00
      vertex   2.583000e+01 5.155000e+01 -1.300000e+00
    endloop
  endfacet
  facet normal -0.000000e+00 0.000000e+00 -1.000000e+00
    outer loop
      vertex   2.647000e+01 5.327000e+01 -1.300000e+00
      vertex   2.583000e+01 5.155000e+01 -1.300000e+00
      vertex   2.583000e+01 5.327000e+01 -1.300000e+00
    endloop
  endfacet
  facet normal 0.000000e+00 -0.000000e+00 -1.000000e+00
    outer loop
      vertex   2.583000e+01 5.327000e+01 -1.300000e+00
      vertex   2.583000e+01 5.155000e+01 -1.300000e+00
      vertex   2.393000e+01 5.155000e+01 -1.300000e+00
    endloop
  endfacet
  facet normal -0.000000e+00 0.000000e+00 -1.000000e+00
    outer loop
      vertex   2.583000e+01 5.327000e+01 -1.300000e+00
      vertex   2.393000e+01 5.155000e+01 -1.300000e+00
      vertex   2.393000e+01 5.327000e+01 -1.300000e+00
    endloop
  endfacet
  facet normal 0.000000e+00 -0.000000e+00 -1.000000e+00
    outer loop
      vertex   2.393000e+01 5.327000e+01 -1.300000e+00
      vertex   2.393000e+01 5.155000e+01 -1.300000e+00
      vertex   2.329000e+01 5.155000e+01 -1.300000e+00
    endloop
  endfacet
  facet normal -0.000000e+00 0.000000e+00 -1.000000e+00
    outer loop
      vertex   2.393000e+01 5.327000e+01 -1.300000e+00
      vertex   2.329000e+01 5.155000e+01 -1.300000e+00
      vertex   2.329000e+01 5.327000e+01 -1.300000e+00
    endloop
  endfacet
  facet normal 0.000000e+00 -0.000000e+00 -1.000000e+00
    outer loop
      vertex   2.329000e+01 5.327000e+01 -1.300000e+00
      vertex   2.329000e+01 5.155000e+01 -1.300000e+00
      vertex   2.139000e+01 5.155000e+01 -1.300000e+00
    endloop
  endfacet
  facet normal -0.000000e+00 0.000000e+00 -1.000000e+00
    outer loop
      vertex   2.329000e+01 5.327000e+01 -1.300000e+00
      vertex   2.139000e+01 5.155000e+01 -1.300000e+00
      vertex   2.139000e+01 5.327000e+01 -1.300000e+00
    endloop
  endfacet
  facet normal 0.000000e+00 -0.000000e+00 -1.000000e+00
    outer loop
      vertex   2.139000e+01 5.327000e+01 -1.300000e+00
      vertex   2.139000e+01 5.155000e+01 -1.300000e+00
      vertex   2.075000e+01 5.155000e+01 -1.300000e+00
    endloop
  endfacet
  facet normal -0.000000e+00 0.000000e+00 -1.000000e+00
    outer loop
      vertex   2.139000e+01 5.327000e+01 -1.300000e+00
      vertex   2.075000e+01 5.155000e+01 -1.300000e+00
      vertex   2.075000e+01 5.327000e+01 -1.300000e+00
    endloop
  endfacet
  facet normal 0.000000e+00 -0.000000e+00 -1.000000e+00
    outer loop
      vertex   2.075000e+01 5.327000e+01 -1.300000e+00
      vertex   2.075000e+01 5.155000e+01 -1.300000e+00
      vertex   1.885000e+01 5.155000e+01 -1.300000e+00
    endloop
  endfacet
  facet normal -0.000000e+00 0.000000e+00 -1.000000e+00
    outer loop
      vertex   2.075000e+01 5.327000e+01 -1.300000e+00
      vertex   1.885000e+01 5.155000e+01 -1.300000e+00
      vertex   1.885000e+01 5.327000e+01 -1.300000e+00
    endloop
  endfacet
  facet normal 0.000000e+00 -0.000000e+00 -1.000000e+00
    outer loop
      vertex   1.885000e+01 5.327000e+01 -1.300000e+00
      vertex   1.885000e+01 5.155000e+01 -1.300000e+00
      vertex   1.821000e+01 5.155000e+01 -1.300000e+00
    endloop
  endfacet
  facet normal -0.000000e+00 0.000000e+00 -1.000000e+00
    outer loop
      vertex   1.885000e+01 5.327000e+01 -1.300000e+00
      vertex   1.821000e+01 5.155000e+01 -1.300000e+00
      vertex   1.821000e+01 5.327000e+01 -1.300000e+00
    endloop
  endfacet
  facet normal 0.000000e+00 -0.000000e+00 -1.000000e+00
    outer loop
      vertex   1.821000e+01 5.327000e+01 -1.300000e+00
      vertex   1.821000e+01 5.155000e+01 -1.300000e+00
      vertex   1.631000e+01 5.155000e+01 -1.300000e+00
    endloop
  endfacet
  facet normal -0.000000e+00 0.000000e+00 -1.000000e+00
    outer loop
      vertex   1.821000e+01 5.327000e+01 -1.300000e+00
      vertex   1.631000e+01 5.155000e+01 -1.300000e+00
      vertex   1.631000e+01 5.327000e+01 -1.300000e+00
    endloop
  endfacet
  facet normal 0.000000e+00 -0.000000e+00 -1.000000e+00
    outer loop
      vertex   1.631000e+01 5.327000e+01 -1.300000e+00
      vertex   1.631000e+01 5.155000e+01 -1.300000e+00
      vertex   1.567000e+01 5.155000e+01 -1.300000e+00
    endloop
  endfacet
  facet normal -0.000000e+00 0.000000e+00 -1.000000e+00
    outer loop
      vertex   1.631000e+01 5.327000e+01 -1.300000e+00
      vertex   1.567000e+01 5.155000e+01 -1.300000e+00
      vertex   1.567000e+01 5.327000e+01 -1.300000e+00
    endloop
  endfacet
  facet normal 0.000000e+00 -0.000000e+00 -1.000000e+00
    outer loop
      vertex   1.567000e+01 5.327000e+01 -1.300000e+00
      vertex   1.567000e+01 5.155000e+01 -1.300000e+00
      vertex   1.377000e+01 5.155000e+01 -1.300000e+00
    endloop
  endfacet
  facet normal -0.000000e+00 0.000000e+00 -1.000000e+00
    outer loop
      vertex   1.567000e+01 5.327000e+01 -1.300000e+00
      vertex   1.377000e+01 5.155000e+01 -1.300000e+00
      vertex   1.377000e+01 5.327000e+01 -1.300000e+00
    endloop
  endfacet
  facet normal 0.000000e+00 -0.000000e+00 -1.000000e+00
    outer loop
      vertex   1.377000e+01 5.327000e+01 -1.300000e+00
      vertex   1.377000e+01 5.155000e+01 -1.300000e+00
      vertex   1.313000e+01 5.155000e+01 -1.300000e+00
    endloop
  endfacet
  facet normal -0.000000e+00 0.000000e+00 -1.000000e+00
    outer loop
      vertex   1.377000e+01 5.327000e+01 -1.300000e+00
      vertex   1.313000e+01 5.155000e+01 -1.300000e+00
      vertex   1.313000e+01 5.327000e+01 -1.300000e+00
    endloop
  endfacet
  facet normal 0.000000e+00 -0.000000e+00 -1.000000e+00
    outer loop
      vertex   1.313000e+01 5.327000e+01 -1.300000e+00
      vertex   1.313000e+01 5.155000e+01 -1.300000e+00
      vertex   1.123000e+01 5.155000e+01 -1.300000e+00
    endloop
  endfacet
  facet normal -0.000000e+00 0.000000e+00 -1.000000e+00
    outer loop
      vertex   1.313000e+01 5.327000e+01 -1.300000e+00
      vertex   1.123000e+01 5.155000e+01 -1.300000e+00
      vertex   1.123000e+01 5.327000e+01 -1.300000e+00
    endloop
  endfacet
  facet normal 0.000000e+00 -0.000000e+00 -1.000000e+00
    outer loop
      vertex   1.123000e+01 5.327000e+01 -1.300000e+00
      vertex   1.123000e+01 5.155000e+01 -1.300000e+00
      vertex   1.059000e+01 5.155000e+01 -1.300000e+00
    endloop
  endfacet
  facet normal -0.000000e+00 0.000000e+00 -1.000000e+00
    outer loop
      vertex   1.123000e+01 5.327000e+01 -1.300000e+00
      vertex   1.059000e+01 5.155000e+01 -1.300000e+00
      vertex   1.059000e+01 5.327000e+01 -1.300000e+00
    endloop
  endfacet
  facet normal 0.000000e+00 0.000000e+00 -1.000000e+00
    outer loop
      vertex   3.663000e+01 5.155000e+01 -1.300000e+00
      vertex   3.853000e+01 5.155000e+01 -1.300000e+00
      vertex   3.663000e+01 5.091000e+01 -1.300000e+00
    endloop
  endfacet
  facet normal 0.000000e+00 0.000000e+00 -1.000000e+00
    outer loop
      vertex   3.663000e+01 5.091000e+01 -1.300000e+00
      vertex   3.853000e+01 5.155000e+01 -1.300000e+00
      vertex   3.853000e+01 5.091000e+01 -1.300000e+00
    endloop
  endfacet
  facet normal 0.000000e+00 0.000000e+00 -1.000000e+00
    outer loop
      vertex   3.663000e+01 5.091000e+01 -1.300000e+00
      vertex   3.853000e+01 5.091000e+01 -1.300000e+00
      vertex   3.763510e+01 3.969670e+01 -1.300000e+00
    endloop
  endfacet
  facet normal 0.000000e+00 0.000000e+00 -1.000000e+00
    outer loop
      vertex   3.763510e+01 3.969670e+01 -1.300000e+00
      vertex   3.853000e+01 5.091000e+01 -1.300000e+00
      vertex   3.917000e+01 5.091000e+01 -1.300000e+00
    endloop
  endfacet
  facet normal 0.000000e+00 0.000000e+00 -1.000000e+00
    outer loop
      vertex   2.647000e+01 5.155000e+01 -1.300000e+00
      vertex   2.837000e+01 5.155000e+01 -1.300000e+00
      vertex   2.647000e+01 5.091000e+01 -1.300000e+00
    endloop
  endfacet
  facet normal 0.000000e+00 0.000000e+00 -1.000000e+00
    outer loop
      vertex   2.647000e+01 5.091000e+01 -1.300000e+00
      vertex   2.837000e+01 5.155000e+01 -1.300000e+00
      vertex   2.837000e+01 5.091000e+01 -1.300000e+00
    endloop
  endfacet
  facet normal 0.000000e+00 0.000000e+00 -1.000000e+00
    outer loop
      vertex   2.647000e+01 5.091000e+01 -1.300000e+00
      vertex   2.837000e+01 5.091000e+01 -1.300000e+00
      vertex   3.763510e+01 3.969670e+01 -1.300000e+00
    endloop
  endfacet
  facet normal 0.000000e+00 0.000000e+00 -1.000000e+00
    outer loop
      vertex   3.763510e+01 3.969670e+01 -1.300000e+00
      vertex   2.837000e+01 5.091000e+01 -1.300000e+00
      vertex   2.901000e+01 5.091000e+01 -1.300000e+00
    endloop
  endfacet
  facet normal 0.000000e+00 0.000000e+00 -1.000000e+00
    outer loop
      vertex   3.763510e+01 3.969670e+01 -1.300000e+00
      vertex   2.901000e+01 5.091000e+01 -1.300000e+00
      vertex   3.091000e+01 5.091000e+01 -1.300000e+00
    endloop
  endfacet
  facet normal 0.000000e+00 0.000000e+00 -1.000000e+00
    outer loop
      vertex   3.091000e+01 5.091000e+01 -1.300000e+00
      vertex   2.901000e+01 5.091000e+01 -1.300000e+00
      vertex   3.091000e+01 5.155000e+01 -1.300000e+00
    endloop
  endfacet
  facet normal -0.000000e+00 0.000000e+00 -1.000000e+00
    outer loop
      vertex   3.091000e+01 5.155000e+01 -1.300000e+00
      vertex   2.901000e+01 5.091000e+01 -1.300000e+00
      vertex   2.901000e+01 5.155000e+01 -1.300000e+00
    endloop
  endfacet
  facet normal 0.000000e+00 0.000000e+00 -1.000000e+00
    outer loop
      vertex   1.631000e+01 5.155000e+01 -1.300000e+00
      vertex   1.821000e+01 5.155000e+01 -1.300000e+00
      vertex   1.631000e+01 5.091000e+01 -1.300000e+00
    endloop
  endfacet
  facet normal 0.000000e+00 0.000000e+00 -1.000000e+00
    outer loop
      vertex   1.631000e+01 5.091000e+01 -1.300000e+00
      vertex   1.821000e+01 5.155000e+01 -1.300000e+00
      vertex   1.821000e+01 5.091000e+01 -1.300000e+00
    endloop
  endfacet
  facet normal 0.000000e+00 -0.000000e+00 -1.000000e+00
    outer loop
      vertex   1.631000e+01 5.091000e+01 -1.300000e+00
      vertex   1.821000e+01 5.091000e+01 -1.300000e+00
      vertex   1.307766e+01 3.422173e+01 -1.300000e+00
    endloop
  endfacet
  facet normal 0.000000e+00 0.000000e+00 -1.000000e+00
    outer loop
      vertex   1.307766e+01 3.422173e+01 -1.300000e+00
      vertex   1.821000e+01 5.091000e+01 -1.300000e+00
      vertex   1.885000e+01 5.091000e+01 -1.300000e+00
    endloop
  endfacet
  facet normal 0.000000e+00 0.000000e+00 -1.000000e+00
    outer loop
      vertex   1.307766e+01 3.422173e+01 -1.300000e+00
      vertex   1.885000e+01 5.091000e+01 -1.300000e+00
      vertex   2.075000e+01 5.091000e+01 -1.300000e+00
    endloop
  endfacet
  facet normal 0.000000e+00 0.000000e+00 -1.000000e+00
    outer loop
      vertex   2.075000e+01 5.091000e+01 -1.300000e+00
      vertex   1.885000e+01 5.091000e+01 -1.300000e+00
      vertex   2.075000e+01 5.155000e+01 -1.300000e+00
    endloop
  endfacet
  facet normal -0.000000e+00 0.000000e+00 -1.000000e+00
    outer loop
      vertex   2.075000e+01 5.155000e+01 -1.300000e+00
      vertex   1.885000e+01 5.091000e+01 -1.300000e+00
      vertex   1.885000e+01 5.155000e+01 -1.300000e+00
    endloop
  endfacet
  facet normal 0.000000e+00 0.000000e+00 -1.000000e+00
    outer loop
      vertex   2.837000e+01 5.391000e+01 -1.300000e+00
      vertex   3.000000e+00 5.600000e+01 -1.300000e+00
      vertex   2.901000e+01 5.391000e+01 -1.300000e+00
    endloop
  endfacet
  facet normal 0.000000e+00 0.000000e+00 -1.000000e+00
    outer loop
      vertex   2.901000e+01 5.391000e+01 -1.300000e+00
      vertex   3.000000e+00 5.600000e+01 -1.300000e+00
      vertex   3.091000e+01 5.391000e+01 -1.300000e+00
    endloop
  endfacet
  facet normal 0.000000e+00 0.000000e+00 -1.000000e+00
    outer loop
      vertex   2.901000e+01 5.391000e+01 -1.300000e+00
      vertex   3.091000e+01 5.391000e+01 -1.300000e+00
      vertex   2.901000e+01 5.327000e+01 -1.300000e+00
    endloop
  endfacet
  facet normal 0.000000e+00 0.000000e+00 -1.000000e+00
    outer loop
      vertex   2.901000e+01 5.327000e+01 -1.300000e+00
      vertex   3.091000e+01 5.391000e+01 -1.300000e+00
      vertex   3.091000e+01 5.327000e+01 -1.300000e+00
    endloop
  endfacet
  facet normal 0.000000e+00 0.000000e+00 -1.000000e+00
    outer loop
      vertex   2.837000e+01 5.327000e+01 -1.300000e+00
      vertex   2.647000e+01 5.327000e+01 -1.300000e+00
      vertex   2.837000e+01 5.391000e+01 -1.300000e+00
    endloop
  endfacet
  facet normal -0.000000e+00 0.000000e+00 -1.000000e+00
    outer loop
      vertex   2.837000e+01 5.391000e+01 -1.300000e+00
      vertex   2.647000e+01 5.327000e+01 -1.300000e+00
      vertex   2.647000e+01 5.391000e+01 -1.300000e+00
    endloop
  endfacet
  facet normal 0.000000e+00 0.000000e+00 -1.000000e+00
    outer loop
      vertex   2.837000e+01 5.391000e+01 -1.300000e+00
      vertex   2.647000e+01 5.391000e+01 -1.300000e+00
      vertex   3.000000e+00 5.600000e+01 -1.300000e+00
    endloop
  endfacet
  facet normal 0.000000e+00 0.000000e+00 -1.000000e+00
    outer loop
      vertex   3.000000e+00 5.600000e+01 -1.300000e+00
      vertex   2.647000e+01 5.391000e+01 -1.300000e+00
      vertex   2.583000e+01 5.391000e+01 -1.300000e+00
    endloop
  endfacet
  facet normal 0.000000e+00 0.000000e+00 -1.000000e+00
    outer loop
      vertex   3.000000e+00 5.600000e+01 -1.300000e+00
      vertex   2.583000e+01 5.391000e+01 -1.300000e+00
      vertex   2.393000e+01 5.391000e+01 -1.300000e+00
    endloop
  endfacet
  facet normal 0.000000e+00 0.000000e+00 -1.000000e+00
    outer loop
      vertex   2.393000e+01 5.391000e+01 -1.300000e+00
      vertex   2.583000e+01 5.391000e+01 -1.300000e+00
      vertex   2.393000e+01 5.327000e+01 -1.300000e+00
    endloop
  endfacet
  facet normal 0.000000e+00 0.000000e+00 -1.000000e+00
    outer loop
      vertex   2.393000e+01 5.327000e+01 -1.300000e+00
      vertex   2.583000e+01 5.391000e+01 -1.300000e+00
      vertex   2.583000e+01 5.327000e+01 -1.300000e+00
    endloop
  endfacet
  facet normal 0.000000e+00 0.000000e+00 -1.000000e+00
    outer loop
      vertex   1.821000e+01 5.391000e+01 -1.300000e+00
      vertex   3.000000e+00 5.600000e+01 -1.300000e+00
      vertex   1.885000e+01 5.391000e+01 -1.300000e+00
    endloop
  endfacet
  facet normal 0.000000e+00 0.000000e+00 -1.000000e+00
    outer loop
      vertex   1.885000e+01 5.391000e+01 -1.300000e+00
      vertex   3.000000e+00 5.600000e+01 -1.300000e+00
      vertex   2.075000e+01 5.391000e+01 -1.300000e+00
    endloop
  endfacet
  facet normal 0.000000e+00 0.000000e+00 -1.000000e+00
    outer loop
      vertex   1.885000e+01 5.391000e+01 -1.300000e+00
      vertex   2.075000e+01 5.391000e+01 -1.300000e+00
      vertex   1.885000e+01 5.327000e+01 -1.300000e+00
    endloop
  endfacet
  facet normal 0.000000e+00 0.000000e+00 -1.000000e+00
    outer loop
      vertex   1.885000e+01 5.327000e+01 -1.300000e+00
      vertex   2.075000e+01 5.391000e+01 -1.300000e+00
      vertex   2.075000e+01 5.327000e+01 -1.300000e+00
    endloop
  endfacet
  facet normal 0.000000e+00 0.000000e+00 -1.000000e+00
    outer loop
      vertex   1.821000e+01 5.327000e+01 -1.300000e+00
      vertex   1.631000e+01 5.327000e+01 -1.300000e+00
      vertex   1.821000e+01 5.391000e+01 -1.300000e+00
    endloop
  endfacet
  facet normal -0.000000e+00 0.000000e+00 -1.000000e+00
    outer loop
      vertex   1.821000e+01 5.391000e+01 -1.300000e+00
      vertex   1.631000e+01 5.327000e+01 -1.300000e+00
      vertex   1.631000e+01 5.391000e+01 -1.300000e+00
    endloop
  endfacet
  facet normal 0.000000e+00 0.000000e+00 -1.000000e+00
    outer loop
      vertex   1.821000e+01 5.391000e+01 -1.300000e+00
      vertex   1.631000e+01 5.391000e+01 -1.300000e+00
      vertex   3.000000e+00 5.600000e+01 -1.300000e+00
    endloop
  endfacet
  facet normal 0.000000e+00 0.000000e+00 -1.000000e+00
    outer loop
      vertex   3.000000e+00 5.600000e+01 -1.300000e+00
      vertex   1.631000e+01 5.391000e+01 -1.300000e+00
      vertex   1.567000e+01 5.391000e+01 -1.300000e+00
    endloop
  endfacet
  facet normal 0.000000e+00 0.000000e+00 -1.000000e+00
    outer loop
      vertex   3.000000e+00 5.600000e+01 -1.300000e+00
      vertex   1.567000e+01 5.391000e+01 -1.300000e+00
      vertex   1.377000e+01 5.391000e+01 -1.300000e+00
    endloop
  endfacet
  facet normal 0.000000e+00 0.000000e+00 -1.000000e+00
    outer loop
      vertex   1.377000e+01 5.391000e+01 -1.300000e+00
      vertex   1.567000e+01 5.391000e+01 -1.300000e+00
      vertex   1.377000e+01 5.327000e+01 -1.300000e+00
    endloop
  endfacet
  facet normal 0.000000e+00 0.000000e+00 -1.000000e+00
    outer loop
      vertex   1.377000e+01 5.327000e+01 -1.300000e+00
      vertex   1.567000e+01 5.391000e+01 -1.300000e+00
      vertex   1.567000e+01 5.327000e+01 -1.300000e+00
    endloop
  endfacet
  facet normal 0.000000e+00 0.000000e+00 -1.000000e+00
    outer loop
      vertex   1.059000e+01 5.391000e+01 -1.300000e+00
      vertex   3.000000e+00 5.600000e+01 -1.300000e+00
      vertex   1.123000e+01 5.391000e+01 -1.300000e+00
    endloop
  endfacet
  facet normal 0.000000e+00 0.000000e+00 -1.000000e+00
    outer loop
      vertex   1.123000e+01 5.391000e+01 -1.300000e+00
      vertex   3.000000e+00 5.600000e+01 -1.300000e+00
      vertex   1.313000e+01 5.391000e+01 -1.300000e+00
    endloop
  endfacet
  facet normal 0.000000e+00 0.000000e+00 -1.000000e+00
    outer loop
      vertex   1.123000e+01 5.391000e+01 -1.300000e+00
      vertex   1.313000e+01 5.391000e+01 -1.300000e+00
      vertex   1.123000e+01 5.327000e+01 -1.300000e+00
    endloop
  endfacet
  facet normal 0.000000e+00 0.000000e+00 -1.000000e+00
    outer loop
      vertex   1.123000e+01 5.327000e+01 -1.300000e+00
      vertex   1.313000e+01 5.391000e+01 -1.300000e+00
      vertex   1.313000e+01 5.327000e+01 -1.300000e+00
    endloop
  endfacet
  facet normal 0.000000e+00 0.000000e+00 -1.000000e+00
    outer loop
      vertex   8.690000e+00 5.155000e+01 -1.300000e+00
      vertex   8.050000e+00 5.155000e+01 -1.300000e+00
      vertex   8.690000e+00 5.327000e+01 -1.300000e+00
    endloop
  endfacet
  facet normal -0.000000e+00 0.000000e+00 -1.000000e+00
    outer loop
      vertex   8.690000e+00 5.327000e+01 -1.300000e+00
      vertex   8.050000e+00 5.155000e+01 -1.300000e+00
      vertex   8.050000e+00 5.327000e+01 -1.300000e+00
    endloop
  endfacet
  facet normal 0.000000e+00 0.000000e+00 -1.000000e+00
    outer loop
      vertex   1.123000e+01 5.155000e+01 -1.300000e+00
      vertex   1.313000e+01 5.155000e+01 -1.300000e+00
      vertex   1.123000e+01 5.091000e+01 -1.300000e+00
    endloop
  endfacet
  facet normal 0.000000e+00 0.000000e+00 -1.000000e+00
    outer loop
      vertex   1.123000e+01 5.091000e+01 -1.300000e+00
      vertex   1.313000e+01 5.155000e+01 -1.300000e+00
      vertex   1.313000e+01 5.091000e+01 -1.300000e+00
    endloop
  endfacet
  facet normal 0.000000e+00 0.000000e+00 -1.000000e+00
    outer loop
      vertex   1.123000e+01 5.091000e+01 -1.300000e+00
      vertex   1.313000e+01 5.091000e+01 -1.300000e+00
      vertex   1.307766e+01 3.422173e+01 -1.300000e+00
    endloop
  endfacet
  facet normal 0.000000e+00 0.000000e+00 -1.000000e+00
    outer loop
      vertex   1.307766e+01 3.422173e+01 -1.300000e+00
      vertex   1.313000e+01 5.091000e+01 -1.300000e+00
      vertex   1.377000e+01 5.091000e+01 -1.300000e+00
    endloop
  endfacet
  facet normal 0.000000e+00 0.000000e+00 -1.000000e+00
    outer loop
      vertex   1.307766e+01 3.422173e+01 -1.300000e+00
      vertex   1.377000e+01 5.091000e+01 -1.300000e+00
      vertex   1.567000e+01 5.091000e+01 -1.300000e+00
    endloop
  endfacet
  facet normal 0.000000e+00 0.000000e+00 -1.000000e+00
    outer loop
      vertex   1.567000e+01 5.091000e+01 -1.300000e+00
      vertex   1.377000e+01 5.091000e+01 -1.300000e+00
      vertex   1.567000e+01 5.155000e+01 -1.300000e+00
    endloop
  endfacet
  facet normal -0.000000e+00 0.000000e+00 -1.000000e+00
    outer loop
      vertex   1.567000e+01 5.155000e+01 -1.300000e+00
      vertex   1.377000e+01 5.091000e+01 -1.300000e+00
      vertex   1.377000e+01 5.155000e+01 -1.300000e+00
    endloop
  endfacet
  facet normal 0.000000e+00 0.000000e+00 -1.000000e+00
    outer loop
      vertex   2.075000e+01 5.391000e+01 -1.300000e+00
      vertex   3.000000e+00 5.600000e+01 -1.300000e+00
      vertex   2.139000e+01 5.391000e+01 -1.300000e+00
    endloop
  endfacet
  facet normal 0.000000e+00 0.000000e+00 -1.000000e+00
    outer loop
      vertex   2.139000e+01 5.391000e+01 -1.300000e+00
      vertex   3.000000e+00 5.600000e+01 -1.300000e+00
      vertex   2.329000e+01 5.391000e+01 -1.300000e+00
    endloop
  endfacet
  facet normal 0.000000e+00 0.000000e+00 -1.000000e+00
    outer loop
      vertex   2.139000e+01 5.391000e+01 -1.300000e+00
      vertex   2.329000e+01 5.391000e+01 -1.300000e+00
      vertex   2.139000e+01 5.327000e+01 -1.300000e+00
    endloop
  endfacet
  facet normal 0.000000e+00 0.000000e+00 -1.000000e+00
    outer loop
      vertex   2.139000e+01 5.327000e+01 -1.300000e+00
      vertex   2.329000e+01 5.391000e+01 -1.300000e+00
      vertex   2.329000e+01 5.327000e+01 -1.300000e+00
    endloop
  endfacet
  facet normal 0.000000e+00 0.000000e+00 -1.000000e+00
    outer loop
      vertex   3.091000e+01 5.391000e+01 -1.300000e+00
      vertex   3.000000e+00 5.600000e+01 -1.300000e+00
      vertex   3.155000e+01 5.391000e+01 -1.300000e+00
    endloop
  endfacet
  facet normal 0.000000e+00 0.000000e+00 -1.000000e+00
    outer loop
      vertex   3.155000e+01 5.391000e+01 -1.300000e+00
      vertex   3.000000e+00 5.600000e+01 -1.300000e+00
      vertex   3.345000e+01 5.391000e+01 -1.300000e+00
    endloop
  endfacet
  facet normal 0.000000e+00 0.000000e+00 -1.000000e+00
    outer loop
      vertex   3.155000e+01 5.391000e+01 -1.300000e+00
      vertex   3.345000e+01 5.391000e+01 -1.300000e+00
      vertex   3.155000e+01 5.327000e+01 -1.300000e+00
    endloop
  endfacet
  facet normal 0.000000e+00 0.000000e+00 -1.000000e+00
    outer loop
      vertex   3.155000e+01 5.327000e+01 -1.300000e+00
      vertex   3.345000e+01 5.391000e+01 -1.300000e+00
      vertex   3.345000e+01 5.327000e+01 -1.300000e+00
    endloop
  endfacet
  facet normal 0.000000e+00 -0.000000e+00 -1.000000e+00
    outer loop
      vertex   2.075000e+01 5.091000e+01 -1.300000e+00
      vertex   2.139000e+01 5.091000e+01 -1.300000e+00
      vertex   1.307766e+01 3.422173e+01 -1.300000e+00
    endloop
  endfacet
  facet normal 0.000000e+00 0.000000e+00 -1.000000e+00
    outer loop
      vertex   1.307766e+01 3.422173e+01 -1.300000e+00
      vertex   2.139000e+01 5.091000e+01 -1.300000e+00
      vertex   2.329000e+01 5.091000e+01 -1.300000e+00
    endloop
  endfacet
  facet normal 0.000000e+00 0.000000e+00 -1.000000e+00
    outer loop
      vertex   2.329000e+01 5.091000e+01 -1.300000e+00
      vertex   2.139000e+01 5.091000e+01 -1.300000e+00
      vertex   2.329000e+01 5.155000e+01 -1.300000e+00
    endloop
  endfacet
  facet normal -0.000000e+00 0.000000e+00 -1.000000e+00
    outer loop
      vertex   2.329000e+01 5.155000e+01 -1.300000e+00
      vertex   2.139000e+01 5.091000e+01 -1.300000e+00
      vertex   2.139000e+01 5.155000e+01 -1.300000e+00
    endloop
  endfacet
  facet normal 0.000000e+00 0.000000e+00 -1.000000e+00
    outer loop
      vertex   3.091000e+01 5.091000e+01 -1.300000e+00
      vertex   3.155000e+01 5.091000e+01 -1.300000e+00
      vertex   3.763510e+01 3.969670e+01 -1.300000e+00
    endloop
  endfacet
  facet normal 0.000000e+00 0.000000e+00 -1.000000e+00
    outer loop
      vertex   3.763510e+01 3.969670e+01 -1.300000e+00
      vertex   3.155000e+01 5.091000e+01 -1.300000e+00
      vertex   3.345000e+01 5.091000e+01 -1.300000e+00
    endloop
  endfacet
  facet normal 0.000000e+00 0.000000e+00 -1.000000e+00
    outer loop
      vertex   3.763510e+01 3.969670e+01 -1.300000e+00
      vertex   3.345000e+01 5.091000e+01 -1.300000e+00
      vertex   3.409000e+01 5.091000e+01 -1.300000e+00
    endloop
  endfacet
  facet normal 0.000000e+00 0.000000e+00 -1.000000e+00
    outer loop
      vertex   3.345000e+01 5.091000e+01 -1.300000e+00
      vertex   3.155000e+01 5.091000e+01 -1.300000e+00
      vertex   3.345000e+01 5.155000e+01 -1.300000e+00
    endloop
  endfacet
  facet normal -0.000000e+00 0.000000e+00 -1.000000e+00
    outer loop
      vertex   3.345000e+01 5.155000e+01 -1.300000e+00
      vertex   3.155000e+01 5.091000e+01 -1.300000e+00
      vertex   3.155000e+01 5.155000e+01 -1.300000e+00
    endloop
  endfacet
  facet normal 0.000000e+00 0.000000e+00 -1.000000e+00
    outer loop
      vertex   4.361000e+01 5.327000e+01 -1.300000e+00
      vertex   4.425000e+01 5.327000e+01 -1.300000e+00
      vertex   4.361000e+01 5.155000e+01 -1.300000e+00
    endloop
  endfacet
  facet normal 0.000000e+00 0.000000e+00 -1.000000e+00
    outer loop
      vertex   4.361000e+01 5.155000e+01 -1.300000e+00
      vertex   4.425000e+01 5.327000e+01 -1.300000e+00
      vertex   4.425000e+01 5.155000e+01 -1.300000e+00
    endloop
  endfacet
  facet normal 0.000000e+00 0.000000e+00 -1.000000e+00
    outer loop
      vertex   5.377000e+01 5.391000e+01 -1.300000e+00
      vertex   8.200000e+01 5.600000e+01 -1.300000e+00
      vertex   5.441000e+01 5.391000e+01 -1.300000e+00
    endloop
  endfacet
  facet normal 0.000000e+00 0.000000e+00 -1.000000e+00
    outer loop
      vertex   5.441000e+01 5.391000e+01 -1.300000e+00
      vertex   8.200000e+01 5.600000e+01 -1.300000e+00
      vertex   5.631000e+01 5.391000e+01 -1.300000e+00
    endloop
  endfacet
  facet normal 0.000000e+00 0.000000e+00 -1.000000e+00
    outer loop
      vertex   5.441000e+01 5.391000e+01 -1.300000e+00
      vertex   5.631000e+01 5.391000e+01 -1.300000e+00
      vertex   5.441000e+01 5.327000e+01 -1.300000e+00
    endloop
  endfacet
  facet normal 0.000000e+00 0.000000e+00 -1.000000e+00
    outer loop
      vertex   5.441000e+01 5.327000e+01 -1.300000e+00
      vertex   5.631000e+01 5.391000e+01 -1.300000e+00
      vertex   5.631000e+01 5.327000e+01 -1.300000e+00
    endloop
  endfacet
  facet normal 0.000000e+00 0.000000e+00 -1.000000e+00
    outer loop
      vertex   4.933000e+01 5.155000e+01 -1.300000e+00
      vertex   5.123000e+01 5.155000e+01 -1.300000e+00
      vertex   4.933000e+01 5.091000e+01 -1.300000e+00
    endloop
  endfacet
  facet normal 0.000000e+00 0.000000e+00 -1.000000e+00
    outer loop
      vertex   4.933000e+01 5.091000e+01 -1.300000e+00
      vertex   5.123000e+01 5.155000e+01 -1.300000e+00
      vertex   5.123000e+01 5.091000e+01 -1.300000e+00
    endloop
  endfacet
  facet normal 0.000000e+00 0.000000e+00 -1.000000e+00
    outer loop
      vertex   4.933000e+01 5.091000e+01 -1.300000e+00
      vertex   5.123000e+01 5.091000e+01 -1.300000e+00
      vertex   4.967563e+01 3.969670e+01 -1.300000e+00
    endloop
  endfacet
  facet normal 0.000000e+00 0.000000e+00 -1.000000e+00
    outer loop
      vertex   4.967563e+01 3.969670e+01 -1.300000e+00
      vertex   5.123000e+01 5.091000e+01 -1.300000e+00
      vertex   5.187000e+01 5.091000e+01 -1.300000e+00
    endloop
  endfacet
  facet normal 0.000000e+00 0.000000e+00 -1.000000e+00
    outer loop
      vertex   4.967563e+01 3.969670e+01 -1.300000e+00
      vertex   5.187000e+01 5.091000e+01 -1.300000e+00
      vertex   5.377000e+01 5.091000e+01 -1.300000e+00
    endloop
  endfacet
  facet normal 0.000000e+00 0.000000e+00 -1.000000e+00
    outer loop
      vertex   5.377000e+01 5.091000e+01 -1.300000e+00
      vertex   5.187000e+01 5.091000e+01 -1.300000e+00
      vertex   5.377000e+01 5.155000e+01 -1.300000e+00
    endloop
  endfacet
  facet normal -0.000000e+00 0.000000e+00 -1.000000e+00
    outer loop
      vertex   5.377000e+01 5.155000e+01 -1.300000e+00
      vertex   5.187000e+01 5.091000e+01 -1.300000e+00
      vertex   5.187000e+01 5.155000e+01 -1.300000e+00
    endloop
  endfacet
  facet normal 0.000000e+00 -0.000000e+00 -1.000000e+00
    outer loop
      vertex   5.377000e+01 5.091000e+01 -1.300000e+00
      vertex   5.441000e+01 5.091000e+01 -1.300000e+00
      vertex   4.967563e+01 3.969670e+01 -1.300000e+00
    endloop
  endfacet
  facet normal 0.000000e+00 0.000000e+00 -1.000000e+00
    outer loop
      vertex   3.917000e+01 5.391000e+01 -1.300000e+00
      vertex   3.853000e+01 5.391000e+01 -1.300000e+00
      vertex   3.000000e+00 5.600000e+01 -1.300000e+00
    endloop
  endfacet
  facet normal 0.000000e+00 0.000000e+00 -1.000000e+00
    outer loop
      vertex   3.000000e+00 5.600000e+01 -1.300000e+00
      vertex   3.853000e+01 5.391000e+01 -1.300000e+00
      vertex   3.663000e+01 5.391000e+01 -1.300000e+00
    endloop
  endfacet
  facet normal 0.000000e+00 0.000000e+00 -1.000000e+00
    outer loop
      vertex   3.000000e+00 5.600000e+01 -1.300000e+00
      vertex   3.663000e+01 5.391000e+01 -1.300000e+00
      vertex   3.599000e+01 5.391000e+01 -1.300000e+00
    endloop
  endfacet
  facet normal 0.000000e+00 0.000000e+00 -1.000000e+00
    outer loop
      vertex   3.663000e+01 5.391000e+01 -1.300000e+00
      vertex   3.853000e+01 5.391000e+01 -1.300000e+00
      vertex   3.663000e+01 5.327000e+01 -1.300000e+00
    endloop
  endfacet
  facet normal 0.000000e+00 0.000000e+00 -1.000000e+00
    outer loop
      vertex   3.663000e+01 5.327000e+01 -1.300000e+00
      vertex   3.853000e+01 5.391000e+01 -1.300000e+00
      vertex   3.853000e+01 5.327000e+01 -1.300000e+00
    endloop
  endfacet
  facet normal 0.000000e+00 0.000000e+00 -1.000000e+00
    outer loop
      vertex   3.409000e+01 5.155000e+01 -1.300000e+00
      vertex   3.599000e+01 5.155000e+01 -1.300000e+00
      vertex   3.409000e+01 5.091000e+01 -1.300000e+00
    endloop
  endfacet
  facet normal 0.000000e+00 0.000000e+00 -1.000000e+00
    outer loop
      vertex   3.409000e+01 5.091000e+01 -1.300000e+00
      vertex   3.599000e+01 5.155000e+01 -1.300000e+00
      vertex   3.599000e+01 5.091000e+01 -1.300000e+00
    endloop
  endfacet
  facet normal 0.000000e+00 0.000000e+00 -1.000000e+00
    outer loop
      vertex   3.409000e+01 5.091000e+01 -1.300000e+00
      vertex   3.599000e+01 5.091000e+01 -1.300000e+00
      vertex   3.763510e+01 3.969670e+01 -1.300000e+00
    endloop
  endfacet
  facet normal 0.000000e+00 0.000000e+00 -1.000000e+00
    outer loop
      vertex   3.763510e+01 3.969670e+01 -1.300000e+00
      vertex   3.599000e+01 5.091000e+01 -1.300000e+00
      vertex   3.663000e+01 5.091000e+01 -1.300000e+00
    endloop
  endfacet
  facet normal 0.000000e+00 0.000000e+00 -1.000000e+00
    outer loop
      vertex   2.393000e+01 5.155000e+01 -1.300000e+00
      vertex   2.583000e+01 5.155000e+01 -1.300000e+00
      vertex   2.393000e+01 5.091000e+01 -1.300000e+00
    endloop
  endfacet
  facet normal 0.000000e+00 0.000000e+00 -1.000000e+00
    outer loop
      vertex   2.393000e+01 5.091000e+01 -1.300000e+00
      vertex   2.583000e+01 5.155000e+01 -1.300000e+00
      vertex   2.583000e+01 5.091000e+01 -1.300000e+00
    endloop
  endfacet
  facet normal 0.000000e+00 0.000000e+00 -1.000000e+00
    outer loop
      vertex   2.393000e+01 5.091000e+01 -1.300000e+00
      vertex   2.583000e+01 5.091000e+01 -1.300000e+00
      vertex   3.763510e+01 3.969670e+01 -1.300000e+00
    endloop
  endfacet
  facet normal 0.000000e+00 0.000000e+00 -1.000000e+00
    outer loop
      vertex   3.763510e+01 3.969670e+01 -1.300000e+00
      vertex   2.583000e+01 5.091000e+01 -1.300000e+00
      vertex   2.647000e+01 5.091000e+01 -1.300000e+00
    endloop
  endfacet
  facet normal 0.000000e+00 -0.000000e+00 -1.000000e+00
    outer loop
      vertex   1.567000e+01 5.091000e+01 -1.300000e+00
      vertex   1.631000e+01 5.091000e+01 -1.300000e+00
      vertex   1.307766e+01 3.422173e+01 -1.300000e+00
    endloop
  endfacet
  facet normal 0.000000e+00 0.000000e+00 -1.000000e+00
    outer loop
      vertex   1.059000e+01 5.091000e+01 -1.300000e+00
      vertex   1.123000e+01 5.091000e+01 -1.300000e+00
      vertex   1.307766e+01 3.422173e+01 -1.300000e+00
    endloop
  endfacet
  facet normal 0.000000e+00 0.000000e+00 -1.000000e+00
    outer loop
      vertex   1.377000e+01 5.391000e+01 -1.300000e+00
      vertex   1.313000e+01 5.391000e+01 -1.300000e+00
      vertex   3.000000e+00 5.600000e+01 -1.300000e+00
    endloop
  endfacet
  facet normal 0.000000e+00 0.000000e+00 -1.000000e+00
    outer loop
      vertex   2.393000e+01 5.391000e+01 -1.300000e+00
      vertex   2.329000e+01 5.391000e+01 -1.300000e+00
      vertex   3.000000e+00 5.600000e+01 -1.300000e+00
    endloop
  endfacet
  facet normal 0.000000e+00 0.000000e+00 -1.000000e+00
    outer loop
      vertex   3.345000e+01 5.391000e+01 -1.300000e+00
      vertex   3.000000e+00 5.600000e+01 -1.300000e+00
      vertex   3.409000e+01 5.391000e+01 -1.300000e+00
    endloop
  endfacet
  facet normal 0.000000e+00 0.000000e+00 -1.000000e+00
    outer loop
      vertex   3.409000e+01 5.391000e+01 -1.300000e+00
      vertex   3.000000e+00 5.600000e+01 -1.300000e+00
      vertex   3.599000e+01 5.391000e+01 -1.300000e+00
    endloop
  endfacet
  facet normal 0.000000e+00 0.000000e+00 -1.000000e+00
    outer loop
      vertex   3.409000e+01 5.391000e+01 -1.300000e+00
      vertex   3.599000e+01 5.391000e+01 -1.300000e+00
      vertex   3.409000e+01 5.327000e+01 -1.300000e+00
    endloop
  endfacet
  facet normal 0.000000e+00 0.000000e+00 -1.000000e+00
    outer loop
      vertex   3.409000e+01 5.327000e+01 -1.300000e+00
      vertex   3.599000e+01 5.391000e+01 -1.300000e+00
      vertex   3.599000e+01 5.327000e+01 -1.300000e+00
    endloop
  endfacet
  facet normal 0.000000e+00 0.000000e+00 -1.000000e+00
    outer loop
      vertex   4.679000e+01 5.391000e+01 -1.300000e+00
      vertex   4.615000e+01 5.391000e+01 -1.300000e+00
      vertex   8.200000e+01 5.600000e+01 -1.300000e+00
    endloop
  endfacet
  facet normal 0.000000e+00 0.000000e+00 -1.000000e+00
    outer loop
      vertex   5.695000e+01 5.391000e+01 -1.300000e+00
      vertex   5.631000e+01 5.391000e+01 -1.300000e+00
      vertex   8.200000e+01 5.600000e+01 -1.300000e+00
    endloop
  endfacet
  facet normal 0.000000e+00 0.000000e+00 -1.000000e+00
    outer loop
      vertex   6.184941e+01 5.119600e+01 -1.300000e+00
      vertex   6.217500e+01 5.133087e+01 -1.300000e+00
      vertex   8.500000e+01 5.300000e+01 -1.300000e+00
    endloop
  endfacet
  facet normal 0.000000e+00 0.000000e+00 -1.000000e+00
    outer loop
      vertex   8.500000e+01 5.300000e+01 -1.300000e+00
      vertex   6.217500e+01 5.133087e+01 -1.300000e+00
      vertex   6.245459e+01 5.154541e+01 -1.300000e+00
    endloop
  endfacet
  facet normal 0.000000e+00 0.000000e+00 -1.000000e+00
    outer loop
      vertex   8.500000e+01 5.300000e+01 -1.300000e+00
      vertex   6.245459e+01 5.154541e+01 -1.300000e+00
      vertex   6.266913e+01 5.182500e+01 -1.300000e+00
    endloop
  endfacet
  facet normal 0.000000e+00 0.000000e+00 -1.000000e+00
    outer loop
      vertex   6.266913e+01 5.182500e+01 -1.300000e+00
      vertex   6.280400e+01 5.215059e+01 -1.300000e+00
      vertex   8.500000e+01 5.300000e+01 -1.300000e+00
    endloop
  endfacet
  facet normal 0.000000e+00 -0.000000e+00 -1.000000e+00
    outer loop
      vertex   6.082500e+01 2.330866e+00 -1.300000e+00
      vertex   6.115059e+01 2.196000e+00 -1.300000e+00
      vertex   3.000000e+00 0.000000e+00 -1.300000e+00
    endloop
  endfacet
  facet normal 0.000000e+00 0.000000e+00 -1.000000e+00
    outer loop
      vertex   3.000000e+00 0.000000e+00 -1.300000e+00
      vertex   6.115059e+01 2.196000e+00 -1.300000e+00
      vertex   6.150000e+01 2.150000e+00 -1.300000e+00
    endloop
  endfacet
  facet normal 0.000000e+00 0.000000e+00 -1.000000e+00
    outer loop
      vertex   6.217500e+01 2.330866e+00 -1.300000e+00
      vertex   6.245459e+01 2.545406e+00 -1.300000e+00
      vertex   8.200000e+01 0.000000e+00 -1.300000e+00
    endloop
  endfacet
  facet normal 0.000000e+00 0.000000e+00 -1.000000e+00
    outer loop
      vertex   8.200000e+01 0.000000e+00 -1.300000e+00
      vertex   6.245459e+01 2.545406e+00 -1.300000e+00
      vertex   6.266913e+01 2.825000e+00 -1.300000e+00
    endloop
  endfacet
  facet normal 0.000000e+00 0.000000e+00 -1.000000e+00
    outer loop
      vertex   8.200000e+01 0.000000e+00 -1.300000e+00
      vertex   6.266913e+01 2.825000e+00 -1.300000e+00
      vertex   6.280400e+01 3.150594e+00 -1.300000e+00
    endloop
  endfacet
  facet normal 0.000000e+00 0.000000e+00 -1.000000e+00
    outer loop
      vertex   6.280400e+01 3.150594e+00 -1.300000e+00
      vertex   6.285000e+01 3.500000e+00 -1.300000e+00
      vertex   8.200000e+01 0.000000e+00 -1.300000e+00
    endloop
  endfacet
  facet normal 0.000000e+00 0.000000e+00 -1.000000e+00
    outer loop
      vertex   8.200000e+01 0.000000e+00 -1.300000e+00
      vertex   6.285000e+01 3.500000e+00 -1.300000e+00
      vertex   6.280400e+01 3.849406e+00 -1.300000e+00
    endloop
  endfacet
  facet normal 0.000000e+00 -0.000000e+00 -1.000000e+00
    outer loop
      vertex   3.849406e+00 2.196000e+00 -1.300000e+00
      vertex   4.175000e+00 2.330866e+00 -1.300000e+00
      vertex   3.000000e+00 0.000000e+00 -1.300000e+00
    endloop
  endfacet
  facet normal 0.000000e+00 0.000000e+00 -1.000000e+00
    outer loop
      vertex   3.000000e+00 0.000000e+00 -1.300000e+00
      vertex   4.175000e+00 2.330866e+00 -1.300000e+00
      vertex   4.454594e+00 2.545406e+00 -1.300000e+00
    endloop
  endfacet
  facet normal 0.000000e+00 0.000000e+00 -1.000000e+00
    outer loop
      vertex   3.000000e+00 0.000000e+00 -1.300000e+00
      vertex   4.454594e+00 2.545406e+00 -1.300000e+00
      vertex   4.669134e+00 2.825000e+00 -1.300000e+00
    endloop
  endfacet
endsolid
