ISO-10303-21;
HEADER;
/* Generated by software containing ST-Developer
 * from STEP Tools, Inc. (www.steptools.com) 
 */

FILE_DESCRIPTION(
/* description */ (''),
/* implementation_level */ '2;1');

FILE_NAME(
/* name */ 'RPi3B.step',
/* time_stamp */ '2025-11-28T19:04:12+09:00',
/* author */ (''),
/* organization */ (''),
/* preprocessor_version */ 'ST-DEVELOPER v20.1',
/* originating_system */ 'Autodesk Translation Framework v14.21.0.0',
/* authorisation */ '');

FILE_SCHEMA (('AUTOMOTIVE_DESIGN { 1 0 10303 214 3 1 1 }'));
ENDSEC;

DATA;
#10=MECHANICAL_DESIGN_GEOMETRIC_PRESENTATION_REPRESENTATION('',(#17),#14463);
#11=ITEM_DEFINED_TRANSFORMATION($,$,#9137,#9663);
#12=(
REPRESENTATION_RELATIONSHIP($,$,#14474,#14473)
REPRESENTATION_RELATIONSHIP_WITH_TRANSFORMATION(#11)
SHAPE_REPRESENTATION_RELATIONSHIP()
);
#13=CONTEXT_DEPENDENT_SHAPE_REPRESENTATION(#12,#14472);
#14=NEXT_ASSEMBLY_USAGE_OCCURRENCE('RPi3B one body:1',
'RPi3B one body:1','RPi3B one body:1',#14476,#14477,'RPi3B one body:1');
#15=SHAPE_REPRESENTATION_RELATIONSHIP('SRR','None',#14474,#16);
#16=ADVANCED_BREP_SHAPE_REPRESENTATION('',(#18),#14462);
#17=STYLED_ITEM('',(#14487),#18);
#18=MANIFOLD_SOLID_BREP('\X2\30DC30C730A3\X0\1',#9123);
#19=FACE_BOUND('',#1089,.T.);
#20=FACE_BOUND('',#1090,.T.);
#21=FACE_BOUND('',#1091,.T.);
#22=FACE_BOUND('',#1092,.T.);
#23=FACE_BOUND('',#1093,.T.);
#24=FACE_BOUND('',#1094,.T.);
#25=FACE_BOUND('',#1095,.T.);
#26=FACE_BOUND('',#1096,.T.);
#27=FACE_BOUND('',#1097,.T.);
#28=FACE_BOUND('',#1098,.T.);
#29=FACE_BOUND('',#1099,.T.);
#30=FACE_BOUND('',#1100,.T.);
#31=FACE_BOUND('',#1101,.T.);
#32=FACE_BOUND('',#1102,.T.);
#33=FACE_BOUND('',#1103,.T.);
#34=FACE_BOUND('',#1104,.T.);
#35=FACE_BOUND('',#1105,.T.);
#36=FACE_BOUND('',#1106,.T.);
#37=FACE_BOUND('',#1107,.T.);
#38=FACE_BOUND('',#1108,.T.);
#39=FACE_BOUND('',#1109,.T.);
#40=FACE_BOUND('',#1110,.T.);
#41=FACE_BOUND('',#1111,.T.);
#42=FACE_BOUND('',#1112,.T.);
#43=FACE_BOUND('',#1113,.T.);
#44=FACE_BOUND('',#1114,.T.);
#45=FACE_BOUND('',#1115,.T.);
#46=FACE_BOUND('',#1116,.T.);
#47=FACE_BOUND('',#1117,.T.);
#48=FACE_BOUND('',#1118,.T.);
#49=FACE_BOUND('',#1119,.T.);
#50=FACE_BOUND('',#1120,.T.);
#51=FACE_BOUND('',#1121,.T.);
#52=FACE_BOUND('',#1122,.T.);
#53=FACE_BOUND('',#1123,.T.);
#54=FACE_BOUND('',#1124,.T.);
#55=FACE_BOUND('',#1125,.T.);
#56=FACE_BOUND('',#1126,.T.);
#57=FACE_BOUND('',#1127,.T.);
#58=FACE_BOUND('',#1128,.T.);
#59=FACE_BOUND('',#1193,.T.);
#60=FACE_BOUND('',#1194,.T.);
#61=FACE_BOUND('',#1195,.T.);
#62=FACE_BOUND('',#1196,.T.);
#63=FACE_BOUND('',#1197,.T.);
#64=FACE_BOUND('',#1198,.T.);
#65=FACE_BOUND('',#1199,.T.);
#66=FACE_BOUND('',#1200,.T.);
#67=FACE_BOUND('',#1201,.T.);
#68=FACE_BOUND('',#1202,.T.);
#69=FACE_BOUND('',#1203,.T.);
#70=FACE_BOUND('',#1204,.T.);
#71=FACE_BOUND('',#1206,.T.);
#72=FACE_BOUND('',#1207,.T.);
#73=FACE_BOUND('',#1208,.T.);
#74=FACE_BOUND('',#1209,.T.);
#75=FACE_BOUND('',#1210,.T.);
#76=FACE_BOUND('',#1211,.T.);
#77=FACE_BOUND('',#1212,.T.);
#78=FACE_BOUND('',#1213,.T.);
#79=FACE_BOUND('',#1214,.T.);
#80=FACE_BOUND('',#1215,.T.);
#81=FACE_BOUND('',#1216,.T.);
#82=FACE_BOUND('',#1217,.T.);
#83=FACE_BOUND('',#1218,.T.);
#84=FACE_BOUND('',#1219,.T.);
#85=FACE_BOUND('',#1220,.T.);
#86=FACE_BOUND('',#1221,.T.);
#87=FACE_BOUND('',#1222,.T.);
#88=FACE_BOUND('',#1223,.T.);
#89=FACE_BOUND('',#1224,.T.);
#90=FACE_BOUND('',#1225,.T.);
#91=FACE_BOUND('',#1226,.T.);
#92=FACE_BOUND('',#1227,.T.);
#93=FACE_BOUND('',#1228,.T.);
#94=FACE_BOUND('',#1229,.T.);
#95=FACE_BOUND('',#1230,.T.);
#96=FACE_BOUND('',#1231,.T.);
#97=FACE_BOUND('',#1232,.T.);
#98=FACE_BOUND('',#1233,.T.);
#99=FACE_BOUND('',#1234,.T.);
#100=FACE_BOUND('',#1235,.T.);
#101=FACE_BOUND('',#1236,.T.);
#102=FACE_BOUND('',#1237,.T.);
#103=FACE_BOUND('',#1238,.T.);
#104=FACE_BOUND('',#1239,.T.);
#105=FACE_BOUND('',#1240,.T.);
#106=FACE_BOUND('',#1241,.T.);
#107=FACE_BOUND('',#1242,.T.);
#108=FACE_BOUND('',#1243,.T.);
#109=FACE_BOUND('',#1244,.T.);
#110=FACE_BOUND('',#1245,.T.);
#111=FACE_BOUND('',#1246,.T.);
#112=FACE_BOUND('',#1247,.T.);
#113=FACE_BOUND('',#1248,.T.);
#114=FACE_BOUND('',#1249,.T.);
#115=FACE_BOUND('',#1250,.T.);
#116=CIRCLE('',#9152,0.499999999999998);
#117=CIRCLE('',#9153,0.499999999999998);
#118=CIRCLE('',#9156,0.500000000000003);
#119=CIRCLE('',#9157,0.500000000000003);
#120=CIRCLE('',#9609,3.00000000000002);
#121=CIRCLE('',#9632,3.00000000000002);
#122=CIRCLE('',#9634,1.35);
#123=CIRCLE('',#9635,1.35);
#124=CIRCLE('',#9637,1.35);
#125=CIRCLE('',#9638,1.35);
#126=CIRCLE('',#9640,1.35);
#127=CIRCLE('',#9641,1.35);
#128=CIRCLE('',#9643,1.35);
#129=CIRCLE('',#9644,1.35);
#130=CIRCLE('',#9647,3.00000000000001);
#131=CIRCLE('',#9648,3.00000000000001);
#132=CIRCLE('',#9651,3.);
#133=CIRCLE('',#9652,3.);
#134=CIRCLE('',#9655,3.00000000000002);
#135=CIRCLE('',#9656,3.00000000000002);
#136=CIRCLE('',#9659,3.00000000000002);
#137=CIRCLE('',#9660,3.00000000000002);
#138=CYLINDRICAL_SURFACE('',#9151,0.499999999999998);
#139=CYLINDRICAL_SURFACE('',#9155,0.500000000000003);
#140=CYLINDRICAL_SURFACE('',#9633,1.35);
#141=CYLINDRICAL_SURFACE('',#9636,1.35);
#142=CYLINDRICAL_SURFACE('',#9639,1.35);
#143=CYLINDRICAL_SURFACE('',#9642,1.35);
#144=CYLINDRICAL_SURFACE('',#9646,3.00000000000001);
#145=CYLINDRICAL_SURFACE('',#9650,3.);
#146=CYLINDRICAL_SURFACE('',#9654,3.00000000000002);
#147=CYLINDRICAL_SURFACE('',#9658,3.00000000000002);
#148=FACE_OUTER_BOUND('',#651,.T.);
#149=FACE_OUTER_BOUND('',#652,.T.);
#150=FACE_OUTER_BOUND('',#653,.T.);
#151=FACE_OUTER_BOUND('',#654,.T.);
#152=FACE_OUTER_BOUND('',#655,.T.);
#153=FACE_OUTER_BOUND('',#656,.T.);
#154=FACE_OUTER_BOUND('',#657,.T.);
#155=FACE_OUTER_BOUND('',#658,.T.);
#156=FACE_OUTER_BOUND('',#659,.T.);
#157=FACE_OUTER_BOUND('',#660,.T.);
#158=FACE_OUTER_BOUND('',#661,.T.);
#159=FACE_OUTER_BOUND('',#662,.T.);
#160=FACE_OUTER_BOUND('',#663,.T.);
#161=FACE_OUTER_BOUND('',#664,.T.);
#162=FACE_OUTER_BOUND('',#665,.T.);
#163=FACE_OUTER_BOUND('',#666,.T.);
#164=FACE_OUTER_BOUND('',#667,.T.);
#165=FACE_OUTER_BOUND('',#668,.T.);
#166=FACE_OUTER_BOUND('',#669,.T.);
#167=FACE_OUTER_BOUND('',#670,.T.);
#168=FACE_OUTER_BOUND('',#671,.T.);
#169=FACE_OUTER_BOUND('',#672,.T.);
#170=FACE_OUTER_BOUND('',#673,.T.);
#171=FACE_OUTER_BOUND('',#674,.T.);
#172=FACE_OUTER_BOUND('',#675,.T.);
#173=FACE_OUTER_BOUND('',#676,.T.);
#174=FACE_OUTER_BOUND('',#677,.T.);
#175=FACE_OUTER_BOUND('',#678,.T.);
#176=FACE_OUTER_BOUND('',#679,.T.);
#177=FACE_OUTER_BOUND('',#680,.T.);
#178=FACE_OUTER_BOUND('',#681,.T.);
#179=FACE_OUTER_BOUND('',#682,.T.);
#180=FACE_OUTER_BOUND('',#683,.T.);
#181=FACE_OUTER_BOUND('',#684,.T.);
#182=FACE_OUTER_BOUND('',#685,.T.);
#183=FACE_OUTER_BOUND('',#686,.T.);
#184=FACE_OUTER_BOUND('',#687,.T.);
#185=FACE_OUTER_BOUND('',#688,.T.);
#186=FACE_OUTER_BOUND('',#689,.T.);
#187=FACE_OUTER_BOUND('',#690,.T.);
#188=FACE_OUTER_BOUND('',#691,.T.);
#189=FACE_OUTER_BOUND('',#692,.T.);
#190=FACE_OUTER_BOUND('',#693,.T.);
#191=FACE_OUTER_BOUND('',#694,.T.);
#192=FACE_OUTER_BOUND('',#695,.T.);
#193=FACE_OUTER_BOUND('',#696,.T.);
#194=FACE_OUTER_BOUND('',#697,.T.);
#195=FACE_OUTER_BOUND('',#698,.T.);
#196=FACE_OUTER_BOUND('',#699,.T.);
#197=FACE_OUTER_BOUND('',#700,.T.);
#198=FACE_OUTER_BOUND('',#701,.T.);
#199=FACE_OUTER_BOUND('',#702,.T.);
#200=FACE_OUTER_BOUND('',#703,.T.);
#201=FACE_OUTER_BOUND('',#704,.T.);
#202=FACE_OUTER_BOUND('',#705,.T.);
#203=FACE_OUTER_BOUND('',#706,.T.);
#204=FACE_OUTER_BOUND('',#707,.T.);
#205=FACE_OUTER_BOUND('',#708,.T.);
#206=FACE_OUTER_BOUND('',#709,.T.);
#207=FACE_OUTER_BOUND('',#710,.T.);
#208=FACE_OUTER_BOUND('',#711,.T.);
#209=FACE_OUTER_BOUND('',#712,.T.);
#210=FACE_OUTER_BOUND('',#713,.T.);
#211=FACE_OUTER_BOUND('',#714,.T.);
#212=FACE_OUTER_BOUND('',#715,.T.);
#213=FACE_OUTER_BOUND('',#716,.T.);
#214=FACE_OUTER_BOUND('',#717,.T.);
#215=FACE_OUTER_BOUND('',#718,.T.);
#216=FACE_OUTER_BOUND('',#719,.T.);
#217=FACE_OUTER_BOUND('',#720,.T.);
#218=FACE_OUTER_BOUND('',#721,.T.);
#219=FACE_OUTER_BOUND('',#722,.T.);
#220=FACE_OUTER_BOUND('',#723,.T.);
#221=FACE_OUTER_BOUND('',#724,.T.);
#222=FACE_OUTER_BOUND('',#725,.T.);
#223=FACE_OUTER_BOUND('',#726,.T.);
#224=FACE_OUTER_BOUND('',#727,.T.);
#225=FACE_OUTER_BOUND('',#728,.T.);
#226=FACE_OUTER_BOUND('',#729,.T.);
#227=FACE_OUTER_BOUND('',#730,.T.);
#228=FACE_OUTER_BOUND('',#731,.T.);
#229=FACE_OUTER_BOUND('',#732,.T.);
#230=FACE_OUTER_BOUND('',#733,.T.);
#231=FACE_OUTER_BOUND('',#734,.T.);
#232=FACE_OUTER_BOUND('',#735,.T.);
#233=FACE_OUTER_BOUND('',#736,.T.);
#234=FACE_OUTER_BOUND('',#737,.T.);
#235=FACE_OUTER_BOUND('',#738,.T.);
#236=FACE_OUTER_BOUND('',#739,.T.);
#237=FACE_OUTER_BOUND('',#740,.T.);
#238=FACE_OUTER_BOUND('',#741,.T.);
#239=FACE_OUTER_BOUND('',#742,.T.);
#240=FACE_OUTER_BOUND('',#743,.T.);
#241=FACE_OUTER_BOUND('',#744,.T.);
#242=FACE_OUTER_BOUND('',#745,.T.);
#243=FACE_OUTER_BOUND('',#746,.T.);
#244=FACE_OUTER_BOUND('',#747,.T.);
#245=FACE_OUTER_BOUND('',#748,.T.);
#246=FACE_OUTER_BOUND('',#749,.T.);
#247=FACE_OUTER_BOUND('',#750,.T.);
#248=FACE_OUTER_BOUND('',#751,.T.);
#249=FACE_OUTER_BOUND('',#752,.T.);
#250=FACE_OUTER_BOUND('',#753,.T.);
#251=FACE_OUTER_BOUND('',#754,.T.);
#252=FACE_OUTER_BOUND('',#755,.T.);
#253=FACE_OUTER_BOUND('',#756,.T.);
#254=FACE_OUTER_BOUND('',#757,.T.);
#255=FACE_OUTER_BOUND('',#758,.T.);
#256=FACE_OUTER_BOUND('',#759,.T.);
#257=FACE_OUTER_BOUND('',#760,.T.);
#258=FACE_OUTER_BOUND('',#761,.T.);
#259=FACE_OUTER_BOUND('',#762,.T.);
#260=FACE_OUTER_BOUND('',#763,.T.);
#261=FACE_OUTER_BOUND('',#764,.T.);
#262=FACE_OUTER_BOUND('',#765,.T.);
#263=FACE_OUTER_BOUND('',#766,.T.);
#264=FACE_OUTER_BOUND('',#767,.T.);
#265=FACE_OUTER_BOUND('',#768,.T.);
#266=FACE_OUTER_BOUND('',#769,.T.);
#267=FACE_OUTER_BOUND('',#770,.T.);
#268=FACE_OUTER_BOUND('',#771,.T.);
#269=FACE_OUTER_BOUND('',#772,.T.);
#270=FACE_OUTER_BOUND('',#773,.T.);
#271=FACE_OUTER_BOUND('',#774,.T.);
#272=FACE_OUTER_BOUND('',#775,.T.);
#273=FACE_OUTER_BOUND('',#776,.T.);
#274=FACE_OUTER_BOUND('',#777,.T.);
#275=FACE_OUTER_BOUND('',#778,.T.);
#276=FACE_OUTER_BOUND('',#779,.T.);
#277=FACE_OUTER_BOUND('',#780,.T.);
#278=FACE_OUTER_BOUND('',#781,.T.);
#279=FACE_OUTER_BOUND('',#782,.T.);
#280=FACE_OUTER_BOUND('',#783,.T.);
#281=FACE_OUTER_BOUND('',#784,.T.);
#282=FACE_OUTER_BOUND('',#785,.T.);
#283=FACE_OUTER_BOUND('',#786,.T.);
#284=FACE_OUTER_BOUND('',#787,.T.);
#285=FACE_OUTER_BOUND('',#788,.T.);
#286=FACE_OUTER_BOUND('',#789,.T.);
#287=FACE_OUTER_BOUND('',#790,.T.);
#288=FACE_OUTER_BOUND('',#791,.T.);
#289=FACE_OUTER_BOUND('',#792,.T.);
#290=FACE_OUTER_BOUND('',#793,.T.);
#291=FACE_OUTER_BOUND('',#794,.T.);
#292=FACE_OUTER_BOUND('',#795,.T.);
#293=FACE_OUTER_BOUND('',#796,.T.);
#294=FACE_OUTER_BOUND('',#797,.T.);
#295=FACE_OUTER_BOUND('',#798,.T.);
#296=FACE_OUTER_BOUND('',#799,.T.);
#297=FACE_OUTER_BOUND('',#800,.T.);
#298=FACE_OUTER_BOUND('',#801,.T.);
#299=FACE_OUTER_BOUND('',#802,.T.);
#300=FACE_OUTER_BOUND('',#803,.T.);
#301=FACE_OUTER_BOUND('',#804,.T.);
#302=FACE_OUTER_BOUND('',#805,.T.);
#303=FACE_OUTER_BOUND('',#806,.T.);
#304=FACE_OUTER_BOUND('',#807,.T.);
#305=FACE_OUTER_BOUND('',#808,.T.);
#306=FACE_OUTER_BOUND('',#809,.T.);
#307=FACE_OUTER_BOUND('',#810,.T.);
#308=FACE_OUTER_BOUND('',#811,.T.);
#309=FACE_OUTER_BOUND('',#812,.T.);
#310=FACE_OUTER_BOUND('',#813,.T.);
#311=FACE_OUTER_BOUND('',#814,.T.);
#312=FACE_OUTER_BOUND('',#815,.T.);
#313=FACE_OUTER_BOUND('',#816,.T.);
#314=FACE_OUTER_BOUND('',#817,.T.);
#315=FACE_OUTER_BOUND('',#818,.T.);
#316=FACE_OUTER_BOUND('',#819,.T.);
#317=FACE_OUTER_BOUND('',#820,.T.);
#318=FACE_OUTER_BOUND('',#821,.T.);
#319=FACE_OUTER_BOUND('',#822,.T.);
#320=FACE_OUTER_BOUND('',#823,.T.);
#321=FACE_OUTER_BOUND('',#824,.T.);
#322=FACE_OUTER_BOUND('',#825,.T.);
#323=FACE_OUTER_BOUND('',#826,.T.);
#324=FACE_OUTER_BOUND('',#827,.T.);
#325=FACE_OUTER_BOUND('',#828,.T.);
#326=FACE_OUTER_BOUND('',#829,.T.);
#327=FACE_OUTER_BOUND('',#830,.T.);
#328=FACE_OUTER_BOUND('',#831,.T.);
#329=FACE_OUTER_BOUND('',#832,.T.);
#330=FACE_OUTER_BOUND('',#833,.T.);
#331=FACE_OUTER_BOUND('',#834,.T.);
#332=FACE_OUTER_BOUND('',#835,.T.);
#333=FACE_OUTER_BOUND('',#836,.T.);
#334=FACE_OUTER_BOUND('',#837,.T.);
#335=FACE_OUTER_BOUND('',#838,.T.);
#336=FACE_OUTER_BOUND('',#839,.T.);
#337=FACE_OUTER_BOUND('',#840,.T.);
#338=FACE_OUTER_BOUND('',#841,.T.);
#339=FACE_OUTER_BOUND('',#842,.T.);
#340=FACE_OUTER_BOUND('',#843,.T.);
#341=FACE_OUTER_BOUND('',#844,.T.);
#342=FACE_OUTER_BOUND('',#845,.T.);
#343=FACE_OUTER_BOUND('',#846,.T.);
#344=FACE_OUTER_BOUND('',#847,.T.);
#345=FACE_OUTER_BOUND('',#848,.T.);
#346=FACE_OUTER_BOUND('',#849,.T.);
#347=FACE_OUTER_BOUND('',#850,.T.);
#348=FACE_OUTER_BOUND('',#851,.T.);
#349=FACE_OUTER_BOUND('',#852,.T.);
#350=FACE_OUTER_BOUND('',#853,.T.);
#351=FACE_OUTER_BOUND('',#854,.T.);
#352=FACE_OUTER_BOUND('',#855,.T.);
#353=FACE_OUTER_BOUND('',#856,.T.);
#354=FACE_OUTER_BOUND('',#857,.T.);
#355=FACE_OUTER_BOUND('',#858,.T.);
#356=FACE_OUTER_BOUND('',#859,.T.);
#357=FACE_OUTER_BOUND('',#860,.T.);
#358=FACE_OUTER_BOUND('',#861,.T.);
#359=FACE_OUTER_BOUND('',#862,.T.);
#360=FACE_OUTER_BOUND('',#863,.T.);
#361=FACE_OUTER_BOUND('',#864,.T.);
#362=FACE_OUTER_BOUND('',#865,.T.);
#363=FACE_OUTER_BOUND('',#866,.T.);
#364=FACE_OUTER_BOUND('',#867,.T.);
#365=FACE_OUTER_BOUND('',#868,.T.);
#366=FACE_OUTER_BOUND('',#869,.T.);
#367=FACE_OUTER_BOUND('',#870,.T.);
#368=FACE_OUTER_BOUND('',#871,.T.);
#369=FACE_OUTER_BOUND('',#872,.T.);
#370=FACE_OUTER_BOUND('',#873,.T.);
#371=FACE_OUTER_BOUND('',#874,.T.);
#372=FACE_OUTER_BOUND('',#875,.T.);
#373=FACE_OUTER_BOUND('',#876,.T.);
#374=FACE_OUTER_BOUND('',#877,.T.);
#375=FACE_OUTER_BOUND('',#878,.T.);
#376=FACE_OUTER_BOUND('',#879,.T.);
#377=FACE_OUTER_BOUND('',#880,.T.);
#378=FACE_OUTER_BOUND('',#881,.T.);
#379=FACE_OUTER_BOUND('',#882,.T.);
#380=FACE_OUTER_BOUND('',#883,.T.);
#381=FACE_OUTER_BOUND('',#884,.T.);
#382=FACE_OUTER_BOUND('',#885,.T.);
#383=FACE_OUTER_BOUND('',#886,.T.);
#384=FACE_OUTER_BOUND('',#887,.T.);
#385=FACE_OUTER_BOUND('',#888,.T.);
#386=FACE_OUTER_BOUND('',#889,.T.);
#387=FACE_OUTER_BOUND('',#890,.T.);
#388=FACE_OUTER_BOUND('',#891,.T.);
#389=FACE_OUTER_BOUND('',#892,.T.);
#390=FACE_OUTER_BOUND('',#893,.T.);
#391=FACE_OUTER_BOUND('',#894,.T.);
#392=FACE_OUTER_BOUND('',#895,.T.);
#393=FACE_OUTER_BOUND('',#896,.T.);
#394=FACE_OUTER_BOUND('',#897,.T.);
#395=FACE_OUTER_BOUND('',#898,.T.);
#396=FACE_OUTER_BOUND('',#899,.T.);
#397=FACE_OUTER_BOUND('',#900,.T.);
#398=FACE_OUTER_BOUND('',#901,.T.);
#399=FACE_OUTER_BOUND('',#902,.T.);
#400=FACE_OUTER_BOUND('',#903,.T.);
#401=FACE_OUTER_BOUND('',#904,.T.);
#402=FACE_OUTER_BOUND('',#905,.T.);
#403=FACE_OUTER_BOUND('',#906,.T.);
#404=FACE_OUTER_BOUND('',#907,.T.);
#405=FACE_OUTER_BOUND('',#908,.T.);
#406=FACE_OUTER_BOUND('',#909,.T.);
#407=FACE_OUTER_BOUND('',#910,.T.);
#408=FACE_OUTER_BOUND('',#911,.T.);
#409=FACE_OUTER_BOUND('',#912,.T.);
#410=FACE_OUTER_BOUND('',#913,.T.);
#411=FACE_OUTER_BOUND('',#914,.T.);
#412=FACE_OUTER_BOUND('',#915,.T.);
#413=FACE_OUTER_BOUND('',#916,.T.);
#414=FACE_OUTER_BOUND('',#917,.T.);
#415=FACE_OUTER_BOUND('',#918,.T.);
#416=FACE_OUTER_BOUND('',#919,.T.);
#417=FACE_OUTER_BOUND('',#920,.T.);
#418=FACE_OUTER_BOUND('',#921,.T.);
#419=FACE_OUTER_BOUND('',#922,.T.);
#420=FACE_OUTER_BOUND('',#923,.T.);
#421=FACE_OUTER_BOUND('',#924,.T.);
#422=FACE_OUTER_BOUND('',#925,.T.);
#423=FACE_OUTER_BOUND('',#926,.T.);
#424=FACE_OUTER_BOUND('',#927,.T.);
#425=FACE_OUTER_BOUND('',#928,.T.);
#426=FACE_OUTER_BOUND('',#929,.T.);
#427=FACE_OUTER_BOUND('',#930,.T.);
#428=FACE_OUTER_BOUND('',#931,.T.);
#429=FACE_OUTER_BOUND('',#932,.T.);
#430=FACE_OUTER_BOUND('',#933,.T.);
#431=FACE_OUTER_BOUND('',#934,.T.);
#432=FACE_OUTER_BOUND('',#935,.T.);
#433=FACE_OUTER_BOUND('',#936,.T.);
#434=FACE_OUTER_BOUND('',#937,.T.);
#435=FACE_OUTER_BOUND('',#938,.T.);
#436=FACE_OUTER_BOUND('',#939,.T.);
#437=FACE_OUTER_BOUND('',#940,.T.);
#438=FACE_OUTER_BOUND('',#941,.T.);
#439=FACE_OUTER_BOUND('',#942,.T.);
#440=FACE_OUTER_BOUND('',#943,.T.);
#441=FACE_OUTER_BOUND('',#944,.T.);
#442=FACE_OUTER_BOUND('',#945,.T.);
#443=FACE_OUTER_BOUND('',#946,.T.);
#444=FACE_OUTER_BOUND('',#947,.T.);
#445=FACE_OUTER_BOUND('',#948,.T.);
#446=FACE_OUTER_BOUND('',#949,.T.);
#447=FACE_OUTER_BOUND('',#950,.T.);
#448=FACE_OUTER_BOUND('',#951,.T.);
#449=FACE_OUTER_BOUND('',#952,.T.);
#450=FACE_OUTER_BOUND('',#953,.T.);
#451=FACE_OUTER_BOUND('',#954,.T.);
#452=FACE_OUTER_BOUND('',#955,.T.);
#453=FACE_OUTER_BOUND('',#956,.T.);
#454=FACE_OUTER_BOUND('',#957,.T.);
#455=FACE_OUTER_BOUND('',#958,.T.);
#456=FACE_OUTER_BOUND('',#959,.T.);
#457=FACE_OUTER_BOUND('',#960,.T.);
#458=FACE_OUTER_BOUND('',#961,.T.);
#459=FACE_OUTER_BOUND('',#962,.T.);
#460=FACE_OUTER_BOUND('',#963,.T.);
#461=FACE_OUTER_BOUND('',#964,.T.);
#462=FACE_OUTER_BOUND('',#965,.T.);
#463=FACE_OUTER_BOUND('',#966,.T.);
#464=FACE_OUTER_BOUND('',#967,.T.);
#465=FACE_OUTER_BOUND('',#968,.T.);
#466=FACE_OUTER_BOUND('',#969,.T.);
#467=FACE_OUTER_BOUND('',#970,.T.);
#468=FACE_OUTER_BOUND('',#971,.T.);
#469=FACE_OUTER_BOUND('',#972,.T.);
#470=FACE_OUTER_BOUND('',#973,.T.);
#471=FACE_OUTER_BOUND('',#974,.T.);
#472=FACE_OUTER_BOUND('',#975,.T.);
#473=FACE_OUTER_BOUND('',#976,.T.);
#474=FACE_OUTER_BOUND('',#977,.T.);
#475=FACE_OUTER_BOUND('',#978,.T.);
#476=FACE_OUTER_BOUND('',#979,.T.);
#477=FACE_OUTER_BOUND('',#980,.T.);
#478=FACE_OUTER_BOUND('',#981,.T.);
#479=FACE_OUTER_BOUND('',#982,.T.);
#480=FACE_OUTER_BOUND('',#983,.T.);
#481=FACE_OUTER_BOUND('',#984,.T.);
#482=FACE_OUTER_BOUND('',#985,.T.);
#483=FACE_OUTER_BOUND('',#986,.T.);
#484=FACE_OUTER_BOUND('',#987,.T.);
#485=FACE_OUTER_BOUND('',#988,.T.);
#486=FACE_OUTER_BOUND('',#989,.T.);
#487=FACE_OUTER_BOUND('',#990,.T.);
#488=FACE_OUTER_BOUND('',#991,.T.);
#489=FACE_OUTER_BOUND('',#992,.T.);
#490=FACE_OUTER_BOUND('',#993,.T.);
#491=FACE_OUTER_BOUND('',#994,.T.);
#492=FACE_OUTER_BOUND('',#995,.T.);
#493=FACE_OUTER_BOUND('',#996,.T.);
#494=FACE_OUTER_BOUND('',#997,.T.);
#495=FACE_OUTER_BOUND('',#998,.T.);
#496=FACE_OUTER_BOUND('',#999,.T.);
#497=FACE_OUTER_BOUND('',#1000,.T.);
#498=FACE_OUTER_BOUND('',#1001,.T.);
#499=FACE_OUTER_BOUND('',#1002,.T.);
#500=FACE_OUTER_BOUND('',#1003,.T.);
#501=FACE_OUTER_BOUND('',#1004,.T.);
#502=FACE_OUTER_BOUND('',#1005,.T.);
#503=FACE_OUTER_BOUND('',#1006,.T.);
#504=FACE_OUTER_BOUND('',#1007,.T.);
#505=FACE_OUTER_BOUND('',#1008,.T.);
#506=FACE_OUTER_BOUND('',#1009,.T.);
#507=FACE_OUTER_BOUND('',#1010,.T.);
#508=FACE_OUTER_BOUND('',#1011,.T.);
#509=FACE_OUTER_BOUND('',#1012,.T.);
#510=FACE_OUTER_BOUND('',#1013,.T.);
#511=FACE_OUTER_BOUND('',#1014,.T.);
#512=FACE_OUTER_BOUND('',#1015,.T.);
#513=FACE_OUTER_BOUND('',#1016,.T.);
#514=FACE_OUTER_BOUND('',#1017,.T.);
#515=FACE_OUTER_BOUND('',#1018,.T.);
#516=FACE_OUTER_BOUND('',#1019,.T.);
#517=FACE_OUTER_BOUND('',#1020,.T.);
#518=FACE_OUTER_BOUND('',#1021,.T.);
#519=FACE_OUTER_BOUND('',#1022,.T.);
#520=FACE_OUTER_BOUND('',#1023,.T.);
#521=FACE_OUTER_BOUND('',#1024,.T.);
#522=FACE_OUTER_BOUND('',#1025,.T.);
#523=FACE_OUTER_BOUND('',#1026,.T.);
#524=FACE_OUTER_BOUND('',#1027,.T.);
#525=FACE_OUTER_BOUND('',#1028,.T.);
#526=FACE_OUTER_BOUND('',#1029,.T.);
#527=FACE_OUTER_BOUND('',#1030,.T.);
#528=FACE_OUTER_BOUND('',#1031,.T.);
#529=FACE_OUTER_BOUND('',#1032,.T.);
#530=FACE_OUTER_BOUND('',#1033,.T.);
#531=FACE_OUTER_BOUND('',#1034,.T.);
#532=FACE_OUTER_BOUND('',#1035,.T.);
#533=FACE_OUTER_BOUND('',#1036,.T.);
#534=FACE_OUTER_BOUND('',#1037,.T.);
#535=FACE_OUTER_BOUND('',#1038,.T.);
#536=FACE_OUTER_BOUND('',#1039,.T.);
#537=FACE_OUTER_BOUND('',#1040,.T.);
#538=FACE_OUTER_BOUND('',#1041,.T.);
#539=FACE_OUTER_BOUND('',#1042,.T.);
#540=FACE_OUTER_BOUND('',#1043,.T.);
#541=FACE_OUTER_BOUND('',#1044,.T.);
#542=FACE_OUTER_BOUND('',#1045,.T.);
#543=FACE_OUTER_BOUND('',#1046,.T.);
#544=FACE_OUTER_BOUND('',#1047,.T.);
#545=FACE_OUTER_BOUND('',#1048,.T.);
#546=FACE_OUTER_BOUND('',#1049,.T.);
#547=FACE_OUTER_BOUND('',#1050,.T.);
#548=FACE_OUTER_BOUND('',#1051,.T.);
#549=FACE_OUTER_BOUND('',#1052,.T.);
#550=FACE_OUTER_BOUND('',#1053,.T.);
#551=FACE_OUTER_BOUND('',#1054,.T.);
#552=FACE_OUTER_BOUND('',#1055,.T.);
#553=FACE_OUTER_BOUND('',#1056,.T.);
#554=FACE_OUTER_BOUND('',#1057,.T.);
#555=FACE_OUTER_BOUND('',#1058,.T.);
#556=FACE_OUTER_BOUND('',#1059,.T.);
#557=FACE_OUTER_BOUND('',#1060,.T.);
#558=FACE_OUTER_BOUND('',#1061,.T.);
#559=FACE_OUTER_BOUND('',#1062,.T.);
#560=FACE_OUTER_BOUND('',#1063,.T.);
#561=FACE_OUTER_BOUND('',#1064,.T.);
#562=FACE_OUTER_BOUND('',#1065,.T.);
#563=FACE_OUTER_BOUND('',#1066,.T.);
#564=FACE_OUTER_BOUND('',#1067,.T.);
#565=FACE_OUTER_BOUND('',#1068,.T.);
#566=FACE_OUTER_BOUND('',#1069,.T.);
#567=FACE_OUTER_BOUND('',#1070,.T.);
#568=FACE_OUTER_BOUND('',#1071,.T.);
#569=FACE_OUTER_BOUND('',#1072,.T.);
#570=FACE_OUTER_BOUND('',#1073,.T.);
#571=FACE_OUTER_BOUND('',#1074,.T.);
#572=FACE_OUTER_BOUND('',#1075,.T.);
#573=FACE_OUTER_BOUND('',#1076,.T.);
#574=FACE_OUTER_BOUND('',#1077,.T.);
#575=FACE_OUTER_BOUND('',#1078,.T.);
#576=FACE_OUTER_BOUND('',#1079,.T.);
#577=FACE_OUTER_BOUND('',#1080,.T.);
#578=FACE_OUTER_BOUND('',#1081,.T.);
#579=FACE_OUTER_BOUND('',#1082,.T.);
#580=FACE_OUTER_BOUND('',#1083,.T.);
#581=FACE_OUTER_BOUND('',#1084,.T.);
#582=FACE_OUTER_BOUND('',#1085,.T.);
#583=FACE_OUTER_BOUND('',#1086,.T.);
#584=FACE_OUTER_BOUND('',#1087,.T.);
#585=FACE_OUTER_BOUND('',#1088,.T.);
#586=FACE_OUTER_BOUND('',#1129,.T.);
#587=FACE_OUTER_BOUND('',#1130,.T.);
#588=FACE_OUTER_BOUND('',#1131,.T.);
#589=FACE_OUTER_BOUND('',#1132,.T.);
#590=FACE_OUTER_BOUND('',#1133,.T.);
#591=FACE_OUTER_BOUND('',#1134,.T.);
#592=FACE_OUTER_BOUND('',#1135,.T.);
#593=FACE_OUTER_BOUND('',#1136,.T.);
#594=FACE_OUTER_BOUND('',#1137,.T.);
#595=FACE_OUTER_BOUND('',#1138,.T.);
#596=FACE_OUTER_BOUND('',#1139,.T.);
#597=FACE_OUTER_BOUND('',#1140,.T.);
#598=FACE_OUTER_BOUND('',#1141,.T.);
#599=FACE_OUTER_BOUND('',#1142,.T.);
#600=FACE_OUTER_BOUND('',#1143,.T.);
#601=FACE_OUTER_BOUND('',#1144,.T.);
#602=FACE_OUTER_BOUND('',#1145,.T.);
#603=FACE_OUTER_BOUND('',#1146,.T.);
#604=FACE_OUTER_BOUND('',#1147,.T.);
#605=FACE_OUTER_BOUND('',#1148,.T.);
#606=FACE_OUTER_BOUND('',#1149,.T.);
#607=FACE_OUTER_BOUND('',#1150,.T.);
#608=FACE_OUTER_BOUND('',#1151,.T.);
#609=FACE_OUTER_BOUND('',#1152,.T.);
#610=FACE_OUTER_BOUND('',#1153,.T.);
#611=FACE_OUTER_BOUND('',#1154,.T.);
#612=FACE_OUTER_BOUND('',#1155,.T.);
#613=FACE_OUTER_BOUND('',#1156,.T.);
#614=FACE_OUTER_BOUND('',#1157,.T.);
#615=FACE_OUTER_BOUND('',#1158,.T.);
#616=FACE_OUTER_BOUND('',#1159,.T.);
#617=FACE_OUTER_BOUND('',#1160,.T.);
#618=FACE_OUTER_BOUND('',#1161,.T.);
#619=FACE_OUTER_BOUND('',#1162,.T.);
#620=FACE_OUTER_BOUND('',#1163,.T.);
#621=FACE_OUTER_BOUND('',#1164,.T.);
#622=FACE_OUTER_BOUND('',#1165,.T.);
#623=FACE_OUTER_BOUND('',#1166,.T.);
#624=FACE_OUTER_BOUND('',#1167,.T.);
#625=FACE_OUTER_BOUND('',#1168,.T.);
#626=FACE_OUTER_BOUND('',#1169,.T.);
#627=FACE_OUTER_BOUND('',#1170,.T.);
#628=FACE_OUTER_BOUND('',#1171,.T.);
#629=FACE_OUTER_BOUND('',#1172,.T.);
#630=FACE_OUTER_BOUND('',#1173,.T.);
#631=FACE_OUTER_BOUND('',#1174,.T.);
#632=FACE_OUTER_BOUND('',#1175,.T.);
#633=FACE_OUTER_BOUND('',#1176,.T.);
#634=FACE_OUTER_BOUND('',#1177,.T.);
#635=FACE_OUTER_BOUND('',#1178,.T.);
#636=FACE_OUTER_BOUND('',#1179,.T.);
#637=FACE_OUTER_BOUND('',#1180,.T.);
#638=FACE_OUTER_BOUND('',#1181,.T.);
#639=FACE_OUTER_BOUND('',#1182,.T.);
#640=FACE_OUTER_BOUND('',#1183,.T.);
#641=FACE_OUTER_BOUND('',#1184,.T.);
#642=FACE_OUTER_BOUND('',#1185,.T.);
#643=FACE_OUTER_BOUND('',#1186,.T.);
#644=FACE_OUTER_BOUND('',#1187,.T.);
#645=FACE_OUTER_BOUND('',#1188,.T.);
#646=FACE_OUTER_BOUND('',#1189,.T.);
#647=FACE_OUTER_BOUND('',#1190,.T.);
#648=FACE_OUTER_BOUND('',#1191,.T.);
#649=FACE_OUTER_BOUND('',#1192,.T.);
#650=FACE_OUTER_BOUND('',#1205,.T.);
#651=EDGE_LOOP('',(#5683,#5684,#5685,#5686));
#652=EDGE_LOOP('',(#5687,#5688,#5689,#5690));
#653=EDGE_LOOP('',(#5691,#5692,#5693,#5694));
#654=EDGE_LOOP('',(#5695,#5696,#5697,#5698));
#655=EDGE_LOOP('',(#5699,#5700,#5701,#5702));
#656=EDGE_LOOP('',(#5703,#5704,#5705,#5706));
#657=EDGE_LOOP('',(#5707,#5708,#5709,#5710));
#658=EDGE_LOOP('',(#5711,#5712,#5713,#5714));
#659=EDGE_LOOP('',(#5715,#5716,#5717,#5718));
#660=EDGE_LOOP('',(#5719,#5720,#5721,#5722));
#661=EDGE_LOOP('',(#5723,#5724,#5725,#5726,#5727));
#662=EDGE_LOOP('',(#5728,#5729,#5730,#5731));
#663=EDGE_LOOP('',(#5732,#5733,#5734,#5735,#5736));
#664=EDGE_LOOP('',(#5737,#5738,#5739,#5740));
#665=EDGE_LOOP('',(#5741,#5742,#5743,#5744));
#666=EDGE_LOOP('',(#5745,#5746,#5747,#5748));
#667=EDGE_LOOP('',(#5749,#5750,#5751,#5752,#5753,#5754));
#668=EDGE_LOOP('',(#5755,#5756,#5757,#5758,#5759,#5760));
#669=EDGE_LOOP('',(#5761,#5762,#5763,#5764));
#670=EDGE_LOOP('',(#5765,#5766,#5767,#5768));
#671=EDGE_LOOP('',(#5769,#5770,#5771,#5772));
#672=EDGE_LOOP('',(#5773,#5774,#5775,#5776));
#673=EDGE_LOOP('',(#5777,#5778,#5779,#5780));
#674=EDGE_LOOP('',(#5781,#5782,#5783,#5784));
#675=EDGE_LOOP('',(#5785,#5786,#5787,#5788));
#676=EDGE_LOOP('',(#5789,#5790,#5791,#5792));
#677=EDGE_LOOP('',(#5793,#5794,#5795,#5796));
#678=EDGE_LOOP('',(#5797,#5798,#5799,#5800));
#679=EDGE_LOOP('',(#5801,#5802,#5803,#5804));
#680=EDGE_LOOP('',(#5805,#5806,#5807,#5808));
#681=EDGE_LOOP('',(#5809,#5810,#5811,#5812));
#682=EDGE_LOOP('',(#5813,#5814,#5815,#5816));
#683=EDGE_LOOP('',(#5817,#5818,#5819,#5820));
#684=EDGE_LOOP('',(#5821,#5822,#5823,#5824));
#685=EDGE_LOOP('',(#5825,#5826,#5827,#5828));
#686=EDGE_LOOP('',(#5829,#5830,#5831,#5832));
#687=EDGE_LOOP('',(#5833,#5834,#5835,#5836));
#688=EDGE_LOOP('',(#5837,#5838,#5839,#5840));
#689=EDGE_LOOP('',(#5841,#5842,#5843,#5844));
#690=EDGE_LOOP('',(#5845,#5846,#5847,#5848));
#691=EDGE_LOOP('',(#5849,#5850,#5851,#5852));
#692=EDGE_LOOP('',(#5853,#5854,#5855,#5856));
#693=EDGE_LOOP('',(#5857,#5858,#5859,#5860));
#694=EDGE_LOOP('',(#5861,#5862,#5863,#5864));
#695=EDGE_LOOP('',(#5865,#5866,#5867,#5868));
#696=EDGE_LOOP('',(#5869,#5870,#5871,#5872));
#697=EDGE_LOOP('',(#5873,#5874,#5875,#5876));
#698=EDGE_LOOP('',(#5877,#5878,#5879,#5880));
#699=EDGE_LOOP('',(#5881,#5882,#5883,#5884));
#700=EDGE_LOOP('',(#5885,#5886,#5887,#5888));
#701=EDGE_LOOP('',(#5889,#5890,#5891,#5892));
#702=EDGE_LOOP('',(#5893,#5894,#5895,#5896));
#703=EDGE_LOOP('',(#5897,#5898,#5899,#5900));
#704=EDGE_LOOP('',(#5901,#5902,#5903,#5904));
#705=EDGE_LOOP('',(#5905,#5906,#5907,#5908));
#706=EDGE_LOOP('',(#5909,#5910,#5911,#5912));
#707=EDGE_LOOP('',(#5913,#5914,#5915,#5916));
#708=EDGE_LOOP('',(#5917,#5918,#5919,#5920));
#709=EDGE_LOOP('',(#5921,#5922,#5923,#5924));
#710=EDGE_LOOP('',(#5925,#5926,#5927,#5928));
#711=EDGE_LOOP('',(#5929,#5930,#5931,#5932));
#712=EDGE_LOOP('',(#5933,#5934,#5935,#5936));
#713=EDGE_LOOP('',(#5937,#5938,#5939,#5940));
#714=EDGE_LOOP('',(#5941,#5942,#5943,#5944));
#715=EDGE_LOOP('',(#5945,#5946,#5947,#5948));
#716=EDGE_LOOP('',(#5949,#5950,#5951,#5952));
#717=EDGE_LOOP('',(#5953,#5954,#5955,#5956));
#718=EDGE_LOOP('',(#5957,#5958,#5959,#5960));
#719=EDGE_LOOP('',(#5961,#5962,#5963,#5964));
#720=EDGE_LOOP('',(#5965,#5966,#5967,#5968));
#721=EDGE_LOOP('',(#5969,#5970,#5971,#5972));
#722=EDGE_LOOP('',(#5973,#5974,#5975,#5976));
#723=EDGE_LOOP('',(#5977,#5978,#5979,#5980));
#724=EDGE_LOOP('',(#5981,#5982,#5983,#5984));
#725=EDGE_LOOP('',(#5985,#5986,#5987,#5988));
#726=EDGE_LOOP('',(#5989,#5990,#5991,#5992));
#727=EDGE_LOOP('',(#5993,#5994,#5995,#5996));
#728=EDGE_LOOP('',(#5997,#5998,#5999,#6000));
#729=EDGE_LOOP('',(#6001,#6002,#6003,#6004));
#730=EDGE_LOOP('',(#6005,#6006,#6007,#6008));
#731=EDGE_LOOP('',(#6009,#6010,#6011,#6012));
#732=EDGE_LOOP('',(#6013,#6014,#6015,#6016));
#733=EDGE_LOOP('',(#6017,#6018,#6019,#6020));
#734=EDGE_LOOP('',(#6021,#6022,#6023,#6024));
#735=EDGE_LOOP('',(#6025,#6026,#6027,#6028));
#736=EDGE_LOOP('',(#6029,#6030,#6031,#6032));
#737=EDGE_LOOP('',(#6033,#6034,#6035,#6036));
#738=EDGE_LOOP('',(#6037,#6038,#6039,#6040));
#739=EDGE_LOOP('',(#6041,#6042,#6043,#6044));
#740=EDGE_LOOP('',(#6045,#6046,#6047,#6048));
#741=EDGE_LOOP('',(#6049,#6050,#6051,#6052));
#742=EDGE_LOOP('',(#6053,#6054,#6055,#6056));
#743=EDGE_LOOP('',(#6057,#6058,#6059,#6060));
#744=EDGE_LOOP('',(#6061,#6062,#6063,#6064));
#745=EDGE_LOOP('',(#6065,#6066,#6067,#6068));
#746=EDGE_LOOP('',(#6069,#6070,#6071,#6072));
#747=EDGE_LOOP('',(#6073,#6074,#6075,#6076));
#748=EDGE_LOOP('',(#6077,#6078,#6079,#6080));
#749=EDGE_LOOP('',(#6081,#6082,#6083,#6084));
#750=EDGE_LOOP('',(#6085,#6086,#6087,#6088));
#751=EDGE_LOOP('',(#6089,#6090,#6091,#6092));
#752=EDGE_LOOP('',(#6093,#6094,#6095,#6096));
#753=EDGE_LOOP('',(#6097,#6098,#6099,#6100));
#754=EDGE_LOOP('',(#6101,#6102,#6103,#6104));
#755=EDGE_LOOP('',(#6105,#6106,#6107,#6108));
#756=EDGE_LOOP('',(#6109,#6110,#6111,#6112));
#757=EDGE_LOOP('',(#6113,#6114,#6115,#6116));
#758=EDGE_LOOP('',(#6117,#6118,#6119,#6120));
#759=EDGE_LOOP('',(#6121,#6122,#6123,#6124));
#760=EDGE_LOOP('',(#6125,#6126,#6127,#6128));
#761=EDGE_LOOP('',(#6129,#6130,#6131,#6132));
#762=EDGE_LOOP('',(#6133,#6134,#6135,#6136));
#763=EDGE_LOOP('',(#6137,#6138,#6139,#6140));
#764=EDGE_LOOP('',(#6141,#6142,#6143,#6144));
#765=EDGE_LOOP('',(#6145,#6146,#6147,#6148));
#766=EDGE_LOOP('',(#6149,#6150,#6151,#6152));
#767=EDGE_LOOP('',(#6153,#6154,#6155,#6156));
#768=EDGE_LOOP('',(#6157,#6158,#6159,#6160));
#769=EDGE_LOOP('',(#6161,#6162,#6163,#6164));
#770=EDGE_LOOP('',(#6165,#6166,#6167,#6168));
#771=EDGE_LOOP('',(#6169,#6170,#6171,#6172));
#772=EDGE_LOOP('',(#6173,#6174,#6175,#6176));
#773=EDGE_LOOP('',(#6177,#6178,#6179,#6180));
#774=EDGE_LOOP('',(#6181,#6182,#6183,#6184));
#775=EDGE_LOOP('',(#6185,#6186,#6187,#6188));
#776=EDGE_LOOP('',(#6189,#6190,#6191,#6192));
#777=EDGE_LOOP('',(#6193,#6194,#6195,#6196));
#778=EDGE_LOOP('',(#6197,#6198,#6199,#6200));
#779=EDGE_LOOP('',(#6201,#6202,#6203,#6204));
#780=EDGE_LOOP('',(#6205,#6206,#6207,#6208));
#781=EDGE_LOOP('',(#6209,#6210,#6211,#6212));
#782=EDGE_LOOP('',(#6213,#6214,#6215,#6216));
#783=EDGE_LOOP('',(#6217,#6218,#6219,#6220));
#784=EDGE_LOOP('',(#6221,#6222,#6223,#6224));
#785=EDGE_LOOP('',(#6225,#6226,#6227,#6228));
#786=EDGE_LOOP('',(#6229,#6230,#6231,#6232));
#787=EDGE_LOOP('',(#6233,#6234,#6235,#6236));
#788=EDGE_LOOP('',(#6237,#6238,#6239,#6240));
#789=EDGE_LOOP('',(#6241,#6242,#6243,#6244));
#790=EDGE_LOOP('',(#6245,#6246,#6247,#6248));
#791=EDGE_LOOP('',(#6249,#6250,#6251,#6252));
#792=EDGE_LOOP('',(#6253,#6254,#6255,#6256));
#793=EDGE_LOOP('',(#6257,#6258,#6259,#6260));
#794=EDGE_LOOP('',(#6261,#6262,#6263,#6264));
#795=EDGE_LOOP('',(#6265,#6266,#6267,#6268));
#796=EDGE_LOOP('',(#6269,#6270,#6271,#6272));
#797=EDGE_LOOP('',(#6273,#6274,#6275,#6276));
#798=EDGE_LOOP('',(#6277,#6278,#6279,#6280));
#799=EDGE_LOOP('',(#6281,#6282,#6283,#6284));
#800=EDGE_LOOP('',(#6285,#6286,#6287,#6288));
#801=EDGE_LOOP('',(#6289,#6290,#6291,#6292));
#802=EDGE_LOOP('',(#6293,#6294,#6295,#6296));
#803=EDGE_LOOP('',(#6297,#6298,#6299,#6300));
#804=EDGE_LOOP('',(#6301,#6302,#6303,#6304));
#805=EDGE_LOOP('',(#6305,#6306,#6307,#6308));
#806=EDGE_LOOP('',(#6309,#6310,#6311,#6312));
#807=EDGE_LOOP('',(#6313,#6314,#6315,#6316));
#808=EDGE_LOOP('',(#6317,#6318,#6319,#6320));
#809=EDGE_LOOP('',(#6321,#6322,#6323,#6324));
#810=EDGE_LOOP('',(#6325,#6326,#6327,#6328));
#811=EDGE_LOOP('',(#6329,#6330,#6331,#6332));
#812=EDGE_LOOP('',(#6333,#6334,#6335,#6336));
#813=EDGE_LOOP('',(#6337,#6338,#6339,#6340));
#814=EDGE_LOOP('',(#6341,#6342,#6343,#6344));
#815=EDGE_LOOP('',(#6345,#6346,#6347,#6348));
#816=EDGE_LOOP('',(#6349,#6350,#6351,#6352));
#817=EDGE_LOOP('',(#6353,#6354,#6355,#6356));
#818=EDGE_LOOP('',(#6357,#6358,#6359,#6360));
#819=EDGE_LOOP('',(#6361,#6362,#6363,#6364));
#820=EDGE_LOOP('',(#6365,#6366,#6367,#6368));
#821=EDGE_LOOP('',(#6369,#6370,#6371,#6372));
#822=EDGE_LOOP('',(#6373,#6374,#6375,#6376));
#823=EDGE_LOOP('',(#6377,#6378,#6379,#6380));
#824=EDGE_LOOP('',(#6381,#6382,#6383,#6384));
#825=EDGE_LOOP('',(#6385,#6386,#6387,#6388));
#826=EDGE_LOOP('',(#6389,#6390,#6391,#6392));
#827=EDGE_LOOP('',(#6393,#6394,#6395,#6396));
#828=EDGE_LOOP('',(#6397,#6398,#6399,#6400));
#829=EDGE_LOOP('',(#6401,#6402,#6403,#6404));
#830=EDGE_LOOP('',(#6405,#6406,#6407,#6408));
#831=EDGE_LOOP('',(#6409,#6410,#6411,#6412));
#832=EDGE_LOOP('',(#6413,#6414,#6415,#6416));
#833=EDGE_LOOP('',(#6417,#6418,#6419,#6420));
#834=EDGE_LOOP('',(#6421,#6422,#6423,#6424));
#835=EDGE_LOOP('',(#6425,#6426,#6427,#6428));
#836=EDGE_LOOP('',(#6429,#6430,#6431,#6432));
#837=EDGE_LOOP('',(#6433,#6434,#6435,#6436));
#838=EDGE_LOOP('',(#6437,#6438,#6439,#6440));
#839=EDGE_LOOP('',(#6441,#6442,#6443,#6444));
#840=EDGE_LOOP('',(#6445,#6446,#6447,#6448));
#841=EDGE_LOOP('',(#6449,#6450,#6451,#6452));
#842=EDGE_LOOP('',(#6453,#6454,#6455,#6456));
#843=EDGE_LOOP('',(#6457,#6458,#6459,#6460));
#844=EDGE_LOOP('',(#6461,#6462,#6463,#6464));
#845=EDGE_LOOP('',(#6465,#6466,#6467,#6468));
#846=EDGE_LOOP('',(#6469,#6470,#6471,#6472));
#847=EDGE_LOOP('',(#6473,#6474,#6475,#6476));
#848=EDGE_LOOP('',(#6477,#6478,#6479,#6480));
#849=EDGE_LOOP('',(#6481,#6482,#6483,#6484));
#850=EDGE_LOOP('',(#6485,#6486,#6487,#6488));
#851=EDGE_LOOP('',(#6489,#6490,#6491,#6492));
#852=EDGE_LOOP('',(#6493,#6494,#6495,#6496));
#853=EDGE_LOOP('',(#6497,#6498,#6499,#6500));
#854=EDGE_LOOP('',(#6501,#6502,#6503,#6504));
#855=EDGE_LOOP('',(#6505,#6506,#6507,#6508));
#856=EDGE_LOOP('',(#6509,#6510,#6511,#6512));
#857=EDGE_LOOP('',(#6513,#6514,#6515,#6516));
#858=EDGE_LOOP('',(#6517,#6518,#6519,#6520));
#859=EDGE_LOOP('',(#6521,#6522,#6523,#6524));
#860=EDGE_LOOP('',(#6525,#6526,#6527,#6528));
#861=EDGE_LOOP('',(#6529,#6530,#6531,#6532));
#862=EDGE_LOOP('',(#6533,#6534,#6535,#6536));
#863=EDGE_LOOP('',(#6537,#6538,#6539,#6540));
#864=EDGE_LOOP('',(#6541,#6542,#6543,#6544));
#865=EDGE_LOOP('',(#6545,#6546,#6547,#6548));
#866=EDGE_LOOP('',(#6549,#6550,#6551,#6552));
#867=EDGE_LOOP('',(#6553,#6554,#6555,#6556));
#868=EDGE_LOOP('',(#6557,#6558,#6559,#6560));
#869=EDGE_LOOP('',(#6561,#6562,#6563,#6564));
#870=EDGE_LOOP('',(#6565,#6566,#6567,#6568));
#871=EDGE_LOOP('',(#6569,#6570,#6571,#6572));
#872=EDGE_LOOP('',(#6573,#6574,#6575,#6576));
#873=EDGE_LOOP('',(#6577,#6578,#6579,#6580));
#874=EDGE_LOOP('',(#6581,#6582,#6583,#6584));
#875=EDGE_LOOP('',(#6585,#6586,#6587,#6588));
#876=EDGE_LOOP('',(#6589,#6590,#6591,#6592));
#877=EDGE_LOOP('',(#6593,#6594,#6595,#6596));
#878=EDGE_LOOP('',(#6597,#6598,#6599,#6600));
#879=EDGE_LOOP('',(#6601,#6602,#6603,#6604));
#880=EDGE_LOOP('',(#6605,#6606,#6607,#6608));
#881=EDGE_LOOP('',(#6609,#6610,#6611,#6612));
#882=EDGE_LOOP('',(#6613,#6614,#6615,#6616));
#883=EDGE_LOOP('',(#6617,#6618,#6619,#6620));
#884=EDGE_LOOP('',(#6621,#6622,#6623,#6624));
#885=EDGE_LOOP('',(#6625,#6626,#6627,#6628));
#886=EDGE_LOOP('',(#6629,#6630,#6631,#6632));
#887=EDGE_LOOP('',(#6633,#6634,#6635,#6636));
#888=EDGE_LOOP('',(#6637,#6638,#6639,#6640));
#889=EDGE_LOOP('',(#6641,#6642,#6643,#6644));
#890=EDGE_LOOP('',(#6645,#6646,#6647,#6648));
#891=EDGE_LOOP('',(#6649,#6650,#6651,#6652));
#892=EDGE_LOOP('',(#6653,#6654,#6655,#6656));
#893=EDGE_LOOP('',(#6657,#6658,#6659,#6660));
#894=EDGE_LOOP('',(#6661,#6662,#6663,#6664));
#895=EDGE_LOOP('',(#6665,#6666,#6667,#6668));
#896=EDGE_LOOP('',(#6669,#6670,#6671,#6672));
#897=EDGE_LOOP('',(#6673,#6674,#6675,#6676));
#898=EDGE_LOOP('',(#6677,#6678,#6679,#6680));
#899=EDGE_LOOP('',(#6681,#6682,#6683,#6684));
#900=EDGE_LOOP('',(#6685,#6686,#6687,#6688));
#901=EDGE_LOOP('',(#6689,#6690,#6691,#6692));
#902=EDGE_LOOP('',(#6693,#6694,#6695,#6696));
#903=EDGE_LOOP('',(#6697,#6698,#6699,#6700));
#904=EDGE_LOOP('',(#6701,#6702,#6703,#6704));
#905=EDGE_LOOP('',(#6705,#6706,#6707,#6708));
#906=EDGE_LOOP('',(#6709,#6710,#6711,#6712));
#907=EDGE_LOOP('',(#6713,#6714,#6715,#6716));
#908=EDGE_LOOP('',(#6717,#6718,#6719,#6720));
#909=EDGE_LOOP('',(#6721,#6722,#6723,#6724));
#910=EDGE_LOOP('',(#6725,#6726,#6727,#6728));
#911=EDGE_LOOP('',(#6729,#6730,#6731,#6732));
#912=EDGE_LOOP('',(#6733,#6734,#6735,#6736));
#913=EDGE_LOOP('',(#6737,#6738,#6739,#6740));
#914=EDGE_LOOP('',(#6741,#6742,#6743,#6744));
#915=EDGE_LOOP('',(#6745,#6746,#6747,#6748));
#916=EDGE_LOOP('',(#6749,#6750,#6751,#6752));
#917=EDGE_LOOP('',(#6753,#6754,#6755,#6756));
#918=EDGE_LOOP('',(#6757,#6758,#6759,#6760));
#919=EDGE_LOOP('',(#6761,#6762,#6763,#6764));
#920=EDGE_LOOP('',(#6765,#6766,#6767,#6768));
#921=EDGE_LOOP('',(#6769,#6770,#6771,#6772));
#922=EDGE_LOOP('',(#6773,#6774,#6775,#6776));
#923=EDGE_LOOP('',(#6777,#6778,#6779,#6780));
#924=EDGE_LOOP('',(#6781,#6782,#6783,#6784));
#925=EDGE_LOOP('',(#6785,#6786,#6787,#6788));
#926=EDGE_LOOP('',(#6789,#6790,#6791,#6792));
#927=EDGE_LOOP('',(#6793,#6794,#6795,#6796));
#928=EDGE_LOOP('',(#6797,#6798,#6799,#6800));
#929=EDGE_LOOP('',(#6801,#6802,#6803,#6804));
#930=EDGE_LOOP('',(#6805,#6806,#6807,#6808));
#931=EDGE_LOOP('',(#6809,#6810,#6811,#6812));
#932=EDGE_LOOP('',(#6813,#6814,#6815,#6816));
#933=EDGE_LOOP('',(#6817,#6818,#6819,#6820));
#934=EDGE_LOOP('',(#6821,#6822,#6823,#6824));
#935=EDGE_LOOP('',(#6825,#6826,#6827,#6828));
#936=EDGE_LOOP('',(#6829,#6830,#6831,#6832));
#937=EDGE_LOOP('',(#6833,#6834,#6835,#6836));
#938=EDGE_LOOP('',(#6837,#6838,#6839,#6840));
#939=EDGE_LOOP('',(#6841,#6842,#6843,#6844));
#940=EDGE_LOOP('',(#6845,#6846,#6847,#6848));
#941=EDGE_LOOP('',(#6849,#6850,#6851,#6852));
#942=EDGE_LOOP('',(#6853,#6854,#6855,#6856));
#943=EDGE_LOOP('',(#6857,#6858,#6859,#6860));
#944=EDGE_LOOP('',(#6861,#6862,#6863,#6864));
#945=EDGE_LOOP('',(#6865,#6866,#6867,#6868));
#946=EDGE_LOOP('',(#6869,#6870,#6871,#6872));
#947=EDGE_LOOP('',(#6873,#6874,#6875,#6876));
#948=EDGE_LOOP('',(#6877,#6878,#6879,#6880));
#949=EDGE_LOOP('',(#6881,#6882,#6883,#6884));
#950=EDGE_LOOP('',(#6885,#6886,#6887,#6888));
#951=EDGE_LOOP('',(#6889,#6890,#6891,#6892));
#952=EDGE_LOOP('',(#6893,#6894,#6895,#6896));
#953=EDGE_LOOP('',(#6897,#6898,#6899,#6900));
#954=EDGE_LOOP('',(#6901,#6902,#6903,#6904));
#955=EDGE_LOOP('',(#6905,#6906,#6907,#6908));
#956=EDGE_LOOP('',(#6909,#6910,#6911,#6912));
#957=EDGE_LOOP('',(#6913,#6914,#6915,#6916));
#958=EDGE_LOOP('',(#6917,#6918,#6919,#6920));
#959=EDGE_LOOP('',(#6921,#6922,#6923,#6924));
#960=EDGE_LOOP('',(#6925,#6926,#6927,#6928));
#961=EDGE_LOOP('',(#6929,#6930,#6931,#6932));
#962=EDGE_LOOP('',(#6933,#6934,#6935,#6936));
#963=EDGE_LOOP('',(#6937,#6938,#6939,#6940));
#964=EDGE_LOOP('',(#6941,#6942,#6943,#6944));
#965=EDGE_LOOP('',(#6945,#6946,#6947,#6948));
#966=EDGE_LOOP('',(#6949,#6950,#6951,#6952));
#967=EDGE_LOOP('',(#6953,#6954,#6955,#6956));
#968=EDGE_LOOP('',(#6957,#6958,#6959,#6960));
#969=EDGE_LOOP('',(#6961,#6962,#6963,#6964));
#970=EDGE_LOOP('',(#6965,#6966,#6967,#6968));
#971=EDGE_LOOP('',(#6969,#6970,#6971,#6972));
#972=EDGE_LOOP('',(#6973,#6974,#6975,#6976));
#973=EDGE_LOOP('',(#6977,#6978,#6979,#6980));
#974=EDGE_LOOP('',(#6981,#6982,#6983,#6984));
#975=EDGE_LOOP('',(#6985,#6986,#6987,#6988));
#976=EDGE_LOOP('',(#6989,#6990,#6991,#6992));
#977=EDGE_LOOP('',(#6993,#6994,#6995,#6996));
#978=EDGE_LOOP('',(#6997,#6998,#6999,#7000));
#979=EDGE_LOOP('',(#7001,#7002,#7003,#7004));
#980=EDGE_LOOP('',(#7005,#7006,#7007,#7008));
#981=EDGE_LOOP('',(#7009,#7010,#7011,#7012));
#982=EDGE_LOOP('',(#7013,#7014,#7015,#7016));
#983=EDGE_LOOP('',(#7017,#7018,#7019,#7020));
#984=EDGE_LOOP('',(#7021,#7022,#7023,#7024));
#985=EDGE_LOOP('',(#7025,#7026,#7027,#7028));
#986=EDGE_LOOP('',(#7029,#7030,#7031,#7032));
#987=EDGE_LOOP('',(#7033,#7034,#7035,#7036));
#988=EDGE_LOOP('',(#7037,#7038,#7039,#7040));
#989=EDGE_LOOP('',(#7041,#7042,#7043,#7044));
#990=EDGE_LOOP('',(#7045,#7046,#7047,#7048));
#991=EDGE_LOOP('',(#7049,#7050,#7051,#7052));
#992=EDGE_LOOP('',(#7053,#7054,#7055,#7056));
#993=EDGE_LOOP('',(#7057,#7058,#7059,#7060));
#994=EDGE_LOOP('',(#7061,#7062,#7063,#7064));
#995=EDGE_LOOP('',(#7065,#7066,#7067,#7068));
#996=EDGE_LOOP('',(#7069,#7070,#7071,#7072));
#997=EDGE_LOOP('',(#7073,#7074,#7075,#7076));
#998=EDGE_LOOP('',(#7077,#7078,#7079,#7080));
#999=EDGE_LOOP('',(#7081,#7082,#7083,#7084));
#1000=EDGE_LOOP('',(#7085,#7086,#7087,#7088));
#1001=EDGE_LOOP('',(#7089,#7090,#7091,#7092));
#1002=EDGE_LOOP('',(#7093,#7094,#7095,#7096));
#1003=EDGE_LOOP('',(#7097,#7098,#7099,#7100));
#1004=EDGE_LOOP('',(#7101,#7102,#7103,#7104));
#1005=EDGE_LOOP('',(#7105,#7106,#7107,#7108));
#1006=EDGE_LOOP('',(#7109,#7110,#7111,#7112));
#1007=EDGE_LOOP('',(#7113,#7114,#7115,#7116));
#1008=EDGE_LOOP('',(#7117,#7118,#7119,#7120));
#1009=EDGE_LOOP('',(#7121,#7122,#7123,#7124));
#1010=EDGE_LOOP('',(#7125,#7126,#7127,#7128));
#1011=EDGE_LOOP('',(#7129,#7130,#7131,#7132));
#1012=EDGE_LOOP('',(#7133,#7134,#7135,#7136));
#1013=EDGE_LOOP('',(#7137,#7138,#7139,#7140));
#1014=EDGE_LOOP('',(#7141,#7142,#7143,#7144));
#1015=EDGE_LOOP('',(#7145,#7146,#7147,#7148));
#1016=EDGE_LOOP('',(#7149,#7150,#7151,#7152));
#1017=EDGE_LOOP('',(#7153,#7154,#7155,#7156));
#1018=EDGE_LOOP('',(#7157,#7158,#7159,#7160));
#1019=EDGE_LOOP('',(#7161,#7162,#7163,#7164));
#1020=EDGE_LOOP('',(#7165,#7166,#7167,#7168));
#1021=EDGE_LOOP('',(#7169,#7170,#7171,#7172));
#1022=EDGE_LOOP('',(#7173,#7174,#7175,#7176));
#1023=EDGE_LOOP('',(#7177,#7178,#7179,#7180));
#1024=EDGE_LOOP('',(#7181,#7182,#7183,#7184));
#1025=EDGE_LOOP('',(#7185,#7186,#7187,#7188));
#1026=EDGE_LOOP('',(#7189,#7190,#7191,#7192));
#1027=EDGE_LOOP('',(#7193,#7194,#7195,#7196));
#1028=EDGE_LOOP('',(#7197,#7198,#7199,#7200));
#1029=EDGE_LOOP('',(#7201,#7202,#7203,#7204));
#1030=EDGE_LOOP('',(#7205,#7206,#7207,#7208));
#1031=EDGE_LOOP('',(#7209,#7210,#7211,#7212));
#1032=EDGE_LOOP('',(#7213,#7214,#7215,#7216));
#1033=EDGE_LOOP('',(#7217,#7218,#7219,#7220));
#1034=EDGE_LOOP('',(#7221,#7222,#7223,#7224));
#1035=EDGE_LOOP('',(#7225,#7226,#7227,#7228));
#1036=EDGE_LOOP('',(#7229,#7230,#7231,#7232));
#1037=EDGE_LOOP('',(#7233,#7234,#7235,#7236));
#1038=EDGE_LOOP('',(#7237,#7238,#7239,#7240));
#1039=EDGE_LOOP('',(#7241,#7242,#7243,#7244));
#1040=EDGE_LOOP('',(#7245,#7246,#7247,#7248));
#1041=EDGE_LOOP('',(#7249,#7250,#7251,#7252));
#1042=EDGE_LOOP('',(#7253,#7254,#7255,#7256));
#1043=EDGE_LOOP('',(#7257,#7258,#7259,#7260));
#1044=EDGE_LOOP('',(#7261,#7262,#7263,#7264));
#1045=EDGE_LOOP('',(#7265,#7266,#7267,#7268));
#1046=EDGE_LOOP('',(#7269,#7270,#7271,#7272));
#1047=EDGE_LOOP('',(#7273,#7274,#7275,#7276));
#1048=EDGE_LOOP('',(#7277,#7278,#7279,#7280));
#1049=EDGE_LOOP('',(#7281,#7282,#7283,#7284));
#1050=EDGE_LOOP('',(#7285,#7286,#7287,#7288));
#1051=EDGE_LOOP('',(#7289,#7290,#7291,#7292));
#1052=EDGE_LOOP('',(#7293,#7294,#7295,#7296));
#1053=EDGE_LOOP('',(#7297,#7298,#7299,#7300));
#1054=EDGE_LOOP('',(#7301,#7302,#7303,#7304));
#1055=EDGE_LOOP('',(#7305,#7306,#7307,#7308));
#1056=EDGE_LOOP('',(#7309,#7310,#7311,#7312));
#1057=EDGE_LOOP('',(#7313,#7314,#7315,#7316));
#1058=EDGE_LOOP('',(#7317,#7318,#7319,#7320));
#1059=EDGE_LOOP('',(#7321,#7322,#7323,#7324));
#1060=EDGE_LOOP('',(#7325,#7326,#7327,#7328));
#1061=EDGE_LOOP('',(#7329,#7330,#7331,#7332));
#1062=EDGE_LOOP('',(#7333,#7334,#7335,#7336));
#1063=EDGE_LOOP('',(#7337,#7338,#7339,#7340));
#1064=EDGE_LOOP('',(#7341,#7342,#7343,#7344));
#1065=EDGE_LOOP('',(#7345,#7346,#7347,#7348));
#1066=EDGE_LOOP('',(#7349,#7350,#7351,#7352));
#1067=EDGE_LOOP('',(#7353,#7354,#7355,#7356));
#1068=EDGE_LOOP('',(#7357,#7358,#7359,#7360));
#1069=EDGE_LOOP('',(#7361,#7362,#7363,#7364));
#1070=EDGE_LOOP('',(#7365,#7366,#7367,#7368));
#1071=EDGE_LOOP('',(#7369,#7370,#7371,#7372));
#1072=EDGE_LOOP('',(#7373,#7374,#7375,#7376));
#1073=EDGE_LOOP('',(#7377,#7378,#7379,#7380));
#1074=EDGE_LOOP('',(#7381,#7382,#7383,#7384));
#1075=EDGE_LOOP('',(#7385,#7386,#7387,#7388));
#1076=EDGE_LOOP('',(#7389,#7390,#7391,#7392));
#1077=EDGE_LOOP('',(#7393,#7394,#7395,#7396));
#1078=EDGE_LOOP('',(#7397,#7398,#7399,#7400));
#1079=EDGE_LOOP('',(#7401,#7402,#7403,#7404));
#1080=EDGE_LOOP('',(#7405,#7406,#7407,#7408));
#1081=EDGE_LOOP('',(#7409,#7410,#7411,#7412));
#1082=EDGE_LOOP('',(#7413,#7414,#7415,#7416));
#1083=EDGE_LOOP('',(#7417,#7418,#7419,#7420));
#1084=EDGE_LOOP('',(#7421,#7422,#7423,#7424));
#1085=EDGE_LOOP('',(#7425,#7426,#7427,#7428));
#1086=EDGE_LOOP('',(#7429,#7430,#7431,#7432));
#1087=EDGE_LOOP('',(#7433,#7434,#7435,#7436));
#1088=EDGE_LOOP('',(#7437,#7438,#7439,#7440));
#1089=EDGE_LOOP('',(#7441,#7442,#7443,#7444));
#1090=EDGE_LOOP('',(#7445,#7446,#7447,#7448));
#1091=EDGE_LOOP('',(#7449,#7450,#7451,#7452));
#1092=EDGE_LOOP('',(#7453,#7454,#7455,#7456));
#1093=EDGE_LOOP('',(#7457,#7458,#7459,#7460));
#1094=EDGE_LOOP('',(#7461,#7462,#7463,#7464));
#1095=EDGE_LOOP('',(#7465,#7466,#7467,#7468));
#1096=EDGE_LOOP('',(#7469,#7470,#7471,#7472));
#1097=EDGE_LOOP('',(#7473,#7474,#7475,#7476));
#1098=EDGE_LOOP('',(#7477,#7478,#7479,#7480));
#1099=EDGE_LOOP('',(#7481,#7482,#7483,#7484));
#1100=EDGE_LOOP('',(#7485,#7486,#7487,#7488));
#1101=EDGE_LOOP('',(#7489,#7490,#7491,#7492));
#1102=EDGE_LOOP('',(#7493,#7494,#7495,#7496));
#1103=EDGE_LOOP('',(#7497,#7498,#7499,#7500));
#1104=EDGE_LOOP('',(#7501,#7502,#7503,#7504));
#1105=EDGE_LOOP('',(#7505,#7506,#7507,#7508));
#1106=EDGE_LOOP('',(#7509,#7510,#7511,#7512));
#1107=EDGE_LOOP('',(#7513,#7514,#7515,#7516));
#1108=EDGE_LOOP('',(#7517,#7518,#7519,#7520));
#1109=EDGE_LOOP('',(#7521,#7522,#7523,#7524));
#1110=EDGE_LOOP('',(#7525,#7526,#7527,#7528));
#1111=EDGE_LOOP('',(#7529,#7530,#7531,#7532));
#1112=EDGE_LOOP('',(#7533,#7534,#7535,#7536));
#1113=EDGE_LOOP('',(#7537,#7538,#7539,#7540));
#1114=EDGE_LOOP('',(#7541,#7542,#7543,#7544));
#1115=EDGE_LOOP('',(#7545,#7546,#7547,#7548));
#1116=EDGE_LOOP('',(#7549,#7550,#7551,#7552));
#1117=EDGE_LOOP('',(#7553,#7554,#7555,#7556));
#1118=EDGE_LOOP('',(#7557,#7558,#7559,#7560));
#1119=EDGE_LOOP('',(#7561,#7562,#7563,#7564));
#1120=EDGE_LOOP('',(#7565,#7566,#7567,#7568));
#1121=EDGE_LOOP('',(#7569,#7570,#7571,#7572));
#1122=EDGE_LOOP('',(#7573,#7574,#7575,#7576));
#1123=EDGE_LOOP('',(#7577,#7578,#7579,#7580));
#1124=EDGE_LOOP('',(#7581,#7582,#7583,#7584));
#1125=EDGE_LOOP('',(#7585,#7586,#7587,#7588));
#1126=EDGE_LOOP('',(#7589,#7590,#7591,#7592));
#1127=EDGE_LOOP('',(#7593,#7594,#7595,#7596));
#1128=EDGE_LOOP('',(#7597,#7598,#7599,#7600));
#1129=EDGE_LOOP('',(#7601,#7602,#7603,#7604));
#1130=EDGE_LOOP('',(#7605,#7606,#7607,#7608));
#1131=EDGE_LOOP('',(#7609,#7610,#7611,#7612));
#1132=EDGE_LOOP('',(#7613,#7614,#7615,#7616));
#1133=EDGE_LOOP('',(#7617,#7618,#7619,#7620));
#1134=EDGE_LOOP('',(#7621,#7622,#7623,#7624,#7625));
#1135=EDGE_LOOP('',(#7626,#7627,#7628,#7629));
#1136=EDGE_LOOP('',(#7630,#7631,#7632,#7633,#7634));
#1137=EDGE_LOOP('',(#7635,#7636,#7637,#7638));
#1138=EDGE_LOOP('',(#7639,#7640,#7641,#7642));
#1139=EDGE_LOOP('',(#7643,#7644,#7645,#7646));
#1140=EDGE_LOOP('',(#7647,#7648,#7649,#7650));
#1141=EDGE_LOOP('',(#7651,#7652,#7653,#7654,#7655));
#1142=EDGE_LOOP('',(#7656,#7657,#7658,#7659));
#1143=EDGE_LOOP('',(#7660,#7661,#7662,#7663,#7664));
#1144=EDGE_LOOP('',(#7665,#7666,#7667,#7668));
#1145=EDGE_LOOP('',(#7669,#7670,#7671,#7672));
#1146=EDGE_LOOP('',(#7673,#7674,#7675,#7676,#7677));
#1147=EDGE_LOOP('',(#7678,#7679,#7680,#7681));
#1148=EDGE_LOOP('',(#7682,#7683,#7684,#7685,#7686));
#1149=EDGE_LOOP('',(#7687,#7688,#7689,#7690));
#1150=EDGE_LOOP('',(#7691,#7692,#7693,#7694));
#1151=EDGE_LOOP('',(#7695,#7696,#7697,#7698));
#1152=EDGE_LOOP('',(#7699,#7700,#7701,#7702));
#1153=EDGE_LOOP('',(#7703,#7704,#7705,#7706,#7707));
#1154=EDGE_LOOP('',(#7708,#7709,#7710,#7711));
#1155=EDGE_LOOP('',(#7712,#7713,#7714,#7715,#7716));
#1156=EDGE_LOOP('',(#7717,#7718,#7719,#7720));
#1157=EDGE_LOOP('',(#7721,#7722,#7723,#7724,#7725));
#1158=EDGE_LOOP('',(#7726,#7727,#7728,#7729));
#1159=EDGE_LOOP('',(#7730,#7731,#7732,#7733,#7734));
#1160=EDGE_LOOP('',(#7735,#7736,#7737,#7738));
#1161=EDGE_LOOP('',(#7739,#7740,#7741,#7742,#7743));
#1162=EDGE_LOOP('',(#7744,#7745,#7746,#7747));
#1163=EDGE_LOOP('',(#7748,#7749,#7750,#7751));
#1164=EDGE_LOOP('',(#7752,#7753,#7754,#7755));
#1165=EDGE_LOOP('',(#7756,#7757,#7758,#7759));
#1166=EDGE_LOOP('',(#7760,#7761,#7762,#7763));
#1167=EDGE_LOOP('',(#7764,#7765,#7766,#7767));
#1168=EDGE_LOOP('',(#7768,#7769,#7770,#7771));
#1169=EDGE_LOOP('',(#7772,#7773,#7774,#7775));
#1170=EDGE_LOOP('',(#7776,#7777,#7778,#7779));
#1171=EDGE_LOOP('',(#7780,#7781,#7782,#7783));
#1172=EDGE_LOOP('',(#7784,#7785,#7786,#7787));
#1173=EDGE_LOOP('',(#7788,#7789,#7790,#7791));
#1174=EDGE_LOOP('',(#7792,#7793,#7794,#7795));
#1175=EDGE_LOOP('',(#7796,#7797,#7798,#7799,#7800));
#1176=EDGE_LOOP('',(#7801,#7802,#7803,#7804));
#1177=EDGE_LOOP('',(#7805,#7806,#7807,#7808,#7809));
#1178=EDGE_LOOP('',(#7810,#7811,#7812,#7813));
#1179=EDGE_LOOP('',(#7814,#7815,#7816,#7817,#7818));
#1180=EDGE_LOOP('',(#7819,#7820,#7821,#7822));
#1181=EDGE_LOOP('',(#7823,#7824,#7825,#7826));
#1182=EDGE_LOOP('',(#7827,#7828,#7829,#7830));
#1183=EDGE_LOOP('',(#7831,#7832,#7833,#7834));
#1184=EDGE_LOOP('',(#7835,#7836,#7837,#7838));
#1185=EDGE_LOOP('',(#7839,#7840,#7841,#7842));
#1186=EDGE_LOOP('',(#7843,#7844,#7845,#7846,#7847,#7848));
#1187=EDGE_LOOP('',(#7849,#7850,#7851,#7852));
#1188=EDGE_LOOP('',(#7853,#7854,#7855,#7856,#7857,#7858,#7859,#7860,#7861,
#7862));
#1189=EDGE_LOOP('',(#7863,#7864,#7865,#7866,#7867));
#1190=EDGE_LOOP('',(#7868,#7869,#7870,#7871,#7872,#7873,#7874,#7875));
#1191=EDGE_LOOP('',(#7876,#7877,#7878,#7879,#7880));
#1192=EDGE_LOOP('',(#7881,#7882,#7883,#7884,#7885,#7886,#7887,#7888,#7889,
#7890,#7891,#7892,#7893,#7894,#7895,#7896,#7897,#7898,#7899,#7900,#7901,
#7902,#7903,#7904,#7905,#7906,#7907,#7908,#7909,#7910));
#1193=EDGE_LOOP('',(#7911,#7912,#7913,#7914));
#1194=EDGE_LOOP('',(#7915,#7916,#7917,#7918));
#1195=EDGE_LOOP('',(#7919,#7920,#7921,#7922));
#1196=EDGE_LOOP('',(#7923,#7924,#7925,#7926));
#1197=EDGE_LOOP('',(#7927,#7928,#7929,#7930));
#1198=EDGE_LOOP('',(#7931,#7932,#7933,#7934));
#1199=EDGE_LOOP('',(#7935,#7936,#7937,#7938));
#1200=EDGE_LOOP('',(#7939,#7940,#7941,#7942));
#1201=EDGE_LOOP('',(#7943));
#1202=EDGE_LOOP('',(#7944));
#1203=EDGE_LOOP('',(#7945));
#1204=EDGE_LOOP('',(#7946));
#1205=EDGE_LOOP('',(#7947,#7948,#7949,#7950,#7951,#7952,#7953,#7954,#7955,
#7956,#7957,#7958));
#1206=EDGE_LOOP('',(#7959,#7960,#7961,#7962));
#1207=EDGE_LOOP('',(#7963,#7964,#7965,#7966));
#1208=EDGE_LOOP('',(#7967,#7968,#7969,#7970));
#1209=EDGE_LOOP('',(#7971,#7972,#7973,#7974));
#1210=EDGE_LOOP('',(#7975,#7976,#7977,#7978));
#1211=EDGE_LOOP('',(#7979,#7980,#7981,#7982));
#1212=EDGE_LOOP('',(#7983,#7984,#7985,#7986));
#1213=EDGE_LOOP('',(#7987,#7988,#7989,#7990));
#1214=EDGE_LOOP('',(#7991,#7992,#7993,#7994));
#1215=EDGE_LOOP('',(#7995,#7996,#7997,#7998));
#1216=EDGE_LOOP('',(#7999,#8000,#8001,#8002));
#1217=EDGE_LOOP('',(#8003,#8004,#8005,#8006));
#1218=EDGE_LOOP('',(#8007,#8008,#8009,#8010));
#1219=EDGE_LOOP('',(#8011,#8012,#8013,#8014));
#1220=EDGE_LOOP('',(#8015,#8016,#8017,#8018));
#1221=EDGE_LOOP('',(#8019,#8020,#8021,#8022));
#1222=EDGE_LOOP('',(#8023,#8024,#8025,#8026));
#1223=EDGE_LOOP('',(#8027,#8028,#8029,#8030));
#1224=EDGE_LOOP('',(#8031,#8032,#8033,#8034));
#1225=EDGE_LOOP('',(#8035,#8036,#8037,#8038));
#1226=EDGE_LOOP('',(#8039,#8040,#8041,#8042));
#1227=EDGE_LOOP('',(#8043,#8044,#8045,#8046));
#1228=EDGE_LOOP('',(#8047,#8048,#8049,#8050));
#1229=EDGE_LOOP('',(#8051,#8052,#8053,#8054));
#1230=EDGE_LOOP('',(#8055,#8056,#8057,#8058));
#1231=EDGE_LOOP('',(#8059,#8060,#8061,#8062));
#1232=EDGE_LOOP('',(#8063,#8064,#8065,#8066));
#1233=EDGE_LOOP('',(#8067,#8068,#8069,#8070));
#1234=EDGE_LOOP('',(#8071,#8072,#8073,#8074));
#1235=EDGE_LOOP('',(#8075,#8076,#8077,#8078));
#1236=EDGE_LOOP('',(#8079,#8080,#8081,#8082));
#1237=EDGE_LOOP('',(#8083,#8084,#8085,#8086));
#1238=EDGE_LOOP('',(#8087,#8088,#8089,#8090));
#1239=EDGE_LOOP('',(#8091,#8092,#8093,#8094));
#1240=EDGE_LOOP('',(#8095,#8096,#8097,#8098));
#1241=EDGE_LOOP('',(#8099,#8100,#8101,#8102));
#1242=EDGE_LOOP('',(#8103,#8104,#8105,#8106));
#1243=EDGE_LOOP('',(#8107,#8108,#8109,#8110));
#1244=EDGE_LOOP('',(#8111,#8112,#8113,#8114));
#1245=EDGE_LOOP('',(#8115,#8116,#8117,#8118));
#1246=EDGE_LOOP('',(#8119,#8120,#8121,#8122));
#1247=EDGE_LOOP('',(#8123));
#1248=EDGE_LOOP('',(#8124));
#1249=EDGE_LOOP('',(#8125));
#1250=EDGE_LOOP('',(#8126));
#1251=LINE('',#11925,#2451);
#1252=LINE('',#11927,#2452);
#1253=LINE('',#11929,#2453);
#1254=LINE('',#11930,#2454);
#1255=LINE('',#11933,#2455);
#1256=LINE('',#11935,#2456);
#1257=LINE('',#11936,#2457);
#1258=LINE('',#11939,#2458);
#1259=LINE('',#11941,#2459);
#1260=LINE('',#11942,#2460);
#1261=LINE('',#11944,#2461);
#1262=LINE('',#11945,#2462);
#1263=LINE('',#11950,#2463);
#1264=LINE('',#11952,#2464);
#1265=LINE('',#11954,#2465);
#1266=LINE('',#11955,#2466);
#1267=LINE('',#11958,#2467);
#1268=LINE('',#11960,#2468);
#1269=LINE('',#11961,#2469);
#1270=LINE('',#11964,#2470);
#1271=LINE('',#11966,#2471);
#1272=LINE('',#11967,#2472);
#1273=LINE('',#11969,#2473);
#1274=LINE('',#11970,#2474);
#1275=LINE('',#11975,#2475);
#1276=LINE('',#11977,#2476);
#1277=LINE('',#11979,#2477);
#1278=LINE('',#11981,#2478);
#1279=LINE('',#11982,#2479);
#1280=LINE('',#11985,#2480);
#1281=LINE('',#11987,#2481);
#1282=LINE('',#11988,#2482);
#1283=LINE('',#11991,#2483);
#1284=LINE('',#11993,#2484);
#1285=LINE('',#11995,#2485);
#1286=LINE('',#11996,#2486);
#1287=LINE('',#12002,#2487);
#1288=LINE('',#12005,#2488);
#1289=LINE('',#12007,#2489);
#1290=LINE('',#12008,#2490);
#1291=LINE('',#12014,#2491);
#1292=LINE('',#12018,#2492);
#1293=LINE('',#12020,#2493);
#1294=LINE('',#12022,#2494);
#1295=LINE('',#12023,#2495);
#1296=LINE('',#12026,#2496);
#1297=LINE('',#12028,#2497);
#1298=LINE('',#12029,#2498);
#1299=LINE('',#12032,#2499);
#1300=LINE('',#12034,#2500);
#1301=LINE('',#12035,#2501);
#1302=LINE('',#12037,#2502);
#1303=LINE('',#12038,#2503);
#1304=LINE('',#12043,#2504);
#1305=LINE('',#12045,#2505);
#1306=LINE('',#12047,#2506);
#1307=LINE('',#12048,#2507);
#1308=LINE('',#12051,#2508);
#1309=LINE('',#12053,#2509);
#1310=LINE('',#12054,#2510);
#1311=LINE('',#12057,#2511);
#1312=LINE('',#12059,#2512);
#1313=LINE('',#12060,#2513);
#1314=LINE('',#12062,#2514);
#1315=LINE('',#12063,#2515);
#1316=LINE('',#12068,#2516);
#1317=LINE('',#12070,#2517);
#1318=LINE('',#12072,#2518);
#1319=LINE('',#12073,#2519);
#1320=LINE('',#12076,#2520);
#1321=LINE('',#12078,#2521);
#1322=LINE('',#12079,#2522);
#1323=LINE('',#12082,#2523);
#1324=LINE('',#12084,#2524);
#1325=LINE('',#12085,#2525);
#1326=LINE('',#12087,#2526);
#1327=LINE('',#12088,#2527);
#1328=LINE('',#12093,#2528);
#1329=LINE('',#12095,#2529);
#1330=LINE('',#12097,#2530);
#1331=LINE('',#12098,#2531);
#1332=LINE('',#12101,#2532);
#1333=LINE('',#12103,#2533);
#1334=LINE('',#12104,#2534);
#1335=LINE('',#12107,#2535);
#1336=LINE('',#12109,#2536);
#1337=LINE('',#12110,#2537);
#1338=LINE('',#12112,#2538);
#1339=LINE('',#12113,#2539);
#1340=LINE('',#12118,#2540);
#1341=LINE('',#12120,#2541);
#1342=LINE('',#12122,#2542);
#1343=LINE('',#12123,#2543);
#1344=LINE('',#12126,#2544);
#1345=LINE('',#12128,#2545);
#1346=LINE('',#12129,#2546);
#1347=LINE('',#12132,#2547);
#1348=LINE('',#12134,#2548);
#1349=LINE('',#12135,#2549);
#1350=LINE('',#12137,#2550);
#1351=LINE('',#12138,#2551);
#1352=LINE('',#12143,#2552);
#1353=LINE('',#12145,#2553);
#1354=LINE('',#12147,#2554);
#1355=LINE('',#12148,#2555);
#1356=LINE('',#12151,#2556);
#1357=LINE('',#12153,#2557);
#1358=LINE('',#12154,#2558);
#1359=LINE('',#12157,#2559);
#1360=LINE('',#12159,#2560);
#1361=LINE('',#12160,#2561);
#1362=LINE('',#12162,#2562);
#1363=LINE('',#12163,#2563);
#1364=LINE('',#12168,#2564);
#1365=LINE('',#12170,#2565);
#1366=LINE('',#12172,#2566);
#1367=LINE('',#12173,#2567);
#1368=LINE('',#12176,#2568);
#1369=LINE('',#12178,#2569);
#1370=LINE('',#12179,#2570);
#1371=LINE('',#12182,#2571);
#1372=LINE('',#12184,#2572);
#1373=LINE('',#12185,#2573);
#1374=LINE('',#12187,#2574);
#1375=LINE('',#12188,#2575);
#1376=LINE('',#12193,#2576);
#1377=LINE('',#12195,#2577);
#1378=LINE('',#12197,#2578);
#1379=LINE('',#12198,#2579);
#1380=LINE('',#12201,#2580);
#1381=LINE('',#12203,#2581);
#1382=LINE('',#12204,#2582);
#1383=LINE('',#12207,#2583);
#1384=LINE('',#12209,#2584);
#1385=LINE('',#12210,#2585);
#1386=LINE('',#12212,#2586);
#1387=LINE('',#12213,#2587);
#1388=LINE('',#12218,#2588);
#1389=LINE('',#12220,#2589);
#1390=LINE('',#12222,#2590);
#1391=LINE('',#12223,#2591);
#1392=LINE('',#12226,#2592);
#1393=LINE('',#12228,#2593);
#1394=LINE('',#12229,#2594);
#1395=LINE('',#12232,#2595);
#1396=LINE('',#12234,#2596);
#1397=LINE('',#12235,#2597);
#1398=LINE('',#12237,#2598);
#1399=LINE('',#12238,#2599);
#1400=LINE('',#12243,#2600);
#1401=LINE('',#12245,#2601);
#1402=LINE('',#12247,#2602);
#1403=LINE('',#12248,#2603);
#1404=LINE('',#12251,#2604);
#1405=LINE('',#12253,#2605);
#1406=LINE('',#12254,#2606);
#1407=LINE('',#12257,#2607);
#1408=LINE('',#12259,#2608);
#1409=LINE('',#12260,#2609);
#1410=LINE('',#12262,#2610);
#1411=LINE('',#12263,#2611);
#1412=LINE('',#12268,#2612);
#1413=LINE('',#12270,#2613);
#1414=LINE('',#12272,#2614);
#1415=LINE('',#12273,#2615);
#1416=LINE('',#12276,#2616);
#1417=LINE('',#12278,#2617);
#1418=LINE('',#12279,#2618);
#1419=LINE('',#12282,#2619);
#1420=LINE('',#12284,#2620);
#1421=LINE('',#12285,#2621);
#1422=LINE('',#12287,#2622);
#1423=LINE('',#12288,#2623);
#1424=LINE('',#12293,#2624);
#1425=LINE('',#12295,#2625);
#1426=LINE('',#12297,#2626);
#1427=LINE('',#12298,#2627);
#1428=LINE('',#12301,#2628);
#1429=LINE('',#12303,#2629);
#1430=LINE('',#12304,#2630);
#1431=LINE('',#12307,#2631);
#1432=LINE('',#12309,#2632);
#1433=LINE('',#12310,#2633);
#1434=LINE('',#12312,#2634);
#1435=LINE('',#12313,#2635);
#1436=LINE('',#12318,#2636);
#1437=LINE('',#12320,#2637);
#1438=LINE('',#12322,#2638);
#1439=LINE('',#12323,#2639);
#1440=LINE('',#12326,#2640);
#1441=LINE('',#12328,#2641);
#1442=LINE('',#12329,#2642);
#1443=LINE('',#12332,#2643);
#1444=LINE('',#12334,#2644);
#1445=LINE('',#12335,#2645);
#1446=LINE('',#12337,#2646);
#1447=LINE('',#12338,#2647);
#1448=LINE('',#12343,#2648);
#1449=LINE('',#12345,#2649);
#1450=LINE('',#12347,#2650);
#1451=LINE('',#12348,#2651);
#1452=LINE('',#12351,#2652);
#1453=LINE('',#12353,#2653);
#1454=LINE('',#12354,#2654);
#1455=LINE('',#12357,#2655);
#1456=LINE('',#12359,#2656);
#1457=LINE('',#12360,#2657);
#1458=LINE('',#12362,#2658);
#1459=LINE('',#12363,#2659);
#1460=LINE('',#12368,#2660);
#1461=LINE('',#12370,#2661);
#1462=LINE('',#12372,#2662);
#1463=LINE('',#12373,#2663);
#1464=LINE('',#12376,#2664);
#1465=LINE('',#12378,#2665);
#1466=LINE('',#12379,#2666);
#1467=LINE('',#12382,#2667);
#1468=LINE('',#12384,#2668);
#1469=LINE('',#12385,#2669);
#1470=LINE('',#12387,#2670);
#1471=LINE('',#12388,#2671);
#1472=LINE('',#12393,#2672);
#1473=LINE('',#12395,#2673);
#1474=LINE('',#12397,#2674);
#1475=LINE('',#12398,#2675);
#1476=LINE('',#12401,#2676);
#1477=LINE('',#12403,#2677);
#1478=LINE('',#12404,#2678);
#1479=LINE('',#12407,#2679);
#1480=LINE('',#12409,#2680);
#1481=LINE('',#12410,#2681);
#1482=LINE('',#12412,#2682);
#1483=LINE('',#12413,#2683);
#1484=LINE('',#12418,#2684);
#1485=LINE('',#12420,#2685);
#1486=LINE('',#12422,#2686);
#1487=LINE('',#12423,#2687);
#1488=LINE('',#12426,#2688);
#1489=LINE('',#12428,#2689);
#1490=LINE('',#12429,#2690);
#1491=LINE('',#12432,#2691);
#1492=LINE('',#12434,#2692);
#1493=LINE('',#12435,#2693);
#1494=LINE('',#12437,#2694);
#1495=LINE('',#12438,#2695);
#1496=LINE('',#12443,#2696);
#1497=LINE('',#12445,#2697);
#1498=LINE('',#12447,#2698);
#1499=LINE('',#12448,#2699);
#1500=LINE('',#12451,#2700);
#1501=LINE('',#12453,#2701);
#1502=LINE('',#12454,#2702);
#1503=LINE('',#12457,#2703);
#1504=LINE('',#12459,#2704);
#1505=LINE('',#12460,#2705);
#1506=LINE('',#12462,#2706);
#1507=LINE('',#12463,#2707);
#1508=LINE('',#12468,#2708);
#1509=LINE('',#12470,#2709);
#1510=LINE('',#12472,#2710);
#1511=LINE('',#12473,#2711);
#1512=LINE('',#12476,#2712);
#1513=LINE('',#12478,#2713);
#1514=LINE('',#12479,#2714);
#1515=LINE('',#12482,#2715);
#1516=LINE('',#12484,#2716);
#1517=LINE('',#12485,#2717);
#1518=LINE('',#12487,#2718);
#1519=LINE('',#12488,#2719);
#1520=LINE('',#12493,#2720);
#1521=LINE('',#12495,#2721);
#1522=LINE('',#12497,#2722);
#1523=LINE('',#12498,#2723);
#1524=LINE('',#12501,#2724);
#1525=LINE('',#12503,#2725);
#1526=LINE('',#12504,#2726);
#1527=LINE('',#12507,#2727);
#1528=LINE('',#12509,#2728);
#1529=LINE('',#12510,#2729);
#1530=LINE('',#12512,#2730);
#1531=LINE('',#12513,#2731);
#1532=LINE('',#12518,#2732);
#1533=LINE('',#12520,#2733);
#1534=LINE('',#12522,#2734);
#1535=LINE('',#12523,#2735);
#1536=LINE('',#12526,#2736);
#1537=LINE('',#12528,#2737);
#1538=LINE('',#12529,#2738);
#1539=LINE('',#12532,#2739);
#1540=LINE('',#12534,#2740);
#1541=LINE('',#12535,#2741);
#1542=LINE('',#12537,#2742);
#1543=LINE('',#12538,#2743);
#1544=LINE('',#12543,#2744);
#1545=LINE('',#12545,#2745);
#1546=LINE('',#12547,#2746);
#1547=LINE('',#12548,#2747);
#1548=LINE('',#12551,#2748);
#1549=LINE('',#12553,#2749);
#1550=LINE('',#12554,#2750);
#1551=LINE('',#12557,#2751);
#1552=LINE('',#12559,#2752);
#1553=LINE('',#12560,#2753);
#1554=LINE('',#12562,#2754);
#1555=LINE('',#12563,#2755);
#1556=LINE('',#12568,#2756);
#1557=LINE('',#12570,#2757);
#1558=LINE('',#12572,#2758);
#1559=LINE('',#12573,#2759);
#1560=LINE('',#12576,#2760);
#1561=LINE('',#12578,#2761);
#1562=LINE('',#12579,#2762);
#1563=LINE('',#12582,#2763);
#1564=LINE('',#12584,#2764);
#1565=LINE('',#12585,#2765);
#1566=LINE('',#12587,#2766);
#1567=LINE('',#12588,#2767);
#1568=LINE('',#12593,#2768);
#1569=LINE('',#12595,#2769);
#1570=LINE('',#12597,#2770);
#1571=LINE('',#12598,#2771);
#1572=LINE('',#12601,#2772);
#1573=LINE('',#12603,#2773);
#1574=LINE('',#12604,#2774);
#1575=LINE('',#12607,#2775);
#1576=LINE('',#12609,#2776);
#1577=LINE('',#12610,#2777);
#1578=LINE('',#12612,#2778);
#1579=LINE('',#12613,#2779);
#1580=LINE('',#12618,#2780);
#1581=LINE('',#12620,#2781);
#1582=LINE('',#12622,#2782);
#1583=LINE('',#12623,#2783);
#1584=LINE('',#12626,#2784);
#1585=LINE('',#12628,#2785);
#1586=LINE('',#12629,#2786);
#1587=LINE('',#12632,#2787);
#1588=LINE('',#12634,#2788);
#1589=LINE('',#12635,#2789);
#1590=LINE('',#12637,#2790);
#1591=LINE('',#12638,#2791);
#1592=LINE('',#12643,#2792);
#1593=LINE('',#12645,#2793);
#1594=LINE('',#12647,#2794);
#1595=LINE('',#12648,#2795);
#1596=LINE('',#12651,#2796);
#1597=LINE('',#12653,#2797);
#1598=LINE('',#12654,#2798);
#1599=LINE('',#12657,#2799);
#1600=LINE('',#12659,#2800);
#1601=LINE('',#12660,#2801);
#1602=LINE('',#12662,#2802);
#1603=LINE('',#12663,#2803);
#1604=LINE('',#12668,#2804);
#1605=LINE('',#12670,#2805);
#1606=LINE('',#12672,#2806);
#1607=LINE('',#12673,#2807);
#1608=LINE('',#12676,#2808);
#1609=LINE('',#12678,#2809);
#1610=LINE('',#12679,#2810);
#1611=LINE('',#12682,#2811);
#1612=LINE('',#12684,#2812);
#1613=LINE('',#12685,#2813);
#1614=LINE('',#12687,#2814);
#1615=LINE('',#12688,#2815);
#1616=LINE('',#12693,#2816);
#1617=LINE('',#12695,#2817);
#1618=LINE('',#12697,#2818);
#1619=LINE('',#12698,#2819);
#1620=LINE('',#12701,#2820);
#1621=LINE('',#12703,#2821);
#1622=LINE('',#12704,#2822);
#1623=LINE('',#12707,#2823);
#1624=LINE('',#12709,#2824);
#1625=LINE('',#12710,#2825);
#1626=LINE('',#12712,#2826);
#1627=LINE('',#12713,#2827);
#1628=LINE('',#12718,#2828);
#1629=LINE('',#12720,#2829);
#1630=LINE('',#12722,#2830);
#1631=LINE('',#12723,#2831);
#1632=LINE('',#12726,#2832);
#1633=LINE('',#12728,#2833);
#1634=LINE('',#12729,#2834);
#1635=LINE('',#12732,#2835);
#1636=LINE('',#12734,#2836);
#1637=LINE('',#12735,#2837);
#1638=LINE('',#12737,#2838);
#1639=LINE('',#12738,#2839);
#1640=LINE('',#12743,#2840);
#1641=LINE('',#12745,#2841);
#1642=LINE('',#12747,#2842);
#1643=LINE('',#12748,#2843);
#1644=LINE('',#12751,#2844);
#1645=LINE('',#12753,#2845);
#1646=LINE('',#12754,#2846);
#1647=LINE('',#12757,#2847);
#1648=LINE('',#12759,#2848);
#1649=LINE('',#12760,#2849);
#1650=LINE('',#12762,#2850);
#1651=LINE('',#12763,#2851);
#1652=LINE('',#12768,#2852);
#1653=LINE('',#12770,#2853);
#1654=LINE('',#12772,#2854);
#1655=LINE('',#12773,#2855);
#1656=LINE('',#12776,#2856);
#1657=LINE('',#12778,#2857);
#1658=LINE('',#12779,#2858);
#1659=LINE('',#12782,#2859);
#1660=LINE('',#12784,#2860);
#1661=LINE('',#12785,#2861);
#1662=LINE('',#12787,#2862);
#1663=LINE('',#12788,#2863);
#1664=LINE('',#12793,#2864);
#1665=LINE('',#12795,#2865);
#1666=LINE('',#12797,#2866);
#1667=LINE('',#12798,#2867);
#1668=LINE('',#12801,#2868);
#1669=LINE('',#12803,#2869);
#1670=LINE('',#12804,#2870);
#1671=LINE('',#12807,#2871);
#1672=LINE('',#12809,#2872);
#1673=LINE('',#12810,#2873);
#1674=LINE('',#12812,#2874);
#1675=LINE('',#12813,#2875);
#1676=LINE('',#12818,#2876);
#1677=LINE('',#12820,#2877);
#1678=LINE('',#12822,#2878);
#1679=LINE('',#12823,#2879);
#1680=LINE('',#12826,#2880);
#1681=LINE('',#12828,#2881);
#1682=LINE('',#12829,#2882);
#1683=LINE('',#12832,#2883);
#1684=LINE('',#12834,#2884);
#1685=LINE('',#12835,#2885);
#1686=LINE('',#12837,#2886);
#1687=LINE('',#12838,#2887);
#1688=LINE('',#12843,#2888);
#1689=LINE('',#12845,#2889);
#1690=LINE('',#12847,#2890);
#1691=LINE('',#12848,#2891);
#1692=LINE('',#12851,#2892);
#1693=LINE('',#12853,#2893);
#1694=LINE('',#12854,#2894);
#1695=LINE('',#12857,#2895);
#1696=LINE('',#12859,#2896);
#1697=LINE('',#12860,#2897);
#1698=LINE('',#12862,#2898);
#1699=LINE('',#12863,#2899);
#1700=LINE('',#12868,#2900);
#1701=LINE('',#12870,#2901);
#1702=LINE('',#12872,#2902);
#1703=LINE('',#12873,#2903);
#1704=LINE('',#12876,#2904);
#1705=LINE('',#12878,#2905);
#1706=LINE('',#12879,#2906);
#1707=LINE('',#12882,#2907);
#1708=LINE('',#12884,#2908);
#1709=LINE('',#12885,#2909);
#1710=LINE('',#12887,#2910);
#1711=LINE('',#12888,#2911);
#1712=LINE('',#12893,#2912);
#1713=LINE('',#12895,#2913);
#1714=LINE('',#12897,#2914);
#1715=LINE('',#12898,#2915);
#1716=LINE('',#12901,#2916);
#1717=LINE('',#12903,#2917);
#1718=LINE('',#12904,#2918);
#1719=LINE('',#12907,#2919);
#1720=LINE('',#12909,#2920);
#1721=LINE('',#12910,#2921);
#1722=LINE('',#12912,#2922);
#1723=LINE('',#12913,#2923);
#1724=LINE('',#12918,#2924);
#1725=LINE('',#12920,#2925);
#1726=LINE('',#12922,#2926);
#1727=LINE('',#12923,#2927);
#1728=LINE('',#12926,#2928);
#1729=LINE('',#12928,#2929);
#1730=LINE('',#12929,#2930);
#1731=LINE('',#12932,#2931);
#1732=LINE('',#12934,#2932);
#1733=LINE('',#12935,#2933);
#1734=LINE('',#12937,#2934);
#1735=LINE('',#12938,#2935);
#1736=LINE('',#12943,#2936);
#1737=LINE('',#12945,#2937);
#1738=LINE('',#12947,#2938);
#1739=LINE('',#12948,#2939);
#1740=LINE('',#12951,#2940);
#1741=LINE('',#12953,#2941);
#1742=LINE('',#12954,#2942);
#1743=LINE('',#12957,#2943);
#1744=LINE('',#12959,#2944);
#1745=LINE('',#12960,#2945);
#1746=LINE('',#12962,#2946);
#1747=LINE('',#12963,#2947);
#1748=LINE('',#12968,#2948);
#1749=LINE('',#12970,#2949);
#1750=LINE('',#12972,#2950);
#1751=LINE('',#12973,#2951);
#1752=LINE('',#12976,#2952);
#1753=LINE('',#12978,#2953);
#1754=LINE('',#12979,#2954);
#1755=LINE('',#12982,#2955);
#1756=LINE('',#12984,#2956);
#1757=LINE('',#12985,#2957);
#1758=LINE('',#12987,#2958);
#1759=LINE('',#12988,#2959);
#1760=LINE('',#12993,#2960);
#1761=LINE('',#12995,#2961);
#1762=LINE('',#12997,#2962);
#1763=LINE('',#12998,#2963);
#1764=LINE('',#13001,#2964);
#1765=LINE('',#13003,#2965);
#1766=LINE('',#13004,#2966);
#1767=LINE('',#13007,#2967);
#1768=LINE('',#13009,#2968);
#1769=LINE('',#13010,#2969);
#1770=LINE('',#13012,#2970);
#1771=LINE('',#13013,#2971);
#1772=LINE('',#13018,#2972);
#1773=LINE('',#13020,#2973);
#1774=LINE('',#13022,#2974);
#1775=LINE('',#13023,#2975);
#1776=LINE('',#13026,#2976);
#1777=LINE('',#13028,#2977);
#1778=LINE('',#13029,#2978);
#1779=LINE('',#13032,#2979);
#1780=LINE('',#13034,#2980);
#1781=LINE('',#13035,#2981);
#1782=LINE('',#13037,#2982);
#1783=LINE('',#13038,#2983);
#1784=LINE('',#13043,#2984);
#1785=LINE('',#13045,#2985);
#1786=LINE('',#13047,#2986);
#1787=LINE('',#13048,#2987);
#1788=LINE('',#13051,#2988);
#1789=LINE('',#13053,#2989);
#1790=LINE('',#13054,#2990);
#1791=LINE('',#13057,#2991);
#1792=LINE('',#13059,#2992);
#1793=LINE('',#13060,#2993);
#1794=LINE('',#13062,#2994);
#1795=LINE('',#13063,#2995);
#1796=LINE('',#13068,#2996);
#1797=LINE('',#13070,#2997);
#1798=LINE('',#13072,#2998);
#1799=LINE('',#13073,#2999);
#1800=LINE('',#13076,#3000);
#1801=LINE('',#13078,#3001);
#1802=LINE('',#13079,#3002);
#1803=LINE('',#13082,#3003);
#1804=LINE('',#13084,#3004);
#1805=LINE('',#13085,#3005);
#1806=LINE('',#13087,#3006);
#1807=LINE('',#13088,#3007);
#1808=LINE('',#13093,#3008);
#1809=LINE('',#13095,#3009);
#1810=LINE('',#13097,#3010);
#1811=LINE('',#13098,#3011);
#1812=LINE('',#13101,#3012);
#1813=LINE('',#13103,#3013);
#1814=LINE('',#13104,#3014);
#1815=LINE('',#13107,#3015);
#1816=LINE('',#13109,#3016);
#1817=LINE('',#13110,#3017);
#1818=LINE('',#13112,#3018);
#1819=LINE('',#13113,#3019);
#1820=LINE('',#13118,#3020);
#1821=LINE('',#13120,#3021);
#1822=LINE('',#13122,#3022);
#1823=LINE('',#13123,#3023);
#1824=LINE('',#13126,#3024);
#1825=LINE('',#13128,#3025);
#1826=LINE('',#13129,#3026);
#1827=LINE('',#13132,#3027);
#1828=LINE('',#13134,#3028);
#1829=LINE('',#13135,#3029);
#1830=LINE('',#13137,#3030);
#1831=LINE('',#13138,#3031);
#1832=LINE('',#13143,#3032);
#1833=LINE('',#13145,#3033);
#1834=LINE('',#13147,#3034);
#1835=LINE('',#13148,#3035);
#1836=LINE('',#13151,#3036);
#1837=LINE('',#13153,#3037);
#1838=LINE('',#13154,#3038);
#1839=LINE('',#13157,#3039);
#1840=LINE('',#13159,#3040);
#1841=LINE('',#13160,#3041);
#1842=LINE('',#13162,#3042);
#1843=LINE('',#13163,#3043);
#1844=LINE('',#13168,#3044);
#1845=LINE('',#13170,#3045);
#1846=LINE('',#13172,#3046);
#1847=LINE('',#13173,#3047);
#1848=LINE('',#13176,#3048);
#1849=LINE('',#13178,#3049);
#1850=LINE('',#13179,#3050);
#1851=LINE('',#13182,#3051);
#1852=LINE('',#13184,#3052);
#1853=LINE('',#13185,#3053);
#1854=LINE('',#13187,#3054);
#1855=LINE('',#13188,#3055);
#1856=LINE('',#13193,#3056);
#1857=LINE('',#13195,#3057);
#1858=LINE('',#13197,#3058);
#1859=LINE('',#13198,#3059);
#1860=LINE('',#13201,#3060);
#1861=LINE('',#13203,#3061);
#1862=LINE('',#13204,#3062);
#1863=LINE('',#13207,#3063);
#1864=LINE('',#13209,#3064);
#1865=LINE('',#13210,#3065);
#1866=LINE('',#13212,#3066);
#1867=LINE('',#13213,#3067);
#1868=LINE('',#13218,#3068);
#1869=LINE('',#13220,#3069);
#1870=LINE('',#13222,#3070);
#1871=LINE('',#13223,#3071);
#1872=LINE('',#13226,#3072);
#1873=LINE('',#13228,#3073);
#1874=LINE('',#13229,#3074);
#1875=LINE('',#13232,#3075);
#1876=LINE('',#13234,#3076);
#1877=LINE('',#13235,#3077);
#1878=LINE('',#13237,#3078);
#1879=LINE('',#13238,#3079);
#1880=LINE('',#13243,#3080);
#1881=LINE('',#13245,#3081);
#1882=LINE('',#13247,#3082);
#1883=LINE('',#13248,#3083);
#1884=LINE('',#13251,#3084);
#1885=LINE('',#13253,#3085);
#1886=LINE('',#13254,#3086);
#1887=LINE('',#13257,#3087);
#1888=LINE('',#13259,#3088);
#1889=LINE('',#13260,#3089);
#1890=LINE('',#13262,#3090);
#1891=LINE('',#13263,#3091);
#1892=LINE('',#13268,#3092);
#1893=LINE('',#13270,#3093);
#1894=LINE('',#13272,#3094);
#1895=LINE('',#13273,#3095);
#1896=LINE('',#13276,#3096);
#1897=LINE('',#13278,#3097);
#1898=LINE('',#13279,#3098);
#1899=LINE('',#13282,#3099);
#1900=LINE('',#13284,#3100);
#1901=LINE('',#13285,#3101);
#1902=LINE('',#13287,#3102);
#1903=LINE('',#13288,#3103);
#1904=LINE('',#13293,#3104);
#1905=LINE('',#13295,#3105);
#1906=LINE('',#13297,#3106);
#1907=LINE('',#13298,#3107);
#1908=LINE('',#13301,#3108);
#1909=LINE('',#13303,#3109);
#1910=LINE('',#13304,#3110);
#1911=LINE('',#13307,#3111);
#1912=LINE('',#13309,#3112);
#1913=LINE('',#13310,#3113);
#1914=LINE('',#13312,#3114);
#1915=LINE('',#13313,#3115);
#1916=LINE('',#13318,#3116);
#1917=LINE('',#13320,#3117);
#1918=LINE('',#13322,#3118);
#1919=LINE('',#13323,#3119);
#1920=LINE('',#13326,#3120);
#1921=LINE('',#13328,#3121);
#1922=LINE('',#13329,#3122);
#1923=LINE('',#13332,#3123);
#1924=LINE('',#13334,#3124);
#1925=LINE('',#13335,#3125);
#1926=LINE('',#13337,#3126);
#1927=LINE('',#13338,#3127);
#1928=LINE('',#13343,#3128);
#1929=LINE('',#13345,#3129);
#1930=LINE('',#13347,#3130);
#1931=LINE('',#13348,#3131);
#1932=LINE('',#13351,#3132);
#1933=LINE('',#13353,#3133);
#1934=LINE('',#13354,#3134);
#1935=LINE('',#13357,#3135);
#1936=LINE('',#13359,#3136);
#1937=LINE('',#13360,#3137);
#1938=LINE('',#13362,#3138);
#1939=LINE('',#13363,#3139);
#1940=LINE('',#13368,#3140);
#1941=LINE('',#13370,#3141);
#1942=LINE('',#13372,#3142);
#1943=LINE('',#13373,#3143);
#1944=LINE('',#13376,#3144);
#1945=LINE('',#13378,#3145);
#1946=LINE('',#13379,#3146);
#1947=LINE('',#13382,#3147);
#1948=LINE('',#13384,#3148);
#1949=LINE('',#13385,#3149);
#1950=LINE('',#13387,#3150);
#1951=LINE('',#13388,#3151);
#1952=LINE('',#13393,#3152);
#1953=LINE('',#13395,#3153);
#1954=LINE('',#13397,#3154);
#1955=LINE('',#13398,#3155);
#1956=LINE('',#13401,#3156);
#1957=LINE('',#13403,#3157);
#1958=LINE('',#13404,#3158);
#1959=LINE('',#13407,#3159);
#1960=LINE('',#13409,#3160);
#1961=LINE('',#13410,#3161);
#1962=LINE('',#13412,#3162);
#1963=LINE('',#13413,#3163);
#1964=LINE('',#13418,#3164);
#1965=LINE('',#13420,#3165);
#1966=LINE('',#13422,#3166);
#1967=LINE('',#13423,#3167);
#1968=LINE('',#13426,#3168);
#1969=LINE('',#13428,#3169);
#1970=LINE('',#13429,#3170);
#1971=LINE('',#13432,#3171);
#1972=LINE('',#13434,#3172);
#1973=LINE('',#13435,#3173);
#1974=LINE('',#13437,#3174);
#1975=LINE('',#13438,#3175);
#1976=LINE('',#13443,#3176);
#1977=LINE('',#13445,#3177);
#1978=LINE('',#13447,#3178);
#1979=LINE('',#13448,#3179);
#1980=LINE('',#13451,#3180);
#1981=LINE('',#13453,#3181);
#1982=LINE('',#13454,#3182);
#1983=LINE('',#13457,#3183);
#1984=LINE('',#13459,#3184);
#1985=LINE('',#13460,#3185);
#1986=LINE('',#13462,#3186);
#1987=LINE('',#13463,#3187);
#1988=LINE('',#13468,#3188);
#1989=LINE('',#13470,#3189);
#1990=LINE('',#13472,#3190);
#1991=LINE('',#13473,#3191);
#1992=LINE('',#13476,#3192);
#1993=LINE('',#13478,#3193);
#1994=LINE('',#13479,#3194);
#1995=LINE('',#13482,#3195);
#1996=LINE('',#13484,#3196);
#1997=LINE('',#13485,#3197);
#1998=LINE('',#13487,#3198);
#1999=LINE('',#13488,#3199);
#2000=LINE('',#13493,#3200);
#2001=LINE('',#13495,#3201);
#2002=LINE('',#13497,#3202);
#2003=LINE('',#13498,#3203);
#2004=LINE('',#13501,#3204);
#2005=LINE('',#13503,#3205);
#2006=LINE('',#13504,#3206);
#2007=LINE('',#13507,#3207);
#2008=LINE('',#13509,#3208);
#2009=LINE('',#13510,#3209);
#2010=LINE('',#13512,#3210);
#2011=LINE('',#13513,#3211);
#2012=LINE('',#13518,#3212);
#2013=LINE('',#13520,#3213);
#2014=LINE('',#13522,#3214);
#2015=LINE('',#13523,#3215);
#2016=LINE('',#13526,#3216);
#2017=LINE('',#13528,#3217);
#2018=LINE('',#13529,#3218);
#2019=LINE('',#13532,#3219);
#2020=LINE('',#13534,#3220);
#2021=LINE('',#13535,#3221);
#2022=LINE('',#13537,#3222);
#2023=LINE('',#13538,#3223);
#2024=LINE('',#13543,#3224);
#2025=LINE('',#13545,#3225);
#2026=LINE('',#13547,#3226);
#2027=LINE('',#13548,#3227);
#2028=LINE('',#13551,#3228);
#2029=LINE('',#13553,#3229);
#2030=LINE('',#13554,#3230);
#2031=LINE('',#13557,#3231);
#2032=LINE('',#13559,#3232);
#2033=LINE('',#13560,#3233);
#2034=LINE('',#13562,#3234);
#2035=LINE('',#13563,#3235);
#2036=LINE('',#13568,#3236);
#2037=LINE('',#13570,#3237);
#2038=LINE('',#13572,#3238);
#2039=LINE('',#13573,#3239);
#2040=LINE('',#13576,#3240);
#2041=LINE('',#13578,#3241);
#2042=LINE('',#13579,#3242);
#2043=LINE('',#13582,#3243);
#2044=LINE('',#13584,#3244);
#2045=LINE('',#13585,#3245);
#2046=LINE('',#13587,#3246);
#2047=LINE('',#13588,#3247);
#2048=LINE('',#13593,#3248);
#2049=LINE('',#13595,#3249);
#2050=LINE('',#13597,#3250);
#2051=LINE('',#13598,#3251);
#2052=LINE('',#13601,#3252);
#2053=LINE('',#13603,#3253);
#2054=LINE('',#13604,#3254);
#2055=LINE('',#13607,#3255);
#2056=LINE('',#13609,#3256);
#2057=LINE('',#13610,#3257);
#2058=LINE('',#13612,#3258);
#2059=LINE('',#13613,#3259);
#2060=LINE('',#13618,#3260);
#2061=LINE('',#13620,#3261);
#2062=LINE('',#13622,#3262);
#2063=LINE('',#13623,#3263);
#2064=LINE('',#13626,#3264);
#2065=LINE('',#13628,#3265);
#2066=LINE('',#13629,#3266);
#2067=LINE('',#13632,#3267);
#2068=LINE('',#13634,#3268);
#2069=LINE('',#13635,#3269);
#2070=LINE('',#13637,#3270);
#2071=LINE('',#13638,#3271);
#2072=LINE('',#13643,#3272);
#2073=LINE('',#13645,#3273);
#2074=LINE('',#13647,#3274);
#2075=LINE('',#13648,#3275);
#2076=LINE('',#13651,#3276);
#2077=LINE('',#13653,#3277);
#2078=LINE('',#13654,#3278);
#2079=LINE('',#13657,#3279);
#2080=LINE('',#13659,#3280);
#2081=LINE('',#13660,#3281);
#2082=LINE('',#13662,#3282);
#2083=LINE('',#13663,#3283);
#2084=LINE('',#13668,#3284);
#2085=LINE('',#13670,#3285);
#2086=LINE('',#13672,#3286);
#2087=LINE('',#13673,#3287);
#2088=LINE('',#13676,#3288);
#2089=LINE('',#13678,#3289);
#2090=LINE('',#13679,#3290);
#2091=LINE('',#13682,#3291);
#2092=LINE('',#13684,#3292);
#2093=LINE('',#13685,#3293);
#2094=LINE('',#13687,#3294);
#2095=LINE('',#13688,#3295);
#2096=LINE('',#13693,#3296);
#2097=LINE('',#13695,#3297);
#2098=LINE('',#13697,#3298);
#2099=LINE('',#13698,#3299);
#2100=LINE('',#13701,#3300);
#2101=LINE('',#13703,#3301);
#2102=LINE('',#13704,#3302);
#2103=LINE('',#13707,#3303);
#2104=LINE('',#13709,#3304);
#2105=LINE('',#13710,#3305);
#2106=LINE('',#13712,#3306);
#2107=LINE('',#13713,#3307);
#2108=LINE('',#13718,#3308);
#2109=LINE('',#13720,#3309);
#2110=LINE('',#13722,#3310);
#2111=LINE('',#13723,#3311);
#2112=LINE('',#13726,#3312);
#2113=LINE('',#13728,#3313);
#2114=LINE('',#13729,#3314);
#2115=LINE('',#13732,#3315);
#2116=LINE('',#13734,#3316);
#2117=LINE('',#13735,#3317);
#2118=LINE('',#13737,#3318);
#2119=LINE('',#13738,#3319);
#2120=LINE('',#13743,#3320);
#2121=LINE('',#13745,#3321);
#2122=LINE('',#13747,#3322);
#2123=LINE('',#13748,#3323);
#2124=LINE('',#13751,#3324);
#2125=LINE('',#13753,#3325);
#2126=LINE('',#13754,#3326);
#2127=LINE('',#13757,#3327);
#2128=LINE('',#13759,#3328);
#2129=LINE('',#13760,#3329);
#2130=LINE('',#13762,#3330);
#2131=LINE('',#13763,#3331);
#2132=LINE('',#13768,#3332);
#2133=LINE('',#13770,#3333);
#2134=LINE('',#13772,#3334);
#2135=LINE('',#13773,#3335);
#2136=LINE('',#13776,#3336);
#2137=LINE('',#13778,#3337);
#2138=LINE('',#13779,#3338);
#2139=LINE('',#13782,#3339);
#2140=LINE('',#13784,#3340);
#2141=LINE('',#13785,#3341);
#2142=LINE('',#13787,#3342);
#2143=LINE('',#13788,#3343);
#2144=LINE('',#13793,#3344);
#2145=LINE('',#13795,#3345);
#2146=LINE('',#13797,#3346);
#2147=LINE('',#13798,#3347);
#2148=LINE('',#13801,#3348);
#2149=LINE('',#13803,#3349);
#2150=LINE('',#13804,#3350);
#2151=LINE('',#13807,#3351);
#2152=LINE('',#13809,#3352);
#2153=LINE('',#13810,#3353);
#2154=LINE('',#13812,#3354);
#2155=LINE('',#13813,#3355);
#2156=LINE('',#13818,#3356);
#2157=LINE('',#13820,#3357);
#2158=LINE('',#13822,#3358);
#2159=LINE('',#13823,#3359);
#2160=LINE('',#13826,#3360);
#2161=LINE('',#13828,#3361);
#2162=LINE('',#13829,#3362);
#2163=LINE('',#13832,#3363);
#2164=LINE('',#13834,#3364);
#2165=LINE('',#13835,#3365);
#2166=LINE('',#13837,#3366);
#2167=LINE('',#13838,#3367);
#2168=LINE('',#13843,#3368);
#2169=LINE('',#13845,#3369);
#2170=LINE('',#13847,#3370);
#2171=LINE('',#13848,#3371);
#2172=LINE('',#13851,#3372);
#2173=LINE('',#13853,#3373);
#2174=LINE('',#13854,#3374);
#2175=LINE('',#13857,#3375);
#2176=LINE('',#13859,#3376);
#2177=LINE('',#13860,#3377);
#2178=LINE('',#13862,#3378);
#2179=LINE('',#13863,#3379);
#2180=LINE('',#13868,#3380);
#2181=LINE('',#13870,#3381);
#2182=LINE('',#13872,#3382);
#2183=LINE('',#13873,#3383);
#2184=LINE('',#13876,#3384);
#2185=LINE('',#13878,#3385);
#2186=LINE('',#13879,#3386);
#2187=LINE('',#13882,#3387);
#2188=LINE('',#13884,#3388);
#2189=LINE('',#13885,#3389);
#2190=LINE('',#13887,#3390);
#2191=LINE('',#13888,#3391);
#2192=LINE('',#13893,#3392);
#2193=LINE('',#13895,#3393);
#2194=LINE('',#13897,#3394);
#2195=LINE('',#13898,#3395);
#2196=LINE('',#13901,#3396);
#2197=LINE('',#13903,#3397);
#2198=LINE('',#13904,#3398);
#2199=LINE('',#13907,#3399);
#2200=LINE('',#13909,#3400);
#2201=LINE('',#13910,#3401);
#2202=LINE('',#13912,#3402);
#2203=LINE('',#13913,#3403);
#2204=LINE('',#13918,#3404);
#2205=LINE('',#13920,#3405);
#2206=LINE('',#13922,#3406);
#2207=LINE('',#13923,#3407);
#2208=LINE('',#13926,#3408);
#2209=LINE('',#13928,#3409);
#2210=LINE('',#13929,#3410);
#2211=LINE('',#13932,#3411);
#2212=LINE('',#13934,#3412);
#2213=LINE('',#13935,#3413);
#2214=LINE('',#13937,#3414);
#2215=LINE('',#13938,#3415);
#2216=LINE('',#13943,#3416);
#2217=LINE('',#13945,#3417);
#2218=LINE('',#13947,#3418);
#2219=LINE('',#13948,#3419);
#2220=LINE('',#13951,#3420);
#2221=LINE('',#13953,#3421);
#2222=LINE('',#13954,#3422);
#2223=LINE('',#13957,#3423);
#2224=LINE('',#13959,#3424);
#2225=LINE('',#13960,#3425);
#2226=LINE('',#13962,#3426);
#2227=LINE('',#13963,#3427);
#2228=LINE('',#13968,#3428);
#2229=LINE('',#13970,#3429);
#2230=LINE('',#13972,#3430);
#2231=LINE('',#13973,#3431);
#2232=LINE('',#13976,#3432);
#2233=LINE('',#13978,#3433);
#2234=LINE('',#13979,#3434);
#2235=LINE('',#13982,#3435);
#2236=LINE('',#13984,#3436);
#2237=LINE('',#13985,#3437);
#2238=LINE('',#13987,#3438);
#2239=LINE('',#13988,#3439);
#2240=LINE('',#13993,#3440);
#2241=LINE('',#13995,#3441);
#2242=LINE('',#13997,#3442);
#2243=LINE('',#13998,#3443);
#2244=LINE('',#14001,#3444);
#2245=LINE('',#14003,#3445);
#2246=LINE('',#14004,#3446);
#2247=LINE('',#14007,#3447);
#2248=LINE('',#14009,#3448);
#2249=LINE('',#14010,#3449);
#2250=LINE('',#14012,#3450);
#2251=LINE('',#14013,#3451);
#2252=LINE('',#14018,#3452);
#2253=LINE('',#14020,#3453);
#2254=LINE('',#14022,#3454);
#2255=LINE('',#14023,#3455);
#2256=LINE('',#14026,#3456);
#2257=LINE('',#14028,#3457);
#2258=LINE('',#14029,#3458);
#2259=LINE('',#14032,#3459);
#2260=LINE('',#14034,#3460);
#2261=LINE('',#14035,#3461);
#2262=LINE('',#14037,#3462);
#2263=LINE('',#14038,#3463);
#2264=LINE('',#14043,#3464);
#2265=LINE('',#14045,#3465);
#2266=LINE('',#14047,#3466);
#2267=LINE('',#14048,#3467);
#2268=LINE('',#14051,#3468);
#2269=LINE('',#14053,#3469);
#2270=LINE('',#14054,#3470);
#2271=LINE('',#14057,#3471);
#2272=LINE('',#14059,#3472);
#2273=LINE('',#14060,#3473);
#2274=LINE('',#14062,#3474);
#2275=LINE('',#14063,#3475);
#2276=LINE('',#14068,#3476);
#2277=LINE('',#14070,#3477);
#2278=LINE('',#14072,#3478);
#2279=LINE('',#14073,#3479);
#2280=LINE('',#14076,#3480);
#2281=LINE('',#14078,#3481);
#2282=LINE('',#14079,#3482);
#2283=LINE('',#14082,#3483);
#2284=LINE('',#14084,#3484);
#2285=LINE('',#14085,#3485);
#2286=LINE('',#14087,#3486);
#2287=LINE('',#14088,#3487);
#2288=LINE('',#14093,#3488);
#2289=LINE('',#14095,#3489);
#2290=LINE('',#14097,#3490);
#2291=LINE('',#14098,#3491);
#2292=LINE('',#14101,#3492);
#2293=LINE('',#14103,#3493);
#2294=LINE('',#14104,#3494);
#2295=LINE('',#14107,#3495);
#2296=LINE('',#14109,#3496);
#2297=LINE('',#14110,#3497);
#2298=LINE('',#14112,#3498);
#2299=LINE('',#14113,#3499);
#2300=LINE('',#14118,#3500);
#2301=LINE('',#14120,#3501);
#2302=LINE('',#14122,#3502);
#2303=LINE('',#14123,#3503);
#2304=LINE('',#14126,#3504);
#2305=LINE('',#14128,#3505);
#2306=LINE('',#14129,#3506);
#2307=LINE('',#14132,#3507);
#2308=LINE('',#14134,#3508);
#2309=LINE('',#14135,#3509);
#2310=LINE('',#14137,#3510);
#2311=LINE('',#14138,#3511);
#2312=LINE('',#14143,#3512);
#2313=LINE('',#14145,#3513);
#2314=LINE('',#14147,#3514);
#2315=LINE('',#14149,#3515);
#2316=LINE('',#14150,#3516);
#2317=LINE('',#14153,#3517);
#2318=LINE('',#14155,#3518);
#2319=LINE('',#14156,#3519);
#2320=LINE('',#14159,#3520);
#2321=LINE('',#14161,#3521);
#2322=LINE('',#14163,#3522);
#2323=LINE('',#14164,#3523);
#2324=LINE('',#14166,#3524);
#2325=LINE('',#14167,#3525);
#2326=LINE('',#14170,#3526);
#2327=LINE('',#14174,#3527);
#2328=LINE('',#14176,#3528);
#2329=LINE('',#14178,#3529);
#2330=LINE('',#14179,#3530);
#2331=LINE('',#14183,#3531);
#2332=LINE('',#14184,#3532);
#2333=LINE('',#14186,#3533);
#2334=LINE('',#14187,#3534);
#2335=LINE('',#14190,#3535);
#2336=LINE('',#14192,#3536);
#2337=LINE('',#14193,#3537);
#2338=LINE('',#14196,#3538);
#2339=LINE('',#14197,#3539);
#2340=LINE('',#14198,#3540);
#2341=LINE('',#14201,#3541);
#2342=LINE('',#14205,#3542);
#2343=LINE('',#14207,#3543);
#2344=LINE('',#14209,#3544);
#2345=LINE('',#14211,#3545);
#2346=LINE('',#14212,#3546);
#2347=LINE('',#14215,#3547);
#2348=LINE('',#14217,#3548);
#2349=LINE('',#14218,#3549);
#2350=LINE('',#14221,#3550);
#2351=LINE('',#14223,#3551);
#2352=LINE('',#14225,#3552);
#2353=LINE('',#14226,#3553);
#2354=LINE('',#14228,#3554);
#2355=LINE('',#14229,#3555);
#2356=LINE('',#14232,#3556);
#2357=LINE('',#14236,#3557);
#2358=LINE('',#14238,#3558);
#2359=LINE('',#14240,#3559);
#2360=LINE('',#14241,#3560);
#2361=LINE('',#14244,#3561);
#2362=LINE('',#14246,#3562);
#2363=LINE('',#14248,#3563);
#2364=LINE('',#14249,#3564);
#2365=LINE('',#14252,#3565);
#2366=LINE('',#14254,#3566);
#2367=LINE('',#14255,#3567);
#2368=LINE('',#14258,#3568);
#2369=LINE('',#14259,#3569);
#2370=LINE('',#14260,#3570);
#2371=LINE('',#14265,#3571);
#2372=LINE('',#14269,#3572);
#2373=LINE('',#14271,#3573);
#2374=LINE('',#14273,#3574);
#2375=LINE('',#14274,#3575);
#2376=LINE('',#14277,#3576);
#2377=LINE('',#14279,#3577);
#2378=LINE('',#14281,#3578);
#2379=LINE('',#14282,#3579);
#2380=LINE('',#14285,#3580);
#2381=LINE('',#14287,#3581);
#2382=LINE('',#14288,#3582);
#2383=LINE('',#14291,#3583);
#2384=LINE('',#14292,#3584);
#2385=LINE('',#14293,#3585);
#2386=LINE('',#14296,#3586);
#2387=LINE('',#14300,#3587);
#2388=LINE('',#14302,#3588);
#2389=LINE('',#14304,#3589);
#2390=LINE('',#14305,#3590);
#2391=LINE('',#14308,#3591);
#2392=LINE('',#14310,#3592);
#2393=LINE('',#14311,#3593);
#2394=LINE('',#14314,#3594);
#2395=LINE('',#14316,#3595);
#2396=LINE('',#14317,#3596);
#2397=LINE('',#14319,#3597);
#2398=LINE('',#14320,#3598);
#2399=LINE('',#14325,#3599);
#2400=LINE('',#14327,#3600);
#2401=LINE('',#14329,#3601);
#2402=LINE('',#14330,#3602);
#2403=LINE('',#14333,#3603);
#2404=LINE('',#14335,#3604);
#2405=LINE('',#14336,#3605);
#2406=LINE('',#14339,#3606);
#2407=LINE('',#14341,#3607);
#2408=LINE('',#14342,#3608);
#2409=LINE('',#14344,#3609);
#2410=LINE('',#14345,#3610);
#2411=LINE('',#14350,#3611);
#2412=LINE('',#14352,#3612);
#2413=LINE('',#14354,#3613);
#2414=LINE('',#14355,#3614);
#2415=LINE('',#14358,#3615);
#2416=LINE('',#14360,#3616);
#2417=LINE('',#14362,#3617);
#2418=LINE('',#14363,#3618);
#2419=LINE('',#14366,#3619);
#2420=LINE('',#14368,#3620);
#2421=LINE('',#14369,#3621);
#2422=LINE('',#14372,#3622);
#2423=LINE('',#14373,#3623);
#2424=LINE('',#14374,#3624);
#2425=LINE('',#14378,#3625);
#2426=LINE('',#14384,#3626);
#2427=LINE('',#14390,#3627);
#2428=LINE('',#14396,#3628);
#2429=LINE('',#14402,#3629);
#2430=LINE('',#14407,#3630);
#2431=LINE('',#14409,#3631);
#2432=LINE('',#14411,#3632);
#2433=LINE('',#14412,#3633);
#2434=LINE('',#14418,#3634);
#2435=LINE('',#14421,#3635);
#2436=LINE('',#14422,#3636);
#2437=LINE('',#14424,#3637);
#2438=LINE('',#14425,#3638);
#2439=LINE('',#14431,#3639);
#2440=LINE('',#14433,#3640);
#2441=LINE('',#14435,#3641);
#2442=LINE('',#14437,#3642);
#2443=LINE('',#14438,#3643);
#2444=LINE('',#14439,#3644);
#2445=LINE('',#14440,#3645);
#2446=LINE('',#14445,#3646);
#2447=LINE('',#14448,#3647);
#2448=LINE('',#14449,#3648);
#2449=LINE('',#14450,#3649);
#2450=LINE('',#14451,#3650);
#2451=VECTOR('',#9670,10.);
#2452=VECTOR('',#9671,10.);
#2453=VECTOR('',#9672,10.);
#2454=VECTOR('',#9673,10.);
#2455=VECTOR('',#9676,10.);
#2456=VECTOR('',#9677,10.);
#2457=VECTOR('',#9678,10.);
#2458=VECTOR('',#9681,10.);
#2459=VECTOR('',#9682,10.);
#2460=VECTOR('',#9683,10.);
#2461=VECTOR('',#9686,10.);
#2462=VECTOR('',#9687,10.);
#2463=VECTOR('',#9692,10.);
#2464=VECTOR('',#9693,10.);
#2465=VECTOR('',#9694,10.);
#2466=VECTOR('',#9695,10.);
#2467=VECTOR('',#9698,10.);
#2468=VECTOR('',#9699,10.);
#2469=VECTOR('',#9700,10.);
#2470=VECTOR('',#9703,10.);
#2471=VECTOR('',#9704,10.);
#2472=VECTOR('',#9705,10.);
#2473=VECTOR('',#9708,10.);
#2474=VECTOR('',#9709,10.);
#2475=VECTOR('',#9714,10.);
#2476=VECTOR('',#9715,10.);
#2477=VECTOR('',#9716,10.);
#2478=VECTOR('',#9717,10.);
#2479=VECTOR('',#9718,10.);
#2480=VECTOR('',#9721,10.);
#2481=VECTOR('',#9722,10.);
#2482=VECTOR('',#9723,10.);
#2483=VECTOR('',#9726,10.);
#2484=VECTOR('',#9727,10.);
#2485=VECTOR('',#9728,10.);
#2486=VECTOR('',#9729,10.);
#2487=VECTOR('',#9736,10.);
#2488=VECTOR('',#9739,10.);
#2489=VECTOR('',#9740,10.);
#2490=VECTOR('',#9741,10.);
#2491=VECTOR('',#9752,10.);
#2492=VECTOR('',#9755,10.);
#2493=VECTOR('',#9756,10.);
#2494=VECTOR('',#9757,10.);
#2495=VECTOR('',#9758,10.);
#2496=VECTOR('',#9761,10.);
#2497=VECTOR('',#9762,10.);
#2498=VECTOR('',#9763,10.);
#2499=VECTOR('',#9766,10.);
#2500=VECTOR('',#9767,10.);
#2501=VECTOR('',#9768,10.);
#2502=VECTOR('',#9771,10.);
#2503=VECTOR('',#9772,10.);
#2504=VECTOR('',#9777,10.);
#2505=VECTOR('',#9778,10.);
#2506=VECTOR('',#9779,10.);
#2507=VECTOR('',#9780,10.);
#2508=VECTOR('',#9783,10.);
#2509=VECTOR('',#9784,10.);
#2510=VECTOR('',#9785,10.);
#2511=VECTOR('',#9788,10.);
#2512=VECTOR('',#9789,10.);
#2513=VECTOR('',#9790,10.);
#2514=VECTOR('',#9793,10.);
#2515=VECTOR('',#9794,10.);
#2516=VECTOR('',#9799,10.);
#2517=VECTOR('',#9800,10.);
#2518=VECTOR('',#9801,10.);
#2519=VECTOR('',#9802,10.);
#2520=VECTOR('',#9805,10.);
#2521=VECTOR('',#9806,10.);
#2522=VECTOR('',#9807,10.);
#2523=VECTOR('',#9810,10.);
#2524=VECTOR('',#9811,10.);
#2525=VECTOR('',#9812,10.);
#2526=VECTOR('',#9815,10.);
#2527=VECTOR('',#9816,10.);
#2528=VECTOR('',#9821,10.);
#2529=VECTOR('',#9822,10.);
#2530=VECTOR('',#9823,10.);
#2531=VECTOR('',#9824,10.);
#2532=VECTOR('',#9827,10.);
#2533=VECTOR('',#9828,10.);
#2534=VECTOR('',#9829,10.);
#2535=VECTOR('',#9832,10.);
#2536=VECTOR('',#9833,10.);
#2537=VECTOR('',#9834,10.);
#2538=VECTOR('',#9837,10.);
#2539=VECTOR('',#9838,10.);
#2540=VECTOR('',#9843,10.);
#2541=VECTOR('',#9844,10.);
#2542=VECTOR('',#9845,10.);
#2543=VECTOR('',#9846,10.);
#2544=VECTOR('',#9849,10.);
#2545=VECTOR('',#9850,10.);
#2546=VECTOR('',#9851,10.);
#2547=VECTOR('',#9854,10.);
#2548=VECTOR('',#9855,10.);
#2549=VECTOR('',#9856,10.);
#2550=VECTOR('',#9859,10.);
#2551=VECTOR('',#9860,10.);
#2552=VECTOR('',#9865,10.);
#2553=VECTOR('',#9866,10.);
#2554=VECTOR('',#9867,10.);
#2555=VECTOR('',#9868,10.);
#2556=VECTOR('',#9871,10.);
#2557=VECTOR('',#9872,10.);
#2558=VECTOR('',#9873,10.);
#2559=VECTOR('',#9876,10.);
#2560=VECTOR('',#9877,10.);
#2561=VECTOR('',#9878,10.);
#2562=VECTOR('',#9881,10.);
#2563=VECTOR('',#9882,10.);
#2564=VECTOR('',#9887,10.);
#2565=VECTOR('',#9888,10.);
#2566=VECTOR('',#9889,10.);
#2567=VECTOR('',#9890,10.);
#2568=VECTOR('',#9893,10.);
#2569=VECTOR('',#9894,10.);
#2570=VECTOR('',#9895,10.);
#2571=VECTOR('',#9898,10.);
#2572=VECTOR('',#9899,10.);
#2573=VECTOR('',#9900,10.);
#2574=VECTOR('',#9903,10.);
#2575=VECTOR('',#9904,10.);
#2576=VECTOR('',#9909,10.);
#2577=VECTOR('',#9910,10.);
#2578=VECTOR('',#9911,10.);
#2579=VECTOR('',#9912,10.);
#2580=VECTOR('',#9915,10.);
#2581=VECTOR('',#9916,10.);
#2582=VECTOR('',#9917,10.);
#2583=VECTOR('',#9920,10.);
#2584=VECTOR('',#9921,10.);
#2585=VECTOR('',#9922,10.);
#2586=VECTOR('',#9925,10.);
#2587=VECTOR('',#9926,10.);
#2588=VECTOR('',#9931,10.);
#2589=VECTOR('',#9932,10.);
#2590=VECTOR('',#9933,10.);
#2591=VECTOR('',#9934,10.);
#2592=VECTOR('',#9937,10.);
#2593=VECTOR('',#9938,10.);
#2594=VECTOR('',#9939,10.);
#2595=VECTOR('',#9942,10.);
#2596=VECTOR('',#9943,10.);
#2597=VECTOR('',#9944,10.);
#2598=VECTOR('',#9947,10.);
#2599=VECTOR('',#9948,10.);
#2600=VECTOR('',#9953,10.);
#2601=VECTOR('',#9954,10.);
#2602=VECTOR('',#9955,10.);
#2603=VECTOR('',#9956,10.);
#2604=VECTOR('',#9959,10.);
#2605=VECTOR('',#9960,10.);
#2606=VECTOR('',#9961,10.);
#2607=VECTOR('',#9964,10.);
#2608=VECTOR('',#9965,10.);
#2609=VECTOR('',#9966,10.);
#2610=VECTOR('',#9969,10.);
#2611=VECTOR('',#9970,10.);
#2612=VECTOR('',#9975,10.);
#2613=VECTOR('',#9976,10.);
#2614=VECTOR('',#9977,10.);
#2615=VECTOR('',#9978,10.);
#2616=VECTOR('',#9981,10.);
#2617=VECTOR('',#9982,10.);
#2618=VECTOR('',#9983,10.);
#2619=VECTOR('',#9986,10.);
#2620=VECTOR('',#9987,10.);
#2621=VECTOR('',#9988,10.);
#2622=VECTOR('',#9991,10.);
#2623=VECTOR('',#9992,10.);
#2624=VECTOR('',#9997,10.);
#2625=VECTOR('',#9998,10.);
#2626=VECTOR('',#9999,10.);
#2627=VECTOR('',#10000,10.);
#2628=VECTOR('',#10003,10.);
#2629=VECTOR('',#10004,10.);
#2630=VECTOR('',#10005,10.);
#2631=VECTOR('',#10008,10.);
#2632=VECTOR('',#10009,10.);
#2633=VECTOR('',#10010,10.);
#2634=VECTOR('',#10013,10.);
#2635=VECTOR('',#10014,10.);
#2636=VECTOR('',#10019,10.);
#2637=VECTOR('',#10020,10.);
#2638=VECTOR('',#10021,10.);
#2639=VECTOR('',#10022,10.);
#2640=VECTOR('',#10025,10.);
#2641=VECTOR('',#10026,10.);
#2642=VECTOR('',#10027,10.);
#2643=VECTOR('',#10030,10.);
#2644=VECTOR('',#10031,10.);
#2645=VECTOR('',#10032,10.);
#2646=VECTOR('',#10035,10.);
#2647=VECTOR('',#10036,10.);
#2648=VECTOR('',#10041,10.);
#2649=VECTOR('',#10042,10.);
#2650=VECTOR('',#10043,10.);
#2651=VECTOR('',#10044,10.);
#2652=VECTOR('',#10047,10.);
#2653=VECTOR('',#10048,10.);
#2654=VECTOR('',#10049,10.);
#2655=VECTOR('',#10052,10.);
#2656=VECTOR('',#10053,10.);
#2657=VECTOR('',#10054,10.);
#2658=VECTOR('',#10057,10.);
#2659=VECTOR('',#10058,10.);
#2660=VECTOR('',#10063,10.);
#2661=VECTOR('',#10064,10.);
#2662=VECTOR('',#10065,10.);
#2663=VECTOR('',#10066,10.);
#2664=VECTOR('',#10069,10.);
#2665=VECTOR('',#10070,10.);
#2666=VECTOR('',#10071,10.);
#2667=VECTOR('',#10074,10.);
#2668=VECTOR('',#10075,10.);
#2669=VECTOR('',#10076,10.);
#2670=VECTOR('',#10079,10.);
#2671=VECTOR('',#10080,10.);
#2672=VECTOR('',#10085,10.);
#2673=VECTOR('',#10086,10.);
#2674=VECTOR('',#10087,10.);
#2675=VECTOR('',#10088,10.);
#2676=VECTOR('',#10091,10.);
#2677=VECTOR('',#10092,10.);
#2678=VECTOR('',#10093,10.);
#2679=VECTOR('',#10096,10.);
#2680=VECTOR('',#10097,10.);
#2681=VECTOR('',#10098,10.);
#2682=VECTOR('',#10101,10.);
#2683=VECTOR('',#10102,10.);
#2684=VECTOR('',#10107,10.);
#2685=VECTOR('',#10108,10.);
#2686=VECTOR('',#10109,10.);
#2687=VECTOR('',#10110,10.);
#2688=VECTOR('',#10113,10.);
#2689=VECTOR('',#10114,10.);
#2690=VECTOR('',#10115,10.);
#2691=VECTOR('',#10118,10.);
#2692=VECTOR('',#10119,10.);
#2693=VECTOR('',#10120,10.);
#2694=VECTOR('',#10123,10.);
#2695=VECTOR('',#10124,10.);
#2696=VECTOR('',#10129,10.);
#2697=VECTOR('',#10130,10.);
#2698=VECTOR('',#10131,10.);
#2699=VECTOR('',#10132,10.);
#2700=VECTOR('',#10135,10.);
#2701=VECTOR('',#10136,10.);
#2702=VECTOR('',#10137,10.);
#2703=VECTOR('',#10140,10.);
#2704=VECTOR('',#10141,10.);
#2705=VECTOR('',#10142,10.);
#2706=VECTOR('',#10145,10.);
#2707=VECTOR('',#10146,10.);
#2708=VECTOR('',#10151,10.);
#2709=VECTOR('',#10152,10.);
#2710=VECTOR('',#10153,10.);
#2711=VECTOR('',#10154,10.);
#2712=VECTOR('',#10157,10.);
#2713=VECTOR('',#10158,10.);
#2714=VECTOR('',#10159,10.);
#2715=VECTOR('',#10162,10.);
#2716=VECTOR('',#10163,10.);
#2717=VECTOR('',#10164,10.);
#2718=VECTOR('',#10167,10.);
#2719=VECTOR('',#10168,10.);
#2720=VECTOR('',#10173,10.);
#2721=VECTOR('',#10174,10.);
#2722=VECTOR('',#10175,10.);
#2723=VECTOR('',#10176,10.);
#2724=VECTOR('',#10179,10.);
#2725=VECTOR('',#10180,10.);
#2726=VECTOR('',#10181,10.);
#2727=VECTOR('',#10184,10.);
#2728=VECTOR('',#10185,10.);
#2729=VECTOR('',#10186,10.);
#2730=VECTOR('',#10189,10.);
#2731=VECTOR('',#10190,10.);
#2732=VECTOR('',#10195,10.);
#2733=VECTOR('',#10196,10.);
#2734=VECTOR('',#10197,10.);
#2735=VECTOR('',#10198,10.);
#2736=VECTOR('',#10201,10.);
#2737=VECTOR('',#10202,10.);
#2738=VECTOR('',#10203,10.);
#2739=VECTOR('',#10206,10.);
#2740=VECTOR('',#10207,10.);
#2741=VECTOR('',#10208,10.);
#2742=VECTOR('',#10211,10.);
#2743=VECTOR('',#10212,10.);
#2744=VECTOR('',#10217,10.);
#2745=VECTOR('',#10218,10.);
#2746=VECTOR('',#10219,10.);
#2747=VECTOR('',#10220,10.);
#2748=VECTOR('',#10223,10.);
#2749=VECTOR('',#10224,10.);
#2750=VECTOR('',#10225,10.);
#2751=VECTOR('',#10228,10.);
#2752=VECTOR('',#10229,10.);
#2753=VECTOR('',#10230,10.);
#2754=VECTOR('',#10233,10.);
#2755=VECTOR('',#10234,10.);
#2756=VECTOR('',#10239,10.);
#2757=VECTOR('',#10240,10.);
#2758=VECTOR('',#10241,10.);
#2759=VECTOR('',#10242,10.);
#2760=VECTOR('',#10245,10.);
#2761=VECTOR('',#10246,10.);
#2762=VECTOR('',#10247,10.);
#2763=VECTOR('',#10250,10.);
#2764=VECTOR('',#10251,10.);
#2765=VECTOR('',#10252,10.);
#2766=VECTOR('',#10255,10.);
#2767=VECTOR('',#10256,10.);
#2768=VECTOR('',#10261,10.);
#2769=VECTOR('',#10262,10.);
#2770=VECTOR('',#10263,10.);
#2771=VECTOR('',#10264,10.);
#2772=VECTOR('',#10267,10.);
#2773=VECTOR('',#10268,10.);
#2774=VECTOR('',#10269,10.);
#2775=VECTOR('',#10272,10.);
#2776=VECTOR('',#10273,10.);
#2777=VECTOR('',#10274,10.);
#2778=VECTOR('',#10277,10.);
#2779=VECTOR('',#10278,10.);
#2780=VECTOR('',#10283,10.);
#2781=VECTOR('',#10284,10.);
#2782=VECTOR('',#10285,10.);
#2783=VECTOR('',#10286,10.);
#2784=VECTOR('',#10289,10.);
#2785=VECTOR('',#10290,10.);
#2786=VECTOR('',#10291,10.);
#2787=VECTOR('',#10294,10.);
#2788=VECTOR('',#10295,10.);
#2789=VECTOR('',#10296,10.);
#2790=VECTOR('',#10299,10.);
#2791=VECTOR('',#10300,10.);
#2792=VECTOR('',#10305,10.);
#2793=VECTOR('',#10306,10.);
#2794=VECTOR('',#10307,10.);
#2795=VECTOR('',#10308,10.);
#2796=VECTOR('',#10311,10.);
#2797=VECTOR('',#10312,10.);
#2798=VECTOR('',#10313,10.);
#2799=VECTOR('',#10316,10.);
#2800=VECTOR('',#10317,10.);
#2801=VECTOR('',#10318,10.);
#2802=VECTOR('',#10321,10.);
#2803=VECTOR('',#10322,10.);
#2804=VECTOR('',#10327,10.);
#2805=VECTOR('',#10328,10.);
#2806=VECTOR('',#10329,10.);
#2807=VECTOR('',#10330,10.);
#2808=VECTOR('',#10333,10.);
#2809=VECTOR('',#10334,10.);
#2810=VECTOR('',#10335,10.);
#2811=VECTOR('',#10338,10.);
#2812=VECTOR('',#10339,10.);
#2813=VECTOR('',#10340,10.);
#2814=VECTOR('',#10343,10.);
#2815=VECTOR('',#10344,10.);
#2816=VECTOR('',#10349,10.);
#2817=VECTOR('',#10350,10.);
#2818=VECTOR('',#10351,10.);
#2819=VECTOR('',#10352,10.);
#2820=VECTOR('',#10355,10.);
#2821=VECTOR('',#10356,10.);
#2822=VECTOR('',#10357,10.);
#2823=VECTOR('',#10360,10.);
#2824=VECTOR('',#10361,10.);
#2825=VECTOR('',#10362,10.);
#2826=VECTOR('',#10365,10.);
#2827=VECTOR('',#10366,10.);
#2828=VECTOR('',#10371,10.);
#2829=VECTOR('',#10372,10.);
#2830=VECTOR('',#10373,10.);
#2831=VECTOR('',#10374,10.);
#2832=VECTOR('',#10377,10.);
#2833=VECTOR('',#10378,10.);
#2834=VECTOR('',#10379,10.);
#2835=VECTOR('',#10382,10.);
#2836=VECTOR('',#10383,10.);
#2837=VECTOR('',#10384,10.);
#2838=VECTOR('',#10387,10.);
#2839=VECTOR('',#10388,10.);
#2840=VECTOR('',#10393,10.);
#2841=VECTOR('',#10394,10.);
#2842=VECTOR('',#10395,10.);
#2843=VECTOR('',#10396,10.);
#2844=VECTOR('',#10399,10.);
#2845=VECTOR('',#10400,10.);
#2846=VECTOR('',#10401,10.);
#2847=VECTOR('',#10404,10.);
#2848=VECTOR('',#10405,10.);
#2849=VECTOR('',#10406,10.);
#2850=VECTOR('',#10409,10.);
#2851=VECTOR('',#10410,10.);
#2852=VECTOR('',#10415,10.);
#2853=VECTOR('',#10416,10.);
#2854=VECTOR('',#10417,10.);
#2855=VECTOR('',#10418,10.);
#2856=VECTOR('',#10421,10.);
#2857=VECTOR('',#10422,10.);
#2858=VECTOR('',#10423,10.);
#2859=VECTOR('',#10426,10.);
#2860=VECTOR('',#10427,10.);
#2861=VECTOR('',#10428,10.);
#2862=VECTOR('',#10431,10.);
#2863=VECTOR('',#10432,10.);
#2864=VECTOR('',#10437,10.);
#2865=VECTOR('',#10438,10.);
#2866=VECTOR('',#10439,10.);
#2867=VECTOR('',#10440,10.);
#2868=VECTOR('',#10443,10.);
#2869=VECTOR('',#10444,10.);
#2870=VECTOR('',#10445,10.);
#2871=VECTOR('',#10448,10.);
#2872=VECTOR('',#10449,10.);
#2873=VECTOR('',#10450,10.);
#2874=VECTOR('',#10453,10.);
#2875=VECTOR('',#10454,10.);
#2876=VECTOR('',#10459,10.);
#2877=VECTOR('',#10460,10.);
#2878=VECTOR('',#10461,10.);
#2879=VECTOR('',#10462,10.);
#2880=VECTOR('',#10465,10.);
#2881=VECTOR('',#10466,10.);
#2882=VECTOR('',#10467,10.);
#2883=VECTOR('',#10470,10.);
#2884=VECTOR('',#10471,10.);
#2885=VECTOR('',#10472,10.);
#2886=VECTOR('',#10475,10.);
#2887=VECTOR('',#10476,10.);
#2888=VECTOR('',#10481,10.);
#2889=VECTOR('',#10482,10.);
#2890=VECTOR('',#10483,10.);
#2891=VECTOR('',#10484,10.);
#2892=VECTOR('',#10487,10.);
#2893=VECTOR('',#10488,10.);
#2894=VECTOR('',#10489,10.);
#2895=VECTOR('',#10492,10.);
#2896=VECTOR('',#10493,10.);
#2897=VECTOR('',#10494,10.);
#2898=VECTOR('',#10497,10.);
#2899=VECTOR('',#10498,10.);
#2900=VECTOR('',#10503,10.);
#2901=VECTOR('',#10504,10.);
#2902=VECTOR('',#10505,10.);
#2903=VECTOR('',#10506,10.);
#2904=VECTOR('',#10509,10.);
#2905=VECTOR('',#10510,10.);
#2906=VECTOR('',#10511,10.);
#2907=VECTOR('',#10514,10.);
#2908=VECTOR('',#10515,10.);
#2909=VECTOR('',#10516,10.);
#2910=VECTOR('',#10519,10.);
#2911=VECTOR('',#10520,10.);
#2912=VECTOR('',#10525,10.);
#2913=VECTOR('',#10526,10.);
#2914=VECTOR('',#10527,10.);
#2915=VECTOR('',#10528,10.);
#2916=VECTOR('',#10531,10.);
#2917=VECTOR('',#10532,10.);
#2918=VECTOR('',#10533,10.);
#2919=VECTOR('',#10536,10.);
#2920=VECTOR('',#10537,10.);
#2921=VECTOR('',#10538,10.);
#2922=VECTOR('',#10541,10.);
#2923=VECTOR('',#10542,10.);
#2924=VECTOR('',#10547,10.);
#2925=VECTOR('',#10548,10.);
#2926=VECTOR('',#10549,10.);
#2927=VECTOR('',#10550,10.);
#2928=VECTOR('',#10553,10.);
#2929=VECTOR('',#10554,10.);
#2930=VECTOR('',#10555,10.);
#2931=VECTOR('',#10558,10.);
#2932=VECTOR('',#10559,10.);
#2933=VECTOR('',#10560,10.);
#2934=VECTOR('',#10563,10.);
#2935=VECTOR('',#10564,10.);
#2936=VECTOR('',#10569,10.);
#2937=VECTOR('',#10570,10.);
#2938=VECTOR('',#10571,10.);
#2939=VECTOR('',#10572,10.);
#2940=VECTOR('',#10575,10.);
#2941=VECTOR('',#10576,10.);
#2942=VECTOR('',#10577,10.);
#2943=VECTOR('',#10580,10.);
#2944=VECTOR('',#10581,10.);
#2945=VECTOR('',#10582,10.);
#2946=VECTOR('',#10585,10.);
#2947=VECTOR('',#10586,10.);
#2948=VECTOR('',#10591,10.);
#2949=VECTOR('',#10592,10.);
#2950=VECTOR('',#10593,10.);
#2951=VECTOR('',#10594,10.);
#2952=VECTOR('',#10597,10.);
#2953=VECTOR('',#10598,10.);
#2954=VECTOR('',#10599,10.);
#2955=VECTOR('',#10602,10.);
#2956=VECTOR('',#10603,10.);
#2957=VECTOR('',#10604,10.);
#2958=VECTOR('',#10607,10.);
#2959=VECTOR('',#10608,10.);
#2960=VECTOR('',#10613,10.);
#2961=VECTOR('',#10614,10.);
#2962=VECTOR('',#10615,10.);
#2963=VECTOR('',#10616,10.);
#2964=VECTOR('',#10619,10.);
#2965=VECTOR('',#10620,10.);
#2966=VECTOR('',#10621,10.);
#2967=VECTOR('',#10624,10.);
#2968=VECTOR('',#10625,10.);
#2969=VECTOR('',#10626,10.);
#2970=VECTOR('',#10629,10.);
#2971=VECTOR('',#10630,10.);
#2972=VECTOR('',#10635,10.);
#2973=VECTOR('',#10636,10.);
#2974=VECTOR('',#10637,10.);
#2975=VECTOR('',#10638,10.);
#2976=VECTOR('',#10641,10.);
#2977=VECTOR('',#10642,10.);
#2978=VECTOR('',#10643,10.);
#2979=VECTOR('',#10646,10.);
#2980=VECTOR('',#10647,10.);
#2981=VECTOR('',#10648,10.);
#2982=VECTOR('',#10651,10.);
#2983=VECTOR('',#10652,10.);
#2984=VECTOR('',#10657,10.);
#2985=VECTOR('',#10658,10.);
#2986=VECTOR('',#10659,10.);
#2987=VECTOR('',#10660,10.);
#2988=VECTOR('',#10663,10.);
#2989=VECTOR('',#10664,10.);
#2990=VECTOR('',#10665,10.);
#2991=VECTOR('',#10668,10.);
#2992=VECTOR('',#10669,10.);
#2993=VECTOR('',#10670,10.);
#2994=VECTOR('',#10673,10.);
#2995=VECTOR('',#10674,10.);
#2996=VECTOR('',#10679,10.);
#2997=VECTOR('',#10680,10.);
#2998=VECTOR('',#10681,10.);
#2999=VECTOR('',#10682,10.);
#3000=VECTOR('',#10685,10.);
#3001=VECTOR('',#10686,10.);
#3002=VECTOR('',#10687,10.);
#3003=VECTOR('',#10690,10.);
#3004=VECTOR('',#10691,10.);
#3005=VECTOR('',#10692,10.);
#3006=VECTOR('',#10695,10.);
#3007=VECTOR('',#10696,10.);
#3008=VECTOR('',#10701,10.);
#3009=VECTOR('',#10702,10.);
#3010=VECTOR('',#10703,10.);
#3011=VECTOR('',#10704,10.);
#3012=VECTOR('',#10707,10.);
#3013=VECTOR('',#10708,10.);
#3014=VECTOR('',#10709,10.);
#3015=VECTOR('',#10712,10.);
#3016=VECTOR('',#10713,10.);
#3017=VECTOR('',#10714,10.);
#3018=VECTOR('',#10717,10.);
#3019=VECTOR('',#10718,10.);
#3020=VECTOR('',#10723,10.);
#3021=VECTOR('',#10724,10.);
#3022=VECTOR('',#10725,10.);
#3023=VECTOR('',#10726,10.);
#3024=VECTOR('',#10729,10.);
#3025=VECTOR('',#10730,10.);
#3026=VECTOR('',#10731,10.);
#3027=VECTOR('',#10734,10.);
#3028=VECTOR('',#10735,10.);
#3029=VECTOR('',#10736,10.);
#3030=VECTOR('',#10739,10.);
#3031=VECTOR('',#10740,10.);
#3032=VECTOR('',#10745,10.);
#3033=VECTOR('',#10746,10.);
#3034=VECTOR('',#10747,10.);
#3035=VECTOR('',#10748,10.);
#3036=VECTOR('',#10751,10.);
#3037=VECTOR('',#10752,10.);
#3038=VECTOR('',#10753,10.);
#3039=VECTOR('',#10756,10.);
#3040=VECTOR('',#10757,10.);
#3041=VECTOR('',#10758,10.);
#3042=VECTOR('',#10761,10.);
#3043=VECTOR('',#10762,10.);
#3044=VECTOR('',#10767,10.);
#3045=VECTOR('',#10768,10.);
#3046=VECTOR('',#10769,10.);
#3047=VECTOR('',#10770,10.);
#3048=VECTOR('',#10773,10.);
#3049=VECTOR('',#10774,10.);
#3050=VECTOR('',#10775,10.);
#3051=VECTOR('',#10778,10.);
#3052=VECTOR('',#10779,10.);
#3053=VECTOR('',#10780,10.);
#3054=VECTOR('',#10783,10.);
#3055=VECTOR('',#10784,10.);
#3056=VECTOR('',#10789,10.);
#3057=VECTOR('',#10790,10.);
#3058=VECTOR('',#10791,10.);
#3059=VECTOR('',#10792,10.);
#3060=VECTOR('',#10795,10.);
#3061=VECTOR('',#10796,10.);
#3062=VECTOR('',#10797,10.);
#3063=VECTOR('',#10800,10.);
#3064=VECTOR('',#10801,10.);
#3065=VECTOR('',#10802,10.);
#3066=VECTOR('',#10805,10.);
#3067=VECTOR('',#10806,10.);
#3068=VECTOR('',#10811,10.);
#3069=VECTOR('',#10812,10.);
#3070=VECTOR('',#10813,10.);
#3071=VECTOR('',#10814,10.);
#3072=VECTOR('',#10817,10.);
#3073=VECTOR('',#10818,10.);
#3074=VECTOR('',#10819,10.);
#3075=VECTOR('',#10822,10.);
#3076=VECTOR('',#10823,10.);
#3077=VECTOR('',#10824,10.);
#3078=VECTOR('',#10827,10.);
#3079=VECTOR('',#10828,10.);
#3080=VECTOR('',#10833,10.);
#3081=VECTOR('',#10834,10.);
#3082=VECTOR('',#10835,10.);
#3083=VECTOR('',#10836,10.);
#3084=VECTOR('',#10839,10.);
#3085=VECTOR('',#10840,10.);
#3086=VECTOR('',#10841,10.);
#3087=VECTOR('',#10844,10.);
#3088=VECTOR('',#10845,10.);
#3089=VECTOR('',#10846,10.);
#3090=VECTOR('',#10849,10.);
#3091=VECTOR('',#10850,10.);
#3092=VECTOR('',#10855,10.);
#3093=VECTOR('',#10856,10.);
#3094=VECTOR('',#10857,10.);
#3095=VECTOR('',#10858,10.);
#3096=VECTOR('',#10861,10.);
#3097=VECTOR('',#10862,10.);
#3098=VECTOR('',#10863,10.);
#3099=VECTOR('',#10866,10.);
#3100=VECTOR('',#10867,10.);
#3101=VECTOR('',#10868,10.);
#3102=VECTOR('',#10871,10.);
#3103=VECTOR('',#10872,10.);
#3104=VECTOR('',#10877,10.);
#3105=VECTOR('',#10878,10.);
#3106=VECTOR('',#10879,10.);
#3107=VECTOR('',#10880,10.);
#3108=VECTOR('',#10883,10.);
#3109=VECTOR('',#10884,10.);
#3110=VECTOR('',#10885,10.);
#3111=VECTOR('',#10888,10.);
#3112=VECTOR('',#10889,10.);
#3113=VECTOR('',#10890,10.);
#3114=VECTOR('',#10893,10.);
#3115=VECTOR('',#10894,10.);
#3116=VECTOR('',#10899,10.);
#3117=VECTOR('',#10900,10.);
#3118=VECTOR('',#10901,10.);
#3119=VECTOR('',#10902,10.);
#3120=VECTOR('',#10905,10.);
#3121=VECTOR('',#10906,10.);
#3122=VECTOR('',#10907,10.);
#3123=VECTOR('',#10910,10.);
#3124=VECTOR('',#10911,10.);
#3125=VECTOR('',#10912,10.);
#3126=VECTOR('',#10915,10.);
#3127=VECTOR('',#10916,10.);
#3128=VECTOR('',#10921,10.);
#3129=VECTOR('',#10922,10.);
#3130=VECTOR('',#10923,10.);
#3131=VECTOR('',#10924,10.);
#3132=VECTOR('',#10927,10.);
#3133=VECTOR('',#10928,10.);
#3134=VECTOR('',#10929,10.);
#3135=VECTOR('',#10932,10.);
#3136=VECTOR('',#10933,10.);
#3137=VECTOR('',#10934,10.);
#3138=VECTOR('',#10937,10.);
#3139=VECTOR('',#10938,10.);
#3140=VECTOR('',#10943,10.);
#3141=VECTOR('',#10944,10.);
#3142=VECTOR('',#10945,10.);
#3143=VECTOR('',#10946,10.);
#3144=VECTOR('',#10949,10.);
#3145=VECTOR('',#10950,10.);
#3146=VECTOR('',#10951,10.);
#3147=VECTOR('',#10954,10.);
#3148=VECTOR('',#10955,10.);
#3149=VECTOR('',#10956,10.);
#3150=VECTOR('',#10959,10.);
#3151=VECTOR('',#10960,10.);
#3152=VECTOR('',#10965,10.);
#3153=VECTOR('',#10966,10.);
#3154=VECTOR('',#10967,10.);
#3155=VECTOR('',#10968,10.);
#3156=VECTOR('',#10971,10.);
#3157=VECTOR('',#10972,10.);
#3158=VECTOR('',#10973,10.);
#3159=VECTOR('',#10976,10.);
#3160=VECTOR('',#10977,10.);
#3161=VECTOR('',#10978,10.);
#3162=VECTOR('',#10981,10.);
#3163=VECTOR('',#10982,10.);
#3164=VECTOR('',#10987,10.);
#3165=VECTOR('',#10988,10.);
#3166=VECTOR('',#10989,10.);
#3167=VECTOR('',#10990,10.);
#3168=VECTOR('',#10993,10.);
#3169=VECTOR('',#10994,10.);
#3170=VECTOR('',#10995,10.);
#3171=VECTOR('',#10998,10.);
#3172=VECTOR('',#10999,10.);
#3173=VECTOR('',#11000,10.);
#3174=VECTOR('',#11003,10.);
#3175=VECTOR('',#11004,10.);
#3176=VECTOR('',#11009,10.);
#3177=VECTOR('',#11010,10.);
#3178=VECTOR('',#11011,10.);
#3179=VECTOR('',#11012,10.);
#3180=VECTOR('',#11015,10.);
#3181=VECTOR('',#11016,10.);
#3182=VECTOR('',#11017,10.);
#3183=VECTOR('',#11020,10.);
#3184=VECTOR('',#11021,10.);
#3185=VECTOR('',#11022,10.);
#3186=VECTOR('',#11025,10.);
#3187=VECTOR('',#11026,10.);
#3188=VECTOR('',#11031,10.);
#3189=VECTOR('',#11032,10.);
#3190=VECTOR('',#11033,10.);
#3191=VECTOR('',#11034,10.);
#3192=VECTOR('',#11037,10.);
#3193=VECTOR('',#11038,10.);
#3194=VECTOR('',#11039,10.);
#3195=VECTOR('',#11042,10.);
#3196=VECTOR('',#11043,10.);
#3197=VECTOR('',#11044,10.);
#3198=VECTOR('',#11047,10.);
#3199=VECTOR('',#11048,10.);
#3200=VECTOR('',#11053,10.);
#3201=VECTOR('',#11054,10.);
#3202=VECTOR('',#11055,10.);
#3203=VECTOR('',#11056,10.);
#3204=VECTOR('',#11059,10.);
#3205=VECTOR('',#11060,10.);
#3206=VECTOR('',#11061,10.);
#3207=VECTOR('',#11064,10.);
#3208=VECTOR('',#11065,10.);
#3209=VECTOR('',#11066,10.);
#3210=VECTOR('',#11069,10.);
#3211=VECTOR('',#11070,10.);
#3212=VECTOR('',#11075,10.);
#3213=VECTOR('',#11076,10.);
#3214=VECTOR('',#11077,10.);
#3215=VECTOR('',#11078,10.);
#3216=VECTOR('',#11081,10.);
#3217=VECTOR('',#11082,10.);
#3218=VECTOR('',#11083,10.);
#3219=VECTOR('',#11086,10.);
#3220=VECTOR('',#11087,10.);
#3221=VECTOR('',#11088,10.);
#3222=VECTOR('',#11091,10.);
#3223=VECTOR('',#11092,10.);
#3224=VECTOR('',#11097,10.);
#3225=VECTOR('',#11098,10.);
#3226=VECTOR('',#11099,10.);
#3227=VECTOR('',#11100,10.);
#3228=VECTOR('',#11103,10.);
#3229=VECTOR('',#11104,10.);
#3230=VECTOR('',#11105,10.);
#3231=VECTOR('',#11108,10.);
#3232=VECTOR('',#11109,10.);
#3233=VECTOR('',#11110,10.);
#3234=VECTOR('',#11113,10.);
#3235=VECTOR('',#11114,10.);
#3236=VECTOR('',#11119,10.);
#3237=VECTOR('',#11120,10.);
#3238=VECTOR('',#11121,10.);
#3239=VECTOR('',#11122,10.);
#3240=VECTOR('',#11125,10.);
#3241=VECTOR('',#11126,10.);
#3242=VECTOR('',#11127,10.);
#3243=VECTOR('',#11130,10.);
#3244=VECTOR('',#11131,10.);
#3245=VECTOR('',#11132,10.);
#3246=VECTOR('',#11135,10.);
#3247=VECTOR('',#11136,10.);
#3248=VECTOR('',#11141,10.);
#3249=VECTOR('',#11142,10.);
#3250=VECTOR('',#11143,10.);
#3251=VECTOR('',#11144,10.);
#3252=VECTOR('',#11147,10.);
#3253=VECTOR('',#11148,10.);
#3254=VECTOR('',#11149,10.);
#3255=VECTOR('',#11152,10.);
#3256=VECTOR('',#11153,10.);
#3257=VECTOR('',#11154,10.);
#3258=VECTOR('',#11157,10.);
#3259=VECTOR('',#11158,10.);
#3260=VECTOR('',#11163,10.);
#3261=VECTOR('',#11164,10.);
#3262=VECTOR('',#11165,10.);
#3263=VECTOR('',#11166,10.);
#3264=VECTOR('',#11169,10.);
#3265=VECTOR('',#11170,10.);
#3266=VECTOR('',#11171,10.);
#3267=VECTOR('',#11174,10.);
#3268=VECTOR('',#11175,10.);
#3269=VECTOR('',#11176,10.);
#3270=VECTOR('',#11179,10.);
#3271=VECTOR('',#11180,10.);
#3272=VECTOR('',#11185,10.);
#3273=VECTOR('',#11186,10.);
#3274=VECTOR('',#11187,10.);
#3275=VECTOR('',#11188,10.);
#3276=VECTOR('',#11191,10.);
#3277=VECTOR('',#11192,10.);
#3278=VECTOR('',#11193,10.);
#3279=VECTOR('',#11196,10.);
#3280=VECTOR('',#11197,10.);
#3281=VECTOR('',#11198,10.);
#3282=VECTOR('',#11201,10.);
#3283=VECTOR('',#11202,10.);
#3284=VECTOR('',#11207,10.);
#3285=VECTOR('',#11208,10.);
#3286=VECTOR('',#11209,10.);
#3287=VECTOR('',#11210,10.);
#3288=VECTOR('',#11213,10.);
#3289=VECTOR('',#11214,10.);
#3290=VECTOR('',#11215,10.);
#3291=VECTOR('',#11218,10.);
#3292=VECTOR('',#11219,10.);
#3293=VECTOR('',#11220,10.);
#3294=VECTOR('',#11223,10.);
#3295=VECTOR('',#11224,10.);
#3296=VECTOR('',#11229,10.);
#3297=VECTOR('',#11230,10.);
#3298=VECTOR('',#11231,10.);
#3299=VECTOR('',#11232,10.);
#3300=VECTOR('',#11235,10.);
#3301=VECTOR('',#11236,10.);
#3302=VECTOR('',#11237,10.);
#3303=VECTOR('',#11240,10.);
#3304=VECTOR('',#11241,10.);
#3305=VECTOR('',#11242,10.);
#3306=VECTOR('',#11245,10.);
#3307=VECTOR('',#11246,10.);
#3308=VECTOR('',#11251,10.);
#3309=VECTOR('',#11252,10.);
#3310=VECTOR('',#11253,10.);
#3311=VECTOR('',#11254,10.);
#3312=VECTOR('',#11257,10.);
#3313=VECTOR('',#11258,10.);
#3314=VECTOR('',#11259,10.);
#3315=VECTOR('',#11262,10.);
#3316=VECTOR('',#11263,10.);
#3317=VECTOR('',#11264,10.);
#3318=VECTOR('',#11267,10.);
#3319=VECTOR('',#11268,10.);
#3320=VECTOR('',#11273,10.);
#3321=VECTOR('',#11274,10.);
#3322=VECTOR('',#11275,10.);
#3323=VECTOR('',#11276,10.);
#3324=VECTOR('',#11279,10.);
#3325=VECTOR('',#11280,10.);
#3326=VECTOR('',#11281,10.);
#3327=VECTOR('',#11284,10.);
#3328=VECTOR('',#11285,10.);
#3329=VECTOR('',#11286,10.);
#3330=VECTOR('',#11289,10.);
#3331=VECTOR('',#11290,10.);
#3332=VECTOR('',#11295,10.);
#3333=VECTOR('',#11296,10.);
#3334=VECTOR('',#11297,10.);
#3335=VECTOR('',#11298,10.);
#3336=VECTOR('',#11301,10.);
#3337=VECTOR('',#11302,10.);
#3338=VECTOR('',#11303,10.);
#3339=VECTOR('',#11306,10.);
#3340=VECTOR('',#11307,10.);
#3341=VECTOR('',#11308,10.);
#3342=VECTOR('',#11311,10.);
#3343=VECTOR('',#11312,10.);
#3344=VECTOR('',#11317,10.);
#3345=VECTOR('',#11318,10.);
#3346=VECTOR('',#11319,10.);
#3347=VECTOR('',#11320,10.);
#3348=VECTOR('',#11323,10.);
#3349=VECTOR('',#11324,10.);
#3350=VECTOR('',#11325,10.);
#3351=VECTOR('',#11328,10.);
#3352=VECTOR('',#11329,10.);
#3353=VECTOR('',#11330,10.);
#3354=VECTOR('',#11333,10.);
#3355=VECTOR('',#11334,10.);
#3356=VECTOR('',#11339,10.);
#3357=VECTOR('',#11340,10.);
#3358=VECTOR('',#11341,10.);
#3359=VECTOR('',#11342,10.);
#3360=VECTOR('',#11345,10.);
#3361=VECTOR('',#11346,10.);
#3362=VECTOR('',#11347,10.);
#3363=VECTOR('',#11350,10.);
#3364=VECTOR('',#11351,10.);
#3365=VECTOR('',#11352,10.);
#3366=VECTOR('',#11355,10.);
#3367=VECTOR('',#11356,10.);
#3368=VECTOR('',#11361,10.);
#3369=VECTOR('',#11362,10.);
#3370=VECTOR('',#11363,10.);
#3371=VECTOR('',#11364,10.);
#3372=VECTOR('',#11367,10.);
#3373=VECTOR('',#11368,10.);
#3374=VECTOR('',#11369,10.);
#3375=VECTOR('',#11372,10.);
#3376=VECTOR('',#11373,10.);
#3377=VECTOR('',#11374,10.);
#3378=VECTOR('',#11377,10.);
#3379=VECTOR('',#11378,10.);
#3380=VECTOR('',#11383,10.);
#3381=VECTOR('',#11384,10.);
#3382=VECTOR('',#11385,10.);
#3383=VECTOR('',#11386,10.);
#3384=VECTOR('',#11389,10.);
#3385=VECTOR('',#11390,10.);
#3386=VECTOR('',#11391,10.);
#3387=VECTOR('',#11394,10.);
#3388=VECTOR('',#11395,10.);
#3389=VECTOR('',#11396,10.);
#3390=VECTOR('',#11399,10.);
#3391=VECTOR('',#11400,10.);
#3392=VECTOR('',#11405,10.);
#3393=VECTOR('',#11406,10.);
#3394=VECTOR('',#11407,10.);
#3395=VECTOR('',#11408,10.);
#3396=VECTOR('',#11411,10.);
#3397=VECTOR('',#11412,10.);
#3398=VECTOR('',#11413,10.);
#3399=VECTOR('',#11416,10.);
#3400=VECTOR('',#11417,10.);
#3401=VECTOR('',#11418,10.);
#3402=VECTOR('',#11421,10.);
#3403=VECTOR('',#11422,10.);
#3404=VECTOR('',#11427,10.);
#3405=VECTOR('',#11428,10.);
#3406=VECTOR('',#11429,10.);
#3407=VECTOR('',#11430,10.);
#3408=VECTOR('',#11433,10.);
#3409=VECTOR('',#11434,10.);
#3410=VECTOR('',#11435,10.);
#3411=VECTOR('',#11438,10.);
#3412=VECTOR('',#11439,10.);
#3413=VECTOR('',#11440,10.);
#3414=VECTOR('',#11443,10.);
#3415=VECTOR('',#11444,10.);
#3416=VECTOR('',#11449,10.);
#3417=VECTOR('',#11450,10.);
#3418=VECTOR('',#11451,10.);
#3419=VECTOR('',#11452,10.);
#3420=VECTOR('',#11455,10.);
#3421=VECTOR('',#11456,10.);
#3422=VECTOR('',#11457,10.);
#3423=VECTOR('',#11460,10.);
#3424=VECTOR('',#11461,10.);
#3425=VECTOR('',#11462,10.);
#3426=VECTOR('',#11465,10.);
#3427=VECTOR('',#11466,10.);
#3428=VECTOR('',#11471,10.);
#3429=VECTOR('',#11472,10.);
#3430=VECTOR('',#11473,10.);
#3431=VECTOR('',#11474,10.);
#3432=VECTOR('',#11477,10.);
#3433=VECTOR('',#11478,10.);
#3434=VECTOR('',#11479,10.);
#3435=VECTOR('',#11482,10.);
#3436=VECTOR('',#11483,10.);
#3437=VECTOR('',#11484,10.);
#3438=VECTOR('',#11487,10.);
#3439=VECTOR('',#11488,10.);
#3440=VECTOR('',#11493,10.);
#3441=VECTOR('',#11494,10.);
#3442=VECTOR('',#11495,10.);
#3443=VECTOR('',#11496,10.);
#3444=VECTOR('',#11499,10.);
#3445=VECTOR('',#11500,10.);
#3446=VECTOR('',#11501,10.);
#3447=VECTOR('',#11504,10.);
#3448=VECTOR('',#11505,10.);
#3449=VECTOR('',#11506,10.);
#3450=VECTOR('',#11509,10.);
#3451=VECTOR('',#11510,10.);
#3452=VECTOR('',#11515,10.);
#3453=VECTOR('',#11516,10.);
#3454=VECTOR('',#11517,10.);
#3455=VECTOR('',#11518,10.);
#3456=VECTOR('',#11521,10.);
#3457=VECTOR('',#11522,10.);
#3458=VECTOR('',#11523,10.);
#3459=VECTOR('',#11526,10.);
#3460=VECTOR('',#11527,10.);
#3461=VECTOR('',#11528,10.);
#3462=VECTOR('',#11531,10.);
#3463=VECTOR('',#11532,10.);
#3464=VECTOR('',#11537,10.);
#3465=VECTOR('',#11538,10.);
#3466=VECTOR('',#11539,10.);
#3467=VECTOR('',#11540,10.);
#3468=VECTOR('',#11543,10.);
#3469=VECTOR('',#11544,10.);
#3470=VECTOR('',#11545,10.);
#3471=VECTOR('',#11548,10.);
#3472=VECTOR('',#11549,10.);
#3473=VECTOR('',#11550,10.);
#3474=VECTOR('',#11553,10.);
#3475=VECTOR('',#11554,10.);
#3476=VECTOR('',#11559,10.);
#3477=VECTOR('',#11560,10.);
#3478=VECTOR('',#11561,10.);
#3479=VECTOR('',#11562,10.);
#3480=VECTOR('',#11565,10.);
#3481=VECTOR('',#11566,10.);
#3482=VECTOR('',#11567,10.);
#3483=VECTOR('',#11570,10.);
#3484=VECTOR('',#11571,10.);
#3485=VECTOR('',#11572,10.);
#3486=VECTOR('',#11575,10.);
#3487=VECTOR('',#11576,10.);
#3488=VECTOR('',#11581,10.);
#3489=VECTOR('',#11582,10.);
#3490=VECTOR('',#11583,10.);
#3491=VECTOR('',#11584,10.);
#3492=VECTOR('',#11587,10.);
#3493=VECTOR('',#11588,10.);
#3494=VECTOR('',#11589,10.);
#3495=VECTOR('',#11592,10.);
#3496=VECTOR('',#11593,10.);
#3497=VECTOR('',#11594,10.);
#3498=VECTOR('',#11597,10.);
#3499=VECTOR('',#11598,10.);
#3500=VECTOR('',#11603,10.);
#3501=VECTOR('',#11604,10.);
#3502=VECTOR('',#11605,10.);
#3503=VECTOR('',#11606,10.);
#3504=VECTOR('',#11609,10.);
#3505=VECTOR('',#11610,10.);
#3506=VECTOR('',#11611,10.);
#3507=VECTOR('',#11614,10.);
#3508=VECTOR('',#11615,10.);
#3509=VECTOR('',#11616,10.);
#3510=VECTOR('',#11619,10.);
#3511=VECTOR('',#11620,10.);
#3512=VECTOR('',#11625,10.);
#3513=VECTOR('',#11626,10.);
#3514=VECTOR('',#11627,10.);
#3515=VECTOR('',#11628,10.);
#3516=VECTOR('',#11629,10.);
#3517=VECTOR('',#11632,10.);
#3518=VECTOR('',#11633,10.);
#3519=VECTOR('',#11634,10.);
#3520=VECTOR('',#11637,10.);
#3521=VECTOR('',#11638,10.);
#3522=VECTOR('',#11639,10.);
#3523=VECTOR('',#11640,10.);
#3524=VECTOR('',#11643,10.);
#3525=VECTOR('',#11644,10.);
#3526=VECTOR('',#11649,10.);
#3527=VECTOR('',#11652,10.);
#3528=VECTOR('',#11653,10.);
#3529=VECTOR('',#11654,10.);
#3530=VECTOR('',#11655,10.);
#3531=VECTOR('',#11658,10.);
#3532=VECTOR('',#11659,10.);
#3533=VECTOR('',#11660,10.);
#3534=VECTOR('',#11661,10.);
#3535=VECTOR('',#11664,10.);
#3536=VECTOR('',#11665,10.);
#3537=VECTOR('',#11666,10.);
#3538=VECTOR('',#11669,10.);
#3539=VECTOR('',#11670,10.);
#3540=VECTOR('',#11671,10.);
#3541=VECTOR('',#11676,10.);
#3542=VECTOR('',#11679,10.);
#3543=VECTOR('',#11680,10.);
#3544=VECTOR('',#11681,10.);
#3545=VECTOR('',#11682,10.);
#3546=VECTOR('',#11683,10.);
#3547=VECTOR('',#11686,10.);
#3548=VECTOR('',#11687,10.);
#3549=VECTOR('',#11688,10.);
#3550=VECTOR('',#11691,10.);
#3551=VECTOR('',#11692,10.);
#3552=VECTOR('',#11693,10.);
#3553=VECTOR('',#11694,10.);
#3554=VECTOR('',#11697,10.);
#3555=VECTOR('',#11698,10.);
#3556=VECTOR('',#11703,10.);
#3557=VECTOR('',#11706,10.);
#3558=VECTOR('',#11707,10.);
#3559=VECTOR('',#11708,10.);
#3560=VECTOR('',#11709,10.);
#3561=VECTOR('',#11712,10.);
#3562=VECTOR('',#11713,10.);
#3563=VECTOR('',#11714,10.);
#3564=VECTOR('',#11715,10.);
#3565=VECTOR('',#11718,10.);
#3566=VECTOR('',#11719,10.);
#3567=VECTOR('',#11720,10.);
#3568=VECTOR('',#11723,10.);
#3569=VECTOR('',#11724,10.);
#3570=VECTOR('',#11725,10.);
#3571=VECTOR('',#11732,10.);
#3572=VECTOR('',#11735,10.);
#3573=VECTOR('',#11736,10.);
#3574=VECTOR('',#11737,10.);
#3575=VECTOR('',#11738,10.);
#3576=VECTOR('',#11741,10.);
#3577=VECTOR('',#11742,10.);
#3578=VECTOR('',#11743,10.);
#3579=VECTOR('',#11744,10.);
#3580=VECTOR('',#11747,10.);
#3581=VECTOR('',#11748,10.);
#3582=VECTOR('',#11749,10.);
#3583=VECTOR('',#11752,10.);
#3584=VECTOR('',#11753,10.);
#3585=VECTOR('',#11754,10.);
#3586=VECTOR('',#11759,10.);
#3587=VECTOR('',#11762,10.);
#3588=VECTOR('',#11763,10.);
#3589=VECTOR('',#11764,10.);
#3590=VECTOR('',#11765,10.);
#3591=VECTOR('',#11768,10.);
#3592=VECTOR('',#11769,10.);
#3593=VECTOR('',#11770,10.);
#3594=VECTOR('',#11773,10.);
#3595=VECTOR('',#11774,10.);
#3596=VECTOR('',#11775,10.);
#3597=VECTOR('',#11778,10.);
#3598=VECTOR('',#11779,10.);
#3599=VECTOR('',#11784,10.);
#3600=VECTOR('',#11785,10.);
#3601=VECTOR('',#11786,10.);
#3602=VECTOR('',#11787,10.);
#3603=VECTOR('',#11790,10.);
#3604=VECTOR('',#11791,10.);
#3605=VECTOR('',#11792,10.);
#3606=VECTOR('',#11795,10.);
#3607=VECTOR('',#11796,10.);
#3608=VECTOR('',#11797,10.);
#3609=VECTOR('',#11800,10.);
#3610=VECTOR('',#11801,10.);
#3611=VECTOR('',#11806,10.);
#3612=VECTOR('',#11807,10.);
#3613=VECTOR('',#11808,10.);
#3614=VECTOR('',#11809,10.);
#3615=VECTOR('',#11812,10.);
#3616=VECTOR('',#11813,10.);
#3617=VECTOR('',#11814,10.);
#3618=VECTOR('',#11815,10.);
#3619=VECTOR('',#11818,10.);
#3620=VECTOR('',#11819,10.);
#3621=VECTOR('',#11820,10.);
#3622=VECTOR('',#11823,10.);
#3623=VECTOR('',#11824,10.);
#3624=VECTOR('',#11825,10.);
#3625=VECTOR('',#11830,10.);
#3626=VECTOR('',#11837,1.35);
#3627=VECTOR('',#11844,1.35);
#3628=VECTOR('',#11851,1.35);
#3629=VECTOR('',#11858,1.35);
#3630=VECTOR('',#11863,10.);
#3631=VECTOR('',#11864,10.);
#3632=VECTOR('',#11865,10.);
#3633=VECTOR('',#11866,10.);
#3634=VECTOR('',#11873,10.);
#3635=VECTOR('',#11876,10.);
#3636=VECTOR('',#11877,10.);
#3637=VECTOR('',#11878,10.);
#3638=VECTOR('',#11879,10.);
#3639=VECTOR('',#11886,10.);
#3640=VECTOR('',#11889,10.);
#3641=VECTOR('',#11890,10.);
#3642=VECTOR('',#11891,10.);
#3643=VECTOR('',#11892,10.);
#3644=VECTOR('',#11893,10.);
#3645=VECTOR('',#11894,10.);
#3646=VECTOR('',#11901,10.);
#3647=VECTOR('',#11904,10.);
#3648=VECTOR('',#11905,10.);
#3649=VECTOR('',#11906,10.);
#3650=VECTOR('',#11907,10.);
#3651=VERTEX_POINT('',#11923);
#3652=VERTEX_POINT('',#11924);
#3653=VERTEX_POINT('',#11926);
#3654=VERTEX_POINT('',#11928);
#3655=VERTEX_POINT('',#11932);
#3656=VERTEX_POINT('',#11934);
#3657=VERTEX_POINT('',#11938);
#3658=VERTEX_POINT('',#11940);
#3659=VERTEX_POINT('',#11948);
#3660=VERTEX_POINT('',#11949);
#3661=VERTEX_POINT('',#11951);
#3662=VERTEX_POINT('',#11953);
#3663=VERTEX_POINT('',#11957);
#3664=VERTEX_POINT('',#11959);
#3665=VERTEX_POINT('',#11963);
#3666=VERTEX_POINT('',#11965);
#3667=VERTEX_POINT('',#11973);
#3668=VERTEX_POINT('',#11974);
#3669=VERTEX_POINT('',#11976);
#3670=VERTEX_POINT('',#11978);
#3671=VERTEX_POINT('',#11980);
#3672=VERTEX_POINT('',#11984);
#3673=VERTEX_POINT('',#11986);
#3674=VERTEX_POINT('',#11990);
#3675=VERTEX_POINT('',#11992);
#3676=VERTEX_POINT('',#11994);
#3677=VERTEX_POINT('',#11998);
#3678=VERTEX_POINT('',#12000);
#3679=VERTEX_POINT('',#12004);
#3680=VERTEX_POINT('',#12006);
#3681=VERTEX_POINT('',#12016);
#3682=VERTEX_POINT('',#12017);
#3683=VERTEX_POINT('',#12019);
#3684=VERTEX_POINT('',#12021);
#3685=VERTEX_POINT('',#12025);
#3686=VERTEX_POINT('',#12027);
#3687=VERTEX_POINT('',#12031);
#3688=VERTEX_POINT('',#12033);
#3689=VERTEX_POINT('',#12041);
#3690=VERTEX_POINT('',#12042);
#3691=VERTEX_POINT('',#12044);
#3692=VERTEX_POINT('',#12046);
#3693=VERTEX_POINT('',#12050);
#3694=VERTEX_POINT('',#12052);
#3695=VERTEX_POINT('',#12056);
#3696=VERTEX_POINT('',#12058);
#3697=VERTEX_POINT('',#12066);
#3698=VERTEX_POINT('',#12067);
#3699=VERTEX_POINT('',#12069);
#3700=VERTEX_POINT('',#12071);
#3701=VERTEX_POINT('',#12075);
#3702=VERTEX_POINT('',#12077);
#3703=VERTEX_POINT('',#12081);
#3704=VERTEX_POINT('',#12083);
#3705=VERTEX_POINT('',#12091);
#3706=VERTEX_POINT('',#12092);
#3707=VERTEX_POINT('',#12094);
#3708=VERTEX_POINT('',#12096);
#3709=VERTEX_POINT('',#12100);
#3710=VERTEX_POINT('',#12102);
#3711=VERTEX_POINT('',#12106);
#3712=VERTEX_POINT('',#12108);
#3713=VERTEX_POINT('',#12116);
#3714=VERTEX_POINT('',#12117);
#3715=VERTEX_POINT('',#12119);
#3716=VERTEX_POINT('',#12121);
#3717=VERTEX_POINT('',#12125);
#3718=VERTEX_POINT('',#12127);
#3719=VERTEX_POINT('',#12131);
#3720=VERTEX_POINT('',#12133);
#3721=VERTEX_POINT('',#12141);
#3722=VERTEX_POINT('',#12142);
#3723=VERTEX_POINT('',#12144);
#3724=VERTEX_POINT('',#12146);
#3725=VERTEX_POINT('',#12150);
#3726=VERTEX_POINT('',#12152);
#3727=VERTEX_POINT('',#12156);
#3728=VERTEX_POINT('',#12158);
#3729=VERTEX_POINT('',#12166);
#3730=VERTEX_POINT('',#12167);
#3731=VERTEX_POINT('',#12169);
#3732=VERTEX_POINT('',#12171);
#3733=VERTEX_POINT('',#12175);
#3734=VERTEX_POINT('',#12177);
#3735=VERTEX_POINT('',#12181);
#3736=VERTEX_POINT('',#12183);
#3737=VERTEX_POINT('',#12191);
#3738=VERTEX_POINT('',#12192);
#3739=VERTEX_POINT('',#12194);
#3740=VERTEX_POINT('',#12196);
#3741=VERTEX_POINT('',#12200);
#3742=VERTEX_POINT('',#12202);
#3743=VERTEX_POINT('',#12206);
#3744=VERTEX_POINT('',#12208);
#3745=VERTEX_POINT('',#12216);
#3746=VERTEX_POINT('',#12217);
#3747=VERTEX_POINT('',#12219);
#3748=VERTEX_POINT('',#12221);
#3749=VERTEX_POINT('',#12225);
#3750=VERTEX_POINT('',#12227);
#3751=VERTEX_POINT('',#12231);
#3752=VERTEX_POINT('',#12233);
#3753=VERTEX_POINT('',#12241);
#3754=VERTEX_POINT('',#12242);
#3755=VERTEX_POINT('',#12244);
#3756=VERTEX_POINT('',#12246);
#3757=VERTEX_POINT('',#12250);
#3758=VERTEX_POINT('',#12252);
#3759=VERTEX_POINT('',#12256);
#3760=VERTEX_POINT('',#12258);
#3761=VERTEX_POINT('',#12266);
#3762=VERTEX_POINT('',#12267);
#3763=VERTEX_POINT('',#12269);
#3764=VERTEX_POINT('',#12271);
#3765=VERTEX_POINT('',#12275);
#3766=VERTEX_POINT('',#12277);
#3767=VERTEX_POINT('',#12281);
#3768=VERTEX_POINT('',#12283);
#3769=VERTEX_POINT('',#12291);
#3770=VERTEX_POINT('',#12292);
#3771=VERTEX_POINT('',#12294);
#3772=VERTEX_POINT('',#12296);
#3773=VERTEX_POINT('',#12300);
#3774=VERTEX_POINT('',#12302);
#3775=VERTEX_POINT('',#12306);
#3776=VERTEX_POINT('',#12308);
#3777=VERTEX_POINT('',#12316);
#3778=VERTEX_POINT('',#12317);
#3779=VERTEX_POINT('',#12319);
#3780=VERTEX_POINT('',#12321);
#3781=VERTEX_POINT('',#12325);
#3782=VERTEX_POINT('',#12327);
#3783=VERTEX_POINT('',#12331);
#3784=VERTEX_POINT('',#12333);
#3785=VERTEX_POINT('',#12341);
#3786=VERTEX_POINT('',#12342);
#3787=VERTEX_POINT('',#12344);
#3788=VERTEX_POINT('',#12346);
#3789=VERTEX_POINT('',#12350);
#3790=VERTEX_POINT('',#12352);
#3791=VERTEX_POINT('',#12356);
#3792=VERTEX_POINT('',#12358);
#3793=VERTEX_POINT('',#12366);
#3794=VERTEX_POINT('',#12367);
#3795=VERTEX_POINT('',#12369);
#3796=VERTEX_POINT('',#12371);
#3797=VERTEX_POINT('',#12375);
#3798=VERTEX_POINT('',#12377);
#3799=VERTEX_POINT('',#12381);
#3800=VERTEX_POINT('',#12383);
#3801=VERTEX_POINT('',#12391);
#3802=VERTEX_POINT('',#12392);
#3803=VERTEX_POINT('',#12394);
#3804=VERTEX_POINT('',#12396);
#3805=VERTEX_POINT('',#12400);
#3806=VERTEX_POINT('',#12402);
#3807=VERTEX_POINT('',#12406);
#3808=VERTEX_POINT('',#12408);
#3809=VERTEX_POINT('',#12416);
#3810=VERTEX_POINT('',#12417);
#3811=VERTEX_POINT('',#12419);
#3812=VERTEX_POINT('',#12421);
#3813=VERTEX_POINT('',#12425);
#3814=VERTEX_POINT('',#12427);
#3815=VERTEX_POINT('',#12431);
#3816=VERTEX_POINT('',#12433);
#3817=VERTEX_POINT('',#12441);
#3818=VERTEX_POINT('',#12442);
#3819=VERTEX_POINT('',#12444);
#3820=VERTEX_POINT('',#12446);
#3821=VERTEX_POINT('',#12450);
#3822=VERTEX_POINT('',#12452);
#3823=VERTEX_POINT('',#12456);
#3824=VERTEX_POINT('',#12458);
#3825=VERTEX_POINT('',#12466);
#3826=VERTEX_POINT('',#12467);
#3827=VERTEX_POINT('',#12469);
#3828=VERTEX_POINT('',#12471);
#3829=VERTEX_POINT('',#12475);
#3830=VERTEX_POINT('',#12477);
#3831=VERTEX_POINT('',#12481);
#3832=VERTEX_POINT('',#12483);
#3833=VERTEX_POINT('',#12491);
#3834=VERTEX_POINT('',#12492);
#3835=VERTEX_POINT('',#12494);
#3836=VERTEX_POINT('',#12496);
#3837=VERTEX_POINT('',#12500);
#3838=VERTEX_POINT('',#12502);
#3839=VERTEX_POINT('',#12506);
#3840=VERTEX_POINT('',#12508);
#3841=VERTEX_POINT('',#12516);
#3842=VERTEX_POINT('',#12517);
#3843=VERTEX_POINT('',#12519);
#3844=VERTEX_POINT('',#12521);
#3845=VERTEX_POINT('',#12525);
#3846=VERTEX_POINT('',#12527);
#3847=VERTEX_POINT('',#12531);
#3848=VERTEX_POINT('',#12533);
#3849=VERTEX_POINT('',#12541);
#3850=VERTEX_POINT('',#12542);
#3851=VERTEX_POINT('',#12544);
#3852=VERTEX_POINT('',#12546);
#3853=VERTEX_POINT('',#12550);
#3854=VERTEX_POINT('',#12552);
#3855=VERTEX_POINT('',#12556);
#3856=VERTEX_POINT('',#12558);
#3857=VERTEX_POINT('',#12566);
#3858=VERTEX_POINT('',#12567);
#3859=VERTEX_POINT('',#12569);
#3860=VERTEX_POINT('',#12571);
#3861=VERTEX_POINT('',#12575);
#3862=VERTEX_POINT('',#12577);
#3863=VERTEX_POINT('',#12581);
#3864=VERTEX_POINT('',#12583);
#3865=VERTEX_POINT('',#12591);
#3866=VERTEX_POINT('',#12592);
#3867=VERTEX_POINT('',#12594);
#3868=VERTEX_POINT('',#12596);
#3869=VERTEX_POINT('',#12600);
#3870=VERTEX_POINT('',#12602);
#3871=VERTEX_POINT('',#12606);
#3872=VERTEX_POINT('',#12608);
#3873=VERTEX_POINT('',#12616);
#3874=VERTEX_POINT('',#12617);
#3875=VERTEX_POINT('',#12619);
#3876=VERTEX_POINT('',#12621);
#3877=VERTEX_POINT('',#12625);
#3878=VERTEX_POINT('',#12627);
#3879=VERTEX_POINT('',#12631);
#3880=VERTEX_POINT('',#12633);
#3881=VERTEX_POINT('',#12641);
#3882=VERTEX_POINT('',#12642);
#3883=VERTEX_POINT('',#12644);
#3884=VERTEX_POINT('',#12646);
#3885=VERTEX_POINT('',#12650);
#3886=VERTEX_POINT('',#12652);
#3887=VERTEX_POINT('',#12656);
#3888=VERTEX_POINT('',#12658);
#3889=VERTEX_POINT('',#12666);
#3890=VERTEX_POINT('',#12667);
#3891=VERTEX_POINT('',#12669);
#3892=VERTEX_POINT('',#12671);
#3893=VERTEX_POINT('',#12675);
#3894=VERTEX_POINT('',#12677);
#3895=VERTEX_POINT('',#12681);
#3896=VERTEX_POINT('',#12683);
#3897=VERTEX_POINT('',#12691);
#3898=VERTEX_POINT('',#12692);
#3899=VERTEX_POINT('',#12694);
#3900=VERTEX_POINT('',#12696);
#3901=VERTEX_POINT('',#12700);
#3902=VERTEX_POINT('',#12702);
#3903=VERTEX_POINT('',#12706);
#3904=VERTEX_POINT('',#12708);
#3905=VERTEX_POINT('',#12716);
#3906=VERTEX_POINT('',#12717);
#3907=VERTEX_POINT('',#12719);
#3908=VERTEX_POINT('',#12721);
#3909=VERTEX_POINT('',#12725);
#3910=VERTEX_POINT('',#12727);
#3911=VERTEX_POINT('',#12731);
#3912=VERTEX_POINT('',#12733);
#3913=VERTEX_POINT('',#12741);
#3914=VERTEX_POINT('',#12742);
#3915=VERTEX_POINT('',#12744);
#3916=VERTEX_POINT('',#12746);
#3917=VERTEX_POINT('',#12750);
#3918=VERTEX_POINT('',#12752);
#3919=VERTEX_POINT('',#12756);
#3920=VERTEX_POINT('',#12758);
#3921=VERTEX_POINT('',#12766);
#3922=VERTEX_POINT('',#12767);
#3923=VERTEX_POINT('',#12769);
#3924=VERTEX_POINT('',#12771);
#3925=VERTEX_POINT('',#12775);
#3926=VERTEX_POINT('',#12777);
#3927=VERTEX_POINT('',#12781);
#3928=VERTEX_POINT('',#12783);
#3929=VERTEX_POINT('',#12791);
#3930=VERTEX_POINT('',#12792);
#3931=VERTEX_POINT('',#12794);
#3932=VERTEX_POINT('',#12796);
#3933=VERTEX_POINT('',#12800);
#3934=VERTEX_POINT('',#12802);
#3935=VERTEX_POINT('',#12806);
#3936=VERTEX_POINT('',#12808);
#3937=VERTEX_POINT('',#12816);
#3938=VERTEX_POINT('',#12817);
#3939=VERTEX_POINT('',#12819);
#3940=VERTEX_POINT('',#12821);
#3941=VERTEX_POINT('',#12825);
#3942=VERTEX_POINT('',#12827);
#3943=VERTEX_POINT('',#12831);
#3944=VERTEX_POINT('',#12833);
#3945=VERTEX_POINT('',#12841);
#3946=VERTEX_POINT('',#12842);
#3947=VERTEX_POINT('',#12844);
#3948=VERTEX_POINT('',#12846);
#3949=VERTEX_POINT('',#12850);
#3950=VERTEX_POINT('',#12852);
#3951=VERTEX_POINT('',#12856);
#3952=VERTEX_POINT('',#12858);
#3953=VERTEX_POINT('',#12866);
#3954=VERTEX_POINT('',#12867);
#3955=VERTEX_POINT('',#12869);
#3956=VERTEX_POINT('',#12871);
#3957=VERTEX_POINT('',#12875);
#3958=VERTEX_POINT('',#12877);
#3959=VERTEX_POINT('',#12881);
#3960=VERTEX_POINT('',#12883);
#3961=VERTEX_POINT('',#12891);
#3962=VERTEX_POINT('',#12892);
#3963=VERTEX_POINT('',#12894);
#3964=VERTEX_POINT('',#12896);
#3965=VERTEX_POINT('',#12900);
#3966=VERTEX_POINT('',#12902);
#3967=VERTEX_POINT('',#12906);
#3968=VERTEX_POINT('',#12908);
#3969=VERTEX_POINT('',#12916);
#3970=VERTEX_POINT('',#12917);
#3971=VERTEX_POINT('',#12919);
#3972=VERTEX_POINT('',#12921);
#3973=VERTEX_POINT('',#12925);
#3974=VERTEX_POINT('',#12927);
#3975=VERTEX_POINT('',#12931);
#3976=VERTEX_POINT('',#12933);
#3977=VERTEX_POINT('',#12941);
#3978=VERTEX_POINT('',#12942);
#3979=VERTEX_POINT('',#12944);
#3980=VERTEX_POINT('',#12946);
#3981=VERTEX_POINT('',#12950);
#3982=VERTEX_POINT('',#12952);
#3983=VERTEX_POINT('',#12956);
#3984=VERTEX_POINT('',#12958);
#3985=VERTEX_POINT('',#12966);
#3986=VERTEX_POINT('',#12967);
#3987=VERTEX_POINT('',#12969);
#3988=VERTEX_POINT('',#12971);
#3989=VERTEX_POINT('',#12975);
#3990=VERTEX_POINT('',#12977);
#3991=VERTEX_POINT('',#12981);
#3992=VERTEX_POINT('',#12983);
#3993=VERTEX_POINT('',#12991);
#3994=VERTEX_POINT('',#12992);
#3995=VERTEX_POINT('',#12994);
#3996=VERTEX_POINT('',#12996);
#3997=VERTEX_POINT('',#13000);
#3998=VERTEX_POINT('',#13002);
#3999=VERTEX_POINT('',#13006);
#4000=VERTEX_POINT('',#13008);
#4001=VERTEX_POINT('',#13016);
#4002=VERTEX_POINT('',#13017);
#4003=VERTEX_POINT('',#13019);
#4004=VERTEX_POINT('',#13021);
#4005=VERTEX_POINT('',#13025);
#4006=VERTEX_POINT('',#13027);
#4007=VERTEX_POINT('',#13031);
#4008=VERTEX_POINT('',#13033);
#4009=VERTEX_POINT('',#13041);
#4010=VERTEX_POINT('',#13042);
#4011=VERTEX_POINT('',#13044);
#4012=VERTEX_POINT('',#13046);
#4013=VERTEX_POINT('',#13050);
#4014=VERTEX_POINT('',#13052);
#4015=VERTEX_POINT('',#13056);
#4016=VERTEX_POINT('',#13058);
#4017=VERTEX_POINT('',#13066);
#4018=VERTEX_POINT('',#13067);
#4019=VERTEX_POINT('',#13069);
#4020=VERTEX_POINT('',#13071);
#4021=VERTEX_POINT('',#13075);
#4022=VERTEX_POINT('',#13077);
#4023=VERTEX_POINT('',#13081);
#4024=VERTEX_POINT('',#13083);
#4025=VERTEX_POINT('',#13091);
#4026=VERTEX_POINT('',#13092);
#4027=VERTEX_POINT('',#13094);
#4028=VERTEX_POINT('',#13096);
#4029=VERTEX_POINT('',#13100);
#4030=VERTEX_POINT('',#13102);
#4031=VERTEX_POINT('',#13106);
#4032=VERTEX_POINT('',#13108);
#4033=VERTEX_POINT('',#13116);
#4034=VERTEX_POINT('',#13117);
#4035=VERTEX_POINT('',#13119);
#4036=VERTEX_POINT('',#13121);
#4037=VERTEX_POINT('',#13125);
#4038=VERTEX_POINT('',#13127);
#4039=VERTEX_POINT('',#13131);
#4040=VERTEX_POINT('',#13133);
#4041=VERTEX_POINT('',#13141);
#4042=VERTEX_POINT('',#13142);
#4043=VERTEX_POINT('',#13144);
#4044=VERTEX_POINT('',#13146);
#4045=VERTEX_POINT('',#13150);
#4046=VERTEX_POINT('',#13152);
#4047=VERTEX_POINT('',#13156);
#4048=VERTEX_POINT('',#13158);
#4049=VERTEX_POINT('',#13166);
#4050=VERTEX_POINT('',#13167);
#4051=VERTEX_POINT('',#13169);
#4052=VERTEX_POINT('',#13171);
#4053=VERTEX_POINT('',#13175);
#4054=VERTEX_POINT('',#13177);
#4055=VERTEX_POINT('',#13181);
#4056=VERTEX_POINT('',#13183);
#4057=VERTEX_POINT('',#13191);
#4058=VERTEX_POINT('',#13192);
#4059=VERTEX_POINT('',#13194);
#4060=VERTEX_POINT('',#13196);
#4061=VERTEX_POINT('',#13200);
#4062=VERTEX_POINT('',#13202);
#4063=VERTEX_POINT('',#13206);
#4064=VERTEX_POINT('',#13208);
#4065=VERTEX_POINT('',#13216);
#4066=VERTEX_POINT('',#13217);
#4067=VERTEX_POINT('',#13219);
#4068=VERTEX_POINT('',#13221);
#4069=VERTEX_POINT('',#13225);
#4070=VERTEX_POINT('',#13227);
#4071=VERTEX_POINT('',#13231);
#4072=VERTEX_POINT('',#13233);
#4073=VERTEX_POINT('',#13241);
#4074=VERTEX_POINT('',#13242);
#4075=VERTEX_POINT('',#13244);
#4076=VERTEX_POINT('',#13246);
#4077=VERTEX_POINT('',#13250);
#4078=VERTEX_POINT('',#13252);
#4079=VERTEX_POINT('',#13256);
#4080=VERTEX_POINT('',#13258);
#4081=VERTEX_POINT('',#13266);
#4082=VERTEX_POINT('',#13267);
#4083=VERTEX_POINT('',#13269);
#4084=VERTEX_POINT('',#13271);
#4085=VERTEX_POINT('',#13275);
#4086=VERTEX_POINT('',#13277);
#4087=VERTEX_POINT('',#13281);
#4088=VERTEX_POINT('',#13283);
#4089=VERTEX_POINT('',#13291);
#4090=VERTEX_POINT('',#13292);
#4091=VERTEX_POINT('',#13294);
#4092=VERTEX_POINT('',#13296);
#4093=VERTEX_POINT('',#13300);
#4094=VERTEX_POINT('',#13302);
#4095=VERTEX_POINT('',#13306);
#4096=VERTEX_POINT('',#13308);
#4097=VERTEX_POINT('',#13316);
#4098=VERTEX_POINT('',#13317);
#4099=VERTEX_POINT('',#13319);
#4100=VERTEX_POINT('',#13321);
#4101=VERTEX_POINT('',#13325);
#4102=VERTEX_POINT('',#13327);
#4103=VERTEX_POINT('',#13331);
#4104=VERTEX_POINT('',#13333);
#4105=VERTEX_POINT('',#13341);
#4106=VERTEX_POINT('',#13342);
#4107=VERTEX_POINT('',#13344);
#4108=VERTEX_POINT('',#13346);
#4109=VERTEX_POINT('',#13350);
#4110=VERTEX_POINT('',#13352);
#4111=VERTEX_POINT('',#13356);
#4112=VERTEX_POINT('',#13358);
#4113=VERTEX_POINT('',#13366);
#4114=VERTEX_POINT('',#13367);
#4115=VERTEX_POINT('',#13369);
#4116=VERTEX_POINT('',#13371);
#4117=VERTEX_POINT('',#13375);
#4118=VERTEX_POINT('',#13377);
#4119=VERTEX_POINT('',#13381);
#4120=VERTEX_POINT('',#13383);
#4121=VERTEX_POINT('',#13391);
#4122=VERTEX_POINT('',#13392);
#4123=VERTEX_POINT('',#13394);
#4124=VERTEX_POINT('',#13396);
#4125=VERTEX_POINT('',#13400);
#4126=VERTEX_POINT('',#13402);
#4127=VERTEX_POINT('',#13406);
#4128=VERTEX_POINT('',#13408);
#4129=VERTEX_POINT('',#13416);
#4130=VERTEX_POINT('',#13417);
#4131=VERTEX_POINT('',#13419);
#4132=VERTEX_POINT('',#13421);
#4133=VERTEX_POINT('',#13425);
#4134=VERTEX_POINT('',#13427);
#4135=VERTEX_POINT('',#13431);
#4136=VERTEX_POINT('',#13433);
#4137=VERTEX_POINT('',#13441);
#4138=VERTEX_POINT('',#13442);
#4139=VERTEX_POINT('',#13444);
#4140=VERTEX_POINT('',#13446);
#4141=VERTEX_POINT('',#13450);
#4142=VERTEX_POINT('',#13452);
#4143=VERTEX_POINT('',#13456);
#4144=VERTEX_POINT('',#13458);
#4145=VERTEX_POINT('',#13466);
#4146=VERTEX_POINT('',#13467);
#4147=VERTEX_POINT('',#13469);
#4148=VERTEX_POINT('',#13471);
#4149=VERTEX_POINT('',#13475);
#4150=VERTEX_POINT('',#13477);
#4151=VERTEX_POINT('',#13481);
#4152=VERTEX_POINT('',#13483);
#4153=VERTEX_POINT('',#13491);
#4154=VERTEX_POINT('',#13492);
#4155=VERTEX_POINT('',#13494);
#4156=VERTEX_POINT('',#13496);
#4157=VERTEX_POINT('',#13500);
#4158=VERTEX_POINT('',#13502);
#4159=VERTEX_POINT('',#13506);
#4160=VERTEX_POINT('',#13508);
#4161=VERTEX_POINT('',#13516);
#4162=VERTEX_POINT('',#13517);
#4163=VERTEX_POINT('',#13519);
#4164=VERTEX_POINT('',#13521);
#4165=VERTEX_POINT('',#13525);
#4166=VERTEX_POINT('',#13527);
#4167=VERTEX_POINT('',#13531);
#4168=VERTEX_POINT('',#13533);
#4169=VERTEX_POINT('',#13541);
#4170=VERTEX_POINT('',#13542);
#4171=VERTEX_POINT('',#13544);
#4172=VERTEX_POINT('',#13546);
#4173=VERTEX_POINT('',#13550);
#4174=VERTEX_POINT('',#13552);
#4175=VERTEX_POINT('',#13556);
#4176=VERTEX_POINT('',#13558);
#4177=VERTEX_POINT('',#13566);
#4178=VERTEX_POINT('',#13567);
#4179=VERTEX_POINT('',#13569);
#4180=VERTEX_POINT('',#13571);
#4181=VERTEX_POINT('',#13575);
#4182=VERTEX_POINT('',#13577);
#4183=VERTEX_POINT('',#13581);
#4184=VERTEX_POINT('',#13583);
#4185=VERTEX_POINT('',#13591);
#4186=VERTEX_POINT('',#13592);
#4187=VERTEX_POINT('',#13594);
#4188=VERTEX_POINT('',#13596);
#4189=VERTEX_POINT('',#13600);
#4190=VERTEX_POINT('',#13602);
#4191=VERTEX_POINT('',#13606);
#4192=VERTEX_POINT('',#13608);
#4193=VERTEX_POINT('',#13616);
#4194=VERTEX_POINT('',#13617);
#4195=VERTEX_POINT('',#13619);
#4196=VERTEX_POINT('',#13621);
#4197=VERTEX_POINT('',#13625);
#4198=VERTEX_POINT('',#13627);
#4199=VERTEX_POINT('',#13631);
#4200=VERTEX_POINT('',#13633);
#4201=VERTEX_POINT('',#13641);
#4202=VERTEX_POINT('',#13642);
#4203=VERTEX_POINT('',#13644);
#4204=VERTEX_POINT('',#13646);
#4205=VERTEX_POINT('',#13650);
#4206=VERTEX_POINT('',#13652);
#4207=VERTEX_POINT('',#13656);
#4208=VERTEX_POINT('',#13658);
#4209=VERTEX_POINT('',#13666);
#4210=VERTEX_POINT('',#13667);
#4211=VERTEX_POINT('',#13669);
#4212=VERTEX_POINT('',#13671);
#4213=VERTEX_POINT('',#13675);
#4214=VERTEX_POINT('',#13677);
#4215=VERTEX_POINT('',#13681);
#4216=VERTEX_POINT('',#13683);
#4217=VERTEX_POINT('',#13691);
#4218=VERTEX_POINT('',#13692);
#4219=VERTEX_POINT('',#13694);
#4220=VERTEX_POINT('',#13696);
#4221=VERTEX_POINT('',#13700);
#4222=VERTEX_POINT('',#13702);
#4223=VERTEX_POINT('',#13706);
#4224=VERTEX_POINT('',#13708);
#4225=VERTEX_POINT('',#13716);
#4226=VERTEX_POINT('',#13717);
#4227=VERTEX_POINT('',#13719);
#4228=VERTEX_POINT('',#13721);
#4229=VERTEX_POINT('',#13725);
#4230=VERTEX_POINT('',#13727);
#4231=VERTEX_POINT('',#13731);
#4232=VERTEX_POINT('',#13733);
#4233=VERTEX_POINT('',#13741);
#4234=VERTEX_POINT('',#13742);
#4235=VERTEX_POINT('',#13744);
#4236=VERTEX_POINT('',#13746);
#4237=VERTEX_POINT('',#13750);
#4238=VERTEX_POINT('',#13752);
#4239=VERTEX_POINT('',#13756);
#4240=VERTEX_POINT('',#13758);
#4241=VERTEX_POINT('',#13766);
#4242=VERTEX_POINT('',#13767);
#4243=VERTEX_POINT('',#13769);
#4244=VERTEX_POINT('',#13771);
#4245=VERTEX_POINT('',#13775);
#4246=VERTEX_POINT('',#13777);
#4247=VERTEX_POINT('',#13781);
#4248=VERTEX_POINT('',#13783);
#4249=VERTEX_POINT('',#13791);
#4250=VERTEX_POINT('',#13792);
#4251=VERTEX_POINT('',#13794);
#4252=VERTEX_POINT('',#13796);
#4253=VERTEX_POINT('',#13800);
#4254=VERTEX_POINT('',#13802);
#4255=VERTEX_POINT('',#13806);
#4256=VERTEX_POINT('',#13808);
#4257=VERTEX_POINT('',#13816);
#4258=VERTEX_POINT('',#13817);
#4259=VERTEX_POINT('',#13819);
#4260=VERTEX_POINT('',#13821);
#4261=VERTEX_POINT('',#13825);
#4262=VERTEX_POINT('',#13827);
#4263=VERTEX_POINT('',#13831);
#4264=VERTEX_POINT('',#13833);
#4265=VERTEX_POINT('',#13841);
#4266=VERTEX_POINT('',#13842);
#4267=VERTEX_POINT('',#13844);
#4268=VERTEX_POINT('',#13846);
#4269=VERTEX_POINT('',#13850);
#4270=VERTEX_POINT('',#13852);
#4271=VERTEX_POINT('',#13856);
#4272=VERTEX_POINT('',#13858);
#4273=VERTEX_POINT('',#13866);
#4274=VERTEX_POINT('',#13867);
#4275=VERTEX_POINT('',#13869);
#4276=VERTEX_POINT('',#13871);
#4277=VERTEX_POINT('',#13875);
#4278=VERTEX_POINT('',#13877);
#4279=VERTEX_POINT('',#13881);
#4280=VERTEX_POINT('',#13883);
#4281=VERTEX_POINT('',#13891);
#4282=VERTEX_POINT('',#13892);
#4283=VERTEX_POINT('',#13894);
#4284=VERTEX_POINT('',#13896);
#4285=VERTEX_POINT('',#13900);
#4286=VERTEX_POINT('',#13902);
#4287=VERTEX_POINT('',#13906);
#4288=VERTEX_POINT('',#13908);
#4289=VERTEX_POINT('',#13916);
#4290=VERTEX_POINT('',#13917);
#4291=VERTEX_POINT('',#13919);
#4292=VERTEX_POINT('',#13921);
#4293=VERTEX_POINT('',#13925);
#4294=VERTEX_POINT('',#13927);
#4295=VERTEX_POINT('',#13931);
#4296=VERTEX_POINT('',#13933);
#4297=VERTEX_POINT('',#13941);
#4298=VERTEX_POINT('',#13942);
#4299=VERTEX_POINT('',#13944);
#4300=VERTEX_POINT('',#13946);
#4301=VERTEX_POINT('',#13950);
#4302=VERTEX_POINT('',#13952);
#4303=VERTEX_POINT('',#13956);
#4304=VERTEX_POINT('',#13958);
#4305=VERTEX_POINT('',#13966);
#4306=VERTEX_POINT('',#13967);
#4307=VERTEX_POINT('',#13969);
#4308=VERTEX_POINT('',#13971);
#4309=VERTEX_POINT('',#13975);
#4310=VERTEX_POINT('',#13977);
#4311=VERTEX_POINT('',#13981);
#4312=VERTEX_POINT('',#13983);
#4313=VERTEX_POINT('',#13991);
#4314=VERTEX_POINT('',#13992);
#4315=VERTEX_POINT('',#13994);
#4316=VERTEX_POINT('',#13996);
#4317=VERTEX_POINT('',#14000);
#4318=VERTEX_POINT('',#14002);
#4319=VERTEX_POINT('',#14006);
#4320=VERTEX_POINT('',#14008);
#4321=VERTEX_POINT('',#14016);
#4322=VERTEX_POINT('',#14017);
#4323=VERTEX_POINT('',#14019);
#4324=VERTEX_POINT('',#14021);
#4325=VERTEX_POINT('',#14025);
#4326=VERTEX_POINT('',#14027);
#4327=VERTEX_POINT('',#14031);
#4328=VERTEX_POINT('',#14033);
#4329=VERTEX_POINT('',#14041);
#4330=VERTEX_POINT('',#14042);
#4331=VERTEX_POINT('',#14044);
#4332=VERTEX_POINT('',#14046);
#4333=VERTEX_POINT('',#14050);
#4334=VERTEX_POINT('',#14052);
#4335=VERTEX_POINT('',#14056);
#4336=VERTEX_POINT('',#14058);
#4337=VERTEX_POINT('',#14066);
#4338=VERTEX_POINT('',#14067);
#4339=VERTEX_POINT('',#14069);
#4340=VERTEX_POINT('',#14071);
#4341=VERTEX_POINT('',#14075);
#4342=VERTEX_POINT('',#14077);
#4343=VERTEX_POINT('',#14081);
#4344=VERTEX_POINT('',#14083);
#4345=VERTEX_POINT('',#14091);
#4346=VERTEX_POINT('',#14092);
#4347=VERTEX_POINT('',#14094);
#4348=VERTEX_POINT('',#14096);
#4349=VERTEX_POINT('',#14100);
#4350=VERTEX_POINT('',#14102);
#4351=VERTEX_POINT('',#14106);
#4352=VERTEX_POINT('',#14108);
#4353=VERTEX_POINT('',#14116);
#4354=VERTEX_POINT('',#14117);
#4355=VERTEX_POINT('',#14119);
#4356=VERTEX_POINT('',#14121);
#4357=VERTEX_POINT('',#14125);
#4358=VERTEX_POINT('',#14127);
#4359=VERTEX_POINT('',#14131);
#4360=VERTEX_POINT('',#14133);
#4361=VERTEX_POINT('',#14141);
#4362=VERTEX_POINT('',#14142);
#4363=VERTEX_POINT('',#14144);
#4364=VERTEX_POINT('',#14146);
#4365=VERTEX_POINT('',#14148);
#4366=VERTEX_POINT('',#14152);
#4367=VERTEX_POINT('',#14154);
#4368=VERTEX_POINT('',#14158);
#4369=VERTEX_POINT('',#14160);
#4370=VERTEX_POINT('',#14162);
#4371=VERTEX_POINT('',#14172);
#4372=VERTEX_POINT('',#14173);
#4373=VERTEX_POINT('',#14175);
#4374=VERTEX_POINT('',#14177);
#4375=VERTEX_POINT('',#14181);
#4376=VERTEX_POINT('',#14182);
#4377=VERTEX_POINT('',#14185);
#4378=VERTEX_POINT('',#14189);
#4379=VERTEX_POINT('',#14191);
#4380=VERTEX_POINT('',#14195);
#4381=VERTEX_POINT('',#14203);
#4382=VERTEX_POINT('',#14204);
#4383=VERTEX_POINT('',#14206);
#4384=VERTEX_POINT('',#14208);
#4385=VERTEX_POINT('',#14210);
#4386=VERTEX_POINT('',#14214);
#4387=VERTEX_POINT('',#14216);
#4388=VERTEX_POINT('',#14220);
#4389=VERTEX_POINT('',#14222);
#4390=VERTEX_POINT('',#14224);
#4391=VERTEX_POINT('',#14234);
#4392=VERTEX_POINT('',#14235);
#4393=VERTEX_POINT('',#14237);
#4394=VERTEX_POINT('',#14239);
#4395=VERTEX_POINT('',#14243);
#4396=VERTEX_POINT('',#14245);
#4397=VERTEX_POINT('',#14247);
#4398=VERTEX_POINT('',#14251);
#4399=VERTEX_POINT('',#14253);
#4400=VERTEX_POINT('',#14257);
#4401=VERTEX_POINT('',#14263);
#4402=VERTEX_POINT('',#14267);
#4403=VERTEX_POINT('',#14268);
#4404=VERTEX_POINT('',#14270);
#4405=VERTEX_POINT('',#14272);
#4406=VERTEX_POINT('',#14276);
#4407=VERTEX_POINT('',#14278);
#4408=VERTEX_POINT('',#14280);
#4409=VERTEX_POINT('',#14284);
#4410=VERTEX_POINT('',#14286);
#4411=VERTEX_POINT('',#14290);
#4412=VERTEX_POINT('',#14298);
#4413=VERTEX_POINT('',#14299);
#4414=VERTEX_POINT('',#14301);
#4415=VERTEX_POINT('',#14303);
#4416=VERTEX_POINT('',#14307);
#4417=VERTEX_POINT('',#14309);
#4418=VERTEX_POINT('',#14313);
#4419=VERTEX_POINT('',#14315);
#4420=VERTEX_POINT('',#14323);
#4421=VERTEX_POINT('',#14324);
#4422=VERTEX_POINT('',#14326);
#4423=VERTEX_POINT('',#14328);
#4424=VERTEX_POINT('',#14332);
#4425=VERTEX_POINT('',#14334);
#4426=VERTEX_POINT('',#14338);
#4427=VERTEX_POINT('',#14340);
#4428=VERTEX_POINT('',#14348);
#4429=VERTEX_POINT('',#14349);
#4430=VERTEX_POINT('',#14351);
#4431=VERTEX_POINT('',#14353);
#4432=VERTEX_POINT('',#14357);
#4433=VERTEX_POINT('',#14359);
#4434=VERTEX_POINT('',#14361);
#4435=VERTEX_POINT('',#14365);
#4436=VERTEX_POINT('',#14367);
#4437=VERTEX_POINT('',#14371);
#4438=VERTEX_POINT('',#14377);
#4439=VERTEX_POINT('',#14381);
#4440=VERTEX_POINT('',#14383);
#4441=VERTEX_POINT('',#14387);
#4442=VERTEX_POINT('',#14389);
#4443=VERTEX_POINT('',#14393);
#4444=VERTEX_POINT('',#14395);
#4445=VERTEX_POINT('',#14399);
#4446=VERTEX_POINT('',#14401);
#4447=VERTEX_POINT('',#14405);
#4448=VERTEX_POINT('',#14406);
#4449=VERTEX_POINT('',#14408);
#4450=VERTEX_POINT('',#14410);
#4451=VERTEX_POINT('',#14414);
#4452=VERTEX_POINT('',#14416);
#4453=VERTEX_POINT('',#14420);
#4454=VERTEX_POINT('',#14423);
#4455=VERTEX_POINT('',#14427);
#4456=VERTEX_POINT('',#14429);
#4457=VERTEX_POINT('',#14434);
#4458=VERTEX_POINT('',#14436);
#4459=VERTEX_POINT('',#14443);
#4460=VERTEX_POINT('',#14447);
#4461=EDGE_CURVE('',#3651,#3652,#1251,.T.);
#4462=EDGE_CURVE('',#3651,#3653,#1252,.T.);
#4463=EDGE_CURVE('',#3654,#3653,#1253,.T.);
#4464=EDGE_CURVE('',#3652,#3654,#1254,.T.);
#4465=EDGE_CURVE('',#3652,#3655,#1255,.T.);
#4466=EDGE_CURVE('',#3656,#3654,#1256,.T.);
#4467=EDGE_CURVE('',#3655,#3656,#1257,.T.);
#4468=EDGE_CURVE('',#3655,#3657,#1258,.T.);
#4469=EDGE_CURVE('',#3658,#3656,#1259,.T.);
#4470=EDGE_CURVE('',#3657,#3658,#1260,.T.);
#4471=EDGE_CURVE('',#3657,#3651,#1261,.T.);
#4472=EDGE_CURVE('',#3653,#3658,#1262,.T.);
#4473=EDGE_CURVE('',#3659,#3660,#1263,.T.);
#4474=EDGE_CURVE('',#3659,#3661,#1264,.T.);
#4475=EDGE_CURVE('',#3662,#3661,#1265,.T.);
#4476=EDGE_CURVE('',#3660,#3662,#1266,.T.);
#4477=EDGE_CURVE('',#3660,#3663,#1267,.T.);
#4478=EDGE_CURVE('',#3664,#3662,#1268,.T.);
#4479=EDGE_CURVE('',#3663,#3664,#1269,.T.);
#4480=EDGE_CURVE('',#3663,#3665,#1270,.T.);
#4481=EDGE_CURVE('',#3666,#3664,#1271,.T.);
#4482=EDGE_CURVE('',#3665,#3666,#1272,.T.);
#4483=EDGE_CURVE('',#3665,#3659,#1273,.T.);
#4484=EDGE_CURVE('',#3661,#3666,#1274,.T.);
#4485=EDGE_CURVE('',#3667,#3668,#1275,.T.);
#4486=EDGE_CURVE('',#3667,#3669,#1276,.T.);
#4487=EDGE_CURVE('',#3670,#3669,#1277,.T.);
#4488=EDGE_CURVE('',#3671,#3670,#1278,.T.);
#4489=EDGE_CURVE('',#3668,#3671,#1279,.T.);
#4490=EDGE_CURVE('',#3671,#3672,#1280,.T.);
#4491=EDGE_CURVE('',#3673,#3670,#1281,.T.);
#4492=EDGE_CURVE('',#3672,#3673,#1282,.T.);
#4493=EDGE_CURVE('',#3672,#3674,#1283,.T.);
#4494=EDGE_CURVE('',#3675,#3673,#1284,.T.);
#4495=EDGE_CURVE('',#3676,#3675,#1285,.T.);
#4496=EDGE_CURVE('',#3674,#3676,#1286,.T.);
#4497=EDGE_CURVE('',#3677,#3676,#116,.T.);
#4498=EDGE_CURVE('',#3678,#3675,#117,.T.);
#4499=EDGE_CURVE('',#3677,#3678,#1287,.T.);
#4500=EDGE_CURVE('',#3677,#3679,#1288,.T.);
#4501=EDGE_CURVE('',#3680,#3678,#1289,.T.);
#4502=EDGE_CURVE('',#3679,#3680,#1290,.T.);
#4503=EDGE_CURVE('',#3667,#3679,#118,.T.);
#4504=EDGE_CURVE('',#3669,#3680,#119,.T.);
#4505=EDGE_CURVE('',#3668,#3674,#1291,.T.);
#4506=EDGE_CURVE('',#3681,#3682,#1292,.T.);
#4507=EDGE_CURVE('',#3681,#3683,#1293,.T.);
#4508=EDGE_CURVE('',#3684,#3683,#1294,.T.);
#4509=EDGE_CURVE('',#3682,#3684,#1295,.T.);
#4510=EDGE_CURVE('',#3685,#3681,#1296,.T.);
#4511=EDGE_CURVE('',#3685,#3686,#1297,.T.);
#4512=EDGE_CURVE('',#3683,#3686,#1298,.T.);
#4513=EDGE_CURVE('',#3682,#3687,#1299,.T.);
#4514=EDGE_CURVE('',#3688,#3684,#1300,.T.);
#4515=EDGE_CURVE('',#3687,#3688,#1301,.T.);
#4516=EDGE_CURVE('',#3687,#3685,#1302,.T.);
#4517=EDGE_CURVE('',#3686,#3688,#1303,.T.);
#4518=EDGE_CURVE('',#3689,#3690,#1304,.T.);
#4519=EDGE_CURVE('',#3689,#3691,#1305,.T.);
#4520=EDGE_CURVE('',#3692,#3691,#1306,.T.);
#4521=EDGE_CURVE('',#3690,#3692,#1307,.T.);
#4522=EDGE_CURVE('',#3693,#3689,#1308,.T.);
#4523=EDGE_CURVE('',#3693,#3694,#1309,.T.);
#4524=EDGE_CURVE('',#3691,#3694,#1310,.T.);
#4525=EDGE_CURVE('',#3690,#3695,#1311,.T.);
#4526=EDGE_CURVE('',#3696,#3692,#1312,.T.);
#4527=EDGE_CURVE('',#3695,#3696,#1313,.T.);
#4528=EDGE_CURVE('',#3695,#3693,#1314,.T.);
#4529=EDGE_CURVE('',#3694,#3696,#1315,.T.);
#4530=EDGE_CURVE('',#3697,#3698,#1316,.T.);
#4531=EDGE_CURVE('',#3697,#3699,#1317,.T.);
#4532=EDGE_CURVE('',#3700,#3699,#1318,.T.);
#4533=EDGE_CURVE('',#3698,#3700,#1319,.T.);
#4534=EDGE_CURVE('',#3701,#3697,#1320,.T.);
#4535=EDGE_CURVE('',#3701,#3702,#1321,.T.);
#4536=EDGE_CURVE('',#3699,#3702,#1322,.T.);
#4537=EDGE_CURVE('',#3698,#3703,#1323,.T.);
#4538=EDGE_CURVE('',#3704,#3700,#1324,.T.);
#4539=EDGE_CURVE('',#3703,#3704,#1325,.T.);
#4540=EDGE_CURVE('',#3703,#3701,#1326,.T.);
#4541=EDGE_CURVE('',#3702,#3704,#1327,.T.);
#4542=EDGE_CURVE('',#3705,#3706,#1328,.T.);
#4543=EDGE_CURVE('',#3705,#3707,#1329,.T.);
#4544=EDGE_CURVE('',#3708,#3707,#1330,.T.);
#4545=EDGE_CURVE('',#3706,#3708,#1331,.T.);
#4546=EDGE_CURVE('',#3709,#3705,#1332,.T.);
#4547=EDGE_CURVE('',#3709,#3710,#1333,.T.);
#4548=EDGE_CURVE('',#3707,#3710,#1334,.T.);
#4549=EDGE_CURVE('',#3706,#3711,#1335,.T.);
#4550=EDGE_CURVE('',#3712,#3708,#1336,.T.);
#4551=EDGE_CURVE('',#3711,#3712,#1337,.T.);
#4552=EDGE_CURVE('',#3711,#3709,#1338,.T.);
#4553=EDGE_CURVE('',#3710,#3712,#1339,.T.);
#4554=EDGE_CURVE('',#3713,#3714,#1340,.T.);
#4555=EDGE_CURVE('',#3713,#3715,#1341,.T.);
#4556=EDGE_CURVE('',#3716,#3715,#1342,.T.);
#4557=EDGE_CURVE('',#3714,#3716,#1343,.T.);
#4558=EDGE_CURVE('',#3717,#3713,#1344,.T.);
#4559=EDGE_CURVE('',#3717,#3718,#1345,.T.);
#4560=EDGE_CURVE('',#3715,#3718,#1346,.T.);
#4561=EDGE_CURVE('',#3714,#3719,#1347,.T.);
#4562=EDGE_CURVE('',#3720,#3716,#1348,.T.);
#4563=EDGE_CURVE('',#3719,#3720,#1349,.T.);
#4564=EDGE_CURVE('',#3719,#3717,#1350,.T.);
#4565=EDGE_CURVE('',#3718,#3720,#1351,.T.);
#4566=EDGE_CURVE('',#3721,#3722,#1352,.T.);
#4567=EDGE_CURVE('',#3721,#3723,#1353,.T.);
#4568=EDGE_CURVE('',#3724,#3723,#1354,.T.);
#4569=EDGE_CURVE('',#3722,#3724,#1355,.T.);
#4570=EDGE_CURVE('',#3725,#3721,#1356,.T.);
#4571=EDGE_CURVE('',#3725,#3726,#1357,.T.);
#4572=EDGE_CURVE('',#3723,#3726,#1358,.T.);
#4573=EDGE_CURVE('',#3722,#3727,#1359,.T.);
#4574=EDGE_CURVE('',#3728,#3724,#1360,.T.);
#4575=EDGE_CURVE('',#3727,#3728,#1361,.T.);
#4576=EDGE_CURVE('',#3727,#3725,#1362,.T.);
#4577=EDGE_CURVE('',#3726,#3728,#1363,.T.);
#4578=EDGE_CURVE('',#3729,#3730,#1364,.T.);
#4579=EDGE_CURVE('',#3729,#3731,#1365,.T.);
#4580=EDGE_CURVE('',#3732,#3731,#1366,.T.);
#4581=EDGE_CURVE('',#3730,#3732,#1367,.T.);
#4582=EDGE_CURVE('',#3733,#3729,#1368,.T.);
#4583=EDGE_CURVE('',#3733,#3734,#1369,.T.);
#4584=EDGE_CURVE('',#3731,#3734,#1370,.T.);
#4585=EDGE_CURVE('',#3730,#3735,#1371,.T.);
#4586=EDGE_CURVE('',#3736,#3732,#1372,.T.);
#4587=EDGE_CURVE('',#3735,#3736,#1373,.T.);
#4588=EDGE_CURVE('',#3735,#3733,#1374,.T.);
#4589=EDGE_CURVE('',#3734,#3736,#1375,.T.);
#4590=EDGE_CURVE('',#3737,#3738,#1376,.T.);
#4591=EDGE_CURVE('',#3737,#3739,#1377,.T.);
#4592=EDGE_CURVE('',#3740,#3739,#1378,.T.);
#4593=EDGE_CURVE('',#3738,#3740,#1379,.T.);
#4594=EDGE_CURVE('',#3741,#3737,#1380,.T.);
#4595=EDGE_CURVE('',#3741,#3742,#1381,.T.);
#4596=EDGE_CURVE('',#3739,#3742,#1382,.T.);
#4597=EDGE_CURVE('',#3738,#3743,#1383,.T.);
#4598=EDGE_CURVE('',#3744,#3740,#1384,.T.);
#4599=EDGE_CURVE('',#3743,#3744,#1385,.T.);
#4600=EDGE_CURVE('',#3743,#3741,#1386,.T.);
#4601=EDGE_CURVE('',#3742,#3744,#1387,.T.);
#4602=EDGE_CURVE('',#3745,#3746,#1388,.T.);
#4603=EDGE_CURVE('',#3745,#3747,#1389,.T.);
#4604=EDGE_CURVE('',#3748,#3747,#1390,.T.);
#4605=EDGE_CURVE('',#3746,#3748,#1391,.T.);
#4606=EDGE_CURVE('',#3749,#3745,#1392,.T.);
#4607=EDGE_CURVE('',#3749,#3750,#1393,.T.);
#4608=EDGE_CURVE('',#3747,#3750,#1394,.T.);
#4609=EDGE_CURVE('',#3746,#3751,#1395,.T.);
#4610=EDGE_CURVE('',#3752,#3748,#1396,.T.);
#4611=EDGE_CURVE('',#3751,#3752,#1397,.T.);
#4612=EDGE_CURVE('',#3751,#3749,#1398,.T.);
#4613=EDGE_CURVE('',#3750,#3752,#1399,.T.);
#4614=EDGE_CURVE('',#3753,#3754,#1400,.T.);
#4615=EDGE_CURVE('',#3753,#3755,#1401,.T.);
#4616=EDGE_CURVE('',#3756,#3755,#1402,.T.);
#4617=EDGE_CURVE('',#3754,#3756,#1403,.T.);
#4618=EDGE_CURVE('',#3757,#3753,#1404,.T.);
#4619=EDGE_CURVE('',#3757,#3758,#1405,.T.);
#4620=EDGE_CURVE('',#3755,#3758,#1406,.T.);
#4621=EDGE_CURVE('',#3754,#3759,#1407,.T.);
#4622=EDGE_CURVE('',#3760,#3756,#1408,.T.);
#4623=EDGE_CURVE('',#3759,#3760,#1409,.T.);
#4624=EDGE_CURVE('',#3759,#3757,#1410,.T.);
#4625=EDGE_CURVE('',#3758,#3760,#1411,.T.);
#4626=EDGE_CURVE('',#3761,#3762,#1412,.T.);
#4627=EDGE_CURVE('',#3761,#3763,#1413,.T.);
#4628=EDGE_CURVE('',#3764,#3763,#1414,.T.);
#4629=EDGE_CURVE('',#3762,#3764,#1415,.T.);
#4630=EDGE_CURVE('',#3765,#3761,#1416,.T.);
#4631=EDGE_CURVE('',#3765,#3766,#1417,.T.);
#4632=EDGE_CURVE('',#3763,#3766,#1418,.T.);
#4633=EDGE_CURVE('',#3762,#3767,#1419,.T.);
#4634=EDGE_CURVE('',#3768,#3764,#1420,.T.);
#4635=EDGE_CURVE('',#3767,#3768,#1421,.T.);
#4636=EDGE_CURVE('',#3767,#3765,#1422,.T.);
#4637=EDGE_CURVE('',#3766,#3768,#1423,.T.);
#4638=EDGE_CURVE('',#3769,#3770,#1424,.T.);
#4639=EDGE_CURVE('',#3769,#3771,#1425,.T.);
#4640=EDGE_CURVE('',#3772,#3771,#1426,.T.);
#4641=EDGE_CURVE('',#3770,#3772,#1427,.T.);
#4642=EDGE_CURVE('',#3773,#3769,#1428,.T.);
#4643=EDGE_CURVE('',#3773,#3774,#1429,.T.);
#4644=EDGE_CURVE('',#3771,#3774,#1430,.T.);
#4645=EDGE_CURVE('',#3770,#3775,#1431,.T.);
#4646=EDGE_CURVE('',#3776,#3772,#1432,.T.);
#4647=EDGE_CURVE('',#3775,#3776,#1433,.T.);
#4648=EDGE_CURVE('',#3775,#3773,#1434,.T.);
#4649=EDGE_CURVE('',#3774,#3776,#1435,.T.);
#4650=EDGE_CURVE('',#3777,#3778,#1436,.T.);
#4651=EDGE_CURVE('',#3777,#3779,#1437,.T.);
#4652=EDGE_CURVE('',#3780,#3779,#1438,.T.);
#4653=EDGE_CURVE('',#3778,#3780,#1439,.T.);
#4654=EDGE_CURVE('',#3781,#3777,#1440,.T.);
#4655=EDGE_CURVE('',#3781,#3782,#1441,.T.);
#4656=EDGE_CURVE('',#3779,#3782,#1442,.T.);
#4657=EDGE_CURVE('',#3778,#3783,#1443,.T.);
#4658=EDGE_CURVE('',#3784,#3780,#1444,.T.);
#4659=EDGE_CURVE('',#3783,#3784,#1445,.T.);
#4660=EDGE_CURVE('',#3783,#3781,#1446,.T.);
#4661=EDGE_CURVE('',#3782,#3784,#1447,.T.);
#4662=EDGE_CURVE('',#3785,#3786,#1448,.T.);
#4663=EDGE_CURVE('',#3785,#3787,#1449,.T.);
#4664=EDGE_CURVE('',#3788,#3787,#1450,.T.);
#4665=EDGE_CURVE('',#3786,#3788,#1451,.T.);
#4666=EDGE_CURVE('',#3789,#3785,#1452,.T.);
#4667=EDGE_CURVE('',#3789,#3790,#1453,.T.);
#4668=EDGE_CURVE('',#3787,#3790,#1454,.T.);
#4669=EDGE_CURVE('',#3786,#3791,#1455,.T.);
#4670=EDGE_CURVE('',#3792,#3788,#1456,.T.);
#4671=EDGE_CURVE('',#3791,#3792,#1457,.T.);
#4672=EDGE_CURVE('',#3791,#3789,#1458,.T.);
#4673=EDGE_CURVE('',#3790,#3792,#1459,.T.);
#4674=EDGE_CURVE('',#3793,#3794,#1460,.T.);
#4675=EDGE_CURVE('',#3793,#3795,#1461,.T.);
#4676=EDGE_CURVE('',#3796,#3795,#1462,.T.);
#4677=EDGE_CURVE('',#3794,#3796,#1463,.T.);
#4678=EDGE_CURVE('',#3797,#3793,#1464,.T.);
#4679=EDGE_CURVE('',#3797,#3798,#1465,.T.);
#4680=EDGE_CURVE('',#3795,#3798,#1466,.T.);
#4681=EDGE_CURVE('',#3794,#3799,#1467,.T.);
#4682=EDGE_CURVE('',#3800,#3796,#1468,.T.);
#4683=EDGE_CURVE('',#3799,#3800,#1469,.T.);
#4684=EDGE_CURVE('',#3799,#3797,#1470,.T.);
#4685=EDGE_CURVE('',#3798,#3800,#1471,.T.);
#4686=EDGE_CURVE('',#3801,#3802,#1472,.T.);
#4687=EDGE_CURVE('',#3801,#3803,#1473,.T.);
#4688=EDGE_CURVE('',#3804,#3803,#1474,.T.);
#4689=EDGE_CURVE('',#3802,#3804,#1475,.T.);
#4690=EDGE_CURVE('',#3805,#3801,#1476,.T.);
#4691=EDGE_CURVE('',#3805,#3806,#1477,.T.);
#4692=EDGE_CURVE('',#3803,#3806,#1478,.T.);
#4693=EDGE_CURVE('',#3802,#3807,#1479,.T.);
#4694=EDGE_CURVE('',#3808,#3804,#1480,.T.);
#4695=EDGE_CURVE('',#3807,#3808,#1481,.T.);
#4696=EDGE_CURVE('',#3807,#3805,#1482,.T.);
#4697=EDGE_CURVE('',#3806,#3808,#1483,.T.);
#4698=EDGE_CURVE('',#3809,#3810,#1484,.T.);
#4699=EDGE_CURVE('',#3809,#3811,#1485,.T.);
#4700=EDGE_CURVE('',#3812,#3811,#1486,.T.);
#4701=EDGE_CURVE('',#3810,#3812,#1487,.T.);
#4702=EDGE_CURVE('',#3813,#3809,#1488,.T.);
#4703=EDGE_CURVE('',#3813,#3814,#1489,.T.);
#4704=EDGE_CURVE('',#3811,#3814,#1490,.T.);
#4705=EDGE_CURVE('',#3810,#3815,#1491,.T.);
#4706=EDGE_CURVE('',#3816,#3812,#1492,.T.);
#4707=EDGE_CURVE('',#3815,#3816,#1493,.T.);
#4708=EDGE_CURVE('',#3815,#3813,#1494,.T.);
#4709=EDGE_CURVE('',#3814,#3816,#1495,.T.);
#4710=EDGE_CURVE('',#3817,#3818,#1496,.T.);
#4711=EDGE_CURVE('',#3817,#3819,#1497,.T.);
#4712=EDGE_CURVE('',#3820,#3819,#1498,.T.);
#4713=EDGE_CURVE('',#3818,#3820,#1499,.T.);
#4714=EDGE_CURVE('',#3821,#3817,#1500,.T.);
#4715=EDGE_CURVE('',#3821,#3822,#1501,.T.);
#4716=EDGE_CURVE('',#3819,#3822,#1502,.T.);
#4717=EDGE_CURVE('',#3818,#3823,#1503,.T.);
#4718=EDGE_CURVE('',#3824,#3820,#1504,.T.);
#4719=EDGE_CURVE('',#3823,#3824,#1505,.T.);
#4720=EDGE_CURVE('',#3823,#3821,#1506,.T.);
#4721=EDGE_CURVE('',#3822,#3824,#1507,.T.);
#4722=EDGE_CURVE('',#3825,#3826,#1508,.T.);
#4723=EDGE_CURVE('',#3825,#3827,#1509,.T.);
#4724=EDGE_CURVE('',#3828,#3827,#1510,.T.);
#4725=EDGE_CURVE('',#3826,#3828,#1511,.T.);
#4726=EDGE_CURVE('',#3829,#3825,#1512,.T.);
#4727=EDGE_CURVE('',#3829,#3830,#1513,.T.);
#4728=EDGE_CURVE('',#3827,#3830,#1514,.T.);
#4729=EDGE_CURVE('',#3826,#3831,#1515,.T.);
#4730=EDGE_CURVE('',#3832,#3828,#1516,.T.);
#4731=EDGE_CURVE('',#3831,#3832,#1517,.T.);
#4732=EDGE_CURVE('',#3831,#3829,#1518,.T.);
#4733=EDGE_CURVE('',#3830,#3832,#1519,.T.);
#4734=EDGE_CURVE('',#3833,#3834,#1520,.T.);
#4735=EDGE_CURVE('',#3833,#3835,#1521,.T.);
#4736=EDGE_CURVE('',#3836,#3835,#1522,.T.);
#4737=EDGE_CURVE('',#3834,#3836,#1523,.T.);
#4738=EDGE_CURVE('',#3837,#3833,#1524,.T.);
#4739=EDGE_CURVE('',#3837,#3838,#1525,.T.);
#4740=EDGE_CURVE('',#3835,#3838,#1526,.T.);
#4741=EDGE_CURVE('',#3834,#3839,#1527,.T.);
#4742=EDGE_CURVE('',#3840,#3836,#1528,.T.);
#4743=EDGE_CURVE('',#3839,#3840,#1529,.T.);
#4744=EDGE_CURVE('',#3839,#3837,#1530,.T.);
#4745=EDGE_CURVE('',#3838,#3840,#1531,.T.);
#4746=EDGE_CURVE('',#3841,#3842,#1532,.T.);
#4747=EDGE_CURVE('',#3841,#3843,#1533,.T.);
#4748=EDGE_CURVE('',#3844,#3843,#1534,.T.);
#4749=EDGE_CURVE('',#3842,#3844,#1535,.T.);
#4750=EDGE_CURVE('',#3845,#3841,#1536,.T.);
#4751=EDGE_CURVE('',#3845,#3846,#1537,.T.);
#4752=EDGE_CURVE('',#3843,#3846,#1538,.T.);
#4753=EDGE_CURVE('',#3842,#3847,#1539,.T.);
#4754=EDGE_CURVE('',#3848,#3844,#1540,.T.);
#4755=EDGE_CURVE('',#3847,#3848,#1541,.T.);
#4756=EDGE_CURVE('',#3847,#3845,#1542,.T.);
#4757=EDGE_CURVE('',#3846,#3848,#1543,.T.);
#4758=EDGE_CURVE('',#3849,#3850,#1544,.T.);
#4759=EDGE_CURVE('',#3849,#3851,#1545,.T.);
#4760=EDGE_CURVE('',#3852,#3851,#1546,.T.);
#4761=EDGE_CURVE('',#3850,#3852,#1547,.T.);
#4762=EDGE_CURVE('',#3853,#3849,#1548,.T.);
#4763=EDGE_CURVE('',#3853,#3854,#1549,.T.);
#4764=EDGE_CURVE('',#3851,#3854,#1550,.T.);
#4765=EDGE_CURVE('',#3850,#3855,#1551,.T.);
#4766=EDGE_CURVE('',#3856,#3852,#1552,.T.);
#4767=EDGE_CURVE('',#3855,#3856,#1553,.T.);
#4768=EDGE_CURVE('',#3855,#3853,#1554,.T.);
#4769=EDGE_CURVE('',#3854,#3856,#1555,.T.);
#4770=EDGE_CURVE('',#3857,#3858,#1556,.T.);
#4771=EDGE_CURVE('',#3857,#3859,#1557,.T.);
#4772=EDGE_CURVE('',#3860,#3859,#1558,.T.);
#4773=EDGE_CURVE('',#3858,#3860,#1559,.T.);
#4774=EDGE_CURVE('',#3861,#3857,#1560,.T.);
#4775=EDGE_CURVE('',#3861,#3862,#1561,.T.);
#4776=EDGE_CURVE('',#3859,#3862,#1562,.T.);
#4777=EDGE_CURVE('',#3858,#3863,#1563,.T.);
#4778=EDGE_CURVE('',#3864,#3860,#1564,.T.);
#4779=EDGE_CURVE('',#3863,#3864,#1565,.T.);
#4780=EDGE_CURVE('',#3863,#3861,#1566,.T.);
#4781=EDGE_CURVE('',#3862,#3864,#1567,.T.);
#4782=EDGE_CURVE('',#3865,#3866,#1568,.T.);
#4783=EDGE_CURVE('',#3865,#3867,#1569,.T.);
#4784=EDGE_CURVE('',#3868,#3867,#1570,.T.);
#4785=EDGE_CURVE('',#3866,#3868,#1571,.T.);
#4786=EDGE_CURVE('',#3869,#3865,#1572,.T.);
#4787=EDGE_CURVE('',#3869,#3870,#1573,.T.);
#4788=EDGE_CURVE('',#3867,#3870,#1574,.T.);
#4789=EDGE_CURVE('',#3866,#3871,#1575,.T.);
#4790=EDGE_CURVE('',#3872,#3868,#1576,.T.);
#4791=EDGE_CURVE('',#3871,#3872,#1577,.T.);
#4792=EDGE_CURVE('',#3871,#3869,#1578,.T.);
#4793=EDGE_CURVE('',#3870,#3872,#1579,.T.);
#4794=EDGE_CURVE('',#3873,#3874,#1580,.T.);
#4795=EDGE_CURVE('',#3873,#3875,#1581,.T.);
#4796=EDGE_CURVE('',#3876,#3875,#1582,.T.);
#4797=EDGE_CURVE('',#3874,#3876,#1583,.T.);
#4798=EDGE_CURVE('',#3877,#3873,#1584,.T.);
#4799=EDGE_CURVE('',#3877,#3878,#1585,.T.);
#4800=EDGE_CURVE('',#3875,#3878,#1586,.T.);
#4801=EDGE_CURVE('',#3874,#3879,#1587,.T.);
#4802=EDGE_CURVE('',#3880,#3876,#1588,.T.);
#4803=EDGE_CURVE('',#3879,#3880,#1589,.T.);
#4804=EDGE_CURVE('',#3879,#3877,#1590,.T.);
#4805=EDGE_CURVE('',#3878,#3880,#1591,.T.);
#4806=EDGE_CURVE('',#3881,#3882,#1592,.T.);
#4807=EDGE_CURVE('',#3881,#3883,#1593,.T.);
#4808=EDGE_CURVE('',#3884,#3883,#1594,.T.);
#4809=EDGE_CURVE('',#3882,#3884,#1595,.T.);
#4810=EDGE_CURVE('',#3885,#3881,#1596,.T.);
#4811=EDGE_CURVE('',#3885,#3886,#1597,.T.);
#4812=EDGE_CURVE('',#3883,#3886,#1598,.T.);
#4813=EDGE_CURVE('',#3882,#3887,#1599,.T.);
#4814=EDGE_CURVE('',#3888,#3884,#1600,.T.);
#4815=EDGE_CURVE('',#3887,#3888,#1601,.T.);
#4816=EDGE_CURVE('',#3887,#3885,#1602,.T.);
#4817=EDGE_CURVE('',#3886,#3888,#1603,.T.);
#4818=EDGE_CURVE('',#3889,#3890,#1604,.T.);
#4819=EDGE_CURVE('',#3889,#3891,#1605,.T.);
#4820=EDGE_CURVE('',#3892,#3891,#1606,.T.);
#4821=EDGE_CURVE('',#3890,#3892,#1607,.T.);
#4822=EDGE_CURVE('',#3893,#3889,#1608,.T.);
#4823=EDGE_CURVE('',#3893,#3894,#1609,.T.);
#4824=EDGE_CURVE('',#3891,#3894,#1610,.T.);
#4825=EDGE_CURVE('',#3890,#3895,#1611,.T.);
#4826=EDGE_CURVE('',#3896,#3892,#1612,.T.);
#4827=EDGE_CURVE('',#3895,#3896,#1613,.T.);
#4828=EDGE_CURVE('',#3895,#3893,#1614,.T.);
#4829=EDGE_CURVE('',#3894,#3896,#1615,.T.);
#4830=EDGE_CURVE('',#3897,#3898,#1616,.T.);
#4831=EDGE_CURVE('',#3897,#3899,#1617,.T.);
#4832=EDGE_CURVE('',#3900,#3899,#1618,.T.);
#4833=EDGE_CURVE('',#3898,#3900,#1619,.T.);
#4834=EDGE_CURVE('',#3901,#3897,#1620,.T.);
#4835=EDGE_CURVE('',#3901,#3902,#1621,.T.);
#4836=EDGE_CURVE('',#3899,#3902,#1622,.T.);
#4837=EDGE_CURVE('',#3898,#3903,#1623,.T.);
#4838=EDGE_CURVE('',#3904,#3900,#1624,.T.);
#4839=EDGE_CURVE('',#3903,#3904,#1625,.T.);
#4840=EDGE_CURVE('',#3903,#3901,#1626,.T.);
#4841=EDGE_CURVE('',#3902,#3904,#1627,.T.);
#4842=EDGE_CURVE('',#3905,#3906,#1628,.T.);
#4843=EDGE_CURVE('',#3905,#3907,#1629,.T.);
#4844=EDGE_CURVE('',#3908,#3907,#1630,.T.);
#4845=EDGE_CURVE('',#3906,#3908,#1631,.T.);
#4846=EDGE_CURVE('',#3909,#3905,#1632,.T.);
#4847=EDGE_CURVE('',#3909,#3910,#1633,.T.);
#4848=EDGE_CURVE('',#3907,#3910,#1634,.T.);
#4849=EDGE_CURVE('',#3906,#3911,#1635,.T.);
#4850=EDGE_CURVE('',#3912,#3908,#1636,.T.);
#4851=EDGE_CURVE('',#3911,#3912,#1637,.T.);
#4852=EDGE_CURVE('',#3911,#3909,#1638,.T.);
#4853=EDGE_CURVE('',#3910,#3912,#1639,.T.);
#4854=EDGE_CURVE('',#3913,#3914,#1640,.T.);
#4855=EDGE_CURVE('',#3913,#3915,#1641,.T.);
#4856=EDGE_CURVE('',#3916,#3915,#1642,.T.);
#4857=EDGE_CURVE('',#3914,#3916,#1643,.T.);
#4858=EDGE_CURVE('',#3917,#3913,#1644,.T.);
#4859=EDGE_CURVE('',#3917,#3918,#1645,.T.);
#4860=EDGE_CURVE('',#3915,#3918,#1646,.T.);
#4861=EDGE_CURVE('',#3914,#3919,#1647,.T.);
#4862=EDGE_CURVE('',#3920,#3916,#1648,.T.);
#4863=EDGE_CURVE('',#3919,#3920,#1649,.T.);
#4864=EDGE_CURVE('',#3919,#3917,#1650,.T.);
#4865=EDGE_CURVE('',#3918,#3920,#1651,.T.);
#4866=EDGE_CURVE('',#3921,#3922,#1652,.T.);
#4867=EDGE_CURVE('',#3921,#3923,#1653,.T.);
#4868=EDGE_CURVE('',#3924,#3923,#1654,.T.);
#4869=EDGE_CURVE('',#3922,#3924,#1655,.T.);
#4870=EDGE_CURVE('',#3925,#3921,#1656,.T.);
#4871=EDGE_CURVE('',#3925,#3926,#1657,.T.);
#4872=EDGE_CURVE('',#3923,#3926,#1658,.T.);
#4873=EDGE_CURVE('',#3922,#3927,#1659,.T.);
#4874=EDGE_CURVE('',#3928,#3924,#1660,.T.);
#4875=EDGE_CURVE('',#3927,#3928,#1661,.T.);
#4876=EDGE_CURVE('',#3927,#3925,#1662,.T.);
#4877=EDGE_CURVE('',#3926,#3928,#1663,.T.);
#4878=EDGE_CURVE('',#3929,#3930,#1664,.T.);
#4879=EDGE_CURVE('',#3929,#3931,#1665,.T.);
#4880=EDGE_CURVE('',#3932,#3931,#1666,.T.);
#4881=EDGE_CURVE('',#3930,#3932,#1667,.T.);
#4882=EDGE_CURVE('',#3933,#3929,#1668,.T.);
#4883=EDGE_CURVE('',#3933,#3934,#1669,.T.);
#4884=EDGE_CURVE('',#3931,#3934,#1670,.T.);
#4885=EDGE_CURVE('',#3930,#3935,#1671,.T.);
#4886=EDGE_CURVE('',#3936,#3932,#1672,.T.);
#4887=EDGE_CURVE('',#3935,#3936,#1673,.T.);
#4888=EDGE_CURVE('',#3935,#3933,#1674,.T.);
#4889=EDGE_CURVE('',#3934,#3936,#1675,.T.);
#4890=EDGE_CURVE('',#3937,#3938,#1676,.T.);
#4891=EDGE_CURVE('',#3937,#3939,#1677,.T.);
#4892=EDGE_CURVE('',#3940,#3939,#1678,.T.);
#4893=EDGE_CURVE('',#3938,#3940,#1679,.T.);
#4894=EDGE_CURVE('',#3941,#3937,#1680,.T.);
#4895=EDGE_CURVE('',#3941,#3942,#1681,.T.);
#4896=EDGE_CURVE('',#3939,#3942,#1682,.T.);
#4897=EDGE_CURVE('',#3938,#3943,#1683,.T.);
#4898=EDGE_CURVE('',#3944,#3940,#1684,.T.);
#4899=EDGE_CURVE('',#3943,#3944,#1685,.T.);
#4900=EDGE_CURVE('',#3943,#3941,#1686,.T.);
#4901=EDGE_CURVE('',#3942,#3944,#1687,.T.);
#4902=EDGE_CURVE('',#3945,#3946,#1688,.T.);
#4903=EDGE_CURVE('',#3945,#3947,#1689,.T.);
#4904=EDGE_CURVE('',#3948,#3947,#1690,.T.);
#4905=EDGE_CURVE('',#3946,#3948,#1691,.T.);
#4906=EDGE_CURVE('',#3949,#3945,#1692,.T.);
#4907=EDGE_CURVE('',#3949,#3950,#1693,.T.);
#4908=EDGE_CURVE('',#3947,#3950,#1694,.T.);
#4909=EDGE_CURVE('',#3946,#3951,#1695,.T.);
#4910=EDGE_CURVE('',#3952,#3948,#1696,.T.);
#4911=EDGE_CURVE('',#3951,#3952,#1697,.T.);
#4912=EDGE_CURVE('',#3951,#3949,#1698,.T.);
#4913=EDGE_CURVE('',#3950,#3952,#1699,.T.);
#4914=EDGE_CURVE('',#3953,#3954,#1700,.T.);
#4915=EDGE_CURVE('',#3953,#3955,#1701,.T.);
#4916=EDGE_CURVE('',#3956,#3955,#1702,.T.);
#4917=EDGE_CURVE('',#3954,#3956,#1703,.T.);
#4918=EDGE_CURVE('',#3957,#3953,#1704,.T.);
#4919=EDGE_CURVE('',#3957,#3958,#1705,.T.);
#4920=EDGE_CURVE('',#3955,#3958,#1706,.T.);
#4921=EDGE_CURVE('',#3954,#3959,#1707,.T.);
#4922=EDGE_CURVE('',#3960,#3956,#1708,.T.);
#4923=EDGE_CURVE('',#3959,#3960,#1709,.T.);
#4924=EDGE_CURVE('',#3959,#3957,#1710,.T.);
#4925=EDGE_CURVE('',#3958,#3960,#1711,.T.);
#4926=EDGE_CURVE('',#3961,#3962,#1712,.T.);
#4927=EDGE_CURVE('',#3961,#3963,#1713,.T.);
#4928=EDGE_CURVE('',#3964,#3963,#1714,.T.);
#4929=EDGE_CURVE('',#3962,#3964,#1715,.T.);
#4930=EDGE_CURVE('',#3965,#3961,#1716,.T.);
#4931=EDGE_CURVE('',#3965,#3966,#1717,.T.);
#4932=EDGE_CURVE('',#3963,#3966,#1718,.T.);
#4933=EDGE_CURVE('',#3962,#3967,#1719,.T.);
#4934=EDGE_CURVE('',#3968,#3964,#1720,.T.);
#4935=EDGE_CURVE('',#3967,#3968,#1721,.T.);
#4936=EDGE_CURVE('',#3967,#3965,#1722,.T.);
#4937=EDGE_CURVE('',#3966,#3968,#1723,.T.);
#4938=EDGE_CURVE('',#3969,#3970,#1724,.T.);
#4939=EDGE_CURVE('',#3969,#3971,#1725,.T.);
#4940=EDGE_CURVE('',#3972,#3971,#1726,.T.);
#4941=EDGE_CURVE('',#3970,#3972,#1727,.T.);
#4942=EDGE_CURVE('',#3973,#3969,#1728,.T.);
#4943=EDGE_CURVE('',#3973,#3974,#1729,.T.);
#4944=EDGE_CURVE('',#3971,#3974,#1730,.T.);
#4945=EDGE_CURVE('',#3970,#3975,#1731,.T.);
#4946=EDGE_CURVE('',#3976,#3972,#1732,.T.);
#4947=EDGE_CURVE('',#3975,#3976,#1733,.T.);
#4948=EDGE_CURVE('',#3975,#3973,#1734,.T.);
#4949=EDGE_CURVE('',#3974,#3976,#1735,.T.);
#4950=EDGE_CURVE('',#3977,#3978,#1736,.T.);
#4951=EDGE_CURVE('',#3977,#3979,#1737,.T.);
#4952=EDGE_CURVE('',#3980,#3979,#1738,.T.);
#4953=EDGE_CURVE('',#3978,#3980,#1739,.T.);
#4954=EDGE_CURVE('',#3981,#3977,#1740,.T.);
#4955=EDGE_CURVE('',#3981,#3982,#1741,.T.);
#4956=EDGE_CURVE('',#3979,#3982,#1742,.T.);
#4957=EDGE_CURVE('',#3978,#3983,#1743,.T.);
#4958=EDGE_CURVE('',#3984,#3980,#1744,.T.);
#4959=EDGE_CURVE('',#3983,#3984,#1745,.T.);
#4960=EDGE_CURVE('',#3983,#3981,#1746,.T.);
#4961=EDGE_CURVE('',#3982,#3984,#1747,.T.);
#4962=EDGE_CURVE('',#3985,#3986,#1748,.T.);
#4963=EDGE_CURVE('',#3985,#3987,#1749,.T.);
#4964=EDGE_CURVE('',#3988,#3987,#1750,.T.);
#4965=EDGE_CURVE('',#3986,#3988,#1751,.T.);
#4966=EDGE_CURVE('',#3989,#3985,#1752,.T.);
#4967=EDGE_CURVE('',#3989,#3990,#1753,.T.);
#4968=EDGE_CURVE('',#3987,#3990,#1754,.T.);
#4969=EDGE_CURVE('',#3986,#3991,#1755,.T.);
#4970=EDGE_CURVE('',#3992,#3988,#1756,.T.);
#4971=EDGE_CURVE('',#3991,#3992,#1757,.T.);
#4972=EDGE_CURVE('',#3991,#3989,#1758,.T.);
#4973=EDGE_CURVE('',#3990,#3992,#1759,.T.);
#4974=EDGE_CURVE('',#3993,#3994,#1760,.T.);
#4975=EDGE_CURVE('',#3993,#3995,#1761,.T.);
#4976=EDGE_CURVE('',#3996,#3995,#1762,.T.);
#4977=EDGE_CURVE('',#3994,#3996,#1763,.T.);
#4978=EDGE_CURVE('',#3997,#3993,#1764,.T.);
#4979=EDGE_CURVE('',#3997,#3998,#1765,.T.);
#4980=EDGE_CURVE('',#3995,#3998,#1766,.T.);
#4981=EDGE_CURVE('',#3994,#3999,#1767,.T.);
#4982=EDGE_CURVE('',#4000,#3996,#1768,.T.);
#4983=EDGE_CURVE('',#3999,#4000,#1769,.T.);
#4984=EDGE_CURVE('',#3999,#3997,#1770,.T.);
#4985=EDGE_CURVE('',#3998,#4000,#1771,.T.);
#4986=EDGE_CURVE('',#4001,#4002,#1772,.T.);
#4987=EDGE_CURVE('',#4001,#4003,#1773,.T.);
#4988=EDGE_CURVE('',#4004,#4003,#1774,.T.);
#4989=EDGE_CURVE('',#4002,#4004,#1775,.T.);
#4990=EDGE_CURVE('',#4005,#4001,#1776,.T.);
#4991=EDGE_CURVE('',#4005,#4006,#1777,.T.);
#4992=EDGE_CURVE('',#4003,#4006,#1778,.T.);
#4993=EDGE_CURVE('',#4002,#4007,#1779,.T.);
#4994=EDGE_CURVE('',#4008,#4004,#1780,.T.);
#4995=EDGE_CURVE('',#4007,#4008,#1781,.T.);
#4996=EDGE_CURVE('',#4007,#4005,#1782,.T.);
#4997=EDGE_CURVE('',#4006,#4008,#1783,.T.);
#4998=EDGE_CURVE('',#4009,#4010,#1784,.T.);
#4999=EDGE_CURVE('',#4009,#4011,#1785,.T.);
#5000=EDGE_CURVE('',#4012,#4011,#1786,.T.);
#5001=EDGE_CURVE('',#4010,#4012,#1787,.T.);
#5002=EDGE_CURVE('',#4013,#4009,#1788,.T.);
#5003=EDGE_CURVE('',#4013,#4014,#1789,.T.);
#5004=EDGE_CURVE('',#4011,#4014,#1790,.T.);
#5005=EDGE_CURVE('',#4010,#4015,#1791,.T.);
#5006=EDGE_CURVE('',#4016,#4012,#1792,.T.);
#5007=EDGE_CURVE('',#4015,#4016,#1793,.T.);
#5008=EDGE_CURVE('',#4015,#4013,#1794,.T.);
#5009=EDGE_CURVE('',#4014,#4016,#1795,.T.);
#5010=EDGE_CURVE('',#4017,#4018,#1796,.T.);
#5011=EDGE_CURVE('',#4017,#4019,#1797,.T.);
#5012=EDGE_CURVE('',#4020,#4019,#1798,.T.);
#5013=EDGE_CURVE('',#4018,#4020,#1799,.T.);
#5014=EDGE_CURVE('',#4021,#4017,#1800,.T.);
#5015=EDGE_CURVE('',#4021,#4022,#1801,.T.);
#5016=EDGE_CURVE('',#4019,#4022,#1802,.T.);
#5017=EDGE_CURVE('',#4018,#4023,#1803,.T.);
#5018=EDGE_CURVE('',#4024,#4020,#1804,.T.);
#5019=EDGE_CURVE('',#4023,#4024,#1805,.T.);
#5020=EDGE_CURVE('',#4023,#4021,#1806,.T.);
#5021=EDGE_CURVE('',#4022,#4024,#1807,.T.);
#5022=EDGE_CURVE('',#4025,#4026,#1808,.T.);
#5023=EDGE_CURVE('',#4025,#4027,#1809,.T.);
#5024=EDGE_CURVE('',#4028,#4027,#1810,.T.);
#5025=EDGE_CURVE('',#4026,#4028,#1811,.T.);
#5026=EDGE_CURVE('',#4029,#4025,#1812,.T.);
#5027=EDGE_CURVE('',#4029,#4030,#1813,.T.);
#5028=EDGE_CURVE('',#4027,#4030,#1814,.T.);
#5029=EDGE_CURVE('',#4026,#4031,#1815,.T.);
#5030=EDGE_CURVE('',#4032,#4028,#1816,.T.);
#5031=EDGE_CURVE('',#4031,#4032,#1817,.T.);
#5032=EDGE_CURVE('',#4031,#4029,#1818,.T.);
#5033=EDGE_CURVE('',#4030,#4032,#1819,.T.);
#5034=EDGE_CURVE('',#4033,#4034,#1820,.T.);
#5035=EDGE_CURVE('',#4033,#4035,#1821,.T.);
#5036=EDGE_CURVE('',#4036,#4035,#1822,.T.);
#5037=EDGE_CURVE('',#4034,#4036,#1823,.T.);
#5038=EDGE_CURVE('',#4037,#4033,#1824,.T.);
#5039=EDGE_CURVE('',#4037,#4038,#1825,.T.);
#5040=EDGE_CURVE('',#4035,#4038,#1826,.T.);
#5041=EDGE_CURVE('',#4034,#4039,#1827,.T.);
#5042=EDGE_CURVE('',#4040,#4036,#1828,.T.);
#5043=EDGE_CURVE('',#4039,#4040,#1829,.T.);
#5044=EDGE_CURVE('',#4039,#4037,#1830,.T.);
#5045=EDGE_CURVE('',#4038,#4040,#1831,.T.);
#5046=EDGE_CURVE('',#4041,#4042,#1832,.T.);
#5047=EDGE_CURVE('',#4041,#4043,#1833,.T.);
#5048=EDGE_CURVE('',#4044,#4043,#1834,.T.);
#5049=EDGE_CURVE('',#4042,#4044,#1835,.T.);
#5050=EDGE_CURVE('',#4045,#4041,#1836,.T.);
#5051=EDGE_CURVE('',#4045,#4046,#1837,.T.);
#5052=EDGE_CURVE('',#4043,#4046,#1838,.T.);
#5053=EDGE_CURVE('',#4042,#4047,#1839,.T.);
#5054=EDGE_CURVE('',#4048,#4044,#1840,.T.);
#5055=EDGE_CURVE('',#4047,#4048,#1841,.T.);
#5056=EDGE_CURVE('',#4047,#4045,#1842,.T.);
#5057=EDGE_CURVE('',#4046,#4048,#1843,.T.);
#5058=EDGE_CURVE('',#4049,#4050,#1844,.T.);
#5059=EDGE_CURVE('',#4049,#4051,#1845,.T.);
#5060=EDGE_CURVE('',#4052,#4051,#1846,.T.);
#5061=EDGE_CURVE('',#4050,#4052,#1847,.T.);
#5062=EDGE_CURVE('',#4053,#4049,#1848,.T.);
#5063=EDGE_CURVE('',#4053,#4054,#1849,.T.);
#5064=EDGE_CURVE('',#4051,#4054,#1850,.T.);
#5065=EDGE_CURVE('',#4050,#4055,#1851,.T.);
#5066=EDGE_CURVE('',#4056,#4052,#1852,.T.);
#5067=EDGE_CURVE('',#4055,#4056,#1853,.T.);
#5068=EDGE_CURVE('',#4055,#4053,#1854,.T.);
#5069=EDGE_CURVE('',#4054,#4056,#1855,.T.);
#5070=EDGE_CURVE('',#4057,#4058,#1856,.T.);
#5071=EDGE_CURVE('',#4057,#4059,#1857,.T.);
#5072=EDGE_CURVE('',#4060,#4059,#1858,.T.);
#5073=EDGE_CURVE('',#4058,#4060,#1859,.T.);
#5074=EDGE_CURVE('',#4061,#4057,#1860,.T.);
#5075=EDGE_CURVE('',#4061,#4062,#1861,.T.);
#5076=EDGE_CURVE('',#4059,#4062,#1862,.T.);
#5077=EDGE_CURVE('',#4058,#4063,#1863,.T.);
#5078=EDGE_CURVE('',#4064,#4060,#1864,.T.);
#5079=EDGE_CURVE('',#4063,#4064,#1865,.T.);
#5080=EDGE_CURVE('',#4063,#4061,#1866,.T.);
#5081=EDGE_CURVE('',#4062,#4064,#1867,.T.);
#5082=EDGE_CURVE('',#4065,#4066,#1868,.T.);
#5083=EDGE_CURVE('',#4065,#4067,#1869,.T.);
#5084=EDGE_CURVE('',#4068,#4067,#1870,.T.);
#5085=EDGE_CURVE('',#4066,#4068,#1871,.T.);
#5086=EDGE_CURVE('',#4069,#4065,#1872,.T.);
#5087=EDGE_CURVE('',#4069,#4070,#1873,.T.);
#5088=EDGE_CURVE('',#4067,#4070,#1874,.T.);
#5089=EDGE_CURVE('',#4066,#4071,#1875,.T.);
#5090=EDGE_CURVE('',#4072,#4068,#1876,.T.);
#5091=EDGE_CURVE('',#4071,#4072,#1877,.T.);
#5092=EDGE_CURVE('',#4071,#4069,#1878,.T.);
#5093=EDGE_CURVE('',#4070,#4072,#1879,.T.);
#5094=EDGE_CURVE('',#4073,#4074,#1880,.T.);
#5095=EDGE_CURVE('',#4073,#4075,#1881,.T.);
#5096=EDGE_CURVE('',#4076,#4075,#1882,.T.);
#5097=EDGE_CURVE('',#4074,#4076,#1883,.T.);
#5098=EDGE_CURVE('',#4077,#4073,#1884,.T.);
#5099=EDGE_CURVE('',#4077,#4078,#1885,.T.);
#5100=EDGE_CURVE('',#4075,#4078,#1886,.T.);
#5101=EDGE_CURVE('',#4074,#4079,#1887,.T.);
#5102=EDGE_CURVE('',#4080,#4076,#1888,.T.);
#5103=EDGE_CURVE('',#4079,#4080,#1889,.T.);
#5104=EDGE_CURVE('',#4079,#4077,#1890,.T.);
#5105=EDGE_CURVE('',#4078,#4080,#1891,.T.);
#5106=EDGE_CURVE('',#4081,#4082,#1892,.T.);
#5107=EDGE_CURVE('',#4081,#4083,#1893,.T.);
#5108=EDGE_CURVE('',#4084,#4083,#1894,.T.);
#5109=EDGE_CURVE('',#4082,#4084,#1895,.T.);
#5110=EDGE_CURVE('',#4085,#4081,#1896,.T.);
#5111=EDGE_CURVE('',#4085,#4086,#1897,.T.);
#5112=EDGE_CURVE('',#4083,#4086,#1898,.T.);
#5113=EDGE_CURVE('',#4082,#4087,#1899,.T.);
#5114=EDGE_CURVE('',#4088,#4084,#1900,.T.);
#5115=EDGE_CURVE('',#4087,#4088,#1901,.T.);
#5116=EDGE_CURVE('',#4087,#4085,#1902,.T.);
#5117=EDGE_CURVE('',#4086,#4088,#1903,.T.);
#5118=EDGE_CURVE('',#4089,#4090,#1904,.T.);
#5119=EDGE_CURVE('',#4089,#4091,#1905,.T.);
#5120=EDGE_CURVE('',#4092,#4091,#1906,.T.);
#5121=EDGE_CURVE('',#4090,#4092,#1907,.T.);
#5122=EDGE_CURVE('',#4093,#4089,#1908,.T.);
#5123=EDGE_CURVE('',#4093,#4094,#1909,.T.);
#5124=EDGE_CURVE('',#4091,#4094,#1910,.T.);
#5125=EDGE_CURVE('',#4090,#4095,#1911,.T.);
#5126=EDGE_CURVE('',#4096,#4092,#1912,.T.);
#5127=EDGE_CURVE('',#4095,#4096,#1913,.T.);
#5128=EDGE_CURVE('',#4095,#4093,#1914,.T.);
#5129=EDGE_CURVE('',#4094,#4096,#1915,.T.);
#5130=EDGE_CURVE('',#4097,#4098,#1916,.T.);
#5131=EDGE_CURVE('',#4097,#4099,#1917,.T.);
#5132=EDGE_CURVE('',#4100,#4099,#1918,.T.);
#5133=EDGE_CURVE('',#4098,#4100,#1919,.T.);
#5134=EDGE_CURVE('',#4101,#4097,#1920,.T.);
#5135=EDGE_CURVE('',#4101,#4102,#1921,.T.);
#5136=EDGE_CURVE('',#4099,#4102,#1922,.T.);
#5137=EDGE_CURVE('',#4098,#4103,#1923,.T.);
#5138=EDGE_CURVE('',#4104,#4100,#1924,.T.);
#5139=EDGE_CURVE('',#4103,#4104,#1925,.T.);
#5140=EDGE_CURVE('',#4103,#4101,#1926,.T.);
#5141=EDGE_CURVE('',#4102,#4104,#1927,.T.);
#5142=EDGE_CURVE('',#4105,#4106,#1928,.T.);
#5143=EDGE_CURVE('',#4105,#4107,#1929,.T.);
#5144=EDGE_CURVE('',#4108,#4107,#1930,.T.);
#5145=EDGE_CURVE('',#4106,#4108,#1931,.T.);
#5146=EDGE_CURVE('',#4109,#4105,#1932,.T.);
#5147=EDGE_CURVE('',#4109,#4110,#1933,.T.);
#5148=EDGE_CURVE('',#4107,#4110,#1934,.T.);
#5149=EDGE_CURVE('',#4106,#4111,#1935,.T.);
#5150=EDGE_CURVE('',#4112,#4108,#1936,.T.);
#5151=EDGE_CURVE('',#4111,#4112,#1937,.T.);
#5152=EDGE_CURVE('',#4111,#4109,#1938,.T.);
#5153=EDGE_CURVE('',#4110,#4112,#1939,.T.);
#5154=EDGE_CURVE('',#4113,#4114,#1940,.T.);
#5155=EDGE_CURVE('',#4113,#4115,#1941,.T.);
#5156=EDGE_CURVE('',#4116,#4115,#1942,.T.);
#5157=EDGE_CURVE('',#4114,#4116,#1943,.T.);
#5158=EDGE_CURVE('',#4117,#4113,#1944,.T.);
#5159=EDGE_CURVE('',#4117,#4118,#1945,.T.);
#5160=EDGE_CURVE('',#4115,#4118,#1946,.T.);
#5161=EDGE_CURVE('',#4114,#4119,#1947,.T.);
#5162=EDGE_CURVE('',#4120,#4116,#1948,.T.);
#5163=EDGE_CURVE('',#4119,#4120,#1949,.T.);
#5164=EDGE_CURVE('',#4119,#4117,#1950,.T.);
#5165=EDGE_CURVE('',#4118,#4120,#1951,.T.);
#5166=EDGE_CURVE('',#4121,#4122,#1952,.T.);
#5167=EDGE_CURVE('',#4121,#4123,#1953,.T.);
#5168=EDGE_CURVE('',#4124,#4123,#1954,.T.);
#5169=EDGE_CURVE('',#4122,#4124,#1955,.T.);
#5170=EDGE_CURVE('',#4125,#4121,#1956,.T.);
#5171=EDGE_CURVE('',#4125,#4126,#1957,.T.);
#5172=EDGE_CURVE('',#4123,#4126,#1958,.T.);
#5173=EDGE_CURVE('',#4122,#4127,#1959,.T.);
#5174=EDGE_CURVE('',#4128,#4124,#1960,.T.);
#5175=EDGE_CURVE('',#4127,#4128,#1961,.T.);
#5176=EDGE_CURVE('',#4127,#4125,#1962,.T.);
#5177=EDGE_CURVE('',#4126,#4128,#1963,.T.);
#5178=EDGE_CURVE('',#4129,#4130,#1964,.T.);
#5179=EDGE_CURVE('',#4129,#4131,#1965,.T.);
#5180=EDGE_CURVE('',#4132,#4131,#1966,.T.);
#5181=EDGE_CURVE('',#4130,#4132,#1967,.T.);
#5182=EDGE_CURVE('',#4133,#4129,#1968,.T.);
#5183=EDGE_CURVE('',#4133,#4134,#1969,.T.);
#5184=EDGE_CURVE('',#4131,#4134,#1970,.T.);
#5185=EDGE_CURVE('',#4130,#4135,#1971,.T.);
#5186=EDGE_CURVE('',#4136,#4132,#1972,.T.);
#5187=EDGE_CURVE('',#4135,#4136,#1973,.T.);
#5188=EDGE_CURVE('',#4135,#4133,#1974,.T.);
#5189=EDGE_CURVE('',#4134,#4136,#1975,.T.);
#5190=EDGE_CURVE('',#4137,#4138,#1976,.T.);
#5191=EDGE_CURVE('',#4137,#4139,#1977,.T.);
#5192=EDGE_CURVE('',#4140,#4139,#1978,.T.);
#5193=EDGE_CURVE('',#4138,#4140,#1979,.T.);
#5194=EDGE_CURVE('',#4141,#4137,#1980,.T.);
#5195=EDGE_CURVE('',#4141,#4142,#1981,.T.);
#5196=EDGE_CURVE('',#4139,#4142,#1982,.T.);
#5197=EDGE_CURVE('',#4138,#4143,#1983,.T.);
#5198=EDGE_CURVE('',#4144,#4140,#1984,.T.);
#5199=EDGE_CURVE('',#4143,#4144,#1985,.T.);
#5200=EDGE_CURVE('',#4143,#4141,#1986,.T.);
#5201=EDGE_CURVE('',#4142,#4144,#1987,.T.);
#5202=EDGE_CURVE('',#4145,#4146,#1988,.T.);
#5203=EDGE_CURVE('',#4145,#4147,#1989,.T.);
#5204=EDGE_CURVE('',#4148,#4147,#1990,.T.);
#5205=EDGE_CURVE('',#4146,#4148,#1991,.T.);
#5206=EDGE_CURVE('',#4149,#4145,#1992,.T.);
#5207=EDGE_CURVE('',#4149,#4150,#1993,.T.);
#5208=EDGE_CURVE('',#4147,#4150,#1994,.T.);
#5209=EDGE_CURVE('',#4146,#4151,#1995,.T.);
#5210=EDGE_CURVE('',#4152,#4148,#1996,.T.);
#5211=EDGE_CURVE('',#4151,#4152,#1997,.T.);
#5212=EDGE_CURVE('',#4151,#4149,#1998,.T.);
#5213=EDGE_CURVE('',#4150,#4152,#1999,.T.);
#5214=EDGE_CURVE('',#4153,#4154,#2000,.T.);
#5215=EDGE_CURVE('',#4153,#4155,#2001,.T.);
#5216=EDGE_CURVE('',#4156,#4155,#2002,.T.);
#5217=EDGE_CURVE('',#4154,#4156,#2003,.T.);
#5218=EDGE_CURVE('',#4157,#4153,#2004,.T.);
#5219=EDGE_CURVE('',#4157,#4158,#2005,.T.);
#5220=EDGE_CURVE('',#4155,#4158,#2006,.T.);
#5221=EDGE_CURVE('',#4154,#4159,#2007,.T.);
#5222=EDGE_CURVE('',#4160,#4156,#2008,.T.);
#5223=EDGE_CURVE('',#4159,#4160,#2009,.T.);
#5224=EDGE_CURVE('',#4159,#4157,#2010,.T.);
#5225=EDGE_CURVE('',#4158,#4160,#2011,.T.);
#5226=EDGE_CURVE('',#4161,#4162,#2012,.T.);
#5227=EDGE_CURVE('',#4161,#4163,#2013,.T.);
#5228=EDGE_CURVE('',#4164,#4163,#2014,.T.);
#5229=EDGE_CURVE('',#4162,#4164,#2015,.T.);
#5230=EDGE_CURVE('',#4165,#4161,#2016,.T.);
#5231=EDGE_CURVE('',#4165,#4166,#2017,.T.);
#5232=EDGE_CURVE('',#4163,#4166,#2018,.T.);
#5233=EDGE_CURVE('',#4162,#4167,#2019,.T.);
#5234=EDGE_CURVE('',#4168,#4164,#2020,.T.);
#5235=EDGE_CURVE('',#4167,#4168,#2021,.T.);
#5236=EDGE_CURVE('',#4167,#4165,#2022,.T.);
#5237=EDGE_CURVE('',#4166,#4168,#2023,.T.);
#5238=EDGE_CURVE('',#4169,#4170,#2024,.T.);
#5239=EDGE_CURVE('',#4169,#4171,#2025,.T.);
#5240=EDGE_CURVE('',#4172,#4171,#2026,.T.);
#5241=EDGE_CURVE('',#4170,#4172,#2027,.T.);
#5242=EDGE_CURVE('',#4173,#4169,#2028,.T.);
#5243=EDGE_CURVE('',#4173,#4174,#2029,.T.);
#5244=EDGE_CURVE('',#4171,#4174,#2030,.T.);
#5245=EDGE_CURVE('',#4170,#4175,#2031,.T.);
#5246=EDGE_CURVE('',#4176,#4172,#2032,.T.);
#5247=EDGE_CURVE('',#4175,#4176,#2033,.T.);
#5248=EDGE_CURVE('',#4175,#4173,#2034,.T.);
#5249=EDGE_CURVE('',#4174,#4176,#2035,.T.);
#5250=EDGE_CURVE('',#4177,#4178,#2036,.T.);
#5251=EDGE_CURVE('',#4177,#4179,#2037,.T.);
#5252=EDGE_CURVE('',#4180,#4179,#2038,.T.);
#5253=EDGE_CURVE('',#4178,#4180,#2039,.T.);
#5254=EDGE_CURVE('',#4181,#4177,#2040,.T.);
#5255=EDGE_CURVE('',#4181,#4182,#2041,.T.);
#5256=EDGE_CURVE('',#4179,#4182,#2042,.T.);
#5257=EDGE_CURVE('',#4178,#4183,#2043,.T.);
#5258=EDGE_CURVE('',#4184,#4180,#2044,.T.);
#5259=EDGE_CURVE('',#4183,#4184,#2045,.T.);
#5260=EDGE_CURVE('',#4183,#4181,#2046,.T.);
#5261=EDGE_CURVE('',#4182,#4184,#2047,.T.);
#5262=EDGE_CURVE('',#4185,#4186,#2048,.T.);
#5263=EDGE_CURVE('',#4185,#4187,#2049,.T.);
#5264=EDGE_CURVE('',#4188,#4187,#2050,.T.);
#5265=EDGE_CURVE('',#4186,#4188,#2051,.T.);
#5266=EDGE_CURVE('',#4189,#4185,#2052,.T.);
#5267=EDGE_CURVE('',#4189,#4190,#2053,.T.);
#5268=EDGE_CURVE('',#4187,#4190,#2054,.T.);
#5269=EDGE_CURVE('',#4186,#4191,#2055,.T.);
#5270=EDGE_CURVE('',#4192,#4188,#2056,.T.);
#5271=EDGE_CURVE('',#4191,#4192,#2057,.T.);
#5272=EDGE_CURVE('',#4191,#4189,#2058,.T.);
#5273=EDGE_CURVE('',#4190,#4192,#2059,.T.);
#5274=EDGE_CURVE('',#4193,#4194,#2060,.T.);
#5275=EDGE_CURVE('',#4193,#4195,#2061,.T.);
#5276=EDGE_CURVE('',#4196,#4195,#2062,.T.);
#5277=EDGE_CURVE('',#4194,#4196,#2063,.T.);
#5278=EDGE_CURVE('',#4197,#4193,#2064,.T.);
#5279=EDGE_CURVE('',#4197,#4198,#2065,.T.);
#5280=EDGE_CURVE('',#4195,#4198,#2066,.T.);
#5281=EDGE_CURVE('',#4194,#4199,#2067,.T.);
#5282=EDGE_CURVE('',#4200,#4196,#2068,.T.);
#5283=EDGE_CURVE('',#4199,#4200,#2069,.T.);
#5284=EDGE_CURVE('',#4199,#4197,#2070,.T.);
#5285=EDGE_CURVE('',#4198,#4200,#2071,.T.);
#5286=EDGE_CURVE('',#4201,#4202,#2072,.T.);
#5287=EDGE_CURVE('',#4201,#4203,#2073,.T.);
#5288=EDGE_CURVE('',#4204,#4203,#2074,.T.);
#5289=EDGE_CURVE('',#4202,#4204,#2075,.T.);
#5290=EDGE_CURVE('',#4205,#4201,#2076,.T.);
#5291=EDGE_CURVE('',#4205,#4206,#2077,.T.);
#5292=EDGE_CURVE('',#4203,#4206,#2078,.T.);
#5293=EDGE_CURVE('',#4202,#4207,#2079,.T.);
#5294=EDGE_CURVE('',#4208,#4204,#2080,.T.);
#5295=EDGE_CURVE('',#4207,#4208,#2081,.T.);
#5296=EDGE_CURVE('',#4207,#4205,#2082,.T.);
#5297=EDGE_CURVE('',#4206,#4208,#2083,.T.);
#5298=EDGE_CURVE('',#4209,#4210,#2084,.T.);
#5299=EDGE_CURVE('',#4209,#4211,#2085,.T.);
#5300=EDGE_CURVE('',#4212,#4211,#2086,.T.);
#5301=EDGE_CURVE('',#4210,#4212,#2087,.T.);
#5302=EDGE_CURVE('',#4213,#4209,#2088,.T.);
#5303=EDGE_CURVE('',#4213,#4214,#2089,.T.);
#5304=EDGE_CURVE('',#4211,#4214,#2090,.T.);
#5305=EDGE_CURVE('',#4210,#4215,#2091,.T.);
#5306=EDGE_CURVE('',#4216,#4212,#2092,.T.);
#5307=EDGE_CURVE('',#4215,#4216,#2093,.T.);
#5308=EDGE_CURVE('',#4215,#4213,#2094,.T.);
#5309=EDGE_CURVE('',#4214,#4216,#2095,.T.);
#5310=EDGE_CURVE('',#4217,#4218,#2096,.T.);
#5311=EDGE_CURVE('',#4217,#4219,#2097,.T.);
#5312=EDGE_CURVE('',#4220,#4219,#2098,.T.);
#5313=EDGE_CURVE('',#4218,#4220,#2099,.T.);
#5314=EDGE_CURVE('',#4221,#4217,#2100,.T.);
#5315=EDGE_CURVE('',#4221,#4222,#2101,.T.);
#5316=EDGE_CURVE('',#4219,#4222,#2102,.T.);
#5317=EDGE_CURVE('',#4218,#4223,#2103,.T.);
#5318=EDGE_CURVE('',#4224,#4220,#2104,.T.);
#5319=EDGE_CURVE('',#4223,#4224,#2105,.T.);
#5320=EDGE_CURVE('',#4223,#4221,#2106,.T.);
#5321=EDGE_CURVE('',#4222,#4224,#2107,.T.);
#5322=EDGE_CURVE('',#4225,#4226,#2108,.T.);
#5323=EDGE_CURVE('',#4225,#4227,#2109,.T.);
#5324=EDGE_CURVE('',#4228,#4227,#2110,.T.);
#5325=EDGE_CURVE('',#4226,#4228,#2111,.T.);
#5326=EDGE_CURVE('',#4229,#4225,#2112,.T.);
#5327=EDGE_CURVE('',#4229,#4230,#2113,.T.);
#5328=EDGE_CURVE('',#4227,#4230,#2114,.T.);
#5329=EDGE_CURVE('',#4226,#4231,#2115,.T.);
#5330=EDGE_CURVE('',#4232,#4228,#2116,.T.);
#5331=EDGE_CURVE('',#4231,#4232,#2117,.T.);
#5332=EDGE_CURVE('',#4231,#4229,#2118,.T.);
#5333=EDGE_CURVE('',#4230,#4232,#2119,.T.);
#5334=EDGE_CURVE('',#4233,#4234,#2120,.T.);
#5335=EDGE_CURVE('',#4233,#4235,#2121,.T.);
#5336=EDGE_CURVE('',#4236,#4235,#2122,.T.);
#5337=EDGE_CURVE('',#4234,#4236,#2123,.T.);
#5338=EDGE_CURVE('',#4237,#4233,#2124,.T.);
#5339=EDGE_CURVE('',#4237,#4238,#2125,.T.);
#5340=EDGE_CURVE('',#4235,#4238,#2126,.T.);
#5341=EDGE_CURVE('',#4234,#4239,#2127,.T.);
#5342=EDGE_CURVE('',#4240,#4236,#2128,.T.);
#5343=EDGE_CURVE('',#4239,#4240,#2129,.T.);
#5344=EDGE_CURVE('',#4239,#4237,#2130,.T.);
#5345=EDGE_CURVE('',#4238,#4240,#2131,.T.);
#5346=EDGE_CURVE('',#4241,#4242,#2132,.T.);
#5347=EDGE_CURVE('',#4241,#4243,#2133,.T.);
#5348=EDGE_CURVE('',#4244,#4243,#2134,.T.);
#5349=EDGE_CURVE('',#4242,#4244,#2135,.T.);
#5350=EDGE_CURVE('',#4245,#4241,#2136,.T.);
#5351=EDGE_CURVE('',#4245,#4246,#2137,.T.);
#5352=EDGE_CURVE('',#4243,#4246,#2138,.T.);
#5353=EDGE_CURVE('',#4242,#4247,#2139,.T.);
#5354=EDGE_CURVE('',#4248,#4244,#2140,.T.);
#5355=EDGE_CURVE('',#4247,#4248,#2141,.T.);
#5356=EDGE_CURVE('',#4247,#4245,#2142,.T.);
#5357=EDGE_CURVE('',#4246,#4248,#2143,.T.);
#5358=EDGE_CURVE('',#4249,#4250,#2144,.T.);
#5359=EDGE_CURVE('',#4249,#4251,#2145,.T.);
#5360=EDGE_CURVE('',#4252,#4251,#2146,.T.);
#5361=EDGE_CURVE('',#4250,#4252,#2147,.T.);
#5362=EDGE_CURVE('',#4253,#4249,#2148,.T.);
#5363=EDGE_CURVE('',#4253,#4254,#2149,.T.);
#5364=EDGE_CURVE('',#4251,#4254,#2150,.T.);
#5365=EDGE_CURVE('',#4250,#4255,#2151,.T.);
#5366=EDGE_CURVE('',#4256,#4252,#2152,.T.);
#5367=EDGE_CURVE('',#4255,#4256,#2153,.T.);
#5368=EDGE_CURVE('',#4255,#4253,#2154,.T.);
#5369=EDGE_CURVE('',#4254,#4256,#2155,.T.);
#5370=EDGE_CURVE('',#4257,#4258,#2156,.T.);
#5371=EDGE_CURVE('',#4257,#4259,#2157,.T.);
#5372=EDGE_CURVE('',#4260,#4259,#2158,.T.);
#5373=EDGE_CURVE('',#4258,#4260,#2159,.T.);
#5374=EDGE_CURVE('',#4261,#4257,#2160,.T.);
#5375=EDGE_CURVE('',#4261,#4262,#2161,.T.);
#5376=EDGE_CURVE('',#4259,#4262,#2162,.T.);
#5377=EDGE_CURVE('',#4258,#4263,#2163,.T.);
#5378=EDGE_CURVE('',#4264,#4260,#2164,.T.);
#5379=EDGE_CURVE('',#4263,#4264,#2165,.T.);
#5380=EDGE_CURVE('',#4263,#4261,#2166,.T.);
#5381=EDGE_CURVE('',#4262,#4264,#2167,.T.);
#5382=EDGE_CURVE('',#4265,#4266,#2168,.T.);
#5383=EDGE_CURVE('',#4265,#4267,#2169,.T.);
#5384=EDGE_CURVE('',#4268,#4267,#2170,.T.);
#5385=EDGE_CURVE('',#4266,#4268,#2171,.T.);
#5386=EDGE_CURVE('',#4269,#4265,#2172,.T.);
#5387=EDGE_CURVE('',#4269,#4270,#2173,.T.);
#5388=EDGE_CURVE('',#4267,#4270,#2174,.T.);
#5389=EDGE_CURVE('',#4266,#4271,#2175,.T.);
#5390=EDGE_CURVE('',#4272,#4268,#2176,.T.);
#5391=EDGE_CURVE('',#4271,#4272,#2177,.T.);
#5392=EDGE_CURVE('',#4271,#4269,#2178,.T.);
#5393=EDGE_CURVE('',#4270,#4272,#2179,.T.);
#5394=EDGE_CURVE('',#4273,#4274,#2180,.T.);
#5395=EDGE_CURVE('',#4273,#4275,#2181,.T.);
#5396=EDGE_CURVE('',#4276,#4275,#2182,.T.);
#5397=EDGE_CURVE('',#4274,#4276,#2183,.T.);
#5398=EDGE_CURVE('',#4277,#4273,#2184,.T.);
#5399=EDGE_CURVE('',#4277,#4278,#2185,.T.);
#5400=EDGE_CURVE('',#4275,#4278,#2186,.T.);
#5401=EDGE_CURVE('',#4274,#4279,#2187,.T.);
#5402=EDGE_CURVE('',#4280,#4276,#2188,.T.);
#5403=EDGE_CURVE('',#4279,#4280,#2189,.T.);
#5404=EDGE_CURVE('',#4279,#4277,#2190,.T.);
#5405=EDGE_CURVE('',#4278,#4280,#2191,.T.);
#5406=EDGE_CURVE('',#4281,#4282,#2192,.T.);
#5407=EDGE_CURVE('',#4281,#4283,#2193,.T.);
#5408=EDGE_CURVE('',#4284,#4283,#2194,.T.);
#5409=EDGE_CURVE('',#4282,#4284,#2195,.T.);
#5410=EDGE_CURVE('',#4285,#4281,#2196,.T.);
#5411=EDGE_CURVE('',#4285,#4286,#2197,.T.);
#5412=EDGE_CURVE('',#4283,#4286,#2198,.T.);
#5413=EDGE_CURVE('',#4282,#4287,#2199,.T.);
#5414=EDGE_CURVE('',#4288,#4284,#2200,.T.);
#5415=EDGE_CURVE('',#4287,#4288,#2201,.T.);
#5416=EDGE_CURVE('',#4287,#4285,#2202,.T.);
#5417=EDGE_CURVE('',#4286,#4288,#2203,.T.);
#5418=EDGE_CURVE('',#4289,#4290,#2204,.T.);
#5419=EDGE_CURVE('',#4289,#4291,#2205,.T.);
#5420=EDGE_CURVE('',#4292,#4291,#2206,.T.);
#5421=EDGE_CURVE('',#4290,#4292,#2207,.T.);
#5422=EDGE_CURVE('',#4293,#4289,#2208,.T.);
#5423=EDGE_CURVE('',#4293,#4294,#2209,.T.);
#5424=EDGE_CURVE('',#4291,#4294,#2210,.T.);
#5425=EDGE_CURVE('',#4290,#4295,#2211,.T.);
#5426=EDGE_CURVE('',#4296,#4292,#2212,.T.);
#5427=EDGE_CURVE('',#4295,#4296,#2213,.T.);
#5428=EDGE_CURVE('',#4295,#4293,#2214,.T.);
#5429=EDGE_CURVE('',#4294,#4296,#2215,.T.);
#5430=EDGE_CURVE('',#4297,#4298,#2216,.T.);
#5431=EDGE_CURVE('',#4297,#4299,#2217,.T.);
#5432=EDGE_CURVE('',#4300,#4299,#2218,.T.);
#5433=EDGE_CURVE('',#4298,#4300,#2219,.T.);
#5434=EDGE_CURVE('',#4301,#4297,#2220,.T.);
#5435=EDGE_CURVE('',#4301,#4302,#2221,.T.);
#5436=EDGE_CURVE('',#4299,#4302,#2222,.T.);
#5437=EDGE_CURVE('',#4298,#4303,#2223,.T.);
#5438=EDGE_CURVE('',#4304,#4300,#2224,.T.);
#5439=EDGE_CURVE('',#4303,#4304,#2225,.T.);
#5440=EDGE_CURVE('',#4303,#4301,#2226,.T.);
#5441=EDGE_CURVE('',#4302,#4304,#2227,.T.);
#5442=EDGE_CURVE('',#4305,#4306,#2228,.T.);
#5443=EDGE_CURVE('',#4305,#4307,#2229,.T.);
#5444=EDGE_CURVE('',#4308,#4307,#2230,.T.);
#5445=EDGE_CURVE('',#4306,#4308,#2231,.T.);
#5446=EDGE_CURVE('',#4309,#4305,#2232,.T.);
#5447=EDGE_CURVE('',#4309,#4310,#2233,.T.);
#5448=EDGE_CURVE('',#4307,#4310,#2234,.T.);
#5449=EDGE_CURVE('',#4306,#4311,#2235,.T.);
#5450=EDGE_CURVE('',#4312,#4308,#2236,.T.);
#5451=EDGE_CURVE('',#4311,#4312,#2237,.T.);
#5452=EDGE_CURVE('',#4311,#4309,#2238,.T.);
#5453=EDGE_CURVE('',#4310,#4312,#2239,.T.);
#5454=EDGE_CURVE('',#4313,#4314,#2240,.T.);
#5455=EDGE_CURVE('',#4313,#4315,#2241,.T.);
#5456=EDGE_CURVE('',#4316,#4315,#2242,.T.);
#5457=EDGE_CURVE('',#4314,#4316,#2243,.T.);
#5458=EDGE_CURVE('',#4317,#4313,#2244,.T.);
#5459=EDGE_CURVE('',#4317,#4318,#2245,.T.);
#5460=EDGE_CURVE('',#4315,#4318,#2246,.T.);
#5461=EDGE_CURVE('',#4314,#4319,#2247,.T.);
#5462=EDGE_CURVE('',#4320,#4316,#2248,.T.);
#5463=EDGE_CURVE('',#4319,#4320,#2249,.T.);
#5464=EDGE_CURVE('',#4319,#4317,#2250,.T.);
#5465=EDGE_CURVE('',#4318,#4320,#2251,.T.);
#5466=EDGE_CURVE('',#4321,#4322,#2252,.T.);
#5467=EDGE_CURVE('',#4321,#4323,#2253,.T.);
#5468=EDGE_CURVE('',#4324,#4323,#2254,.T.);
#5469=EDGE_CURVE('',#4322,#4324,#2255,.T.);
#5470=EDGE_CURVE('',#4325,#4321,#2256,.T.);
#5471=EDGE_CURVE('',#4325,#4326,#2257,.T.);
#5472=EDGE_CURVE('',#4323,#4326,#2258,.T.);
#5473=EDGE_CURVE('',#4322,#4327,#2259,.T.);
#5474=EDGE_CURVE('',#4328,#4324,#2260,.T.);
#5475=EDGE_CURVE('',#4327,#4328,#2261,.T.);
#5476=EDGE_CURVE('',#4327,#4325,#2262,.T.);
#5477=EDGE_CURVE('',#4326,#4328,#2263,.T.);
#5478=EDGE_CURVE('',#4329,#4330,#2264,.T.);
#5479=EDGE_CURVE('',#4329,#4331,#2265,.T.);
#5480=EDGE_CURVE('',#4332,#4331,#2266,.T.);
#5481=EDGE_CURVE('',#4330,#4332,#2267,.T.);
#5482=EDGE_CURVE('',#4330,#4333,#2268,.T.);
#5483=EDGE_CURVE('',#4334,#4332,#2269,.T.);
#5484=EDGE_CURVE('',#4333,#4334,#2270,.T.);
#5485=EDGE_CURVE('',#4333,#4335,#2271,.T.);
#5486=EDGE_CURVE('',#4336,#4334,#2272,.T.);
#5487=EDGE_CURVE('',#4335,#4336,#2273,.T.);
#5488=EDGE_CURVE('',#4335,#4329,#2274,.T.);
#5489=EDGE_CURVE('',#4331,#4336,#2275,.T.);
#5490=EDGE_CURVE('',#4337,#4338,#2276,.T.);
#5491=EDGE_CURVE('',#4337,#4339,#2277,.T.);
#5492=EDGE_CURVE('',#4340,#4339,#2278,.T.);
#5493=EDGE_CURVE('',#4338,#4340,#2279,.T.);
#5494=EDGE_CURVE('',#4338,#4341,#2280,.T.);
#5495=EDGE_CURVE('',#4342,#4340,#2281,.T.);
#5496=EDGE_CURVE('',#4341,#4342,#2282,.T.);
#5497=EDGE_CURVE('',#4341,#4343,#2283,.T.);
#5498=EDGE_CURVE('',#4344,#4342,#2284,.T.);
#5499=EDGE_CURVE('',#4343,#4344,#2285,.T.);
#5500=EDGE_CURVE('',#4343,#4337,#2286,.T.);
#5501=EDGE_CURVE('',#4339,#4344,#2287,.T.);
#5502=EDGE_CURVE('',#4345,#4346,#2288,.T.);
#5503=EDGE_CURVE('',#4345,#4347,#2289,.T.);
#5504=EDGE_CURVE('',#4348,#4347,#2290,.T.);
#5505=EDGE_CURVE('',#4346,#4348,#2291,.T.);
#5506=EDGE_CURVE('',#4346,#4349,#2292,.T.);
#5507=EDGE_CURVE('',#4350,#4348,#2293,.T.);
#5508=EDGE_CURVE('',#4349,#4350,#2294,.T.);
#5509=EDGE_CURVE('',#4349,#4351,#2295,.T.);
#5510=EDGE_CURVE('',#4352,#4350,#2296,.T.);
#5511=EDGE_CURVE('',#4351,#4352,#2297,.T.);
#5512=EDGE_CURVE('',#4351,#4345,#2298,.T.);
#5513=EDGE_CURVE('',#4347,#4352,#2299,.T.);
#5514=EDGE_CURVE('',#4353,#4354,#2300,.T.);
#5515=EDGE_CURVE('',#4353,#4355,#2301,.T.);
#5516=EDGE_CURVE('',#4356,#4355,#2302,.T.);
#5517=EDGE_CURVE('',#4354,#4356,#2303,.T.);
#5518=EDGE_CURVE('',#4354,#4357,#2304,.T.);
#5519=EDGE_CURVE('',#4358,#4356,#2305,.T.);
#5520=EDGE_CURVE('',#4357,#4358,#2306,.T.);
#5521=EDGE_CURVE('',#4357,#4359,#2307,.T.);
#5522=EDGE_CURVE('',#4360,#4358,#2308,.T.);
#5523=EDGE_CURVE('',#4359,#4360,#2309,.T.);
#5524=EDGE_CURVE('',#4359,#4353,#2310,.T.);
#5525=EDGE_CURVE('',#4355,#4360,#2311,.T.);
#5526=EDGE_CURVE('',#4361,#4362,#2312,.T.);
#5527=EDGE_CURVE('',#4361,#4363,#2313,.T.);
#5528=EDGE_CURVE('',#4364,#4363,#2314,.T.);
#5529=EDGE_CURVE('',#4365,#4364,#2315,.T.);
#5530=EDGE_CURVE('',#4362,#4365,#2316,.T.);
#5531=EDGE_CURVE('',#4365,#4366,#2317,.T.);
#5532=EDGE_CURVE('',#4367,#4364,#2318,.T.);
#5533=EDGE_CURVE('',#4366,#4367,#2319,.T.);
#5534=EDGE_CURVE('',#4366,#4368,#2320,.T.);
#5535=EDGE_CURVE('',#4369,#4367,#2321,.T.);
#5536=EDGE_CURVE('',#4370,#4369,#2322,.T.);
#5537=EDGE_CURVE('',#4368,#4370,#2323,.T.);
#5538=EDGE_CURVE('',#4370,#4361,#2324,.T.);
#5539=EDGE_CURVE('',#4363,#4369,#2325,.T.);
#5540=EDGE_CURVE('',#4362,#4368,#2326,.T.);
#5541=EDGE_CURVE('',#4371,#4372,#2327,.T.);
#5542=EDGE_CURVE('',#4371,#4373,#2328,.T.);
#5543=EDGE_CURVE('',#4374,#4373,#2329,.T.);
#5544=EDGE_CURVE('',#4372,#4374,#2330,.T.);
#5545=EDGE_CURVE('',#4375,#4376,#2331,.T.);
#5546=EDGE_CURVE('',#4372,#4376,#2332,.T.);
#5547=EDGE_CURVE('',#4377,#4374,#2333,.T.);
#5548=EDGE_CURVE('',#4375,#4377,#2334,.T.);
#5549=EDGE_CURVE('',#4378,#4375,#2335,.T.);
#5550=EDGE_CURVE('',#4379,#4377,#2336,.T.);
#5551=EDGE_CURVE('',#4378,#4379,#2337,.T.);
#5552=EDGE_CURVE('',#4380,#4371,#2338,.T.);
#5553=EDGE_CURVE('',#4380,#4378,#2339,.T.);
#5554=EDGE_CURVE('',#4373,#4379,#2340,.T.);
#5555=EDGE_CURVE('',#4380,#4376,#2341,.T.);
#5556=EDGE_CURVE('',#4381,#4382,#2342,.T.);
#5557=EDGE_CURVE('',#4381,#4383,#2343,.T.);
#5558=EDGE_CURVE('',#4384,#4383,#2344,.T.);
#5559=EDGE_CURVE('',#4385,#4384,#2345,.T.);
#5560=EDGE_CURVE('',#4382,#4385,#2346,.T.);
#5561=EDGE_CURVE('',#4385,#4386,#2347,.T.);
#5562=EDGE_CURVE('',#4387,#4384,#2348,.T.);
#5563=EDGE_CURVE('',#4386,#4387,#2349,.T.);
#5564=EDGE_CURVE('',#4386,#4388,#2350,.T.);
#5565=EDGE_CURVE('',#4389,#4387,#2351,.T.);
#5566=EDGE_CURVE('',#4390,#4389,#2352,.T.);
#5567=EDGE_CURVE('',#4388,#4390,#2353,.T.);
#5568=EDGE_CURVE('',#4390,#4381,#2354,.T.);
#5569=EDGE_CURVE('',#4383,#4389,#2355,.T.);
#5570=EDGE_CURVE('',#4382,#4388,#2356,.T.);
#5571=EDGE_CURVE('',#4391,#4392,#2357,.T.);
#5572=EDGE_CURVE('',#4391,#4393,#2358,.T.);
#5573=EDGE_CURVE('',#4394,#4393,#2359,.T.);
#5574=EDGE_CURVE('',#4392,#4394,#2360,.T.);
#5575=EDGE_CURVE('',#4392,#4395,#2361,.T.);
#5576=EDGE_CURVE('',#4396,#4394,#2362,.T.);
#5577=EDGE_CURVE('',#4397,#4396,#2363,.T.);
#5578=EDGE_CURVE('',#4395,#4397,#2364,.T.);
#5579=EDGE_CURVE('',#4397,#4398,#2365,.T.);
#5580=EDGE_CURVE('',#4399,#4396,#2366,.T.);
#5581=EDGE_CURVE('',#4398,#4399,#2367,.T.);
#5582=EDGE_CURVE('',#4398,#4400,#2368,.T.);
#5583=EDGE_CURVE('',#4393,#4399,#2369,.T.);
#5584=EDGE_CURVE('',#4400,#4391,#2370,.T.);
#5585=EDGE_CURVE('',#4401,#4395,#120,.T.);
#5586=EDGE_CURVE('',#4400,#4401,#2371,.T.);
#5587=EDGE_CURVE('',#4402,#4403,#2372,.T.);
#5588=EDGE_CURVE('',#4402,#4404,#2373,.T.);
#5589=EDGE_CURVE('',#4405,#4404,#2374,.T.);
#5590=EDGE_CURVE('',#4403,#4405,#2375,.T.);
#5591=EDGE_CURVE('',#4403,#4406,#2376,.T.);
#5592=EDGE_CURVE('',#4407,#4405,#2377,.T.);
#5593=EDGE_CURVE('',#4408,#4407,#2378,.T.);
#5594=EDGE_CURVE('',#4406,#4408,#2379,.T.);
#5595=EDGE_CURVE('',#4408,#4409,#2380,.T.);
#5596=EDGE_CURVE('',#4410,#4407,#2381,.T.);
#5597=EDGE_CURVE('',#4409,#4410,#2382,.T.);
#5598=EDGE_CURVE('',#4409,#4411,#2383,.T.);
#5599=EDGE_CURVE('',#4404,#4410,#2384,.T.);
#5600=EDGE_CURVE('',#4411,#4402,#2385,.T.);
#5601=EDGE_CURVE('',#4411,#4406,#2386,.T.);
#5602=EDGE_CURVE('',#4412,#4413,#2387,.T.);
#5603=EDGE_CURVE('',#4412,#4414,#2388,.T.);
#5604=EDGE_CURVE('',#4415,#4414,#2389,.T.);
#5605=EDGE_CURVE('',#4413,#4415,#2390,.T.);
#5606=EDGE_CURVE('',#4413,#4416,#2391,.T.);
#5607=EDGE_CURVE('',#4417,#4415,#2392,.T.);
#5608=EDGE_CURVE('',#4416,#4417,#2393,.T.);
#5609=EDGE_CURVE('',#4416,#4418,#2394,.T.);
#5610=EDGE_CURVE('',#4419,#4417,#2395,.T.);
#5611=EDGE_CURVE('',#4418,#4419,#2396,.T.);
#5612=EDGE_CURVE('',#4418,#4412,#2397,.T.);
#5613=EDGE_CURVE('',#4414,#4419,#2398,.T.);
#5614=EDGE_CURVE('',#4420,#4421,#2399,.T.);
#5615=EDGE_CURVE('',#4420,#4422,#2400,.T.);
#5616=EDGE_CURVE('',#4423,#4422,#2401,.T.);
#5617=EDGE_CURVE('',#4421,#4423,#2402,.T.);
#5618=EDGE_CURVE('',#4421,#4424,#2403,.T.);
#5619=EDGE_CURVE('',#4425,#4423,#2404,.T.);
#5620=EDGE_CURVE('',#4424,#4425,#2405,.T.);
#5621=EDGE_CURVE('',#4424,#4426,#2406,.T.);
#5622=EDGE_CURVE('',#4427,#4425,#2407,.T.);
#5623=EDGE_CURVE('',#4426,#4427,#2408,.T.);
#5624=EDGE_CURVE('',#4426,#4420,#2409,.T.);
#5625=EDGE_CURVE('',#4422,#4427,#2410,.T.);
#5626=EDGE_CURVE('',#4428,#4429,#2411,.T.);
#5627=EDGE_CURVE('',#4428,#4430,#2412,.T.);
#5628=EDGE_CURVE('',#4431,#4430,#2413,.T.);
#5629=EDGE_CURVE('',#4429,#4431,#2414,.T.);
#5630=EDGE_CURVE('',#4429,#4432,#2415,.T.);
#5631=EDGE_CURVE('',#4433,#4431,#2416,.T.);
#5632=EDGE_CURVE('',#4434,#4433,#2417,.T.);
#5633=EDGE_CURVE('',#4432,#4434,#2418,.T.);
#5634=EDGE_CURVE('',#4434,#4435,#2419,.T.);
#5635=EDGE_CURVE('',#4436,#4433,#2420,.T.);
#5636=EDGE_CURVE('',#4435,#4436,#2421,.T.);
#5637=EDGE_CURVE('',#4435,#4437,#2422,.T.);
#5638=EDGE_CURVE('',#4430,#4436,#2423,.T.);
#5639=EDGE_CURVE('',#4437,#4428,#2424,.T.);
#5640=EDGE_CURVE('',#4438,#4432,#2425,.T.);
#5641=EDGE_CURVE('',#4437,#4438,#121,.T.);
#5642=EDGE_CURVE('',#4439,#4439,#122,.T.);
#5643=EDGE_CURVE('',#4439,#4440,#2426,.T.);
#5644=EDGE_CURVE('',#4440,#4440,#123,.T.);
#5645=EDGE_CURVE('',#4441,#4441,#124,.T.);
#5646=EDGE_CURVE('',#4441,#4442,#2427,.T.);
#5647=EDGE_CURVE('',#4442,#4442,#125,.T.);
#5648=EDGE_CURVE('',#4443,#4443,#126,.T.);
#5649=EDGE_CURVE('',#4443,#4444,#2428,.T.);
#5650=EDGE_CURVE('',#4444,#4444,#127,.T.);
#5651=EDGE_CURVE('',#4445,#4445,#128,.T.);
#5652=EDGE_CURVE('',#4445,#4446,#2429,.T.);
#5653=EDGE_CURVE('',#4446,#4446,#129,.T.);
#5654=EDGE_CURVE('',#4447,#4448,#2430,.T.);
#5655=EDGE_CURVE('',#4447,#4449,#2431,.T.);
#5656=EDGE_CURVE('',#4450,#4449,#2432,.T.);
#5657=EDGE_CURVE('',#4448,#4450,#2433,.T.);
#5658=EDGE_CURVE('',#4448,#4451,#130,.T.);
#5659=EDGE_CURVE('',#4452,#4450,#131,.T.);
#5660=EDGE_CURVE('',#4451,#4452,#2434,.T.);
#5661=EDGE_CURVE('',#4451,#4453,#2435,.T.);
#5662=EDGE_CURVE('',#3674,#4452,#2436,.T.);
#5663=EDGE_CURVE('',#4454,#3668,#2437,.T.);
#5664=EDGE_CURVE('',#4453,#4454,#2438,.T.);
#5665=EDGE_CURVE('',#4453,#4455,#132,.T.);
#5666=EDGE_CURVE('',#4456,#4454,#133,.T.);
#5667=EDGE_CURVE('',#4455,#4456,#2439,.T.);
#5668=EDGE_CURVE('',#4455,#4362,#2440,.T.);
#5669=EDGE_CURVE('',#4457,#4456,#2441,.T.);
#5670=EDGE_CURVE('',#4458,#4457,#2442,.T.);
#5671=EDGE_CURVE('',#4388,#4458,#2443,.T.);
#5672=EDGE_CURVE('',#4376,#4382,#2444,.T.);
#5673=EDGE_CURVE('',#4368,#4380,#2445,.T.);
#5674=EDGE_CURVE('',#4458,#4437,#134,.T.);
#5675=EDGE_CURVE('',#4459,#4457,#135,.T.);
#5676=EDGE_CURVE('',#4438,#4459,#2446,.T.);
#5677=EDGE_CURVE('',#4460,#4459,#2447,.T.);
#5678=EDGE_CURVE('',#4401,#4460,#2448,.T.);
#5679=EDGE_CURVE('',#4406,#4400,#2449,.T.);
#5680=EDGE_CURVE('',#4432,#4411,#2450,.T.);
#5681=EDGE_CURVE('',#4449,#4460,#136,.T.);
#5682=EDGE_CURVE('',#4395,#4447,#137,.T.);
#5683=ORIENTED_EDGE('',*,*,#4461,.F.);
#5684=ORIENTED_EDGE('',*,*,#4462,.T.);
#5685=ORIENTED_EDGE('',*,*,#4463,.F.);
#5686=ORIENTED_EDGE('',*,*,#4464,.F.);
#5687=ORIENTED_EDGE('',*,*,#4465,.F.);
#5688=ORIENTED_EDGE('',*,*,#4464,.T.);
#5689=ORIENTED_EDGE('',*,*,#4466,.F.);
#5690=ORIENTED_EDGE('',*,*,#4467,.F.);
#5691=ORIENTED_EDGE('',*,*,#4468,.F.);
#5692=ORIENTED_EDGE('',*,*,#4467,.T.);
#5693=ORIENTED_EDGE('',*,*,#4469,.F.);
#5694=ORIENTED_EDGE('',*,*,#4470,.F.);
#5695=ORIENTED_EDGE('',*,*,#4471,.F.);
#5696=ORIENTED_EDGE('',*,*,#4470,.T.);
#5697=ORIENTED_EDGE('',*,*,#4472,.F.);
#5698=ORIENTED_EDGE('',*,*,#4462,.F.);
#5699=ORIENTED_EDGE('',*,*,#4472,.T.);
#5700=ORIENTED_EDGE('',*,*,#4469,.T.);
#5701=ORIENTED_EDGE('',*,*,#4466,.T.);
#5702=ORIENTED_EDGE('',*,*,#4463,.T.);
#5703=ORIENTED_EDGE('',*,*,#4473,.F.);
#5704=ORIENTED_EDGE('',*,*,#4474,.T.);
#5705=ORIENTED_EDGE('',*,*,#4475,.F.);
#5706=ORIENTED_EDGE('',*,*,#4476,.F.);
#5707=ORIENTED_EDGE('',*,*,#4477,.F.);
#5708=ORIENTED_EDGE('',*,*,#4476,.T.);
#5709=ORIENTED_EDGE('',*,*,#4478,.F.);
#5710=ORIENTED_EDGE('',*,*,#4479,.F.);
#5711=ORIENTED_EDGE('',*,*,#4480,.F.);
#5712=ORIENTED_EDGE('',*,*,#4479,.T.);
#5713=ORIENTED_EDGE('',*,*,#4481,.F.);
#5714=ORIENTED_EDGE('',*,*,#4482,.F.);
#5715=ORIENTED_EDGE('',*,*,#4483,.F.);
#5716=ORIENTED_EDGE('',*,*,#4482,.T.);
#5717=ORIENTED_EDGE('',*,*,#4484,.F.);
#5718=ORIENTED_EDGE('',*,*,#4474,.F.);
#5719=ORIENTED_EDGE('',*,*,#4484,.T.);
#5720=ORIENTED_EDGE('',*,*,#4481,.T.);
#5721=ORIENTED_EDGE('',*,*,#4478,.T.);
#5722=ORIENTED_EDGE('',*,*,#4475,.T.);
#5723=ORIENTED_EDGE('',*,*,#4485,.F.);
#5724=ORIENTED_EDGE('',*,*,#4486,.T.);
#5725=ORIENTED_EDGE('',*,*,#4487,.F.);
#5726=ORIENTED_EDGE('',*,*,#4488,.F.);
#5727=ORIENTED_EDGE('',*,*,#4489,.F.);
#5728=ORIENTED_EDGE('',*,*,#4490,.F.);
#5729=ORIENTED_EDGE('',*,*,#4488,.T.);
#5730=ORIENTED_EDGE('',*,*,#4491,.F.);
#5731=ORIENTED_EDGE('',*,*,#4492,.F.);
#5732=ORIENTED_EDGE('',*,*,#4493,.F.);
#5733=ORIENTED_EDGE('',*,*,#4492,.T.);
#5734=ORIENTED_EDGE('',*,*,#4494,.F.);
#5735=ORIENTED_EDGE('',*,*,#4495,.F.);
#5736=ORIENTED_EDGE('',*,*,#4496,.F.);
#5737=ORIENTED_EDGE('',*,*,#4497,.T.);
#5738=ORIENTED_EDGE('',*,*,#4495,.T.);
#5739=ORIENTED_EDGE('',*,*,#4498,.F.);
#5740=ORIENTED_EDGE('',*,*,#4499,.F.);
#5741=ORIENTED_EDGE('',*,*,#4500,.F.);
#5742=ORIENTED_EDGE('',*,*,#4499,.T.);
#5743=ORIENTED_EDGE('',*,*,#4501,.F.);
#5744=ORIENTED_EDGE('',*,*,#4502,.F.);
#5745=ORIENTED_EDGE('',*,*,#4503,.T.);
#5746=ORIENTED_EDGE('',*,*,#4502,.T.);
#5747=ORIENTED_EDGE('',*,*,#4504,.F.);
#5748=ORIENTED_EDGE('',*,*,#4486,.F.);
#5749=ORIENTED_EDGE('',*,*,#4504,.T.);
#5750=ORIENTED_EDGE('',*,*,#4501,.T.);
#5751=ORIENTED_EDGE('',*,*,#4498,.T.);
#5752=ORIENTED_EDGE('',*,*,#4494,.T.);
#5753=ORIENTED_EDGE('',*,*,#4491,.T.);
#5754=ORIENTED_EDGE('',*,*,#4487,.T.);
#5755=ORIENTED_EDGE('',*,*,#4505,.T.);
#5756=ORIENTED_EDGE('',*,*,#4496,.T.);
#5757=ORIENTED_EDGE('',*,*,#4497,.F.);
#5758=ORIENTED_EDGE('',*,*,#4500,.T.);
#5759=ORIENTED_EDGE('',*,*,#4503,.F.);
#5760=ORIENTED_EDGE('',*,*,#4485,.T.);
#5761=ORIENTED_EDGE('',*,*,#4506,.F.);
#5762=ORIENTED_EDGE('',*,*,#4507,.T.);
#5763=ORIENTED_EDGE('',*,*,#4508,.F.);
#5764=ORIENTED_EDGE('',*,*,#4509,.F.);
#5765=ORIENTED_EDGE('',*,*,#4510,.F.);
#5766=ORIENTED_EDGE('',*,*,#4511,.T.);
#5767=ORIENTED_EDGE('',*,*,#4512,.F.);
#5768=ORIENTED_EDGE('',*,*,#4507,.F.);
#5769=ORIENTED_EDGE('',*,*,#4513,.F.);
#5770=ORIENTED_EDGE('',*,*,#4509,.T.);
#5771=ORIENTED_EDGE('',*,*,#4514,.F.);
#5772=ORIENTED_EDGE('',*,*,#4515,.F.);
#5773=ORIENTED_EDGE('',*,*,#4516,.F.);
#5774=ORIENTED_EDGE('',*,*,#4515,.T.);
#5775=ORIENTED_EDGE('',*,*,#4517,.F.);
#5776=ORIENTED_EDGE('',*,*,#4511,.F.);
#5777=ORIENTED_EDGE('',*,*,#4517,.T.);
#5778=ORIENTED_EDGE('',*,*,#4514,.T.);
#5779=ORIENTED_EDGE('',*,*,#4508,.T.);
#5780=ORIENTED_EDGE('',*,*,#4512,.T.);
#5781=ORIENTED_EDGE('',*,*,#4518,.F.);
#5782=ORIENTED_EDGE('',*,*,#4519,.T.);
#5783=ORIENTED_EDGE('',*,*,#4520,.F.);
#5784=ORIENTED_EDGE('',*,*,#4521,.F.);
#5785=ORIENTED_EDGE('',*,*,#4522,.F.);
#5786=ORIENTED_EDGE('',*,*,#4523,.T.);
#5787=ORIENTED_EDGE('',*,*,#4524,.F.);
#5788=ORIENTED_EDGE('',*,*,#4519,.F.);
#5789=ORIENTED_EDGE('',*,*,#4525,.F.);
#5790=ORIENTED_EDGE('',*,*,#4521,.T.);
#5791=ORIENTED_EDGE('',*,*,#4526,.F.);
#5792=ORIENTED_EDGE('',*,*,#4527,.F.);
#5793=ORIENTED_EDGE('',*,*,#4528,.F.);
#5794=ORIENTED_EDGE('',*,*,#4527,.T.);
#5795=ORIENTED_EDGE('',*,*,#4529,.F.);
#5796=ORIENTED_EDGE('',*,*,#4523,.F.);
#5797=ORIENTED_EDGE('',*,*,#4529,.T.);
#5798=ORIENTED_EDGE('',*,*,#4526,.T.);
#5799=ORIENTED_EDGE('',*,*,#4520,.T.);
#5800=ORIENTED_EDGE('',*,*,#4524,.T.);
#5801=ORIENTED_EDGE('',*,*,#4530,.F.);
#5802=ORIENTED_EDGE('',*,*,#4531,.T.);
#5803=ORIENTED_EDGE('',*,*,#4532,.F.);
#5804=ORIENTED_EDGE('',*,*,#4533,.F.);
#5805=ORIENTED_EDGE('',*,*,#4534,.F.);
#5806=ORIENTED_EDGE('',*,*,#4535,.T.);
#5807=ORIENTED_EDGE('',*,*,#4536,.F.);
#5808=ORIENTED_EDGE('',*,*,#4531,.F.);
#5809=ORIENTED_EDGE('',*,*,#4537,.F.);
#5810=ORIENTED_EDGE('',*,*,#4533,.T.);
#5811=ORIENTED_EDGE('',*,*,#4538,.F.);
#5812=ORIENTED_EDGE('',*,*,#4539,.F.);
#5813=ORIENTED_EDGE('',*,*,#4540,.F.);
#5814=ORIENTED_EDGE('',*,*,#4539,.T.);
#5815=ORIENTED_EDGE('',*,*,#4541,.F.);
#5816=ORIENTED_EDGE('',*,*,#4535,.F.);
#5817=ORIENTED_EDGE('',*,*,#4541,.T.);
#5818=ORIENTED_EDGE('',*,*,#4538,.T.);
#5819=ORIENTED_EDGE('',*,*,#4532,.T.);
#5820=ORIENTED_EDGE('',*,*,#4536,.T.);
#5821=ORIENTED_EDGE('',*,*,#4542,.F.);
#5822=ORIENTED_EDGE('',*,*,#4543,.T.);
#5823=ORIENTED_EDGE('',*,*,#4544,.F.);
#5824=ORIENTED_EDGE('',*,*,#4545,.F.);
#5825=ORIENTED_EDGE('',*,*,#4546,.F.);
#5826=ORIENTED_EDGE('',*,*,#4547,.T.);
#5827=ORIENTED_EDGE('',*,*,#4548,.F.);
#5828=ORIENTED_EDGE('',*,*,#4543,.F.);
#5829=ORIENTED_EDGE('',*,*,#4549,.F.);
#5830=ORIENTED_EDGE('',*,*,#4545,.T.);
#5831=ORIENTED_EDGE('',*,*,#4550,.F.);
#5832=ORIENTED_EDGE('',*,*,#4551,.F.);
#5833=ORIENTED_EDGE('',*,*,#4552,.F.);
#5834=ORIENTED_EDGE('',*,*,#4551,.T.);
#5835=ORIENTED_EDGE('',*,*,#4553,.F.);
#5836=ORIENTED_EDGE('',*,*,#4547,.F.);
#5837=ORIENTED_EDGE('',*,*,#4553,.T.);
#5838=ORIENTED_EDGE('',*,*,#4550,.T.);
#5839=ORIENTED_EDGE('',*,*,#4544,.T.);
#5840=ORIENTED_EDGE('',*,*,#4548,.T.);
#5841=ORIENTED_EDGE('',*,*,#4554,.F.);
#5842=ORIENTED_EDGE('',*,*,#4555,.T.);
#5843=ORIENTED_EDGE('',*,*,#4556,.F.);
#5844=ORIENTED_EDGE('',*,*,#4557,.F.);
#5845=ORIENTED_EDGE('',*,*,#4558,.F.);
#5846=ORIENTED_EDGE('',*,*,#4559,.T.);
#5847=ORIENTED_EDGE('',*,*,#4560,.F.);
#5848=ORIENTED_EDGE('',*,*,#4555,.F.);
#5849=ORIENTED_EDGE('',*,*,#4561,.F.);
#5850=ORIENTED_EDGE('',*,*,#4557,.T.);
#5851=ORIENTED_EDGE('',*,*,#4562,.F.);
#5852=ORIENTED_EDGE('',*,*,#4563,.F.);
#5853=ORIENTED_EDGE('',*,*,#4564,.F.);
#5854=ORIENTED_EDGE('',*,*,#4563,.T.);
#5855=ORIENTED_EDGE('',*,*,#4565,.F.);
#5856=ORIENTED_EDGE('',*,*,#4559,.F.);
#5857=ORIENTED_EDGE('',*,*,#4565,.T.);
#5858=ORIENTED_EDGE('',*,*,#4562,.T.);
#5859=ORIENTED_EDGE('',*,*,#4556,.T.);
#5860=ORIENTED_EDGE('',*,*,#4560,.T.);
#5861=ORIENTED_EDGE('',*,*,#4566,.F.);
#5862=ORIENTED_EDGE('',*,*,#4567,.T.);
#5863=ORIENTED_EDGE('',*,*,#4568,.F.);
#5864=ORIENTED_EDGE('',*,*,#4569,.F.);
#5865=ORIENTED_EDGE('',*,*,#4570,.F.);
#5866=ORIENTED_EDGE('',*,*,#4571,.T.);
#5867=ORIENTED_EDGE('',*,*,#4572,.F.);
#5868=ORIENTED_EDGE('',*,*,#4567,.F.);
#5869=ORIENTED_EDGE('',*,*,#4573,.F.);
#5870=ORIENTED_EDGE('',*,*,#4569,.T.);
#5871=ORIENTED_EDGE('',*,*,#4574,.F.);
#5872=ORIENTED_EDGE('',*,*,#4575,.F.);
#5873=ORIENTED_EDGE('',*,*,#4576,.F.);
#5874=ORIENTED_EDGE('',*,*,#4575,.T.);
#5875=ORIENTED_EDGE('',*,*,#4577,.F.);
#5876=ORIENTED_EDGE('',*,*,#4571,.F.);
#5877=ORIENTED_EDGE('',*,*,#4577,.T.);
#5878=ORIENTED_EDGE('',*,*,#4574,.T.);
#5879=ORIENTED_EDGE('',*,*,#4568,.T.);
#5880=ORIENTED_EDGE('',*,*,#4572,.T.);
#5881=ORIENTED_EDGE('',*,*,#4578,.F.);
#5882=ORIENTED_EDGE('',*,*,#4579,.T.);
#5883=ORIENTED_EDGE('',*,*,#4580,.F.);
#5884=ORIENTED_EDGE('',*,*,#4581,.F.);
#5885=ORIENTED_EDGE('',*,*,#4582,.F.);
#5886=ORIENTED_EDGE('',*,*,#4583,.T.);
#5887=ORIENTED_EDGE('',*,*,#4584,.F.);
#5888=ORIENTED_EDGE('',*,*,#4579,.F.);
#5889=ORIENTED_EDGE('',*,*,#4585,.F.);
#5890=ORIENTED_EDGE('',*,*,#4581,.T.);
#5891=ORIENTED_EDGE('',*,*,#4586,.F.);
#5892=ORIENTED_EDGE('',*,*,#4587,.F.);
#5893=ORIENTED_EDGE('',*,*,#4588,.F.);
#5894=ORIENTED_EDGE('',*,*,#4587,.T.);
#5895=ORIENTED_EDGE('',*,*,#4589,.F.);
#5896=ORIENTED_EDGE('',*,*,#4583,.F.);
#5897=ORIENTED_EDGE('',*,*,#4589,.T.);
#5898=ORIENTED_EDGE('',*,*,#4586,.T.);
#5899=ORIENTED_EDGE('',*,*,#4580,.T.);
#5900=ORIENTED_EDGE('',*,*,#4584,.T.);
#5901=ORIENTED_EDGE('',*,*,#4590,.F.);
#5902=ORIENTED_EDGE('',*,*,#4591,.T.);
#5903=ORIENTED_EDGE('',*,*,#4592,.F.);
#5904=ORIENTED_EDGE('',*,*,#4593,.F.);
#5905=ORIENTED_EDGE('',*,*,#4594,.F.);
#5906=ORIENTED_EDGE('',*,*,#4595,.T.);
#5907=ORIENTED_EDGE('',*,*,#4596,.F.);
#5908=ORIENTED_EDGE('',*,*,#4591,.F.);
#5909=ORIENTED_EDGE('',*,*,#4597,.F.);
#5910=ORIENTED_EDGE('',*,*,#4593,.T.);
#5911=ORIENTED_EDGE('',*,*,#4598,.F.);
#5912=ORIENTED_EDGE('',*,*,#4599,.F.);
#5913=ORIENTED_EDGE('',*,*,#4600,.F.);
#5914=ORIENTED_EDGE('',*,*,#4599,.T.);
#5915=ORIENTED_EDGE('',*,*,#4601,.F.);
#5916=ORIENTED_EDGE('',*,*,#4595,.F.);
#5917=ORIENTED_EDGE('',*,*,#4601,.T.);
#5918=ORIENTED_EDGE('',*,*,#4598,.T.);
#5919=ORIENTED_EDGE('',*,*,#4592,.T.);
#5920=ORIENTED_EDGE('',*,*,#4596,.T.);
#5921=ORIENTED_EDGE('',*,*,#4602,.F.);
#5922=ORIENTED_EDGE('',*,*,#4603,.T.);
#5923=ORIENTED_EDGE('',*,*,#4604,.F.);
#5924=ORIENTED_EDGE('',*,*,#4605,.F.);
#5925=ORIENTED_EDGE('',*,*,#4606,.F.);
#5926=ORIENTED_EDGE('',*,*,#4607,.T.);
#5927=ORIENTED_EDGE('',*,*,#4608,.F.);
#5928=ORIENTED_EDGE('',*,*,#4603,.F.);
#5929=ORIENTED_EDGE('',*,*,#4609,.F.);
#5930=ORIENTED_EDGE('',*,*,#4605,.T.);
#5931=ORIENTED_EDGE('',*,*,#4610,.F.);
#5932=ORIENTED_EDGE('',*,*,#4611,.F.);
#5933=ORIENTED_EDGE('',*,*,#4612,.F.);
#5934=ORIENTED_EDGE('',*,*,#4611,.T.);
#5935=ORIENTED_EDGE('',*,*,#4613,.F.);
#5936=ORIENTED_EDGE('',*,*,#4607,.F.);
#5937=ORIENTED_EDGE('',*,*,#4613,.T.);
#5938=ORIENTED_EDGE('',*,*,#4610,.T.);
#5939=ORIENTED_EDGE('',*,*,#4604,.T.);
#5940=ORIENTED_EDGE('',*,*,#4608,.T.);
#5941=ORIENTED_EDGE('',*,*,#4614,.F.);
#5942=ORIENTED_EDGE('',*,*,#4615,.T.);
#5943=ORIENTED_EDGE('',*,*,#4616,.F.);
#5944=ORIENTED_EDGE('',*,*,#4617,.F.);
#5945=ORIENTED_EDGE('',*,*,#4618,.F.);
#5946=ORIENTED_EDGE('',*,*,#4619,.T.);
#5947=ORIENTED_EDGE('',*,*,#4620,.F.);
#5948=ORIENTED_EDGE('',*,*,#4615,.F.);
#5949=ORIENTED_EDGE('',*,*,#4621,.F.);
#5950=ORIENTED_EDGE('',*,*,#4617,.T.);
#5951=ORIENTED_EDGE('',*,*,#4622,.F.);
#5952=ORIENTED_EDGE('',*,*,#4623,.F.);
#5953=ORIENTED_EDGE('',*,*,#4624,.F.);
#5954=ORIENTED_EDGE('',*,*,#4623,.T.);
#5955=ORIENTED_EDGE('',*,*,#4625,.F.);
#5956=ORIENTED_EDGE('',*,*,#4619,.F.);
#5957=ORIENTED_EDGE('',*,*,#4625,.T.);
#5958=ORIENTED_EDGE('',*,*,#4622,.T.);
#5959=ORIENTED_EDGE('',*,*,#4616,.T.);
#5960=ORIENTED_EDGE('',*,*,#4620,.T.);
#5961=ORIENTED_EDGE('',*,*,#4626,.F.);
#5962=ORIENTED_EDGE('',*,*,#4627,.T.);
#5963=ORIENTED_EDGE('',*,*,#4628,.F.);
#5964=ORIENTED_EDGE('',*,*,#4629,.F.);
#5965=ORIENTED_EDGE('',*,*,#4630,.F.);
#5966=ORIENTED_EDGE('',*,*,#4631,.T.);
#5967=ORIENTED_EDGE('',*,*,#4632,.F.);
#5968=ORIENTED_EDGE('',*,*,#4627,.F.);
#5969=ORIENTED_EDGE('',*,*,#4633,.F.);
#5970=ORIENTED_EDGE('',*,*,#4629,.T.);
#5971=ORIENTED_EDGE('',*,*,#4634,.F.);
#5972=ORIENTED_EDGE('',*,*,#4635,.F.);
#5973=ORIENTED_EDGE('',*,*,#4636,.F.);
#5974=ORIENTED_EDGE('',*,*,#4635,.T.);
#5975=ORIENTED_EDGE('',*,*,#4637,.F.);
#5976=ORIENTED_EDGE('',*,*,#4631,.F.);
#5977=ORIENTED_EDGE('',*,*,#4637,.T.);
#5978=ORIENTED_EDGE('',*,*,#4634,.T.);
#5979=ORIENTED_EDGE('',*,*,#4628,.T.);
#5980=ORIENTED_EDGE('',*,*,#4632,.T.);
#5981=ORIENTED_EDGE('',*,*,#4638,.F.);
#5982=ORIENTED_EDGE('',*,*,#4639,.T.);
#5983=ORIENTED_EDGE('',*,*,#4640,.F.);
#5984=ORIENTED_EDGE('',*,*,#4641,.F.);
#5985=ORIENTED_EDGE('',*,*,#4642,.F.);
#5986=ORIENTED_EDGE('',*,*,#4643,.T.);
#5987=ORIENTED_EDGE('',*,*,#4644,.F.);
#5988=ORIENTED_EDGE('',*,*,#4639,.F.);
#5989=ORIENTED_EDGE('',*,*,#4645,.F.);
#5990=ORIENTED_EDGE('',*,*,#4641,.T.);
#5991=ORIENTED_EDGE('',*,*,#4646,.F.);
#5992=ORIENTED_EDGE('',*,*,#4647,.F.);
#5993=ORIENTED_EDGE('',*,*,#4648,.F.);
#5994=ORIENTED_EDGE('',*,*,#4647,.T.);
#5995=ORIENTED_EDGE('',*,*,#4649,.F.);
#5996=ORIENTED_EDGE('',*,*,#4643,.F.);
#5997=ORIENTED_EDGE('',*,*,#4649,.T.);
#5998=ORIENTED_EDGE('',*,*,#4646,.T.);
#5999=ORIENTED_EDGE('',*,*,#4640,.T.);
#6000=ORIENTED_EDGE('',*,*,#4644,.T.);
#6001=ORIENTED_EDGE('',*,*,#4650,.F.);
#6002=ORIENTED_EDGE('',*,*,#4651,.T.);
#6003=ORIENTED_EDGE('',*,*,#4652,.F.);
#6004=ORIENTED_EDGE('',*,*,#4653,.F.);
#6005=ORIENTED_EDGE('',*,*,#4654,.F.);
#6006=ORIENTED_EDGE('',*,*,#4655,.T.);
#6007=ORIENTED_EDGE('',*,*,#4656,.F.);
#6008=ORIENTED_EDGE('',*,*,#4651,.F.);
#6009=ORIENTED_EDGE('',*,*,#4657,.F.);
#6010=ORIENTED_EDGE('',*,*,#4653,.T.);
#6011=ORIENTED_EDGE('',*,*,#4658,.F.);
#6012=ORIENTED_EDGE('',*,*,#4659,.F.);
#6013=ORIENTED_EDGE('',*,*,#4660,.F.);
#6014=ORIENTED_EDGE('',*,*,#4659,.T.);
#6015=ORIENTED_EDGE('',*,*,#4661,.F.);
#6016=ORIENTED_EDGE('',*,*,#4655,.F.);
#6017=ORIENTED_EDGE('',*,*,#4661,.T.);
#6018=ORIENTED_EDGE('',*,*,#4658,.T.);
#6019=ORIENTED_EDGE('',*,*,#4652,.T.);
#6020=ORIENTED_EDGE('',*,*,#4656,.T.);
#6021=ORIENTED_EDGE('',*,*,#4662,.F.);
#6022=ORIENTED_EDGE('',*,*,#4663,.T.);
#6023=ORIENTED_EDGE('',*,*,#4664,.F.);
#6024=ORIENTED_EDGE('',*,*,#4665,.F.);
#6025=ORIENTED_EDGE('',*,*,#4666,.F.);
#6026=ORIENTED_EDGE('',*,*,#4667,.T.);
#6027=ORIENTED_EDGE('',*,*,#4668,.F.);
#6028=ORIENTED_EDGE('',*,*,#4663,.F.);
#6029=ORIENTED_EDGE('',*,*,#4669,.F.);
#6030=ORIENTED_EDGE('',*,*,#4665,.T.);
#6031=ORIENTED_EDGE('',*,*,#4670,.F.);
#6032=ORIENTED_EDGE('',*,*,#4671,.F.);
#6033=ORIENTED_EDGE('',*,*,#4672,.F.);
#6034=ORIENTED_EDGE('',*,*,#4671,.T.);
#6035=ORIENTED_EDGE('',*,*,#4673,.F.);
#6036=ORIENTED_EDGE('',*,*,#4667,.F.);
#6037=ORIENTED_EDGE('',*,*,#4673,.T.);
#6038=ORIENTED_EDGE('',*,*,#4670,.T.);
#6039=ORIENTED_EDGE('',*,*,#4664,.T.);
#6040=ORIENTED_EDGE('',*,*,#4668,.T.);
#6041=ORIENTED_EDGE('',*,*,#4674,.F.);
#6042=ORIENTED_EDGE('',*,*,#4675,.T.);
#6043=ORIENTED_EDGE('',*,*,#4676,.F.);
#6044=ORIENTED_EDGE('',*,*,#4677,.F.);
#6045=ORIENTED_EDGE('',*,*,#4678,.F.);
#6046=ORIENTED_EDGE('',*,*,#4679,.T.);
#6047=ORIENTED_EDGE('',*,*,#4680,.F.);
#6048=ORIENTED_EDGE('',*,*,#4675,.F.);
#6049=ORIENTED_EDGE('',*,*,#4681,.F.);
#6050=ORIENTED_EDGE('',*,*,#4677,.T.);
#6051=ORIENTED_EDGE('',*,*,#4682,.F.);
#6052=ORIENTED_EDGE('',*,*,#4683,.F.);
#6053=ORIENTED_EDGE('',*,*,#4684,.F.);
#6054=ORIENTED_EDGE('',*,*,#4683,.T.);
#6055=ORIENTED_EDGE('',*,*,#4685,.F.);
#6056=ORIENTED_EDGE('',*,*,#4679,.F.);
#6057=ORIENTED_EDGE('',*,*,#4685,.T.);
#6058=ORIENTED_EDGE('',*,*,#4682,.T.);
#6059=ORIENTED_EDGE('',*,*,#4676,.T.);
#6060=ORIENTED_EDGE('',*,*,#4680,.T.);
#6061=ORIENTED_EDGE('',*,*,#4686,.F.);
#6062=ORIENTED_EDGE('',*,*,#4687,.T.);
#6063=ORIENTED_EDGE('',*,*,#4688,.F.);
#6064=ORIENTED_EDGE('',*,*,#4689,.F.);
#6065=ORIENTED_EDGE('',*,*,#4690,.F.);
#6066=ORIENTED_EDGE('',*,*,#4691,.T.);
#6067=ORIENTED_EDGE('',*,*,#4692,.F.);
#6068=ORIENTED_EDGE('',*,*,#4687,.F.);
#6069=ORIENTED_EDGE('',*,*,#4693,.F.);
#6070=ORIENTED_EDGE('',*,*,#4689,.T.);
#6071=ORIENTED_EDGE('',*,*,#4694,.F.);
#6072=ORIENTED_EDGE('',*,*,#4695,.F.);
#6073=ORIENTED_EDGE('',*,*,#4696,.F.);
#6074=ORIENTED_EDGE('',*,*,#4695,.T.);
#6075=ORIENTED_EDGE('',*,*,#4697,.F.);
#6076=ORIENTED_EDGE('',*,*,#4691,.F.);
#6077=ORIENTED_EDGE('',*,*,#4697,.T.);
#6078=ORIENTED_EDGE('',*,*,#4694,.T.);
#6079=ORIENTED_EDGE('',*,*,#4688,.T.);
#6080=ORIENTED_EDGE('',*,*,#4692,.T.);
#6081=ORIENTED_EDGE('',*,*,#4698,.F.);
#6082=ORIENTED_EDGE('',*,*,#4699,.T.);
#6083=ORIENTED_EDGE('',*,*,#4700,.F.);
#6084=ORIENTED_EDGE('',*,*,#4701,.F.);
#6085=ORIENTED_EDGE('',*,*,#4702,.F.);
#6086=ORIENTED_EDGE('',*,*,#4703,.T.);
#6087=ORIENTED_EDGE('',*,*,#4704,.F.);
#6088=ORIENTED_EDGE('',*,*,#4699,.F.);
#6089=ORIENTED_EDGE('',*,*,#4705,.F.);
#6090=ORIENTED_EDGE('',*,*,#4701,.T.);
#6091=ORIENTED_EDGE('',*,*,#4706,.F.);
#6092=ORIENTED_EDGE('',*,*,#4707,.F.);
#6093=ORIENTED_EDGE('',*,*,#4708,.F.);
#6094=ORIENTED_EDGE('',*,*,#4707,.T.);
#6095=ORIENTED_EDGE('',*,*,#4709,.F.);
#6096=ORIENTED_EDGE('',*,*,#4703,.F.);
#6097=ORIENTED_EDGE('',*,*,#4709,.T.);
#6098=ORIENTED_EDGE('',*,*,#4706,.T.);
#6099=ORIENTED_EDGE('',*,*,#4700,.T.);
#6100=ORIENTED_EDGE('',*,*,#4704,.T.);
#6101=ORIENTED_EDGE('',*,*,#4710,.F.);
#6102=ORIENTED_EDGE('',*,*,#4711,.T.);
#6103=ORIENTED_EDGE('',*,*,#4712,.F.);
#6104=ORIENTED_EDGE('',*,*,#4713,.F.);
#6105=ORIENTED_EDGE('',*,*,#4714,.F.);
#6106=ORIENTED_EDGE('',*,*,#4715,.T.);
#6107=ORIENTED_EDGE('',*,*,#4716,.F.);
#6108=ORIENTED_EDGE('',*,*,#4711,.F.);
#6109=ORIENTED_EDGE('',*,*,#4717,.F.);
#6110=ORIENTED_EDGE('',*,*,#4713,.T.);
#6111=ORIENTED_EDGE('',*,*,#4718,.F.);
#6112=ORIENTED_EDGE('',*,*,#4719,.F.);
#6113=ORIENTED_EDGE('',*,*,#4720,.F.);
#6114=ORIENTED_EDGE('',*,*,#4719,.T.);
#6115=ORIENTED_EDGE('',*,*,#4721,.F.);
#6116=ORIENTED_EDGE('',*,*,#4715,.F.);
#6117=ORIENTED_EDGE('',*,*,#4721,.T.);
#6118=ORIENTED_EDGE('',*,*,#4718,.T.);
#6119=ORIENTED_EDGE('',*,*,#4712,.T.);
#6120=ORIENTED_EDGE('',*,*,#4716,.T.);
#6121=ORIENTED_EDGE('',*,*,#4722,.F.);
#6122=ORIENTED_EDGE('',*,*,#4723,.T.);
#6123=ORIENTED_EDGE('',*,*,#4724,.F.);
#6124=ORIENTED_EDGE('',*,*,#4725,.F.);
#6125=ORIENTED_EDGE('',*,*,#4726,.F.);
#6126=ORIENTED_EDGE('',*,*,#4727,.T.);
#6127=ORIENTED_EDGE('',*,*,#4728,.F.);
#6128=ORIENTED_EDGE('',*,*,#4723,.F.);
#6129=ORIENTED_EDGE('',*,*,#4729,.F.);
#6130=ORIENTED_EDGE('',*,*,#4725,.T.);
#6131=ORIENTED_EDGE('',*,*,#4730,.F.);
#6132=ORIENTED_EDGE('',*,*,#4731,.F.);
#6133=ORIENTED_EDGE('',*,*,#4732,.F.);
#6134=ORIENTED_EDGE('',*,*,#4731,.T.);
#6135=ORIENTED_EDGE('',*,*,#4733,.F.);
#6136=ORIENTED_EDGE('',*,*,#4727,.F.);
#6137=ORIENTED_EDGE('',*,*,#4733,.T.);
#6138=ORIENTED_EDGE('',*,*,#4730,.T.);
#6139=ORIENTED_EDGE('',*,*,#4724,.T.);
#6140=ORIENTED_EDGE('',*,*,#4728,.T.);
#6141=ORIENTED_EDGE('',*,*,#4734,.F.);
#6142=ORIENTED_EDGE('',*,*,#4735,.T.);
#6143=ORIENTED_EDGE('',*,*,#4736,.F.);
#6144=ORIENTED_EDGE('',*,*,#4737,.F.);
#6145=ORIENTED_EDGE('',*,*,#4738,.F.);
#6146=ORIENTED_EDGE('',*,*,#4739,.T.);
#6147=ORIENTED_EDGE('',*,*,#4740,.F.);
#6148=ORIENTED_EDGE('',*,*,#4735,.F.);
#6149=ORIENTED_EDGE('',*,*,#4741,.F.);
#6150=ORIENTED_EDGE('',*,*,#4737,.T.);
#6151=ORIENTED_EDGE('',*,*,#4742,.F.);
#6152=ORIENTED_EDGE('',*,*,#4743,.F.);
#6153=ORIENTED_EDGE('',*,*,#4744,.F.);
#6154=ORIENTED_EDGE('',*,*,#4743,.T.);
#6155=ORIENTED_EDGE('',*,*,#4745,.F.);
#6156=ORIENTED_EDGE('',*,*,#4739,.F.);
#6157=ORIENTED_EDGE('',*,*,#4745,.T.);
#6158=ORIENTED_EDGE('',*,*,#4742,.T.);
#6159=ORIENTED_EDGE('',*,*,#4736,.T.);
#6160=ORIENTED_EDGE('',*,*,#4740,.T.);
#6161=ORIENTED_EDGE('',*,*,#4746,.F.);
#6162=ORIENTED_EDGE('',*,*,#4747,.T.);
#6163=ORIENTED_EDGE('',*,*,#4748,.F.);
#6164=ORIENTED_EDGE('',*,*,#4749,.F.);
#6165=ORIENTED_EDGE('',*,*,#4750,.F.);
#6166=ORIENTED_EDGE('',*,*,#4751,.T.);
#6167=ORIENTED_EDGE('',*,*,#4752,.F.);
#6168=ORIENTED_EDGE('',*,*,#4747,.F.);
#6169=ORIENTED_EDGE('',*,*,#4753,.F.);
#6170=ORIENTED_EDGE('',*,*,#4749,.T.);
#6171=ORIENTED_EDGE('',*,*,#4754,.F.);
#6172=ORIENTED_EDGE('',*,*,#4755,.F.);
#6173=ORIENTED_EDGE('',*,*,#4756,.F.);
#6174=ORIENTED_EDGE('',*,*,#4755,.T.);
#6175=ORIENTED_EDGE('',*,*,#4757,.F.);
#6176=ORIENTED_EDGE('',*,*,#4751,.F.);
#6177=ORIENTED_EDGE('',*,*,#4757,.T.);
#6178=ORIENTED_EDGE('',*,*,#4754,.T.);
#6179=ORIENTED_EDGE('',*,*,#4748,.T.);
#6180=ORIENTED_EDGE('',*,*,#4752,.T.);
#6181=ORIENTED_EDGE('',*,*,#4758,.F.);
#6182=ORIENTED_EDGE('',*,*,#4759,.T.);
#6183=ORIENTED_EDGE('',*,*,#4760,.F.);
#6184=ORIENTED_EDGE('',*,*,#4761,.F.);
#6185=ORIENTED_EDGE('',*,*,#4762,.F.);
#6186=ORIENTED_EDGE('',*,*,#4763,.T.);
#6187=ORIENTED_EDGE('',*,*,#4764,.F.);
#6188=ORIENTED_EDGE('',*,*,#4759,.F.);
#6189=ORIENTED_EDGE('',*,*,#4765,.F.);
#6190=ORIENTED_EDGE('',*,*,#4761,.T.);
#6191=ORIENTED_EDGE('',*,*,#4766,.F.);
#6192=ORIENTED_EDGE('',*,*,#4767,.F.);
#6193=ORIENTED_EDGE('',*,*,#4768,.F.);
#6194=ORIENTED_EDGE('',*,*,#4767,.T.);
#6195=ORIENTED_EDGE('',*,*,#4769,.F.);
#6196=ORIENTED_EDGE('',*,*,#4763,.F.);
#6197=ORIENTED_EDGE('',*,*,#4769,.T.);
#6198=ORIENTED_EDGE('',*,*,#4766,.T.);
#6199=ORIENTED_EDGE('',*,*,#4760,.T.);
#6200=ORIENTED_EDGE('',*,*,#4764,.T.);
#6201=ORIENTED_EDGE('',*,*,#4770,.F.);
#6202=ORIENTED_EDGE('',*,*,#4771,.T.);
#6203=ORIENTED_EDGE('',*,*,#4772,.F.);
#6204=ORIENTED_EDGE('',*,*,#4773,.F.);
#6205=ORIENTED_EDGE('',*,*,#4774,.F.);
#6206=ORIENTED_EDGE('',*,*,#4775,.T.);
#6207=ORIENTED_EDGE('',*,*,#4776,.F.);
#6208=ORIENTED_EDGE('',*,*,#4771,.F.);
#6209=ORIENTED_EDGE('',*,*,#4777,.F.);
#6210=ORIENTED_EDGE('',*,*,#4773,.T.);
#6211=ORIENTED_EDGE('',*,*,#4778,.F.);
#6212=ORIENTED_EDGE('',*,*,#4779,.F.);
#6213=ORIENTED_EDGE('',*,*,#4780,.F.);
#6214=ORIENTED_EDGE('',*,*,#4779,.T.);
#6215=ORIENTED_EDGE('',*,*,#4781,.F.);
#6216=ORIENTED_EDGE('',*,*,#4775,.F.);
#6217=ORIENTED_EDGE('',*,*,#4781,.T.);
#6218=ORIENTED_EDGE('',*,*,#4778,.T.);
#6219=ORIENTED_EDGE('',*,*,#4772,.T.);
#6220=ORIENTED_EDGE('',*,*,#4776,.T.);
#6221=ORIENTED_EDGE('',*,*,#4782,.F.);
#6222=ORIENTED_EDGE('',*,*,#4783,.T.);
#6223=ORIENTED_EDGE('',*,*,#4784,.F.);
#6224=ORIENTED_EDGE('',*,*,#4785,.F.);
#6225=ORIENTED_EDGE('',*,*,#4786,.F.);
#6226=ORIENTED_EDGE('',*,*,#4787,.T.);
#6227=ORIENTED_EDGE('',*,*,#4788,.F.);
#6228=ORIENTED_EDGE('',*,*,#4783,.F.);
#6229=ORIENTED_EDGE('',*,*,#4789,.F.);
#6230=ORIENTED_EDGE('',*,*,#4785,.T.);
#6231=ORIENTED_EDGE('',*,*,#4790,.F.);
#6232=ORIENTED_EDGE('',*,*,#4791,.F.);
#6233=ORIENTED_EDGE('',*,*,#4792,.F.);
#6234=ORIENTED_EDGE('',*,*,#4791,.T.);
#6235=ORIENTED_EDGE('',*,*,#4793,.F.);
#6236=ORIENTED_EDGE('',*,*,#4787,.F.);
#6237=ORIENTED_EDGE('',*,*,#4793,.T.);
#6238=ORIENTED_EDGE('',*,*,#4790,.T.);
#6239=ORIENTED_EDGE('',*,*,#4784,.T.);
#6240=ORIENTED_EDGE('',*,*,#4788,.T.);
#6241=ORIENTED_EDGE('',*,*,#4794,.F.);
#6242=ORIENTED_EDGE('',*,*,#4795,.T.);
#6243=ORIENTED_EDGE('',*,*,#4796,.F.);
#6244=ORIENTED_EDGE('',*,*,#4797,.F.);
#6245=ORIENTED_EDGE('',*,*,#4798,.F.);
#6246=ORIENTED_EDGE('',*,*,#4799,.T.);
#6247=ORIENTED_EDGE('',*,*,#4800,.F.);
#6248=ORIENTED_EDGE('',*,*,#4795,.F.);
#6249=ORIENTED_EDGE('',*,*,#4801,.F.);
#6250=ORIENTED_EDGE('',*,*,#4797,.T.);
#6251=ORIENTED_EDGE('',*,*,#4802,.F.);
#6252=ORIENTED_EDGE('',*,*,#4803,.F.);
#6253=ORIENTED_EDGE('',*,*,#4804,.F.);
#6254=ORIENTED_EDGE('',*,*,#4803,.T.);
#6255=ORIENTED_EDGE('',*,*,#4805,.F.);
#6256=ORIENTED_EDGE('',*,*,#4799,.F.);
#6257=ORIENTED_EDGE('',*,*,#4805,.T.);
#6258=ORIENTED_EDGE('',*,*,#4802,.T.);
#6259=ORIENTED_EDGE('',*,*,#4796,.T.);
#6260=ORIENTED_EDGE('',*,*,#4800,.T.);
#6261=ORIENTED_EDGE('',*,*,#4806,.F.);
#6262=ORIENTED_EDGE('',*,*,#4807,.T.);
#6263=ORIENTED_EDGE('',*,*,#4808,.F.);
#6264=ORIENTED_EDGE('',*,*,#4809,.F.);
#6265=ORIENTED_EDGE('',*,*,#4810,.F.);
#6266=ORIENTED_EDGE('',*,*,#4811,.T.);
#6267=ORIENTED_EDGE('',*,*,#4812,.F.);
#6268=ORIENTED_EDGE('',*,*,#4807,.F.);
#6269=ORIENTED_EDGE('',*,*,#4813,.F.);
#6270=ORIENTED_EDGE('',*,*,#4809,.T.);
#6271=ORIENTED_EDGE('',*,*,#4814,.F.);
#6272=ORIENTED_EDGE('',*,*,#4815,.F.);
#6273=ORIENTED_EDGE('',*,*,#4816,.F.);
#6274=ORIENTED_EDGE('',*,*,#4815,.T.);
#6275=ORIENTED_EDGE('',*,*,#4817,.F.);
#6276=ORIENTED_EDGE('',*,*,#4811,.F.);
#6277=ORIENTED_EDGE('',*,*,#4817,.T.);
#6278=ORIENTED_EDGE('',*,*,#4814,.T.);
#6279=ORIENTED_EDGE('',*,*,#4808,.T.);
#6280=ORIENTED_EDGE('',*,*,#4812,.T.);
#6281=ORIENTED_EDGE('',*,*,#4818,.F.);
#6282=ORIENTED_EDGE('',*,*,#4819,.T.);
#6283=ORIENTED_EDGE('',*,*,#4820,.F.);
#6284=ORIENTED_EDGE('',*,*,#4821,.F.);
#6285=ORIENTED_EDGE('',*,*,#4822,.F.);
#6286=ORIENTED_EDGE('',*,*,#4823,.T.);
#6287=ORIENTED_EDGE('',*,*,#4824,.F.);
#6288=ORIENTED_EDGE('',*,*,#4819,.F.);
#6289=ORIENTED_EDGE('',*,*,#4825,.F.);
#6290=ORIENTED_EDGE('',*,*,#4821,.T.);
#6291=ORIENTED_EDGE('',*,*,#4826,.F.);
#6292=ORIENTED_EDGE('',*,*,#4827,.F.);
#6293=ORIENTED_EDGE('',*,*,#4828,.F.);
#6294=ORIENTED_EDGE('',*,*,#4827,.T.);
#6295=ORIENTED_EDGE('',*,*,#4829,.F.);
#6296=ORIENTED_EDGE('',*,*,#4823,.F.);
#6297=ORIENTED_EDGE('',*,*,#4829,.T.);
#6298=ORIENTED_EDGE('',*,*,#4826,.T.);
#6299=ORIENTED_EDGE('',*,*,#4820,.T.);
#6300=ORIENTED_EDGE('',*,*,#4824,.T.);
#6301=ORIENTED_EDGE('',*,*,#4830,.F.);
#6302=ORIENTED_EDGE('',*,*,#4831,.T.);
#6303=ORIENTED_EDGE('',*,*,#4832,.F.);
#6304=ORIENTED_EDGE('',*,*,#4833,.F.);
#6305=ORIENTED_EDGE('',*,*,#4834,.F.);
#6306=ORIENTED_EDGE('',*,*,#4835,.T.);
#6307=ORIENTED_EDGE('',*,*,#4836,.F.);
#6308=ORIENTED_EDGE('',*,*,#4831,.F.);
#6309=ORIENTED_EDGE('',*,*,#4837,.F.);
#6310=ORIENTED_EDGE('',*,*,#4833,.T.);
#6311=ORIENTED_EDGE('',*,*,#4838,.F.);
#6312=ORIENTED_EDGE('',*,*,#4839,.F.);
#6313=ORIENTED_EDGE('',*,*,#4840,.F.);
#6314=ORIENTED_EDGE('',*,*,#4839,.T.);
#6315=ORIENTED_EDGE('',*,*,#4841,.F.);
#6316=ORIENTED_EDGE('',*,*,#4835,.F.);
#6317=ORIENTED_EDGE('',*,*,#4841,.T.);
#6318=ORIENTED_EDGE('',*,*,#4838,.T.);
#6319=ORIENTED_EDGE('',*,*,#4832,.T.);
#6320=ORIENTED_EDGE('',*,*,#4836,.T.);
#6321=ORIENTED_EDGE('',*,*,#4842,.F.);
#6322=ORIENTED_EDGE('',*,*,#4843,.T.);
#6323=ORIENTED_EDGE('',*,*,#4844,.F.);
#6324=ORIENTED_EDGE('',*,*,#4845,.F.);
#6325=ORIENTED_EDGE('',*,*,#4846,.F.);
#6326=ORIENTED_EDGE('',*,*,#4847,.T.);
#6327=ORIENTED_EDGE('',*,*,#4848,.F.);
#6328=ORIENTED_EDGE('',*,*,#4843,.F.);
#6329=ORIENTED_EDGE('',*,*,#4849,.F.);
#6330=ORIENTED_EDGE('',*,*,#4845,.T.);
#6331=ORIENTED_EDGE('',*,*,#4850,.F.);
#6332=ORIENTED_EDGE('',*,*,#4851,.F.);
#6333=ORIENTED_EDGE('',*,*,#4852,.F.);
#6334=ORIENTED_EDGE('',*,*,#4851,.T.);
#6335=ORIENTED_EDGE('',*,*,#4853,.F.);
#6336=ORIENTED_EDGE('',*,*,#4847,.F.);
#6337=ORIENTED_EDGE('',*,*,#4853,.T.);
#6338=ORIENTED_EDGE('',*,*,#4850,.T.);
#6339=ORIENTED_EDGE('',*,*,#4844,.T.);
#6340=ORIENTED_EDGE('',*,*,#4848,.T.);
#6341=ORIENTED_EDGE('',*,*,#4854,.F.);
#6342=ORIENTED_EDGE('',*,*,#4855,.T.);
#6343=ORIENTED_EDGE('',*,*,#4856,.F.);
#6344=ORIENTED_EDGE('',*,*,#4857,.F.);
#6345=ORIENTED_EDGE('',*,*,#4858,.F.);
#6346=ORIENTED_EDGE('',*,*,#4859,.T.);
#6347=ORIENTED_EDGE('',*,*,#4860,.F.);
#6348=ORIENTED_EDGE('',*,*,#4855,.F.);
#6349=ORIENTED_EDGE('',*,*,#4861,.F.);
#6350=ORIENTED_EDGE('',*,*,#4857,.T.);
#6351=ORIENTED_EDGE('',*,*,#4862,.F.);
#6352=ORIENTED_EDGE('',*,*,#4863,.F.);
#6353=ORIENTED_EDGE('',*,*,#4864,.F.);
#6354=ORIENTED_EDGE('',*,*,#4863,.T.);
#6355=ORIENTED_EDGE('',*,*,#4865,.F.);
#6356=ORIENTED_EDGE('',*,*,#4859,.F.);
#6357=ORIENTED_EDGE('',*,*,#4865,.T.);
#6358=ORIENTED_EDGE('',*,*,#4862,.T.);
#6359=ORIENTED_EDGE('',*,*,#4856,.T.);
#6360=ORIENTED_EDGE('',*,*,#4860,.T.);
#6361=ORIENTED_EDGE('',*,*,#4866,.F.);
#6362=ORIENTED_EDGE('',*,*,#4867,.T.);
#6363=ORIENTED_EDGE('',*,*,#4868,.F.);
#6364=ORIENTED_EDGE('',*,*,#4869,.F.);
#6365=ORIENTED_EDGE('',*,*,#4870,.F.);
#6366=ORIENTED_EDGE('',*,*,#4871,.T.);
#6367=ORIENTED_EDGE('',*,*,#4872,.F.);
#6368=ORIENTED_EDGE('',*,*,#4867,.F.);
#6369=ORIENTED_EDGE('',*,*,#4873,.F.);
#6370=ORIENTED_EDGE('',*,*,#4869,.T.);
#6371=ORIENTED_EDGE('',*,*,#4874,.F.);
#6372=ORIENTED_EDGE('',*,*,#4875,.F.);
#6373=ORIENTED_EDGE('',*,*,#4876,.F.);
#6374=ORIENTED_EDGE('',*,*,#4875,.T.);
#6375=ORIENTED_EDGE('',*,*,#4877,.F.);
#6376=ORIENTED_EDGE('',*,*,#4871,.F.);
#6377=ORIENTED_EDGE('',*,*,#4877,.T.);
#6378=ORIENTED_EDGE('',*,*,#4874,.T.);
#6379=ORIENTED_EDGE('',*,*,#4868,.T.);
#6380=ORIENTED_EDGE('',*,*,#4872,.T.);
#6381=ORIENTED_EDGE('',*,*,#4878,.F.);
#6382=ORIENTED_EDGE('',*,*,#4879,.T.);
#6383=ORIENTED_EDGE('',*,*,#4880,.F.);
#6384=ORIENTED_EDGE('',*,*,#4881,.F.);
#6385=ORIENTED_EDGE('',*,*,#4882,.F.);
#6386=ORIENTED_EDGE('',*,*,#4883,.T.);
#6387=ORIENTED_EDGE('',*,*,#4884,.F.);
#6388=ORIENTED_EDGE('',*,*,#4879,.F.);
#6389=ORIENTED_EDGE('',*,*,#4885,.F.);
#6390=ORIENTED_EDGE('',*,*,#4881,.T.);
#6391=ORIENTED_EDGE('',*,*,#4886,.F.);
#6392=ORIENTED_EDGE('',*,*,#4887,.F.);
#6393=ORIENTED_EDGE('',*,*,#4888,.F.);
#6394=ORIENTED_EDGE('',*,*,#4887,.T.);
#6395=ORIENTED_EDGE('',*,*,#4889,.F.);
#6396=ORIENTED_EDGE('',*,*,#4883,.F.);
#6397=ORIENTED_EDGE('',*,*,#4889,.T.);
#6398=ORIENTED_EDGE('',*,*,#4886,.T.);
#6399=ORIENTED_EDGE('',*,*,#4880,.T.);
#6400=ORIENTED_EDGE('',*,*,#4884,.T.);
#6401=ORIENTED_EDGE('',*,*,#4890,.F.);
#6402=ORIENTED_EDGE('',*,*,#4891,.T.);
#6403=ORIENTED_EDGE('',*,*,#4892,.F.);
#6404=ORIENTED_EDGE('',*,*,#4893,.F.);
#6405=ORIENTED_EDGE('',*,*,#4894,.F.);
#6406=ORIENTED_EDGE('',*,*,#4895,.T.);
#6407=ORIENTED_EDGE('',*,*,#4896,.F.);
#6408=ORIENTED_EDGE('',*,*,#4891,.F.);
#6409=ORIENTED_EDGE('',*,*,#4897,.F.);
#6410=ORIENTED_EDGE('',*,*,#4893,.T.);
#6411=ORIENTED_EDGE('',*,*,#4898,.F.);
#6412=ORIENTED_EDGE('',*,*,#4899,.F.);
#6413=ORIENTED_EDGE('',*,*,#4900,.F.);
#6414=ORIENTED_EDGE('',*,*,#4899,.T.);
#6415=ORIENTED_EDGE('',*,*,#4901,.F.);
#6416=ORIENTED_EDGE('',*,*,#4895,.F.);
#6417=ORIENTED_EDGE('',*,*,#4901,.T.);
#6418=ORIENTED_EDGE('',*,*,#4898,.T.);
#6419=ORIENTED_EDGE('',*,*,#4892,.T.);
#6420=ORIENTED_EDGE('',*,*,#4896,.T.);
#6421=ORIENTED_EDGE('',*,*,#4902,.F.);
#6422=ORIENTED_EDGE('',*,*,#4903,.T.);
#6423=ORIENTED_EDGE('',*,*,#4904,.F.);
#6424=ORIENTED_EDGE('',*,*,#4905,.F.);
#6425=ORIENTED_EDGE('',*,*,#4906,.F.);
#6426=ORIENTED_EDGE('',*,*,#4907,.T.);
#6427=ORIENTED_EDGE('',*,*,#4908,.F.);
#6428=ORIENTED_EDGE('',*,*,#4903,.F.);
#6429=ORIENTED_EDGE('',*,*,#4909,.F.);
#6430=ORIENTED_EDGE('',*,*,#4905,.T.);
#6431=ORIENTED_EDGE('',*,*,#4910,.F.);
#6432=ORIENTED_EDGE('',*,*,#4911,.F.);
#6433=ORIENTED_EDGE('',*,*,#4912,.F.);
#6434=ORIENTED_EDGE('',*,*,#4911,.T.);
#6435=ORIENTED_EDGE('',*,*,#4913,.F.);
#6436=ORIENTED_EDGE('',*,*,#4907,.F.);
#6437=ORIENTED_EDGE('',*,*,#4913,.T.);
#6438=ORIENTED_EDGE('',*,*,#4910,.T.);
#6439=ORIENTED_EDGE('',*,*,#4904,.T.);
#6440=ORIENTED_EDGE('',*,*,#4908,.T.);
#6441=ORIENTED_EDGE('',*,*,#4914,.F.);
#6442=ORIENTED_EDGE('',*,*,#4915,.T.);
#6443=ORIENTED_EDGE('',*,*,#4916,.F.);
#6444=ORIENTED_EDGE('',*,*,#4917,.F.);
#6445=ORIENTED_EDGE('',*,*,#4918,.F.);
#6446=ORIENTED_EDGE('',*,*,#4919,.T.);
#6447=ORIENTED_EDGE('',*,*,#4920,.F.);
#6448=ORIENTED_EDGE('',*,*,#4915,.F.);
#6449=ORIENTED_EDGE('',*,*,#4921,.F.);
#6450=ORIENTED_EDGE('',*,*,#4917,.T.);
#6451=ORIENTED_EDGE('',*,*,#4922,.F.);
#6452=ORIENTED_EDGE('',*,*,#4923,.F.);
#6453=ORIENTED_EDGE('',*,*,#4924,.F.);
#6454=ORIENTED_EDGE('',*,*,#4923,.T.);
#6455=ORIENTED_EDGE('',*,*,#4925,.F.);
#6456=ORIENTED_EDGE('',*,*,#4919,.F.);
#6457=ORIENTED_EDGE('',*,*,#4925,.T.);
#6458=ORIENTED_EDGE('',*,*,#4922,.T.);
#6459=ORIENTED_EDGE('',*,*,#4916,.T.);
#6460=ORIENTED_EDGE('',*,*,#4920,.T.);
#6461=ORIENTED_EDGE('',*,*,#4926,.F.);
#6462=ORIENTED_EDGE('',*,*,#4927,.T.);
#6463=ORIENTED_EDGE('',*,*,#4928,.F.);
#6464=ORIENTED_EDGE('',*,*,#4929,.F.);
#6465=ORIENTED_EDGE('',*,*,#4930,.F.);
#6466=ORIENTED_EDGE('',*,*,#4931,.T.);
#6467=ORIENTED_EDGE('',*,*,#4932,.F.);
#6468=ORIENTED_EDGE('',*,*,#4927,.F.);
#6469=ORIENTED_EDGE('',*,*,#4933,.F.);
#6470=ORIENTED_EDGE('',*,*,#4929,.T.);
#6471=ORIENTED_EDGE('',*,*,#4934,.F.);
#6472=ORIENTED_EDGE('',*,*,#4935,.F.);
#6473=ORIENTED_EDGE('',*,*,#4936,.F.);
#6474=ORIENTED_EDGE('',*,*,#4935,.T.);
#6475=ORIENTED_EDGE('',*,*,#4937,.F.);
#6476=ORIENTED_EDGE('',*,*,#4931,.F.);
#6477=ORIENTED_EDGE('',*,*,#4937,.T.);
#6478=ORIENTED_EDGE('',*,*,#4934,.T.);
#6479=ORIENTED_EDGE('',*,*,#4928,.T.);
#6480=ORIENTED_EDGE('',*,*,#4932,.T.);
#6481=ORIENTED_EDGE('',*,*,#4938,.F.);
#6482=ORIENTED_EDGE('',*,*,#4939,.T.);
#6483=ORIENTED_EDGE('',*,*,#4940,.F.);
#6484=ORIENTED_EDGE('',*,*,#4941,.F.);
#6485=ORIENTED_EDGE('',*,*,#4942,.F.);
#6486=ORIENTED_EDGE('',*,*,#4943,.T.);
#6487=ORIENTED_EDGE('',*,*,#4944,.F.);
#6488=ORIENTED_EDGE('',*,*,#4939,.F.);
#6489=ORIENTED_EDGE('',*,*,#4945,.F.);
#6490=ORIENTED_EDGE('',*,*,#4941,.T.);
#6491=ORIENTED_EDGE('',*,*,#4946,.F.);
#6492=ORIENTED_EDGE('',*,*,#4947,.F.);
#6493=ORIENTED_EDGE('',*,*,#4948,.F.);
#6494=ORIENTED_EDGE('',*,*,#4947,.T.);
#6495=ORIENTED_EDGE('',*,*,#4949,.F.);
#6496=ORIENTED_EDGE('',*,*,#4943,.F.);
#6497=ORIENTED_EDGE('',*,*,#4949,.T.);
#6498=ORIENTED_EDGE('',*,*,#4946,.T.);
#6499=ORIENTED_EDGE('',*,*,#4940,.T.);
#6500=ORIENTED_EDGE('',*,*,#4944,.T.);
#6501=ORIENTED_EDGE('',*,*,#4950,.F.);
#6502=ORIENTED_EDGE('',*,*,#4951,.T.);
#6503=ORIENTED_EDGE('',*,*,#4952,.F.);
#6504=ORIENTED_EDGE('',*,*,#4953,.F.);
#6505=ORIENTED_EDGE('',*,*,#4954,.F.);
#6506=ORIENTED_EDGE('',*,*,#4955,.T.);
#6507=ORIENTED_EDGE('',*,*,#4956,.F.);
#6508=ORIENTED_EDGE('',*,*,#4951,.F.);
#6509=ORIENTED_EDGE('',*,*,#4957,.F.);
#6510=ORIENTED_EDGE('',*,*,#4953,.T.);
#6511=ORIENTED_EDGE('',*,*,#4958,.F.);
#6512=ORIENTED_EDGE('',*,*,#4959,.F.);
#6513=ORIENTED_EDGE('',*,*,#4960,.F.);
#6514=ORIENTED_EDGE('',*,*,#4959,.T.);
#6515=ORIENTED_EDGE('',*,*,#4961,.F.);
#6516=ORIENTED_EDGE('',*,*,#4955,.F.);
#6517=ORIENTED_EDGE('',*,*,#4961,.T.);
#6518=ORIENTED_EDGE('',*,*,#4958,.T.);
#6519=ORIENTED_EDGE('',*,*,#4952,.T.);
#6520=ORIENTED_EDGE('',*,*,#4956,.T.);
#6521=ORIENTED_EDGE('',*,*,#4962,.F.);
#6522=ORIENTED_EDGE('',*,*,#4963,.T.);
#6523=ORIENTED_EDGE('',*,*,#4964,.F.);
#6524=ORIENTED_EDGE('',*,*,#4965,.F.);
#6525=ORIENTED_EDGE('',*,*,#4966,.F.);
#6526=ORIENTED_EDGE('',*,*,#4967,.T.);
#6527=ORIENTED_EDGE('',*,*,#4968,.F.);
#6528=ORIENTED_EDGE('',*,*,#4963,.F.);
#6529=ORIENTED_EDGE('',*,*,#4969,.F.);
#6530=ORIENTED_EDGE('',*,*,#4965,.T.);
#6531=ORIENTED_EDGE('',*,*,#4970,.F.);
#6532=ORIENTED_EDGE('',*,*,#4971,.F.);
#6533=ORIENTED_EDGE('',*,*,#4972,.F.);
#6534=ORIENTED_EDGE('',*,*,#4971,.T.);
#6535=ORIENTED_EDGE('',*,*,#4973,.F.);
#6536=ORIENTED_EDGE('',*,*,#4967,.F.);
#6537=ORIENTED_EDGE('',*,*,#4973,.T.);
#6538=ORIENTED_EDGE('',*,*,#4970,.T.);
#6539=ORIENTED_EDGE('',*,*,#4964,.T.);
#6540=ORIENTED_EDGE('',*,*,#4968,.T.);
#6541=ORIENTED_EDGE('',*,*,#4974,.F.);
#6542=ORIENTED_EDGE('',*,*,#4975,.T.);
#6543=ORIENTED_EDGE('',*,*,#4976,.F.);
#6544=ORIENTED_EDGE('',*,*,#4977,.F.);
#6545=ORIENTED_EDGE('',*,*,#4978,.F.);
#6546=ORIENTED_EDGE('',*,*,#4979,.T.);
#6547=ORIENTED_EDGE('',*,*,#4980,.F.);
#6548=ORIENTED_EDGE('',*,*,#4975,.F.);
#6549=ORIENTED_EDGE('',*,*,#4981,.F.);
#6550=ORIENTED_EDGE('',*,*,#4977,.T.);
#6551=ORIENTED_EDGE('',*,*,#4982,.F.);
#6552=ORIENTED_EDGE('',*,*,#4983,.F.);
#6553=ORIENTED_EDGE('',*,*,#4984,.F.);
#6554=ORIENTED_EDGE('',*,*,#4983,.T.);
#6555=ORIENTED_EDGE('',*,*,#4985,.F.);
#6556=ORIENTED_EDGE('',*,*,#4979,.F.);
#6557=ORIENTED_EDGE('',*,*,#4985,.T.);
#6558=ORIENTED_EDGE('',*,*,#4982,.T.);
#6559=ORIENTED_EDGE('',*,*,#4976,.T.);
#6560=ORIENTED_EDGE('',*,*,#4980,.T.);
#6561=ORIENTED_EDGE('',*,*,#4986,.F.);
#6562=ORIENTED_EDGE('',*,*,#4987,.T.);
#6563=ORIENTED_EDGE('',*,*,#4988,.F.);
#6564=ORIENTED_EDGE('',*,*,#4989,.F.);
#6565=ORIENTED_EDGE('',*,*,#4990,.F.);
#6566=ORIENTED_EDGE('',*,*,#4991,.T.);
#6567=ORIENTED_EDGE('',*,*,#4992,.F.);
#6568=ORIENTED_EDGE('',*,*,#4987,.F.);
#6569=ORIENTED_EDGE('',*,*,#4993,.F.);
#6570=ORIENTED_EDGE('',*,*,#4989,.T.);
#6571=ORIENTED_EDGE('',*,*,#4994,.F.);
#6572=ORIENTED_EDGE('',*,*,#4995,.F.);
#6573=ORIENTED_EDGE('',*,*,#4996,.F.);
#6574=ORIENTED_EDGE('',*,*,#4995,.T.);
#6575=ORIENTED_EDGE('',*,*,#4997,.F.);
#6576=ORIENTED_EDGE('',*,*,#4991,.F.);
#6577=ORIENTED_EDGE('',*,*,#4997,.T.);
#6578=ORIENTED_EDGE('',*,*,#4994,.T.);
#6579=ORIENTED_EDGE('',*,*,#4988,.T.);
#6580=ORIENTED_EDGE('',*,*,#4992,.T.);
#6581=ORIENTED_EDGE('',*,*,#4998,.F.);
#6582=ORIENTED_EDGE('',*,*,#4999,.T.);
#6583=ORIENTED_EDGE('',*,*,#5000,.F.);
#6584=ORIENTED_EDGE('',*,*,#5001,.F.);
#6585=ORIENTED_EDGE('',*,*,#5002,.F.);
#6586=ORIENTED_EDGE('',*,*,#5003,.T.);
#6587=ORIENTED_EDGE('',*,*,#5004,.F.);
#6588=ORIENTED_EDGE('',*,*,#4999,.F.);
#6589=ORIENTED_EDGE('',*,*,#5005,.F.);
#6590=ORIENTED_EDGE('',*,*,#5001,.T.);
#6591=ORIENTED_EDGE('',*,*,#5006,.F.);
#6592=ORIENTED_EDGE('',*,*,#5007,.F.);
#6593=ORIENTED_EDGE('',*,*,#5008,.F.);
#6594=ORIENTED_EDGE('',*,*,#5007,.T.);
#6595=ORIENTED_EDGE('',*,*,#5009,.F.);
#6596=ORIENTED_EDGE('',*,*,#5003,.F.);
#6597=ORIENTED_EDGE('',*,*,#5009,.T.);
#6598=ORIENTED_EDGE('',*,*,#5006,.T.);
#6599=ORIENTED_EDGE('',*,*,#5000,.T.);
#6600=ORIENTED_EDGE('',*,*,#5004,.T.);
#6601=ORIENTED_EDGE('',*,*,#5010,.F.);
#6602=ORIENTED_EDGE('',*,*,#5011,.T.);
#6603=ORIENTED_EDGE('',*,*,#5012,.F.);
#6604=ORIENTED_EDGE('',*,*,#5013,.F.);
#6605=ORIENTED_EDGE('',*,*,#5014,.F.);
#6606=ORIENTED_EDGE('',*,*,#5015,.T.);
#6607=ORIENTED_EDGE('',*,*,#5016,.F.);
#6608=ORIENTED_EDGE('',*,*,#5011,.F.);
#6609=ORIENTED_EDGE('',*,*,#5017,.F.);
#6610=ORIENTED_EDGE('',*,*,#5013,.T.);
#6611=ORIENTED_EDGE('',*,*,#5018,.F.);
#6612=ORIENTED_EDGE('',*,*,#5019,.F.);
#6613=ORIENTED_EDGE('',*,*,#5020,.F.);
#6614=ORIENTED_EDGE('',*,*,#5019,.T.);
#6615=ORIENTED_EDGE('',*,*,#5021,.F.);
#6616=ORIENTED_EDGE('',*,*,#5015,.F.);
#6617=ORIENTED_EDGE('',*,*,#5021,.T.);
#6618=ORIENTED_EDGE('',*,*,#5018,.T.);
#6619=ORIENTED_EDGE('',*,*,#5012,.T.);
#6620=ORIENTED_EDGE('',*,*,#5016,.T.);
#6621=ORIENTED_EDGE('',*,*,#5022,.F.);
#6622=ORIENTED_EDGE('',*,*,#5023,.T.);
#6623=ORIENTED_EDGE('',*,*,#5024,.F.);
#6624=ORIENTED_EDGE('',*,*,#5025,.F.);
#6625=ORIENTED_EDGE('',*,*,#5026,.F.);
#6626=ORIENTED_EDGE('',*,*,#5027,.T.);
#6627=ORIENTED_EDGE('',*,*,#5028,.F.);
#6628=ORIENTED_EDGE('',*,*,#5023,.F.);
#6629=ORIENTED_EDGE('',*,*,#5029,.F.);
#6630=ORIENTED_EDGE('',*,*,#5025,.T.);
#6631=ORIENTED_EDGE('',*,*,#5030,.F.);
#6632=ORIENTED_EDGE('',*,*,#5031,.F.);
#6633=ORIENTED_EDGE('',*,*,#5032,.F.);
#6634=ORIENTED_EDGE('',*,*,#5031,.T.);
#6635=ORIENTED_EDGE('',*,*,#5033,.F.);
#6636=ORIENTED_EDGE('',*,*,#5027,.F.);
#6637=ORIENTED_EDGE('',*,*,#5033,.T.);
#6638=ORIENTED_EDGE('',*,*,#5030,.T.);
#6639=ORIENTED_EDGE('',*,*,#5024,.T.);
#6640=ORIENTED_EDGE('',*,*,#5028,.T.);
#6641=ORIENTED_EDGE('',*,*,#5034,.F.);
#6642=ORIENTED_EDGE('',*,*,#5035,.T.);
#6643=ORIENTED_EDGE('',*,*,#5036,.F.);
#6644=ORIENTED_EDGE('',*,*,#5037,.F.);
#6645=ORIENTED_EDGE('',*,*,#5038,.F.);
#6646=ORIENTED_EDGE('',*,*,#5039,.T.);
#6647=ORIENTED_EDGE('',*,*,#5040,.F.);
#6648=ORIENTED_EDGE('',*,*,#5035,.F.);
#6649=ORIENTED_EDGE('',*,*,#5041,.F.);
#6650=ORIENTED_EDGE('',*,*,#5037,.T.);
#6651=ORIENTED_EDGE('',*,*,#5042,.F.);
#6652=ORIENTED_EDGE('',*,*,#5043,.F.);
#6653=ORIENTED_EDGE('',*,*,#5044,.F.);
#6654=ORIENTED_EDGE('',*,*,#5043,.T.);
#6655=ORIENTED_EDGE('',*,*,#5045,.F.);
#6656=ORIENTED_EDGE('',*,*,#5039,.F.);
#6657=ORIENTED_EDGE('',*,*,#5045,.T.);
#6658=ORIENTED_EDGE('',*,*,#5042,.T.);
#6659=ORIENTED_EDGE('',*,*,#5036,.T.);
#6660=ORIENTED_EDGE('',*,*,#5040,.T.);
#6661=ORIENTED_EDGE('',*,*,#5046,.F.);
#6662=ORIENTED_EDGE('',*,*,#5047,.T.);
#6663=ORIENTED_EDGE('',*,*,#5048,.F.);
#6664=ORIENTED_EDGE('',*,*,#5049,.F.);
#6665=ORIENTED_EDGE('',*,*,#5050,.F.);
#6666=ORIENTED_EDGE('',*,*,#5051,.T.);
#6667=ORIENTED_EDGE('',*,*,#5052,.F.);
#6668=ORIENTED_EDGE('',*,*,#5047,.F.);
#6669=ORIENTED_EDGE('',*,*,#5053,.F.);
#6670=ORIENTED_EDGE('',*,*,#5049,.T.);
#6671=ORIENTED_EDGE('',*,*,#5054,.F.);
#6672=ORIENTED_EDGE('',*,*,#5055,.F.);
#6673=ORIENTED_EDGE('',*,*,#5056,.F.);
#6674=ORIENTED_EDGE('',*,*,#5055,.T.);
#6675=ORIENTED_EDGE('',*,*,#5057,.F.);
#6676=ORIENTED_EDGE('',*,*,#5051,.F.);
#6677=ORIENTED_EDGE('',*,*,#5057,.T.);
#6678=ORIENTED_EDGE('',*,*,#5054,.T.);
#6679=ORIENTED_EDGE('',*,*,#5048,.T.);
#6680=ORIENTED_EDGE('',*,*,#5052,.T.);
#6681=ORIENTED_EDGE('',*,*,#5058,.F.);
#6682=ORIENTED_EDGE('',*,*,#5059,.T.);
#6683=ORIENTED_EDGE('',*,*,#5060,.F.);
#6684=ORIENTED_EDGE('',*,*,#5061,.F.);
#6685=ORIENTED_EDGE('',*,*,#5062,.F.);
#6686=ORIENTED_EDGE('',*,*,#5063,.T.);
#6687=ORIENTED_EDGE('',*,*,#5064,.F.);
#6688=ORIENTED_EDGE('',*,*,#5059,.F.);
#6689=ORIENTED_EDGE('',*,*,#5065,.F.);
#6690=ORIENTED_EDGE('',*,*,#5061,.T.);
#6691=ORIENTED_EDGE('',*,*,#5066,.F.);
#6692=ORIENTED_EDGE('',*,*,#5067,.F.);
#6693=ORIENTED_EDGE('',*,*,#5068,.F.);
#6694=ORIENTED_EDGE('',*,*,#5067,.T.);
#6695=ORIENTED_EDGE('',*,*,#5069,.F.);
#6696=ORIENTED_EDGE('',*,*,#5063,.F.);
#6697=ORIENTED_EDGE('',*,*,#5069,.T.);
#6698=ORIENTED_EDGE('',*,*,#5066,.T.);
#6699=ORIENTED_EDGE('',*,*,#5060,.T.);
#6700=ORIENTED_EDGE('',*,*,#5064,.T.);
#6701=ORIENTED_EDGE('',*,*,#5070,.F.);
#6702=ORIENTED_EDGE('',*,*,#5071,.T.);
#6703=ORIENTED_EDGE('',*,*,#5072,.F.);
#6704=ORIENTED_EDGE('',*,*,#5073,.F.);
#6705=ORIENTED_EDGE('',*,*,#5074,.F.);
#6706=ORIENTED_EDGE('',*,*,#5075,.T.);
#6707=ORIENTED_EDGE('',*,*,#5076,.F.);
#6708=ORIENTED_EDGE('',*,*,#5071,.F.);
#6709=ORIENTED_EDGE('',*,*,#5077,.F.);
#6710=ORIENTED_EDGE('',*,*,#5073,.T.);
#6711=ORIENTED_EDGE('',*,*,#5078,.F.);
#6712=ORIENTED_EDGE('',*,*,#5079,.F.);
#6713=ORIENTED_EDGE('',*,*,#5080,.F.);
#6714=ORIENTED_EDGE('',*,*,#5079,.T.);
#6715=ORIENTED_EDGE('',*,*,#5081,.F.);
#6716=ORIENTED_EDGE('',*,*,#5075,.F.);
#6717=ORIENTED_EDGE('',*,*,#5081,.T.);
#6718=ORIENTED_EDGE('',*,*,#5078,.T.);
#6719=ORIENTED_EDGE('',*,*,#5072,.T.);
#6720=ORIENTED_EDGE('',*,*,#5076,.T.);
#6721=ORIENTED_EDGE('',*,*,#5082,.F.);
#6722=ORIENTED_EDGE('',*,*,#5083,.T.);
#6723=ORIENTED_EDGE('',*,*,#5084,.F.);
#6724=ORIENTED_EDGE('',*,*,#5085,.F.);
#6725=ORIENTED_EDGE('',*,*,#5086,.F.);
#6726=ORIENTED_EDGE('',*,*,#5087,.T.);
#6727=ORIENTED_EDGE('',*,*,#5088,.F.);
#6728=ORIENTED_EDGE('',*,*,#5083,.F.);
#6729=ORIENTED_EDGE('',*,*,#5089,.F.);
#6730=ORIENTED_EDGE('',*,*,#5085,.T.);
#6731=ORIENTED_EDGE('',*,*,#5090,.F.);
#6732=ORIENTED_EDGE('',*,*,#5091,.F.);
#6733=ORIENTED_EDGE('',*,*,#5092,.F.);
#6734=ORIENTED_EDGE('',*,*,#5091,.T.);
#6735=ORIENTED_EDGE('',*,*,#5093,.F.);
#6736=ORIENTED_EDGE('',*,*,#5087,.F.);
#6737=ORIENTED_EDGE('',*,*,#5093,.T.);
#6738=ORIENTED_EDGE('',*,*,#5090,.T.);
#6739=ORIENTED_EDGE('',*,*,#5084,.T.);
#6740=ORIENTED_EDGE('',*,*,#5088,.T.);
#6741=ORIENTED_EDGE('',*,*,#5094,.F.);
#6742=ORIENTED_EDGE('',*,*,#5095,.T.);
#6743=ORIENTED_EDGE('',*,*,#5096,.F.);
#6744=ORIENTED_EDGE('',*,*,#5097,.F.);
#6745=ORIENTED_EDGE('',*,*,#5098,.F.);
#6746=ORIENTED_EDGE('',*,*,#5099,.T.);
#6747=ORIENTED_EDGE('',*,*,#5100,.F.);
#6748=ORIENTED_EDGE('',*,*,#5095,.F.);
#6749=ORIENTED_EDGE('',*,*,#5101,.F.);
#6750=ORIENTED_EDGE('',*,*,#5097,.T.);
#6751=ORIENTED_EDGE('',*,*,#5102,.F.);
#6752=ORIENTED_EDGE('',*,*,#5103,.F.);
#6753=ORIENTED_EDGE('',*,*,#5104,.F.);
#6754=ORIENTED_EDGE('',*,*,#5103,.T.);
#6755=ORIENTED_EDGE('',*,*,#5105,.F.);
#6756=ORIENTED_EDGE('',*,*,#5099,.F.);
#6757=ORIENTED_EDGE('',*,*,#5105,.T.);
#6758=ORIENTED_EDGE('',*,*,#5102,.T.);
#6759=ORIENTED_EDGE('',*,*,#5096,.T.);
#6760=ORIENTED_EDGE('',*,*,#5100,.T.);
#6761=ORIENTED_EDGE('',*,*,#5106,.F.);
#6762=ORIENTED_EDGE('',*,*,#5107,.T.);
#6763=ORIENTED_EDGE('',*,*,#5108,.F.);
#6764=ORIENTED_EDGE('',*,*,#5109,.F.);
#6765=ORIENTED_EDGE('',*,*,#5110,.F.);
#6766=ORIENTED_EDGE('',*,*,#5111,.T.);
#6767=ORIENTED_EDGE('',*,*,#5112,.F.);
#6768=ORIENTED_EDGE('',*,*,#5107,.F.);
#6769=ORIENTED_EDGE('',*,*,#5113,.F.);
#6770=ORIENTED_EDGE('',*,*,#5109,.T.);
#6771=ORIENTED_EDGE('',*,*,#5114,.F.);
#6772=ORIENTED_EDGE('',*,*,#5115,.F.);
#6773=ORIENTED_EDGE('',*,*,#5116,.F.);
#6774=ORIENTED_EDGE('',*,*,#5115,.T.);
#6775=ORIENTED_EDGE('',*,*,#5117,.F.);
#6776=ORIENTED_EDGE('',*,*,#5111,.F.);
#6777=ORIENTED_EDGE('',*,*,#5117,.T.);
#6778=ORIENTED_EDGE('',*,*,#5114,.T.);
#6779=ORIENTED_EDGE('',*,*,#5108,.T.);
#6780=ORIENTED_EDGE('',*,*,#5112,.T.);
#6781=ORIENTED_EDGE('',*,*,#5118,.F.);
#6782=ORIENTED_EDGE('',*,*,#5119,.T.);
#6783=ORIENTED_EDGE('',*,*,#5120,.F.);
#6784=ORIENTED_EDGE('',*,*,#5121,.F.);
#6785=ORIENTED_EDGE('',*,*,#5122,.F.);
#6786=ORIENTED_EDGE('',*,*,#5123,.T.);
#6787=ORIENTED_EDGE('',*,*,#5124,.F.);
#6788=ORIENTED_EDGE('',*,*,#5119,.F.);
#6789=ORIENTED_EDGE('',*,*,#5125,.F.);
#6790=ORIENTED_EDGE('',*,*,#5121,.T.);
#6791=ORIENTED_EDGE('',*,*,#5126,.F.);
#6792=ORIENTED_EDGE('',*,*,#5127,.F.);
#6793=ORIENTED_EDGE('',*,*,#5128,.F.);
#6794=ORIENTED_EDGE('',*,*,#5127,.T.);
#6795=ORIENTED_EDGE('',*,*,#5129,.F.);
#6796=ORIENTED_EDGE('',*,*,#5123,.F.);
#6797=ORIENTED_EDGE('',*,*,#5129,.T.);
#6798=ORIENTED_EDGE('',*,*,#5126,.T.);
#6799=ORIENTED_EDGE('',*,*,#5120,.T.);
#6800=ORIENTED_EDGE('',*,*,#5124,.T.);
#6801=ORIENTED_EDGE('',*,*,#5130,.F.);
#6802=ORIENTED_EDGE('',*,*,#5131,.T.);
#6803=ORIENTED_EDGE('',*,*,#5132,.F.);
#6804=ORIENTED_EDGE('',*,*,#5133,.F.);
#6805=ORIENTED_EDGE('',*,*,#5134,.F.);
#6806=ORIENTED_EDGE('',*,*,#5135,.T.);
#6807=ORIENTED_EDGE('',*,*,#5136,.F.);
#6808=ORIENTED_EDGE('',*,*,#5131,.F.);
#6809=ORIENTED_EDGE('',*,*,#5137,.F.);
#6810=ORIENTED_EDGE('',*,*,#5133,.T.);
#6811=ORIENTED_EDGE('',*,*,#5138,.F.);
#6812=ORIENTED_EDGE('',*,*,#5139,.F.);
#6813=ORIENTED_EDGE('',*,*,#5140,.F.);
#6814=ORIENTED_EDGE('',*,*,#5139,.T.);
#6815=ORIENTED_EDGE('',*,*,#5141,.F.);
#6816=ORIENTED_EDGE('',*,*,#5135,.F.);
#6817=ORIENTED_EDGE('',*,*,#5141,.T.);
#6818=ORIENTED_EDGE('',*,*,#5138,.T.);
#6819=ORIENTED_EDGE('',*,*,#5132,.T.);
#6820=ORIENTED_EDGE('',*,*,#5136,.T.);
#6821=ORIENTED_EDGE('',*,*,#5142,.F.);
#6822=ORIENTED_EDGE('',*,*,#5143,.T.);
#6823=ORIENTED_EDGE('',*,*,#5144,.F.);
#6824=ORIENTED_EDGE('',*,*,#5145,.F.);
#6825=ORIENTED_EDGE('',*,*,#5146,.F.);
#6826=ORIENTED_EDGE('',*,*,#5147,.T.);
#6827=ORIENTED_EDGE('',*,*,#5148,.F.);
#6828=ORIENTED_EDGE('',*,*,#5143,.F.);
#6829=ORIENTED_EDGE('',*,*,#5149,.F.);
#6830=ORIENTED_EDGE('',*,*,#5145,.T.);
#6831=ORIENTED_EDGE('',*,*,#5150,.F.);
#6832=ORIENTED_EDGE('',*,*,#5151,.F.);
#6833=ORIENTED_EDGE('',*,*,#5152,.F.);
#6834=ORIENTED_EDGE('',*,*,#5151,.T.);
#6835=ORIENTED_EDGE('',*,*,#5153,.F.);
#6836=ORIENTED_EDGE('',*,*,#5147,.F.);
#6837=ORIENTED_EDGE('',*,*,#5153,.T.);
#6838=ORIENTED_EDGE('',*,*,#5150,.T.);
#6839=ORIENTED_EDGE('',*,*,#5144,.T.);
#6840=ORIENTED_EDGE('',*,*,#5148,.T.);
#6841=ORIENTED_EDGE('',*,*,#5154,.F.);
#6842=ORIENTED_EDGE('',*,*,#5155,.T.);
#6843=ORIENTED_EDGE('',*,*,#5156,.F.);
#6844=ORIENTED_EDGE('',*,*,#5157,.F.);
#6845=ORIENTED_EDGE('',*,*,#5158,.F.);
#6846=ORIENTED_EDGE('',*,*,#5159,.T.);
#6847=ORIENTED_EDGE('',*,*,#5160,.F.);
#6848=ORIENTED_EDGE('',*,*,#5155,.F.);
#6849=ORIENTED_EDGE('',*,*,#5161,.F.);
#6850=ORIENTED_EDGE('',*,*,#5157,.T.);
#6851=ORIENTED_EDGE('',*,*,#5162,.F.);
#6852=ORIENTED_EDGE('',*,*,#5163,.F.);
#6853=ORIENTED_EDGE('',*,*,#5164,.F.);
#6854=ORIENTED_EDGE('',*,*,#5163,.T.);
#6855=ORIENTED_EDGE('',*,*,#5165,.F.);
#6856=ORIENTED_EDGE('',*,*,#5159,.F.);
#6857=ORIENTED_EDGE('',*,*,#5165,.T.);
#6858=ORIENTED_EDGE('',*,*,#5162,.T.);
#6859=ORIENTED_EDGE('',*,*,#5156,.T.);
#6860=ORIENTED_EDGE('',*,*,#5160,.T.);
#6861=ORIENTED_EDGE('',*,*,#5166,.F.);
#6862=ORIENTED_EDGE('',*,*,#5167,.T.);
#6863=ORIENTED_EDGE('',*,*,#5168,.F.);
#6864=ORIENTED_EDGE('',*,*,#5169,.F.);
#6865=ORIENTED_EDGE('',*,*,#5170,.F.);
#6866=ORIENTED_EDGE('',*,*,#5171,.T.);
#6867=ORIENTED_EDGE('',*,*,#5172,.F.);
#6868=ORIENTED_EDGE('',*,*,#5167,.F.);
#6869=ORIENTED_EDGE('',*,*,#5173,.F.);
#6870=ORIENTED_EDGE('',*,*,#5169,.T.);
#6871=ORIENTED_EDGE('',*,*,#5174,.F.);
#6872=ORIENTED_EDGE('',*,*,#5175,.F.);
#6873=ORIENTED_EDGE('',*,*,#5176,.F.);
#6874=ORIENTED_EDGE('',*,*,#5175,.T.);
#6875=ORIENTED_EDGE('',*,*,#5177,.F.);
#6876=ORIENTED_EDGE('',*,*,#5171,.F.);
#6877=ORIENTED_EDGE('',*,*,#5177,.T.);
#6878=ORIENTED_EDGE('',*,*,#5174,.T.);
#6879=ORIENTED_EDGE('',*,*,#5168,.T.);
#6880=ORIENTED_EDGE('',*,*,#5172,.T.);
#6881=ORIENTED_EDGE('',*,*,#5178,.F.);
#6882=ORIENTED_EDGE('',*,*,#5179,.T.);
#6883=ORIENTED_EDGE('',*,*,#5180,.F.);
#6884=ORIENTED_EDGE('',*,*,#5181,.F.);
#6885=ORIENTED_EDGE('',*,*,#5182,.F.);
#6886=ORIENTED_EDGE('',*,*,#5183,.T.);
#6887=ORIENTED_EDGE('',*,*,#5184,.F.);
#6888=ORIENTED_EDGE('',*,*,#5179,.F.);
#6889=ORIENTED_EDGE('',*,*,#5185,.F.);
#6890=ORIENTED_EDGE('',*,*,#5181,.T.);
#6891=ORIENTED_EDGE('',*,*,#5186,.F.);
#6892=ORIENTED_EDGE('',*,*,#5187,.F.);
#6893=ORIENTED_EDGE('',*,*,#5188,.F.);
#6894=ORIENTED_EDGE('',*,*,#5187,.T.);
#6895=ORIENTED_EDGE('',*,*,#5189,.F.);
#6896=ORIENTED_EDGE('',*,*,#5183,.F.);
#6897=ORIENTED_EDGE('',*,*,#5189,.T.);
#6898=ORIENTED_EDGE('',*,*,#5186,.T.);
#6899=ORIENTED_EDGE('',*,*,#5180,.T.);
#6900=ORIENTED_EDGE('',*,*,#5184,.T.);
#6901=ORIENTED_EDGE('',*,*,#5190,.F.);
#6902=ORIENTED_EDGE('',*,*,#5191,.T.);
#6903=ORIENTED_EDGE('',*,*,#5192,.F.);
#6904=ORIENTED_EDGE('',*,*,#5193,.F.);
#6905=ORIENTED_EDGE('',*,*,#5194,.F.);
#6906=ORIENTED_EDGE('',*,*,#5195,.T.);
#6907=ORIENTED_EDGE('',*,*,#5196,.F.);
#6908=ORIENTED_EDGE('',*,*,#5191,.F.);
#6909=ORIENTED_EDGE('',*,*,#5197,.F.);
#6910=ORIENTED_EDGE('',*,*,#5193,.T.);
#6911=ORIENTED_EDGE('',*,*,#5198,.F.);
#6912=ORIENTED_EDGE('',*,*,#5199,.F.);
#6913=ORIENTED_EDGE('',*,*,#5200,.F.);
#6914=ORIENTED_EDGE('',*,*,#5199,.T.);
#6915=ORIENTED_EDGE('',*,*,#5201,.F.);
#6916=ORIENTED_EDGE('',*,*,#5195,.F.);
#6917=ORIENTED_EDGE('',*,*,#5201,.T.);
#6918=ORIENTED_EDGE('',*,*,#5198,.T.);
#6919=ORIENTED_EDGE('',*,*,#5192,.T.);
#6920=ORIENTED_EDGE('',*,*,#5196,.T.);
#6921=ORIENTED_EDGE('',*,*,#5202,.F.);
#6922=ORIENTED_EDGE('',*,*,#5203,.T.);
#6923=ORIENTED_EDGE('',*,*,#5204,.F.);
#6924=ORIENTED_EDGE('',*,*,#5205,.F.);
#6925=ORIENTED_EDGE('',*,*,#5206,.F.);
#6926=ORIENTED_EDGE('',*,*,#5207,.T.);
#6927=ORIENTED_EDGE('',*,*,#5208,.F.);
#6928=ORIENTED_EDGE('',*,*,#5203,.F.);
#6929=ORIENTED_EDGE('',*,*,#5209,.F.);
#6930=ORIENTED_EDGE('',*,*,#5205,.T.);
#6931=ORIENTED_EDGE('',*,*,#5210,.F.);
#6932=ORIENTED_EDGE('',*,*,#5211,.F.);
#6933=ORIENTED_EDGE('',*,*,#5212,.F.);
#6934=ORIENTED_EDGE('',*,*,#5211,.T.);
#6935=ORIENTED_EDGE('',*,*,#5213,.F.);
#6936=ORIENTED_EDGE('',*,*,#5207,.F.);
#6937=ORIENTED_EDGE('',*,*,#5213,.T.);
#6938=ORIENTED_EDGE('',*,*,#5210,.T.);
#6939=ORIENTED_EDGE('',*,*,#5204,.T.);
#6940=ORIENTED_EDGE('',*,*,#5208,.T.);
#6941=ORIENTED_EDGE('',*,*,#5214,.F.);
#6942=ORIENTED_EDGE('',*,*,#5215,.T.);
#6943=ORIENTED_EDGE('',*,*,#5216,.F.);
#6944=ORIENTED_EDGE('',*,*,#5217,.F.);
#6945=ORIENTED_EDGE('',*,*,#5218,.F.);
#6946=ORIENTED_EDGE('',*,*,#5219,.T.);
#6947=ORIENTED_EDGE('',*,*,#5220,.F.);
#6948=ORIENTED_EDGE('',*,*,#5215,.F.);
#6949=ORIENTED_EDGE('',*,*,#5221,.F.);
#6950=ORIENTED_EDGE('',*,*,#5217,.T.);
#6951=ORIENTED_EDGE('',*,*,#5222,.F.);
#6952=ORIENTED_EDGE('',*,*,#5223,.F.);
#6953=ORIENTED_EDGE('',*,*,#5224,.F.);
#6954=ORIENTED_EDGE('',*,*,#5223,.T.);
#6955=ORIENTED_EDGE('',*,*,#5225,.F.);
#6956=ORIENTED_EDGE('',*,*,#5219,.F.);
#6957=ORIENTED_EDGE('',*,*,#5225,.T.);
#6958=ORIENTED_EDGE('',*,*,#5222,.T.);
#6959=ORIENTED_EDGE('',*,*,#5216,.T.);
#6960=ORIENTED_EDGE('',*,*,#5220,.T.);
#6961=ORIENTED_EDGE('',*,*,#5226,.F.);
#6962=ORIENTED_EDGE('',*,*,#5227,.T.);
#6963=ORIENTED_EDGE('',*,*,#5228,.F.);
#6964=ORIENTED_EDGE('',*,*,#5229,.F.);
#6965=ORIENTED_EDGE('',*,*,#5230,.F.);
#6966=ORIENTED_EDGE('',*,*,#5231,.T.);
#6967=ORIENTED_EDGE('',*,*,#5232,.F.);
#6968=ORIENTED_EDGE('',*,*,#5227,.F.);
#6969=ORIENTED_EDGE('',*,*,#5233,.F.);
#6970=ORIENTED_EDGE('',*,*,#5229,.T.);
#6971=ORIENTED_EDGE('',*,*,#5234,.F.);
#6972=ORIENTED_EDGE('',*,*,#5235,.F.);
#6973=ORIENTED_EDGE('',*,*,#5236,.F.);
#6974=ORIENTED_EDGE('',*,*,#5235,.T.);
#6975=ORIENTED_EDGE('',*,*,#5237,.F.);
#6976=ORIENTED_EDGE('',*,*,#5231,.F.);
#6977=ORIENTED_EDGE('',*,*,#5237,.T.);
#6978=ORIENTED_EDGE('',*,*,#5234,.T.);
#6979=ORIENTED_EDGE('',*,*,#5228,.T.);
#6980=ORIENTED_EDGE('',*,*,#5232,.T.);
#6981=ORIENTED_EDGE('',*,*,#5238,.F.);
#6982=ORIENTED_EDGE('',*,*,#5239,.T.);
#6983=ORIENTED_EDGE('',*,*,#5240,.F.);
#6984=ORIENTED_EDGE('',*,*,#5241,.F.);
#6985=ORIENTED_EDGE('',*,*,#5242,.F.);
#6986=ORIENTED_EDGE('',*,*,#5243,.T.);
#6987=ORIENTED_EDGE('',*,*,#5244,.F.);
#6988=ORIENTED_EDGE('',*,*,#5239,.F.);
#6989=ORIENTED_EDGE('',*,*,#5245,.F.);
#6990=ORIENTED_EDGE('',*,*,#5241,.T.);
#6991=ORIENTED_EDGE('',*,*,#5246,.F.);
#6992=ORIENTED_EDGE('',*,*,#5247,.F.);
#6993=ORIENTED_EDGE('',*,*,#5248,.F.);
#6994=ORIENTED_EDGE('',*,*,#5247,.T.);
#6995=ORIENTED_EDGE('',*,*,#5249,.F.);
#6996=ORIENTED_EDGE('',*,*,#5243,.F.);
#6997=ORIENTED_EDGE('',*,*,#5249,.T.);
#6998=ORIENTED_EDGE('',*,*,#5246,.T.);
#6999=ORIENTED_EDGE('',*,*,#5240,.T.);
#7000=ORIENTED_EDGE('',*,*,#5244,.T.);
#7001=ORIENTED_EDGE('',*,*,#5250,.F.);
#7002=ORIENTED_EDGE('',*,*,#5251,.T.);
#7003=ORIENTED_EDGE('',*,*,#5252,.F.);
#7004=ORIENTED_EDGE('',*,*,#5253,.F.);
#7005=ORIENTED_EDGE('',*,*,#5254,.F.);
#7006=ORIENTED_EDGE('',*,*,#5255,.T.);
#7007=ORIENTED_EDGE('',*,*,#5256,.F.);
#7008=ORIENTED_EDGE('',*,*,#5251,.F.);
#7009=ORIENTED_EDGE('',*,*,#5257,.F.);
#7010=ORIENTED_EDGE('',*,*,#5253,.T.);
#7011=ORIENTED_EDGE('',*,*,#5258,.F.);
#7012=ORIENTED_EDGE('',*,*,#5259,.F.);
#7013=ORIENTED_EDGE('',*,*,#5260,.F.);
#7014=ORIENTED_EDGE('',*,*,#5259,.T.);
#7015=ORIENTED_EDGE('',*,*,#5261,.F.);
#7016=ORIENTED_EDGE('',*,*,#5255,.F.);
#7017=ORIENTED_EDGE('',*,*,#5261,.T.);
#7018=ORIENTED_EDGE('',*,*,#5258,.T.);
#7019=ORIENTED_EDGE('',*,*,#5252,.T.);
#7020=ORIENTED_EDGE('',*,*,#5256,.T.);
#7021=ORIENTED_EDGE('',*,*,#5262,.F.);
#7022=ORIENTED_EDGE('',*,*,#5263,.T.);
#7023=ORIENTED_EDGE('',*,*,#5264,.F.);
#7024=ORIENTED_EDGE('',*,*,#5265,.F.);
#7025=ORIENTED_EDGE('',*,*,#5266,.F.);
#7026=ORIENTED_EDGE('',*,*,#5267,.T.);
#7027=ORIENTED_EDGE('',*,*,#5268,.F.);
#7028=ORIENTED_EDGE('',*,*,#5263,.F.);
#7029=ORIENTED_EDGE('',*,*,#5269,.F.);
#7030=ORIENTED_EDGE('',*,*,#5265,.T.);
#7031=ORIENTED_EDGE('',*,*,#5270,.F.);
#7032=ORIENTED_EDGE('',*,*,#5271,.F.);
#7033=ORIENTED_EDGE('',*,*,#5272,.F.);
#7034=ORIENTED_EDGE('',*,*,#5271,.T.);
#7035=ORIENTED_EDGE('',*,*,#5273,.F.);
#7036=ORIENTED_EDGE('',*,*,#5267,.F.);
#7037=ORIENTED_EDGE('',*,*,#5273,.T.);
#7038=ORIENTED_EDGE('',*,*,#5270,.T.);
#7039=ORIENTED_EDGE('',*,*,#5264,.T.);
#7040=ORIENTED_EDGE('',*,*,#5268,.T.);
#7041=ORIENTED_EDGE('',*,*,#5274,.F.);
#7042=ORIENTED_EDGE('',*,*,#5275,.T.);
#7043=ORIENTED_EDGE('',*,*,#5276,.F.);
#7044=ORIENTED_EDGE('',*,*,#5277,.F.);
#7045=ORIENTED_EDGE('',*,*,#5278,.F.);
#7046=ORIENTED_EDGE('',*,*,#5279,.T.);
#7047=ORIENTED_EDGE('',*,*,#5280,.F.);
#7048=ORIENTED_EDGE('',*,*,#5275,.F.);
#7049=ORIENTED_EDGE('',*,*,#5281,.F.);
#7050=ORIENTED_EDGE('',*,*,#5277,.T.);
#7051=ORIENTED_EDGE('',*,*,#5282,.F.);
#7052=ORIENTED_EDGE('',*,*,#5283,.F.);
#7053=ORIENTED_EDGE('',*,*,#5284,.F.);
#7054=ORIENTED_EDGE('',*,*,#5283,.T.);
#7055=ORIENTED_EDGE('',*,*,#5285,.F.);
#7056=ORIENTED_EDGE('',*,*,#5279,.F.);
#7057=ORIENTED_EDGE('',*,*,#5285,.T.);
#7058=ORIENTED_EDGE('',*,*,#5282,.T.);
#7059=ORIENTED_EDGE('',*,*,#5276,.T.);
#7060=ORIENTED_EDGE('',*,*,#5280,.T.);
#7061=ORIENTED_EDGE('',*,*,#5286,.F.);
#7062=ORIENTED_EDGE('',*,*,#5287,.T.);
#7063=ORIENTED_EDGE('',*,*,#5288,.F.);
#7064=ORIENTED_EDGE('',*,*,#5289,.F.);
#7065=ORIENTED_EDGE('',*,*,#5290,.F.);
#7066=ORIENTED_EDGE('',*,*,#5291,.T.);
#7067=ORIENTED_EDGE('',*,*,#5292,.F.);
#7068=ORIENTED_EDGE('',*,*,#5287,.F.);
#7069=ORIENTED_EDGE('',*,*,#5293,.F.);
#7070=ORIENTED_EDGE('',*,*,#5289,.T.);
#7071=ORIENTED_EDGE('',*,*,#5294,.F.);
#7072=ORIENTED_EDGE('',*,*,#5295,.F.);
#7073=ORIENTED_EDGE('',*,*,#5296,.F.);
#7074=ORIENTED_EDGE('',*,*,#5295,.T.);
#7075=ORIENTED_EDGE('',*,*,#5297,.F.);
#7076=ORIENTED_EDGE('',*,*,#5291,.F.);
#7077=ORIENTED_EDGE('',*,*,#5297,.T.);
#7078=ORIENTED_EDGE('',*,*,#5294,.T.);
#7079=ORIENTED_EDGE('',*,*,#5288,.T.);
#7080=ORIENTED_EDGE('',*,*,#5292,.T.);
#7081=ORIENTED_EDGE('',*,*,#5298,.F.);
#7082=ORIENTED_EDGE('',*,*,#5299,.T.);
#7083=ORIENTED_EDGE('',*,*,#5300,.F.);
#7084=ORIENTED_EDGE('',*,*,#5301,.F.);
#7085=ORIENTED_EDGE('',*,*,#5302,.F.);
#7086=ORIENTED_EDGE('',*,*,#5303,.T.);
#7087=ORIENTED_EDGE('',*,*,#5304,.F.);
#7088=ORIENTED_EDGE('',*,*,#5299,.F.);
#7089=ORIENTED_EDGE('',*,*,#5305,.F.);
#7090=ORIENTED_EDGE('',*,*,#5301,.T.);
#7091=ORIENTED_EDGE('',*,*,#5306,.F.);
#7092=ORIENTED_EDGE('',*,*,#5307,.F.);
#7093=ORIENTED_EDGE('',*,*,#5308,.F.);
#7094=ORIENTED_EDGE('',*,*,#5307,.T.);
#7095=ORIENTED_EDGE('',*,*,#5309,.F.);
#7096=ORIENTED_EDGE('',*,*,#5303,.F.);
#7097=ORIENTED_EDGE('',*,*,#5309,.T.);
#7098=ORIENTED_EDGE('',*,*,#5306,.T.);
#7099=ORIENTED_EDGE('',*,*,#5300,.T.);
#7100=ORIENTED_EDGE('',*,*,#5304,.T.);
#7101=ORIENTED_EDGE('',*,*,#5310,.F.);
#7102=ORIENTED_EDGE('',*,*,#5311,.T.);
#7103=ORIENTED_EDGE('',*,*,#5312,.F.);
#7104=ORIENTED_EDGE('',*,*,#5313,.F.);
#7105=ORIENTED_EDGE('',*,*,#5314,.F.);
#7106=ORIENTED_EDGE('',*,*,#5315,.T.);
#7107=ORIENTED_EDGE('',*,*,#5316,.F.);
#7108=ORIENTED_EDGE('',*,*,#5311,.F.);
#7109=ORIENTED_EDGE('',*,*,#5317,.F.);
#7110=ORIENTED_EDGE('',*,*,#5313,.T.);
#7111=ORIENTED_EDGE('',*,*,#5318,.F.);
#7112=ORIENTED_EDGE('',*,*,#5319,.F.);
#7113=ORIENTED_EDGE('',*,*,#5320,.F.);
#7114=ORIENTED_EDGE('',*,*,#5319,.T.);
#7115=ORIENTED_EDGE('',*,*,#5321,.F.);
#7116=ORIENTED_EDGE('',*,*,#5315,.F.);
#7117=ORIENTED_EDGE('',*,*,#5321,.T.);
#7118=ORIENTED_EDGE('',*,*,#5318,.T.);
#7119=ORIENTED_EDGE('',*,*,#5312,.T.);
#7120=ORIENTED_EDGE('',*,*,#5316,.T.);
#7121=ORIENTED_EDGE('',*,*,#5322,.F.);
#7122=ORIENTED_EDGE('',*,*,#5323,.T.);
#7123=ORIENTED_EDGE('',*,*,#5324,.F.);
#7124=ORIENTED_EDGE('',*,*,#5325,.F.);
#7125=ORIENTED_EDGE('',*,*,#5326,.F.);
#7126=ORIENTED_EDGE('',*,*,#5327,.T.);
#7127=ORIENTED_EDGE('',*,*,#5328,.F.);
#7128=ORIENTED_EDGE('',*,*,#5323,.F.);
#7129=ORIENTED_EDGE('',*,*,#5329,.F.);
#7130=ORIENTED_EDGE('',*,*,#5325,.T.);
#7131=ORIENTED_EDGE('',*,*,#5330,.F.);
#7132=ORIENTED_EDGE('',*,*,#5331,.F.);
#7133=ORIENTED_EDGE('',*,*,#5332,.F.);
#7134=ORIENTED_EDGE('',*,*,#5331,.T.);
#7135=ORIENTED_EDGE('',*,*,#5333,.F.);
#7136=ORIENTED_EDGE('',*,*,#5327,.F.);
#7137=ORIENTED_EDGE('',*,*,#5333,.T.);
#7138=ORIENTED_EDGE('',*,*,#5330,.T.);
#7139=ORIENTED_EDGE('',*,*,#5324,.T.);
#7140=ORIENTED_EDGE('',*,*,#5328,.T.);
#7141=ORIENTED_EDGE('',*,*,#5334,.F.);
#7142=ORIENTED_EDGE('',*,*,#5335,.T.);
#7143=ORIENTED_EDGE('',*,*,#5336,.F.);
#7144=ORIENTED_EDGE('',*,*,#5337,.F.);
#7145=ORIENTED_EDGE('',*,*,#5338,.F.);
#7146=ORIENTED_EDGE('',*,*,#5339,.T.);
#7147=ORIENTED_EDGE('',*,*,#5340,.F.);
#7148=ORIENTED_EDGE('',*,*,#5335,.F.);
#7149=ORIENTED_EDGE('',*,*,#5341,.F.);
#7150=ORIENTED_EDGE('',*,*,#5337,.T.);
#7151=ORIENTED_EDGE('',*,*,#5342,.F.);
#7152=ORIENTED_EDGE('',*,*,#5343,.F.);
#7153=ORIENTED_EDGE('',*,*,#5344,.F.);
#7154=ORIENTED_EDGE('',*,*,#5343,.T.);
#7155=ORIENTED_EDGE('',*,*,#5345,.F.);
#7156=ORIENTED_EDGE('',*,*,#5339,.F.);
#7157=ORIENTED_EDGE('',*,*,#5345,.T.);
#7158=ORIENTED_EDGE('',*,*,#5342,.T.);
#7159=ORIENTED_EDGE('',*,*,#5336,.T.);
#7160=ORIENTED_EDGE('',*,*,#5340,.T.);
#7161=ORIENTED_EDGE('',*,*,#5346,.F.);
#7162=ORIENTED_EDGE('',*,*,#5347,.T.);
#7163=ORIENTED_EDGE('',*,*,#5348,.F.);
#7164=ORIENTED_EDGE('',*,*,#5349,.F.);
#7165=ORIENTED_EDGE('',*,*,#5350,.F.);
#7166=ORIENTED_EDGE('',*,*,#5351,.T.);
#7167=ORIENTED_EDGE('',*,*,#5352,.F.);
#7168=ORIENTED_EDGE('',*,*,#5347,.F.);
#7169=ORIENTED_EDGE('',*,*,#5353,.F.);
#7170=ORIENTED_EDGE('',*,*,#5349,.T.);
#7171=ORIENTED_EDGE('',*,*,#5354,.F.);
#7172=ORIENTED_EDGE('',*,*,#5355,.F.);
#7173=ORIENTED_EDGE('',*,*,#5356,.F.);
#7174=ORIENTED_EDGE('',*,*,#5355,.T.);
#7175=ORIENTED_EDGE('',*,*,#5357,.F.);
#7176=ORIENTED_EDGE('',*,*,#5351,.F.);
#7177=ORIENTED_EDGE('',*,*,#5357,.T.);
#7178=ORIENTED_EDGE('',*,*,#5354,.T.);
#7179=ORIENTED_EDGE('',*,*,#5348,.T.);
#7180=ORIENTED_EDGE('',*,*,#5352,.T.);
#7181=ORIENTED_EDGE('',*,*,#5358,.F.);
#7182=ORIENTED_EDGE('',*,*,#5359,.T.);
#7183=ORIENTED_EDGE('',*,*,#5360,.F.);
#7184=ORIENTED_EDGE('',*,*,#5361,.F.);
#7185=ORIENTED_EDGE('',*,*,#5362,.F.);
#7186=ORIENTED_EDGE('',*,*,#5363,.T.);
#7187=ORIENTED_EDGE('',*,*,#5364,.F.);
#7188=ORIENTED_EDGE('',*,*,#5359,.F.);
#7189=ORIENTED_EDGE('',*,*,#5365,.F.);
#7190=ORIENTED_EDGE('',*,*,#5361,.T.);
#7191=ORIENTED_EDGE('',*,*,#5366,.F.);
#7192=ORIENTED_EDGE('',*,*,#5367,.F.);
#7193=ORIENTED_EDGE('',*,*,#5368,.F.);
#7194=ORIENTED_EDGE('',*,*,#5367,.T.);
#7195=ORIENTED_EDGE('',*,*,#5369,.F.);
#7196=ORIENTED_EDGE('',*,*,#5363,.F.);
#7197=ORIENTED_EDGE('',*,*,#5369,.T.);
#7198=ORIENTED_EDGE('',*,*,#5366,.T.);
#7199=ORIENTED_EDGE('',*,*,#5360,.T.);
#7200=ORIENTED_EDGE('',*,*,#5364,.T.);
#7201=ORIENTED_EDGE('',*,*,#5370,.F.);
#7202=ORIENTED_EDGE('',*,*,#5371,.T.);
#7203=ORIENTED_EDGE('',*,*,#5372,.F.);
#7204=ORIENTED_EDGE('',*,*,#5373,.F.);
#7205=ORIENTED_EDGE('',*,*,#5374,.F.);
#7206=ORIENTED_EDGE('',*,*,#5375,.T.);
#7207=ORIENTED_EDGE('',*,*,#5376,.F.);
#7208=ORIENTED_EDGE('',*,*,#5371,.F.);
#7209=ORIENTED_EDGE('',*,*,#5377,.F.);
#7210=ORIENTED_EDGE('',*,*,#5373,.T.);
#7211=ORIENTED_EDGE('',*,*,#5378,.F.);
#7212=ORIENTED_EDGE('',*,*,#5379,.F.);
#7213=ORIENTED_EDGE('',*,*,#5380,.F.);
#7214=ORIENTED_EDGE('',*,*,#5379,.T.);
#7215=ORIENTED_EDGE('',*,*,#5381,.F.);
#7216=ORIENTED_EDGE('',*,*,#5375,.F.);
#7217=ORIENTED_EDGE('',*,*,#5381,.T.);
#7218=ORIENTED_EDGE('',*,*,#5378,.T.);
#7219=ORIENTED_EDGE('',*,*,#5372,.T.);
#7220=ORIENTED_EDGE('',*,*,#5376,.T.);
#7221=ORIENTED_EDGE('',*,*,#5382,.F.);
#7222=ORIENTED_EDGE('',*,*,#5383,.T.);
#7223=ORIENTED_EDGE('',*,*,#5384,.F.);
#7224=ORIENTED_EDGE('',*,*,#5385,.F.);
#7225=ORIENTED_EDGE('',*,*,#5386,.F.);
#7226=ORIENTED_EDGE('',*,*,#5387,.T.);
#7227=ORIENTED_EDGE('',*,*,#5388,.F.);
#7228=ORIENTED_EDGE('',*,*,#5383,.F.);
#7229=ORIENTED_EDGE('',*,*,#5389,.F.);
#7230=ORIENTED_EDGE('',*,*,#5385,.T.);
#7231=ORIENTED_EDGE('',*,*,#5390,.F.);
#7232=ORIENTED_EDGE('',*,*,#5391,.F.);
#7233=ORIENTED_EDGE('',*,*,#5392,.F.);
#7234=ORIENTED_EDGE('',*,*,#5391,.T.);
#7235=ORIENTED_EDGE('',*,*,#5393,.F.);
#7236=ORIENTED_EDGE('',*,*,#5387,.F.);
#7237=ORIENTED_EDGE('',*,*,#5393,.T.);
#7238=ORIENTED_EDGE('',*,*,#5390,.T.);
#7239=ORIENTED_EDGE('',*,*,#5384,.T.);
#7240=ORIENTED_EDGE('',*,*,#5388,.T.);
#7241=ORIENTED_EDGE('',*,*,#5394,.F.);
#7242=ORIENTED_EDGE('',*,*,#5395,.T.);
#7243=ORIENTED_EDGE('',*,*,#5396,.F.);
#7244=ORIENTED_EDGE('',*,*,#5397,.F.);
#7245=ORIENTED_EDGE('',*,*,#5398,.F.);
#7246=ORIENTED_EDGE('',*,*,#5399,.T.);
#7247=ORIENTED_EDGE('',*,*,#5400,.F.);
#7248=ORIENTED_EDGE('',*,*,#5395,.F.);
#7249=ORIENTED_EDGE('',*,*,#5401,.F.);
#7250=ORIENTED_EDGE('',*,*,#5397,.T.);
#7251=ORIENTED_EDGE('',*,*,#5402,.F.);
#7252=ORIENTED_EDGE('',*,*,#5403,.F.);
#7253=ORIENTED_EDGE('',*,*,#5404,.F.);
#7254=ORIENTED_EDGE('',*,*,#5403,.T.);
#7255=ORIENTED_EDGE('',*,*,#5405,.F.);
#7256=ORIENTED_EDGE('',*,*,#5399,.F.);
#7257=ORIENTED_EDGE('',*,*,#5405,.T.);
#7258=ORIENTED_EDGE('',*,*,#5402,.T.);
#7259=ORIENTED_EDGE('',*,*,#5396,.T.);
#7260=ORIENTED_EDGE('',*,*,#5400,.T.);
#7261=ORIENTED_EDGE('',*,*,#5406,.F.);
#7262=ORIENTED_EDGE('',*,*,#5407,.T.);
#7263=ORIENTED_EDGE('',*,*,#5408,.F.);
#7264=ORIENTED_EDGE('',*,*,#5409,.F.);
#7265=ORIENTED_EDGE('',*,*,#5410,.F.);
#7266=ORIENTED_EDGE('',*,*,#5411,.T.);
#7267=ORIENTED_EDGE('',*,*,#5412,.F.);
#7268=ORIENTED_EDGE('',*,*,#5407,.F.);
#7269=ORIENTED_EDGE('',*,*,#5413,.F.);
#7270=ORIENTED_EDGE('',*,*,#5409,.T.);
#7271=ORIENTED_EDGE('',*,*,#5414,.F.);
#7272=ORIENTED_EDGE('',*,*,#5415,.F.);
#7273=ORIENTED_EDGE('',*,*,#5416,.F.);
#7274=ORIENTED_EDGE('',*,*,#5415,.T.);
#7275=ORIENTED_EDGE('',*,*,#5417,.F.);
#7276=ORIENTED_EDGE('',*,*,#5411,.F.);
#7277=ORIENTED_EDGE('',*,*,#5417,.T.);
#7278=ORIENTED_EDGE('',*,*,#5414,.T.);
#7279=ORIENTED_EDGE('',*,*,#5408,.T.);
#7280=ORIENTED_EDGE('',*,*,#5412,.T.);
#7281=ORIENTED_EDGE('',*,*,#5418,.F.);
#7282=ORIENTED_EDGE('',*,*,#5419,.T.);
#7283=ORIENTED_EDGE('',*,*,#5420,.F.);
#7284=ORIENTED_EDGE('',*,*,#5421,.F.);
#7285=ORIENTED_EDGE('',*,*,#5422,.F.);
#7286=ORIENTED_EDGE('',*,*,#5423,.T.);
#7287=ORIENTED_EDGE('',*,*,#5424,.F.);
#7288=ORIENTED_EDGE('',*,*,#5419,.F.);
#7289=ORIENTED_EDGE('',*,*,#5425,.F.);
#7290=ORIENTED_EDGE('',*,*,#5421,.T.);
#7291=ORIENTED_EDGE('',*,*,#5426,.F.);
#7292=ORIENTED_EDGE('',*,*,#5427,.F.);
#7293=ORIENTED_EDGE('',*,*,#5428,.F.);
#7294=ORIENTED_EDGE('',*,*,#5427,.T.);
#7295=ORIENTED_EDGE('',*,*,#5429,.F.);
#7296=ORIENTED_EDGE('',*,*,#5423,.F.);
#7297=ORIENTED_EDGE('',*,*,#5429,.T.);
#7298=ORIENTED_EDGE('',*,*,#5426,.T.);
#7299=ORIENTED_EDGE('',*,*,#5420,.T.);
#7300=ORIENTED_EDGE('',*,*,#5424,.T.);
#7301=ORIENTED_EDGE('',*,*,#5430,.F.);
#7302=ORIENTED_EDGE('',*,*,#5431,.T.);
#7303=ORIENTED_EDGE('',*,*,#5432,.F.);
#7304=ORIENTED_EDGE('',*,*,#5433,.F.);
#7305=ORIENTED_EDGE('',*,*,#5434,.F.);
#7306=ORIENTED_EDGE('',*,*,#5435,.T.);
#7307=ORIENTED_EDGE('',*,*,#5436,.F.);
#7308=ORIENTED_EDGE('',*,*,#5431,.F.);
#7309=ORIENTED_EDGE('',*,*,#5437,.F.);
#7310=ORIENTED_EDGE('',*,*,#5433,.T.);
#7311=ORIENTED_EDGE('',*,*,#5438,.F.);
#7312=ORIENTED_EDGE('',*,*,#5439,.F.);
#7313=ORIENTED_EDGE('',*,*,#5440,.F.);
#7314=ORIENTED_EDGE('',*,*,#5439,.T.);
#7315=ORIENTED_EDGE('',*,*,#5441,.F.);
#7316=ORIENTED_EDGE('',*,*,#5435,.F.);
#7317=ORIENTED_EDGE('',*,*,#5441,.T.);
#7318=ORIENTED_EDGE('',*,*,#5438,.T.);
#7319=ORIENTED_EDGE('',*,*,#5432,.T.);
#7320=ORIENTED_EDGE('',*,*,#5436,.T.);
#7321=ORIENTED_EDGE('',*,*,#5442,.F.);
#7322=ORIENTED_EDGE('',*,*,#5443,.T.);
#7323=ORIENTED_EDGE('',*,*,#5444,.F.);
#7324=ORIENTED_EDGE('',*,*,#5445,.F.);
#7325=ORIENTED_EDGE('',*,*,#5446,.F.);
#7326=ORIENTED_EDGE('',*,*,#5447,.T.);
#7327=ORIENTED_EDGE('',*,*,#5448,.F.);
#7328=ORIENTED_EDGE('',*,*,#5443,.F.);
#7329=ORIENTED_EDGE('',*,*,#5449,.F.);
#7330=ORIENTED_EDGE('',*,*,#5445,.T.);
#7331=ORIENTED_EDGE('',*,*,#5450,.F.);
#7332=ORIENTED_EDGE('',*,*,#5451,.F.);
#7333=ORIENTED_EDGE('',*,*,#5452,.F.);
#7334=ORIENTED_EDGE('',*,*,#5451,.T.);
#7335=ORIENTED_EDGE('',*,*,#5453,.F.);
#7336=ORIENTED_EDGE('',*,*,#5447,.F.);
#7337=ORIENTED_EDGE('',*,*,#5453,.T.);
#7338=ORIENTED_EDGE('',*,*,#5450,.T.);
#7339=ORIENTED_EDGE('',*,*,#5444,.T.);
#7340=ORIENTED_EDGE('',*,*,#5448,.T.);
#7341=ORIENTED_EDGE('',*,*,#5454,.F.);
#7342=ORIENTED_EDGE('',*,*,#5455,.T.);
#7343=ORIENTED_EDGE('',*,*,#5456,.F.);
#7344=ORIENTED_EDGE('',*,*,#5457,.F.);
#7345=ORIENTED_EDGE('',*,*,#5458,.F.);
#7346=ORIENTED_EDGE('',*,*,#5459,.T.);
#7347=ORIENTED_EDGE('',*,*,#5460,.F.);
#7348=ORIENTED_EDGE('',*,*,#5455,.F.);
#7349=ORIENTED_EDGE('',*,*,#5461,.F.);
#7350=ORIENTED_EDGE('',*,*,#5457,.T.);
#7351=ORIENTED_EDGE('',*,*,#5462,.F.);
#7352=ORIENTED_EDGE('',*,*,#5463,.F.);
#7353=ORIENTED_EDGE('',*,*,#5464,.F.);
#7354=ORIENTED_EDGE('',*,*,#5463,.T.);
#7355=ORIENTED_EDGE('',*,*,#5465,.F.);
#7356=ORIENTED_EDGE('',*,*,#5459,.F.);
#7357=ORIENTED_EDGE('',*,*,#5465,.T.);
#7358=ORIENTED_EDGE('',*,*,#5462,.T.);
#7359=ORIENTED_EDGE('',*,*,#5456,.T.);
#7360=ORIENTED_EDGE('',*,*,#5460,.T.);
#7361=ORIENTED_EDGE('',*,*,#5466,.F.);
#7362=ORIENTED_EDGE('',*,*,#5467,.T.);
#7363=ORIENTED_EDGE('',*,*,#5468,.F.);
#7364=ORIENTED_EDGE('',*,*,#5469,.F.);
#7365=ORIENTED_EDGE('',*,*,#5470,.F.);
#7366=ORIENTED_EDGE('',*,*,#5471,.T.);
#7367=ORIENTED_EDGE('',*,*,#5472,.F.);
#7368=ORIENTED_EDGE('',*,*,#5467,.F.);
#7369=ORIENTED_EDGE('',*,*,#5473,.F.);
#7370=ORIENTED_EDGE('',*,*,#5469,.T.);
#7371=ORIENTED_EDGE('',*,*,#5474,.F.);
#7372=ORIENTED_EDGE('',*,*,#5475,.F.);
#7373=ORIENTED_EDGE('',*,*,#5476,.F.);
#7374=ORIENTED_EDGE('',*,*,#5475,.T.);
#7375=ORIENTED_EDGE('',*,*,#5477,.F.);
#7376=ORIENTED_EDGE('',*,*,#5471,.F.);
#7377=ORIENTED_EDGE('',*,*,#5477,.T.);
#7378=ORIENTED_EDGE('',*,*,#5474,.T.);
#7379=ORIENTED_EDGE('',*,*,#5468,.T.);
#7380=ORIENTED_EDGE('',*,*,#5472,.T.);
#7381=ORIENTED_EDGE('',*,*,#5478,.F.);
#7382=ORIENTED_EDGE('',*,*,#5479,.T.);
#7383=ORIENTED_EDGE('',*,*,#5480,.F.);
#7384=ORIENTED_EDGE('',*,*,#5481,.F.);
#7385=ORIENTED_EDGE('',*,*,#5482,.F.);
#7386=ORIENTED_EDGE('',*,*,#5481,.T.);
#7387=ORIENTED_EDGE('',*,*,#5483,.F.);
#7388=ORIENTED_EDGE('',*,*,#5484,.F.);
#7389=ORIENTED_EDGE('',*,*,#5485,.F.);
#7390=ORIENTED_EDGE('',*,*,#5484,.T.);
#7391=ORIENTED_EDGE('',*,*,#5486,.F.);
#7392=ORIENTED_EDGE('',*,*,#5487,.F.);
#7393=ORIENTED_EDGE('',*,*,#5488,.F.);
#7394=ORIENTED_EDGE('',*,*,#5487,.T.);
#7395=ORIENTED_EDGE('',*,*,#5489,.F.);
#7396=ORIENTED_EDGE('',*,*,#5479,.F.);
#7397=ORIENTED_EDGE('',*,*,#5489,.T.);
#7398=ORIENTED_EDGE('',*,*,#5486,.T.);
#7399=ORIENTED_EDGE('',*,*,#5483,.T.);
#7400=ORIENTED_EDGE('',*,*,#5480,.T.);
#7401=ORIENTED_EDGE('',*,*,#5490,.F.);
#7402=ORIENTED_EDGE('',*,*,#5491,.T.);
#7403=ORIENTED_EDGE('',*,*,#5492,.F.);
#7404=ORIENTED_EDGE('',*,*,#5493,.F.);
#7405=ORIENTED_EDGE('',*,*,#5494,.F.);
#7406=ORIENTED_EDGE('',*,*,#5493,.T.);
#7407=ORIENTED_EDGE('',*,*,#5495,.F.);
#7408=ORIENTED_EDGE('',*,*,#5496,.F.);
#7409=ORIENTED_EDGE('',*,*,#5497,.F.);
#7410=ORIENTED_EDGE('',*,*,#5496,.T.);
#7411=ORIENTED_EDGE('',*,*,#5498,.F.);
#7412=ORIENTED_EDGE('',*,*,#5499,.F.);
#7413=ORIENTED_EDGE('',*,*,#5500,.F.);
#7414=ORIENTED_EDGE('',*,*,#5499,.T.);
#7415=ORIENTED_EDGE('',*,*,#5501,.F.);
#7416=ORIENTED_EDGE('',*,*,#5491,.F.);
#7417=ORIENTED_EDGE('',*,*,#5501,.T.);
#7418=ORIENTED_EDGE('',*,*,#5498,.T.);
#7419=ORIENTED_EDGE('',*,*,#5495,.T.);
#7420=ORIENTED_EDGE('',*,*,#5492,.T.);
#7421=ORIENTED_EDGE('',*,*,#5502,.F.);
#7422=ORIENTED_EDGE('',*,*,#5503,.T.);
#7423=ORIENTED_EDGE('',*,*,#5504,.F.);
#7424=ORIENTED_EDGE('',*,*,#5505,.F.);
#7425=ORIENTED_EDGE('',*,*,#5506,.F.);
#7426=ORIENTED_EDGE('',*,*,#5505,.T.);
#7427=ORIENTED_EDGE('',*,*,#5507,.F.);
#7428=ORIENTED_EDGE('',*,*,#5508,.F.);
#7429=ORIENTED_EDGE('',*,*,#5509,.F.);
#7430=ORIENTED_EDGE('',*,*,#5508,.T.);
#7431=ORIENTED_EDGE('',*,*,#5510,.F.);
#7432=ORIENTED_EDGE('',*,*,#5511,.F.);
#7433=ORIENTED_EDGE('',*,*,#5512,.F.);
#7434=ORIENTED_EDGE('',*,*,#5511,.T.);
#7435=ORIENTED_EDGE('',*,*,#5513,.F.);
#7436=ORIENTED_EDGE('',*,*,#5503,.F.);
#7437=ORIENTED_EDGE('',*,*,#5513,.T.);
#7438=ORIENTED_EDGE('',*,*,#5510,.T.);
#7439=ORIENTED_EDGE('',*,*,#5507,.T.);
#7440=ORIENTED_EDGE('',*,*,#5504,.T.);
#7441=ORIENTED_EDGE('',*,*,#5002,.T.);
#7442=ORIENTED_EDGE('',*,*,#4998,.T.);
#7443=ORIENTED_EDGE('',*,*,#5005,.T.);
#7444=ORIENTED_EDGE('',*,*,#5008,.T.);
#7445=ORIENTED_EDGE('',*,*,#5014,.T.);
#7446=ORIENTED_EDGE('',*,*,#5010,.T.);
#7447=ORIENTED_EDGE('',*,*,#5017,.T.);
#7448=ORIENTED_EDGE('',*,*,#5020,.T.);
#7449=ORIENTED_EDGE('',*,*,#5026,.T.);
#7450=ORIENTED_EDGE('',*,*,#5022,.T.);
#7451=ORIENTED_EDGE('',*,*,#5029,.T.);
#7452=ORIENTED_EDGE('',*,*,#5032,.T.);
#7453=ORIENTED_EDGE('',*,*,#5038,.T.);
#7454=ORIENTED_EDGE('',*,*,#5034,.T.);
#7455=ORIENTED_EDGE('',*,*,#5041,.T.);
#7456=ORIENTED_EDGE('',*,*,#5044,.T.);
#7457=ORIENTED_EDGE('',*,*,#5050,.T.);
#7458=ORIENTED_EDGE('',*,*,#5046,.T.);
#7459=ORIENTED_EDGE('',*,*,#5053,.T.);
#7460=ORIENTED_EDGE('',*,*,#5056,.T.);
#7461=ORIENTED_EDGE('',*,*,#5062,.T.);
#7462=ORIENTED_EDGE('',*,*,#5058,.T.);
#7463=ORIENTED_EDGE('',*,*,#5065,.T.);
#7464=ORIENTED_EDGE('',*,*,#5068,.T.);
#7465=ORIENTED_EDGE('',*,*,#5074,.T.);
#7466=ORIENTED_EDGE('',*,*,#5070,.T.);
#7467=ORIENTED_EDGE('',*,*,#5077,.T.);
#7468=ORIENTED_EDGE('',*,*,#5080,.T.);
#7469=ORIENTED_EDGE('',*,*,#5086,.T.);
#7470=ORIENTED_EDGE('',*,*,#5082,.T.);
#7471=ORIENTED_EDGE('',*,*,#5089,.T.);
#7472=ORIENTED_EDGE('',*,*,#5092,.T.);
#7473=ORIENTED_EDGE('',*,*,#5098,.T.);
#7474=ORIENTED_EDGE('',*,*,#5094,.T.);
#7475=ORIENTED_EDGE('',*,*,#5101,.T.);
#7476=ORIENTED_EDGE('',*,*,#5104,.T.);
#7477=ORIENTED_EDGE('',*,*,#5110,.T.);
#7478=ORIENTED_EDGE('',*,*,#5106,.T.);
#7479=ORIENTED_EDGE('',*,*,#5113,.T.);
#7480=ORIENTED_EDGE('',*,*,#5116,.T.);
#7481=ORIENTED_EDGE('',*,*,#5122,.T.);
#7482=ORIENTED_EDGE('',*,*,#5118,.T.);
#7483=ORIENTED_EDGE('',*,*,#5125,.T.);
#7484=ORIENTED_EDGE('',*,*,#5128,.T.);
#7485=ORIENTED_EDGE('',*,*,#5134,.T.);
#7486=ORIENTED_EDGE('',*,*,#5130,.T.);
#7487=ORIENTED_EDGE('',*,*,#5137,.T.);
#7488=ORIENTED_EDGE('',*,*,#5140,.T.);
#7489=ORIENTED_EDGE('',*,*,#5146,.T.);
#7490=ORIENTED_EDGE('',*,*,#5142,.T.);
#7491=ORIENTED_EDGE('',*,*,#5149,.T.);
#7492=ORIENTED_EDGE('',*,*,#5152,.T.);
#7493=ORIENTED_EDGE('',*,*,#5158,.T.);
#7494=ORIENTED_EDGE('',*,*,#5154,.T.);
#7495=ORIENTED_EDGE('',*,*,#5161,.T.);
#7496=ORIENTED_EDGE('',*,*,#5164,.T.);
#7497=ORIENTED_EDGE('',*,*,#5170,.T.);
#7498=ORIENTED_EDGE('',*,*,#5166,.T.);
#7499=ORIENTED_EDGE('',*,*,#5173,.T.);
#7500=ORIENTED_EDGE('',*,*,#5176,.T.);
#7501=ORIENTED_EDGE('',*,*,#5182,.T.);
#7502=ORIENTED_EDGE('',*,*,#5178,.T.);
#7503=ORIENTED_EDGE('',*,*,#5185,.T.);
#7504=ORIENTED_EDGE('',*,*,#5188,.T.);
#7505=ORIENTED_EDGE('',*,*,#5194,.T.);
#7506=ORIENTED_EDGE('',*,*,#5190,.T.);
#7507=ORIENTED_EDGE('',*,*,#5197,.T.);
#7508=ORIENTED_EDGE('',*,*,#5200,.T.);
#7509=ORIENTED_EDGE('',*,*,#5206,.T.);
#7510=ORIENTED_EDGE('',*,*,#5202,.T.);
#7511=ORIENTED_EDGE('',*,*,#5209,.T.);
#7512=ORIENTED_EDGE('',*,*,#5212,.T.);
#7513=ORIENTED_EDGE('',*,*,#5218,.T.);
#7514=ORIENTED_EDGE('',*,*,#5214,.T.);
#7515=ORIENTED_EDGE('',*,*,#5221,.T.);
#7516=ORIENTED_EDGE('',*,*,#5224,.T.);
#7517=ORIENTED_EDGE('',*,*,#5230,.T.);
#7518=ORIENTED_EDGE('',*,*,#5226,.T.);
#7519=ORIENTED_EDGE('',*,*,#5233,.T.);
#7520=ORIENTED_EDGE('',*,*,#5236,.T.);
#7521=ORIENTED_EDGE('',*,*,#5242,.T.);
#7522=ORIENTED_EDGE('',*,*,#5238,.T.);
#7523=ORIENTED_EDGE('',*,*,#5245,.T.);
#7524=ORIENTED_EDGE('',*,*,#5248,.T.);
#7525=ORIENTED_EDGE('',*,*,#5254,.T.);
#7526=ORIENTED_EDGE('',*,*,#5250,.T.);
#7527=ORIENTED_EDGE('',*,*,#5257,.T.);
#7528=ORIENTED_EDGE('',*,*,#5260,.T.);
#7529=ORIENTED_EDGE('',*,*,#5266,.T.);
#7530=ORIENTED_EDGE('',*,*,#5262,.T.);
#7531=ORIENTED_EDGE('',*,*,#5269,.T.);
#7532=ORIENTED_EDGE('',*,*,#5272,.T.);
#7533=ORIENTED_EDGE('',*,*,#5278,.T.);
#7534=ORIENTED_EDGE('',*,*,#5274,.T.);
#7535=ORIENTED_EDGE('',*,*,#5281,.T.);
#7536=ORIENTED_EDGE('',*,*,#5284,.T.);
#7537=ORIENTED_EDGE('',*,*,#5290,.T.);
#7538=ORIENTED_EDGE('',*,*,#5286,.T.);
#7539=ORIENTED_EDGE('',*,*,#5293,.T.);
#7540=ORIENTED_EDGE('',*,*,#5296,.T.);
#7541=ORIENTED_EDGE('',*,*,#5302,.T.);
#7542=ORIENTED_EDGE('',*,*,#5298,.T.);
#7543=ORIENTED_EDGE('',*,*,#5305,.T.);
#7544=ORIENTED_EDGE('',*,*,#5308,.T.);
#7545=ORIENTED_EDGE('',*,*,#5314,.T.);
#7546=ORIENTED_EDGE('',*,*,#5310,.T.);
#7547=ORIENTED_EDGE('',*,*,#5317,.T.);
#7548=ORIENTED_EDGE('',*,*,#5320,.T.);
#7549=ORIENTED_EDGE('',*,*,#5326,.T.);
#7550=ORIENTED_EDGE('',*,*,#5322,.T.);
#7551=ORIENTED_EDGE('',*,*,#5329,.T.);
#7552=ORIENTED_EDGE('',*,*,#5332,.T.);
#7553=ORIENTED_EDGE('',*,*,#5338,.T.);
#7554=ORIENTED_EDGE('',*,*,#5334,.T.);
#7555=ORIENTED_EDGE('',*,*,#5341,.T.);
#7556=ORIENTED_EDGE('',*,*,#5344,.T.);
#7557=ORIENTED_EDGE('',*,*,#5350,.T.);
#7558=ORIENTED_EDGE('',*,*,#5346,.T.);
#7559=ORIENTED_EDGE('',*,*,#5353,.T.);
#7560=ORIENTED_EDGE('',*,*,#5356,.T.);
#7561=ORIENTED_EDGE('',*,*,#5362,.T.);
#7562=ORIENTED_EDGE('',*,*,#5358,.T.);
#7563=ORIENTED_EDGE('',*,*,#5365,.T.);
#7564=ORIENTED_EDGE('',*,*,#5368,.T.);
#7565=ORIENTED_EDGE('',*,*,#5374,.T.);
#7566=ORIENTED_EDGE('',*,*,#5370,.T.);
#7567=ORIENTED_EDGE('',*,*,#5377,.T.);
#7568=ORIENTED_EDGE('',*,*,#5380,.T.);
#7569=ORIENTED_EDGE('',*,*,#5386,.T.);
#7570=ORIENTED_EDGE('',*,*,#5382,.T.);
#7571=ORIENTED_EDGE('',*,*,#5389,.T.);
#7572=ORIENTED_EDGE('',*,*,#5392,.T.);
#7573=ORIENTED_EDGE('',*,*,#5398,.T.);
#7574=ORIENTED_EDGE('',*,*,#5394,.T.);
#7575=ORIENTED_EDGE('',*,*,#5401,.T.);
#7576=ORIENTED_EDGE('',*,*,#5404,.T.);
#7577=ORIENTED_EDGE('',*,*,#5410,.T.);
#7578=ORIENTED_EDGE('',*,*,#5406,.T.);
#7579=ORIENTED_EDGE('',*,*,#5413,.T.);
#7580=ORIENTED_EDGE('',*,*,#5416,.T.);
#7581=ORIENTED_EDGE('',*,*,#5422,.T.);
#7582=ORIENTED_EDGE('',*,*,#5418,.T.);
#7583=ORIENTED_EDGE('',*,*,#5425,.T.);
#7584=ORIENTED_EDGE('',*,*,#5428,.T.);
#7585=ORIENTED_EDGE('',*,*,#5434,.T.);
#7586=ORIENTED_EDGE('',*,*,#5430,.T.);
#7587=ORIENTED_EDGE('',*,*,#5437,.T.);
#7588=ORIENTED_EDGE('',*,*,#5440,.T.);
#7589=ORIENTED_EDGE('',*,*,#5446,.T.);
#7590=ORIENTED_EDGE('',*,*,#5442,.T.);
#7591=ORIENTED_EDGE('',*,*,#5449,.T.);
#7592=ORIENTED_EDGE('',*,*,#5452,.T.);
#7593=ORIENTED_EDGE('',*,*,#5458,.T.);
#7594=ORIENTED_EDGE('',*,*,#5454,.T.);
#7595=ORIENTED_EDGE('',*,*,#5461,.T.);
#7596=ORIENTED_EDGE('',*,*,#5464,.T.);
#7597=ORIENTED_EDGE('',*,*,#5470,.T.);
#7598=ORIENTED_EDGE('',*,*,#5466,.T.);
#7599=ORIENTED_EDGE('',*,*,#5473,.T.);
#7600=ORIENTED_EDGE('',*,*,#5476,.T.);
#7601=ORIENTED_EDGE('',*,*,#5514,.F.);
#7602=ORIENTED_EDGE('',*,*,#5515,.T.);
#7603=ORIENTED_EDGE('',*,*,#5516,.F.);
#7604=ORIENTED_EDGE('',*,*,#5517,.F.);
#7605=ORIENTED_EDGE('',*,*,#5518,.F.);
#7606=ORIENTED_EDGE('',*,*,#5517,.T.);
#7607=ORIENTED_EDGE('',*,*,#5519,.F.);
#7608=ORIENTED_EDGE('',*,*,#5520,.F.);
#7609=ORIENTED_EDGE('',*,*,#5521,.F.);
#7610=ORIENTED_EDGE('',*,*,#5520,.T.);
#7611=ORIENTED_EDGE('',*,*,#5522,.F.);
#7612=ORIENTED_EDGE('',*,*,#5523,.F.);
#7613=ORIENTED_EDGE('',*,*,#5524,.F.);
#7614=ORIENTED_EDGE('',*,*,#5523,.T.);
#7615=ORIENTED_EDGE('',*,*,#5525,.F.);
#7616=ORIENTED_EDGE('',*,*,#5515,.F.);
#7617=ORIENTED_EDGE('',*,*,#5525,.T.);
#7618=ORIENTED_EDGE('',*,*,#5522,.T.);
#7619=ORIENTED_EDGE('',*,*,#5519,.T.);
#7620=ORIENTED_EDGE('',*,*,#5516,.T.);
#7621=ORIENTED_EDGE('',*,*,#5526,.F.);
#7622=ORIENTED_EDGE('',*,*,#5527,.T.);
#7623=ORIENTED_EDGE('',*,*,#5528,.F.);
#7624=ORIENTED_EDGE('',*,*,#5529,.F.);
#7625=ORIENTED_EDGE('',*,*,#5530,.F.);
#7626=ORIENTED_EDGE('',*,*,#5531,.F.);
#7627=ORIENTED_EDGE('',*,*,#5529,.T.);
#7628=ORIENTED_EDGE('',*,*,#5532,.F.);
#7629=ORIENTED_EDGE('',*,*,#5533,.F.);
#7630=ORIENTED_EDGE('',*,*,#5534,.F.);
#7631=ORIENTED_EDGE('',*,*,#5533,.T.);
#7632=ORIENTED_EDGE('',*,*,#5535,.F.);
#7633=ORIENTED_EDGE('',*,*,#5536,.F.);
#7634=ORIENTED_EDGE('',*,*,#5537,.F.);
#7635=ORIENTED_EDGE('',*,*,#5538,.F.);
#7636=ORIENTED_EDGE('',*,*,#5536,.T.);
#7637=ORIENTED_EDGE('',*,*,#5539,.F.);
#7638=ORIENTED_EDGE('',*,*,#5527,.F.);
#7639=ORIENTED_EDGE('',*,*,#5539,.T.);
#7640=ORIENTED_EDGE('',*,*,#5535,.T.);
#7641=ORIENTED_EDGE('',*,*,#5532,.T.);
#7642=ORIENTED_EDGE('',*,*,#5528,.T.);
#7643=ORIENTED_EDGE('',*,*,#5540,.T.);
#7644=ORIENTED_EDGE('',*,*,#5537,.T.);
#7645=ORIENTED_EDGE('',*,*,#5538,.T.);
#7646=ORIENTED_EDGE('',*,*,#5526,.T.);
#7647=ORIENTED_EDGE('',*,*,#5541,.F.);
#7648=ORIENTED_EDGE('',*,*,#5542,.T.);
#7649=ORIENTED_EDGE('',*,*,#5543,.F.);
#7650=ORIENTED_EDGE('',*,*,#5544,.F.);
#7651=ORIENTED_EDGE('',*,*,#5545,.T.);
#7652=ORIENTED_EDGE('',*,*,#5546,.F.);
#7653=ORIENTED_EDGE('',*,*,#5544,.T.);
#7654=ORIENTED_EDGE('',*,*,#5547,.F.);
#7655=ORIENTED_EDGE('',*,*,#5548,.F.);
#7656=ORIENTED_EDGE('',*,*,#5549,.T.);
#7657=ORIENTED_EDGE('',*,*,#5548,.T.);
#7658=ORIENTED_EDGE('',*,*,#5550,.F.);
#7659=ORIENTED_EDGE('',*,*,#5551,.F.);
#7660=ORIENTED_EDGE('',*,*,#5552,.F.);
#7661=ORIENTED_EDGE('',*,*,#5553,.T.);
#7662=ORIENTED_EDGE('',*,*,#5551,.T.);
#7663=ORIENTED_EDGE('',*,*,#5554,.F.);
#7664=ORIENTED_EDGE('',*,*,#5542,.F.);
#7665=ORIENTED_EDGE('',*,*,#5554,.T.);
#7666=ORIENTED_EDGE('',*,*,#5550,.T.);
#7667=ORIENTED_EDGE('',*,*,#5547,.T.);
#7668=ORIENTED_EDGE('',*,*,#5543,.T.);
#7669=ORIENTED_EDGE('',*,*,#5555,.T.);
#7670=ORIENTED_EDGE('',*,*,#5545,.F.);
#7671=ORIENTED_EDGE('',*,*,#5549,.F.);
#7672=ORIENTED_EDGE('',*,*,#5553,.F.);
#7673=ORIENTED_EDGE('',*,*,#5556,.F.);
#7674=ORIENTED_EDGE('',*,*,#5557,.T.);
#7675=ORIENTED_EDGE('',*,*,#5558,.F.);
#7676=ORIENTED_EDGE('',*,*,#5559,.F.);
#7677=ORIENTED_EDGE('',*,*,#5560,.F.);
#7678=ORIENTED_EDGE('',*,*,#5561,.F.);
#7679=ORIENTED_EDGE('',*,*,#5559,.T.);
#7680=ORIENTED_EDGE('',*,*,#5562,.F.);
#7681=ORIENTED_EDGE('',*,*,#5563,.F.);
#7682=ORIENTED_EDGE('',*,*,#5564,.F.);
#7683=ORIENTED_EDGE('',*,*,#5563,.T.);
#7684=ORIENTED_EDGE('',*,*,#5565,.F.);
#7685=ORIENTED_EDGE('',*,*,#5566,.F.);
#7686=ORIENTED_EDGE('',*,*,#5567,.F.);
#7687=ORIENTED_EDGE('',*,*,#5568,.F.);
#7688=ORIENTED_EDGE('',*,*,#5566,.T.);
#7689=ORIENTED_EDGE('',*,*,#5569,.F.);
#7690=ORIENTED_EDGE('',*,*,#5557,.F.);
#7691=ORIENTED_EDGE('',*,*,#5569,.T.);
#7692=ORIENTED_EDGE('',*,*,#5565,.T.);
#7693=ORIENTED_EDGE('',*,*,#5562,.T.);
#7694=ORIENTED_EDGE('',*,*,#5558,.T.);
#7695=ORIENTED_EDGE('',*,*,#5570,.T.);
#7696=ORIENTED_EDGE('',*,*,#5567,.T.);
#7697=ORIENTED_EDGE('',*,*,#5568,.T.);
#7698=ORIENTED_EDGE('',*,*,#5556,.T.);
#7699=ORIENTED_EDGE('',*,*,#5571,.F.);
#7700=ORIENTED_EDGE('',*,*,#5572,.T.);
#7701=ORIENTED_EDGE('',*,*,#5573,.F.);
#7702=ORIENTED_EDGE('',*,*,#5574,.F.);
#7703=ORIENTED_EDGE('',*,*,#5575,.F.);
#7704=ORIENTED_EDGE('',*,*,#5574,.T.);
#7705=ORIENTED_EDGE('',*,*,#5576,.F.);
#7706=ORIENTED_EDGE('',*,*,#5577,.F.);
#7707=ORIENTED_EDGE('',*,*,#5578,.F.);
#7708=ORIENTED_EDGE('',*,*,#5579,.F.);
#7709=ORIENTED_EDGE('',*,*,#5577,.T.);
#7710=ORIENTED_EDGE('',*,*,#5580,.F.);
#7711=ORIENTED_EDGE('',*,*,#5581,.F.);
#7712=ORIENTED_EDGE('',*,*,#5582,.F.);
#7713=ORIENTED_EDGE('',*,*,#5581,.T.);
#7714=ORIENTED_EDGE('',*,*,#5583,.F.);
#7715=ORIENTED_EDGE('',*,*,#5572,.F.);
#7716=ORIENTED_EDGE('',*,*,#5584,.F.);
#7717=ORIENTED_EDGE('',*,*,#5583,.T.);
#7718=ORIENTED_EDGE('',*,*,#5580,.T.);
#7719=ORIENTED_EDGE('',*,*,#5576,.T.);
#7720=ORIENTED_EDGE('',*,*,#5573,.T.);
#7721=ORIENTED_EDGE('',*,*,#5585,.T.);
#7722=ORIENTED_EDGE('',*,*,#5578,.T.);
#7723=ORIENTED_EDGE('',*,*,#5579,.T.);
#7724=ORIENTED_EDGE('',*,*,#5582,.T.);
#7725=ORIENTED_EDGE('',*,*,#5586,.T.);
#7726=ORIENTED_EDGE('',*,*,#5587,.F.);
#7727=ORIENTED_EDGE('',*,*,#5588,.T.);
#7728=ORIENTED_EDGE('',*,*,#5589,.F.);
#7729=ORIENTED_EDGE('',*,*,#5590,.F.);
#7730=ORIENTED_EDGE('',*,*,#5591,.F.);
#7731=ORIENTED_EDGE('',*,*,#5590,.T.);
#7732=ORIENTED_EDGE('',*,*,#5592,.F.);
#7733=ORIENTED_EDGE('',*,*,#5593,.F.);
#7734=ORIENTED_EDGE('',*,*,#5594,.F.);
#7735=ORIENTED_EDGE('',*,*,#5595,.F.);
#7736=ORIENTED_EDGE('',*,*,#5593,.T.);
#7737=ORIENTED_EDGE('',*,*,#5596,.F.);
#7738=ORIENTED_EDGE('',*,*,#5597,.F.);
#7739=ORIENTED_EDGE('',*,*,#5598,.F.);
#7740=ORIENTED_EDGE('',*,*,#5597,.T.);
#7741=ORIENTED_EDGE('',*,*,#5599,.F.);
#7742=ORIENTED_EDGE('',*,*,#5588,.F.);
#7743=ORIENTED_EDGE('',*,*,#5600,.F.);
#7744=ORIENTED_EDGE('',*,*,#5599,.T.);
#7745=ORIENTED_EDGE('',*,*,#5596,.T.);
#7746=ORIENTED_EDGE('',*,*,#5592,.T.);
#7747=ORIENTED_EDGE('',*,*,#5589,.T.);
#7748=ORIENTED_EDGE('',*,*,#5601,.T.);
#7749=ORIENTED_EDGE('',*,*,#5594,.T.);
#7750=ORIENTED_EDGE('',*,*,#5595,.T.);
#7751=ORIENTED_EDGE('',*,*,#5598,.T.);
#7752=ORIENTED_EDGE('',*,*,#5602,.F.);
#7753=ORIENTED_EDGE('',*,*,#5603,.T.);
#7754=ORIENTED_EDGE('',*,*,#5604,.F.);
#7755=ORIENTED_EDGE('',*,*,#5605,.F.);
#7756=ORIENTED_EDGE('',*,*,#5606,.F.);
#7757=ORIENTED_EDGE('',*,*,#5605,.T.);
#7758=ORIENTED_EDGE('',*,*,#5607,.F.);
#7759=ORIENTED_EDGE('',*,*,#5608,.F.);
#7760=ORIENTED_EDGE('',*,*,#5609,.F.);
#7761=ORIENTED_EDGE('',*,*,#5608,.T.);
#7762=ORIENTED_EDGE('',*,*,#5610,.F.);
#7763=ORIENTED_EDGE('',*,*,#5611,.F.);
#7764=ORIENTED_EDGE('',*,*,#5612,.F.);
#7765=ORIENTED_EDGE('',*,*,#5611,.T.);
#7766=ORIENTED_EDGE('',*,*,#5613,.F.);
#7767=ORIENTED_EDGE('',*,*,#5603,.F.);
#7768=ORIENTED_EDGE('',*,*,#5613,.T.);
#7769=ORIENTED_EDGE('',*,*,#5610,.T.);
#7770=ORIENTED_EDGE('',*,*,#5607,.T.);
#7771=ORIENTED_EDGE('',*,*,#5604,.T.);
#7772=ORIENTED_EDGE('',*,*,#5614,.F.);
#7773=ORIENTED_EDGE('',*,*,#5615,.T.);
#7774=ORIENTED_EDGE('',*,*,#5616,.F.);
#7775=ORIENTED_EDGE('',*,*,#5617,.F.);
#7776=ORIENTED_EDGE('',*,*,#5618,.F.);
#7777=ORIENTED_EDGE('',*,*,#5617,.T.);
#7778=ORIENTED_EDGE('',*,*,#5619,.F.);
#7779=ORIENTED_EDGE('',*,*,#5620,.F.);
#7780=ORIENTED_EDGE('',*,*,#5621,.F.);
#7781=ORIENTED_EDGE('',*,*,#5620,.T.);
#7782=ORIENTED_EDGE('',*,*,#5622,.F.);
#7783=ORIENTED_EDGE('',*,*,#5623,.F.);
#7784=ORIENTED_EDGE('',*,*,#5624,.F.);
#7785=ORIENTED_EDGE('',*,*,#5623,.T.);
#7786=ORIENTED_EDGE('',*,*,#5625,.F.);
#7787=ORIENTED_EDGE('',*,*,#5615,.F.);
#7788=ORIENTED_EDGE('',*,*,#5625,.T.);
#7789=ORIENTED_EDGE('',*,*,#5622,.T.);
#7790=ORIENTED_EDGE('',*,*,#5619,.T.);
#7791=ORIENTED_EDGE('',*,*,#5616,.T.);
#7792=ORIENTED_EDGE('',*,*,#5626,.F.);
#7793=ORIENTED_EDGE('',*,*,#5627,.T.);
#7794=ORIENTED_EDGE('',*,*,#5628,.F.);
#7795=ORIENTED_EDGE('',*,*,#5629,.F.);
#7796=ORIENTED_EDGE('',*,*,#5630,.F.);
#7797=ORIENTED_EDGE('',*,*,#5629,.T.);
#7798=ORIENTED_EDGE('',*,*,#5631,.F.);
#7799=ORIENTED_EDGE('',*,*,#5632,.F.);
#7800=ORIENTED_EDGE('',*,*,#5633,.F.);
#7801=ORIENTED_EDGE('',*,*,#5634,.F.);
#7802=ORIENTED_EDGE('',*,*,#5632,.T.);
#7803=ORIENTED_EDGE('',*,*,#5635,.F.);
#7804=ORIENTED_EDGE('',*,*,#5636,.F.);
#7805=ORIENTED_EDGE('',*,*,#5637,.F.);
#7806=ORIENTED_EDGE('',*,*,#5636,.T.);
#7807=ORIENTED_EDGE('',*,*,#5638,.F.);
#7808=ORIENTED_EDGE('',*,*,#5627,.F.);
#7809=ORIENTED_EDGE('',*,*,#5639,.F.);
#7810=ORIENTED_EDGE('',*,*,#5638,.T.);
#7811=ORIENTED_EDGE('',*,*,#5635,.T.);
#7812=ORIENTED_EDGE('',*,*,#5631,.T.);
#7813=ORIENTED_EDGE('',*,*,#5628,.T.);
#7814=ORIENTED_EDGE('',*,*,#5640,.T.);
#7815=ORIENTED_EDGE('',*,*,#5633,.T.);
#7816=ORIENTED_EDGE('',*,*,#5634,.T.);
#7817=ORIENTED_EDGE('',*,*,#5637,.T.);
#7818=ORIENTED_EDGE('',*,*,#5641,.T.);
#7819=ORIENTED_EDGE('',*,*,#5642,.F.);
#7820=ORIENTED_EDGE('',*,*,#5643,.T.);
#7821=ORIENTED_EDGE('',*,*,#5644,.F.);
#7822=ORIENTED_EDGE('',*,*,#5643,.F.);
#7823=ORIENTED_EDGE('',*,*,#5645,.F.);
#7824=ORIENTED_EDGE('',*,*,#5646,.T.);
#7825=ORIENTED_EDGE('',*,*,#5647,.F.);
#7826=ORIENTED_EDGE('',*,*,#5646,.F.);
#7827=ORIENTED_EDGE('',*,*,#5648,.F.);
#7828=ORIENTED_EDGE('',*,*,#5649,.T.);
#7829=ORIENTED_EDGE('',*,*,#5650,.F.);
#7830=ORIENTED_EDGE('',*,*,#5649,.F.);
#7831=ORIENTED_EDGE('',*,*,#5651,.F.);
#7832=ORIENTED_EDGE('',*,*,#5652,.T.);
#7833=ORIENTED_EDGE('',*,*,#5653,.F.);
#7834=ORIENTED_EDGE('',*,*,#5652,.F.);
#7835=ORIENTED_EDGE('',*,*,#5654,.F.);
#7836=ORIENTED_EDGE('',*,*,#5655,.T.);
#7837=ORIENTED_EDGE('',*,*,#5656,.F.);
#7838=ORIENTED_EDGE('',*,*,#5657,.F.);
#7839=ORIENTED_EDGE('',*,*,#5658,.F.);
#7840=ORIENTED_EDGE('',*,*,#5657,.T.);
#7841=ORIENTED_EDGE('',*,*,#5659,.F.);
#7842=ORIENTED_EDGE('',*,*,#5660,.F.);
#7843=ORIENTED_EDGE('',*,*,#5661,.F.);
#7844=ORIENTED_EDGE('',*,*,#5660,.T.);
#7845=ORIENTED_EDGE('',*,*,#5662,.F.);
#7846=ORIENTED_EDGE('',*,*,#4505,.F.);
#7847=ORIENTED_EDGE('',*,*,#5663,.F.);
#7848=ORIENTED_EDGE('',*,*,#5664,.F.);
#7849=ORIENTED_EDGE('',*,*,#5665,.F.);
#7850=ORIENTED_EDGE('',*,*,#5664,.T.);
#7851=ORIENTED_EDGE('',*,*,#5666,.F.);
#7852=ORIENTED_EDGE('',*,*,#5667,.F.);
#7853=ORIENTED_EDGE('',*,*,#5668,.F.);
#7854=ORIENTED_EDGE('',*,*,#5667,.T.);
#7855=ORIENTED_EDGE('',*,*,#5669,.F.);
#7856=ORIENTED_EDGE('',*,*,#5670,.F.);
#7857=ORIENTED_EDGE('',*,*,#5671,.F.);
#7858=ORIENTED_EDGE('',*,*,#5570,.F.);
#7859=ORIENTED_EDGE('',*,*,#5672,.F.);
#7860=ORIENTED_EDGE('',*,*,#5555,.F.);
#7861=ORIENTED_EDGE('',*,*,#5673,.F.);
#7862=ORIENTED_EDGE('',*,*,#5540,.F.);
#7863=ORIENTED_EDGE('',*,*,#5674,.F.);
#7864=ORIENTED_EDGE('',*,*,#5670,.T.);
#7865=ORIENTED_EDGE('',*,*,#5675,.F.);
#7866=ORIENTED_EDGE('',*,*,#5676,.F.);
#7867=ORIENTED_EDGE('',*,*,#5641,.F.);
#7868=ORIENTED_EDGE('',*,*,#5640,.F.);
#7869=ORIENTED_EDGE('',*,*,#5676,.T.);
#7870=ORIENTED_EDGE('',*,*,#5677,.F.);
#7871=ORIENTED_EDGE('',*,*,#5678,.F.);
#7872=ORIENTED_EDGE('',*,*,#5586,.F.);
#7873=ORIENTED_EDGE('',*,*,#5679,.F.);
#7874=ORIENTED_EDGE('',*,*,#5601,.F.);
#7875=ORIENTED_EDGE('',*,*,#5680,.F.);
#7876=ORIENTED_EDGE('',*,*,#5585,.F.);
#7877=ORIENTED_EDGE('',*,*,#5678,.T.);
#7878=ORIENTED_EDGE('',*,*,#5681,.F.);
#7879=ORIENTED_EDGE('',*,*,#5655,.F.);
#7880=ORIENTED_EDGE('',*,*,#5682,.F.);
#7881=ORIENTED_EDGE('',*,*,#5534,.T.);
#7882=ORIENTED_EDGE('',*,*,#5673,.T.);
#7883=ORIENTED_EDGE('',*,*,#5552,.T.);
#7884=ORIENTED_EDGE('',*,*,#5541,.T.);
#7885=ORIENTED_EDGE('',*,*,#5546,.T.);
#7886=ORIENTED_EDGE('',*,*,#5672,.T.);
#7887=ORIENTED_EDGE('',*,*,#5560,.T.);
#7888=ORIENTED_EDGE('',*,*,#5561,.T.);
#7889=ORIENTED_EDGE('',*,*,#5564,.T.);
#7890=ORIENTED_EDGE('',*,*,#5671,.T.);
#7891=ORIENTED_EDGE('',*,*,#5674,.T.);
#7892=ORIENTED_EDGE('',*,*,#5639,.T.);
#7893=ORIENTED_EDGE('',*,*,#5626,.T.);
#7894=ORIENTED_EDGE('',*,*,#5630,.T.);
#7895=ORIENTED_EDGE('',*,*,#5680,.T.);
#7896=ORIENTED_EDGE('',*,*,#5600,.T.);
#7897=ORIENTED_EDGE('',*,*,#5587,.T.);
#7898=ORIENTED_EDGE('',*,*,#5591,.T.);
#7899=ORIENTED_EDGE('',*,*,#5679,.T.);
#7900=ORIENTED_EDGE('',*,*,#5584,.T.);
#7901=ORIENTED_EDGE('',*,*,#5571,.T.);
#7902=ORIENTED_EDGE('',*,*,#5575,.T.);
#7903=ORIENTED_EDGE('',*,*,#5682,.T.);
#7904=ORIENTED_EDGE('',*,*,#5654,.T.);
#7905=ORIENTED_EDGE('',*,*,#5658,.T.);
#7906=ORIENTED_EDGE('',*,*,#5661,.T.);
#7907=ORIENTED_EDGE('',*,*,#5665,.T.);
#7908=ORIENTED_EDGE('',*,*,#5668,.T.);
#7909=ORIENTED_EDGE('',*,*,#5530,.T.);
#7910=ORIENTED_EDGE('',*,*,#5531,.T.);
#7911=ORIENTED_EDGE('',*,*,#4461,.T.);
#7912=ORIENTED_EDGE('',*,*,#4465,.T.);
#7913=ORIENTED_EDGE('',*,*,#4468,.T.);
#7914=ORIENTED_EDGE('',*,*,#4471,.T.);
#7915=ORIENTED_EDGE('',*,*,#4473,.T.);
#7916=ORIENTED_EDGE('',*,*,#4477,.T.);
#7917=ORIENTED_EDGE('',*,*,#4480,.T.);
#7918=ORIENTED_EDGE('',*,*,#4483,.T.);
#7919=ORIENTED_EDGE('',*,*,#5478,.T.);
#7920=ORIENTED_EDGE('',*,*,#5482,.T.);
#7921=ORIENTED_EDGE('',*,*,#5485,.T.);
#7922=ORIENTED_EDGE('',*,*,#5488,.T.);
#7923=ORIENTED_EDGE('',*,*,#5490,.T.);
#7924=ORIENTED_EDGE('',*,*,#5494,.T.);
#7925=ORIENTED_EDGE('',*,*,#5497,.T.);
#7926=ORIENTED_EDGE('',*,*,#5500,.T.);
#7927=ORIENTED_EDGE('',*,*,#5502,.T.);
#7928=ORIENTED_EDGE('',*,*,#5506,.T.);
#7929=ORIENTED_EDGE('',*,*,#5509,.T.);
#7930=ORIENTED_EDGE('',*,*,#5512,.T.);
#7931=ORIENTED_EDGE('',*,*,#5514,.T.);
#7932=ORIENTED_EDGE('',*,*,#5518,.T.);
#7933=ORIENTED_EDGE('',*,*,#5521,.T.);
#7934=ORIENTED_EDGE('',*,*,#5524,.T.);
#7935=ORIENTED_EDGE('',*,*,#5602,.T.);
#7936=ORIENTED_EDGE('',*,*,#5606,.T.);
#7937=ORIENTED_EDGE('',*,*,#5609,.T.);
#7938=ORIENTED_EDGE('',*,*,#5612,.T.);
#7939=ORIENTED_EDGE('',*,*,#5614,.T.);
#7940=ORIENTED_EDGE('',*,*,#5618,.T.);
#7941=ORIENTED_EDGE('',*,*,#5621,.T.);
#7942=ORIENTED_EDGE('',*,*,#5624,.T.);
#7943=ORIENTED_EDGE('',*,*,#5653,.T.);
#7944=ORIENTED_EDGE('',*,*,#5650,.T.);
#7945=ORIENTED_EDGE('',*,*,#5647,.T.);
#7946=ORIENTED_EDGE('',*,*,#5644,.T.);
#7947=ORIENTED_EDGE('',*,*,#4493,.T.);
#7948=ORIENTED_EDGE('',*,*,#5662,.T.);
#7949=ORIENTED_EDGE('',*,*,#5659,.T.);
#7950=ORIENTED_EDGE('',*,*,#5656,.T.);
#7951=ORIENTED_EDGE('',*,*,#5681,.T.);
#7952=ORIENTED_EDGE('',*,*,#5677,.T.);
#7953=ORIENTED_EDGE('',*,*,#5675,.T.);
#7954=ORIENTED_EDGE('',*,*,#5669,.T.);
#7955=ORIENTED_EDGE('',*,*,#5666,.T.);
#7956=ORIENTED_EDGE('',*,*,#5663,.T.);
#7957=ORIENTED_EDGE('',*,*,#4489,.T.);
#7958=ORIENTED_EDGE('',*,*,#4490,.T.);
#7959=ORIENTED_EDGE('',*,*,#4510,.T.);
#7960=ORIENTED_EDGE('',*,*,#4506,.T.);
#7961=ORIENTED_EDGE('',*,*,#4513,.T.);
#7962=ORIENTED_EDGE('',*,*,#4516,.T.);
#7963=ORIENTED_EDGE('',*,*,#4522,.T.);
#7964=ORIENTED_EDGE('',*,*,#4518,.T.);
#7965=ORIENTED_EDGE('',*,*,#4525,.T.);
#7966=ORIENTED_EDGE('',*,*,#4528,.T.);
#7967=ORIENTED_EDGE('',*,*,#4534,.T.);
#7968=ORIENTED_EDGE('',*,*,#4530,.T.);
#7969=ORIENTED_EDGE('',*,*,#4537,.T.);
#7970=ORIENTED_EDGE('',*,*,#4540,.T.);
#7971=ORIENTED_EDGE('',*,*,#4546,.T.);
#7972=ORIENTED_EDGE('',*,*,#4542,.T.);
#7973=ORIENTED_EDGE('',*,*,#4549,.T.);
#7974=ORIENTED_EDGE('',*,*,#4552,.T.);
#7975=ORIENTED_EDGE('',*,*,#4558,.T.);
#7976=ORIENTED_EDGE('',*,*,#4554,.T.);
#7977=ORIENTED_EDGE('',*,*,#4561,.T.);
#7978=ORIENTED_EDGE('',*,*,#4564,.T.);
#7979=ORIENTED_EDGE('',*,*,#4570,.T.);
#7980=ORIENTED_EDGE('',*,*,#4566,.T.);
#7981=ORIENTED_EDGE('',*,*,#4573,.T.);
#7982=ORIENTED_EDGE('',*,*,#4576,.T.);
#7983=ORIENTED_EDGE('',*,*,#4582,.T.);
#7984=ORIENTED_EDGE('',*,*,#4578,.T.);
#7985=ORIENTED_EDGE('',*,*,#4585,.T.);
#7986=ORIENTED_EDGE('',*,*,#4588,.T.);
#7987=ORIENTED_EDGE('',*,*,#4594,.T.);
#7988=ORIENTED_EDGE('',*,*,#4590,.T.);
#7989=ORIENTED_EDGE('',*,*,#4597,.T.);
#7990=ORIENTED_EDGE('',*,*,#4600,.T.);
#7991=ORIENTED_EDGE('',*,*,#4606,.T.);
#7992=ORIENTED_EDGE('',*,*,#4602,.T.);
#7993=ORIENTED_EDGE('',*,*,#4609,.T.);
#7994=ORIENTED_EDGE('',*,*,#4612,.T.);
#7995=ORIENTED_EDGE('',*,*,#4618,.T.);
#7996=ORIENTED_EDGE('',*,*,#4614,.T.);
#7997=ORIENTED_EDGE('',*,*,#4621,.T.);
#7998=ORIENTED_EDGE('',*,*,#4624,.T.);
#7999=ORIENTED_EDGE('',*,*,#4630,.T.);
#8000=ORIENTED_EDGE('',*,*,#4626,.T.);
#8001=ORIENTED_EDGE('',*,*,#4633,.T.);
#8002=ORIENTED_EDGE('',*,*,#4636,.T.);
#8003=ORIENTED_EDGE('',*,*,#4642,.T.);
#8004=ORIENTED_EDGE('',*,*,#4638,.T.);
#8005=ORIENTED_EDGE('',*,*,#4645,.T.);
#8006=ORIENTED_EDGE('',*,*,#4648,.T.);
#8007=ORIENTED_EDGE('',*,*,#4654,.T.);
#8008=ORIENTED_EDGE('',*,*,#4650,.T.);
#8009=ORIENTED_EDGE('',*,*,#4657,.T.);
#8010=ORIENTED_EDGE('',*,*,#4660,.T.);
#8011=ORIENTED_EDGE('',*,*,#4666,.T.);
#8012=ORIENTED_EDGE('',*,*,#4662,.T.);
#8013=ORIENTED_EDGE('',*,*,#4669,.T.);
#8014=ORIENTED_EDGE('',*,*,#4672,.T.);
#8015=ORIENTED_EDGE('',*,*,#4678,.T.);
#8016=ORIENTED_EDGE('',*,*,#4674,.T.);
#8017=ORIENTED_EDGE('',*,*,#4681,.T.);
#8018=ORIENTED_EDGE('',*,*,#4684,.T.);
#8019=ORIENTED_EDGE('',*,*,#4690,.T.);
#8020=ORIENTED_EDGE('',*,*,#4686,.T.);
#8021=ORIENTED_EDGE('',*,*,#4693,.T.);
#8022=ORIENTED_EDGE('',*,*,#4696,.T.);
#8023=ORIENTED_EDGE('',*,*,#4702,.T.);
#8024=ORIENTED_EDGE('',*,*,#4698,.T.);
#8025=ORIENTED_EDGE('',*,*,#4705,.T.);
#8026=ORIENTED_EDGE('',*,*,#4708,.T.);
#8027=ORIENTED_EDGE('',*,*,#4714,.T.);
#8028=ORIENTED_EDGE('',*,*,#4710,.T.);
#8029=ORIENTED_EDGE('',*,*,#4717,.T.);
#8030=ORIENTED_EDGE('',*,*,#4720,.T.);
#8031=ORIENTED_EDGE('',*,*,#4726,.T.);
#8032=ORIENTED_EDGE('',*,*,#4722,.T.);
#8033=ORIENTED_EDGE('',*,*,#4729,.T.);
#8034=ORIENTED_EDGE('',*,*,#4732,.T.);
#8035=ORIENTED_EDGE('',*,*,#4738,.T.);
#8036=ORIENTED_EDGE('',*,*,#4734,.T.);
#8037=ORIENTED_EDGE('',*,*,#4741,.T.);
#8038=ORIENTED_EDGE('',*,*,#4744,.T.);
#8039=ORIENTED_EDGE('',*,*,#4750,.T.);
#8040=ORIENTED_EDGE('',*,*,#4746,.T.);
#8041=ORIENTED_EDGE('',*,*,#4753,.T.);
#8042=ORIENTED_EDGE('',*,*,#4756,.T.);
#8043=ORIENTED_EDGE('',*,*,#4762,.T.);
#8044=ORIENTED_EDGE('',*,*,#4758,.T.);
#8045=ORIENTED_EDGE('',*,*,#4765,.T.);
#8046=ORIENTED_EDGE('',*,*,#4768,.T.);
#8047=ORIENTED_EDGE('',*,*,#4774,.T.);
#8048=ORIENTED_EDGE('',*,*,#4770,.T.);
#8049=ORIENTED_EDGE('',*,*,#4777,.T.);
#8050=ORIENTED_EDGE('',*,*,#4780,.T.);
#8051=ORIENTED_EDGE('',*,*,#4786,.T.);
#8052=ORIENTED_EDGE('',*,*,#4782,.T.);
#8053=ORIENTED_EDGE('',*,*,#4789,.T.);
#8054=ORIENTED_EDGE('',*,*,#4792,.T.);
#8055=ORIENTED_EDGE('',*,*,#4798,.T.);
#8056=ORIENTED_EDGE('',*,*,#4794,.T.);
#8057=ORIENTED_EDGE('',*,*,#4801,.T.);
#8058=ORIENTED_EDGE('',*,*,#4804,.T.);
#8059=ORIENTED_EDGE('',*,*,#4810,.T.);
#8060=ORIENTED_EDGE('',*,*,#4806,.T.);
#8061=ORIENTED_EDGE('',*,*,#4813,.T.);
#8062=ORIENTED_EDGE('',*,*,#4816,.T.);
#8063=ORIENTED_EDGE('',*,*,#4822,.T.);
#8064=ORIENTED_EDGE('',*,*,#4818,.T.);
#8065=ORIENTED_EDGE('',*,*,#4825,.T.);
#8066=ORIENTED_EDGE('',*,*,#4828,.T.);
#8067=ORIENTED_EDGE('',*,*,#4834,.T.);
#8068=ORIENTED_EDGE('',*,*,#4830,.T.);
#8069=ORIENTED_EDGE('',*,*,#4837,.T.);
#8070=ORIENTED_EDGE('',*,*,#4840,.T.);
#8071=ORIENTED_EDGE('',*,*,#4846,.T.);
#8072=ORIENTED_EDGE('',*,*,#4842,.T.);
#8073=ORIENTED_EDGE('',*,*,#4849,.T.);
#8074=ORIENTED_EDGE('',*,*,#4852,.T.);
#8075=ORIENTED_EDGE('',*,*,#4858,.T.);
#8076=ORIENTED_EDGE('',*,*,#4854,.T.);
#8077=ORIENTED_EDGE('',*,*,#4861,.T.);
#8078=ORIENTED_EDGE('',*,*,#4864,.T.);
#8079=ORIENTED_EDGE('',*,*,#4870,.T.);
#8080=ORIENTED_EDGE('',*,*,#4866,.T.);
#8081=ORIENTED_EDGE('',*,*,#4873,.T.);
#8082=ORIENTED_EDGE('',*,*,#4876,.T.);
#8083=ORIENTED_EDGE('',*,*,#4882,.T.);
#8084=ORIENTED_EDGE('',*,*,#4878,.T.);
#8085=ORIENTED_EDGE('',*,*,#4885,.T.);
#8086=ORIENTED_EDGE('',*,*,#4888,.T.);
#8087=ORIENTED_EDGE('',*,*,#4894,.T.);
#8088=ORIENTED_EDGE('',*,*,#4890,.T.);
#8089=ORIENTED_EDGE('',*,*,#4897,.T.);
#8090=ORIENTED_EDGE('',*,*,#4900,.T.);
#8091=ORIENTED_EDGE('',*,*,#4906,.T.);
#8092=ORIENTED_EDGE('',*,*,#4902,.T.);
#8093=ORIENTED_EDGE('',*,*,#4909,.T.);
#8094=ORIENTED_EDGE('',*,*,#4912,.T.);
#8095=ORIENTED_EDGE('',*,*,#4918,.T.);
#8096=ORIENTED_EDGE('',*,*,#4914,.T.);
#8097=ORIENTED_EDGE('',*,*,#4921,.T.);
#8098=ORIENTED_EDGE('',*,*,#4924,.T.);
#8099=ORIENTED_EDGE('',*,*,#4930,.T.);
#8100=ORIENTED_EDGE('',*,*,#4926,.T.);
#8101=ORIENTED_EDGE('',*,*,#4933,.T.);
#8102=ORIENTED_EDGE('',*,*,#4936,.T.);
#8103=ORIENTED_EDGE('',*,*,#4942,.T.);
#8104=ORIENTED_EDGE('',*,*,#4938,.T.);
#8105=ORIENTED_EDGE('',*,*,#4945,.T.);
#8106=ORIENTED_EDGE('',*,*,#4948,.T.);
#8107=ORIENTED_EDGE('',*,*,#4954,.T.);
#8108=ORIENTED_EDGE('',*,*,#4950,.T.);
#8109=ORIENTED_EDGE('',*,*,#4957,.T.);
#8110=ORIENTED_EDGE('',*,*,#4960,.T.);
#8111=ORIENTED_EDGE('',*,*,#4966,.T.);
#8112=ORIENTED_EDGE('',*,*,#4962,.T.);
#8113=ORIENTED_EDGE('',*,*,#4969,.T.);
#8114=ORIENTED_EDGE('',*,*,#4972,.T.);
#8115=ORIENTED_EDGE('',*,*,#4978,.T.);
#8116=ORIENTED_EDGE('',*,*,#4974,.T.);
#8117=ORIENTED_EDGE('',*,*,#4981,.T.);
#8118=ORIENTED_EDGE('',*,*,#4984,.T.);
#8119=ORIENTED_EDGE('',*,*,#4990,.T.);
#8120=ORIENTED_EDGE('',*,*,#4986,.T.);
#8121=ORIENTED_EDGE('',*,*,#4993,.T.);
#8122=ORIENTED_EDGE('',*,*,#4996,.T.);
#8123=ORIENTED_EDGE('',*,*,#5651,.T.);
#8124=ORIENTED_EDGE('',*,*,#5648,.T.);
#8125=ORIENTED_EDGE('',*,*,#5645,.T.);
#8126=ORIENTED_EDGE('',*,*,#5642,.T.);
#8127=PLANE('',#9138);
#8128=PLANE('',#9139);
#8129=PLANE('',#9140);
#8130=PLANE('',#9141);
#8131=PLANE('',#9142);
#8132=PLANE('',#9143);
#8133=PLANE('',#9144);
#8134=PLANE('',#9145);
#8135=PLANE('',#9146);
#8136=PLANE('',#9147);
#8137=PLANE('',#9148);
#8138=PLANE('',#9149);
#8139=PLANE('',#9150);
#8140=PLANE('',#9154);
#8141=PLANE('',#9158);
#8142=PLANE('',#9159);
#8143=PLANE('',#9160);
#8144=PLANE('',#9161);
#8145=PLANE('',#9162);
#8146=PLANE('',#9163);
#8147=PLANE('',#9164);
#8148=PLANE('',#9165);
#8149=PLANE('',#9166);
#8150=PLANE('',#9167);
#8151=PLANE('',#9168);
#8152=PLANE('',#9169);
#8153=PLANE('',#9170);
#8154=PLANE('',#9171);
#8155=PLANE('',#9172);
#8156=PLANE('',#9173);
#8157=PLANE('',#9174);
#8158=PLANE('',#9175);
#8159=PLANE('',#9176);
#8160=PLANE('',#9177);
#8161=PLANE('',#9178);
#8162=PLANE('',#9179);
#8163=PLANE('',#9180);
#8164=PLANE('',#9181);
#8165=PLANE('',#9182);
#8166=PLANE('',#9183);
#8167=PLANE('',#9184);
#8168=PLANE('',#9185);
#8169=PLANE('',#9186);
#8170=PLANE('',#9187);
#8171=PLANE('',#9188);
#8172=PLANE('',#9189);
#8173=PLANE('',#9190);
#8174=PLANE('',#9191);
#8175=PLANE('',#9192);
#8176=PLANE('',#9193);
#8177=PLANE('',#9194);
#8178=PLANE('',#9195);
#8179=PLANE('',#9196);
#8180=PLANE('',#9197);
#8181=PLANE('',#9198);
#8182=PLANE('',#9199);
#8183=PLANE('',#9200);
#8184=PLANE('',#9201);
#8185=PLANE('',#9202);
#8186=PLANE('',#9203);
#8187=PLANE('',#9204);
#8188=PLANE('',#9205);
#8189=PLANE('',#9206);
#8190=PLANE('',#9207);
#8191=PLANE('',#9208);
#8192=PLANE('',#9209);
#8193=PLANE('',#9210);
#8194=PLANE('',#9211);
#8195=PLANE('',#9212);
#8196=PLANE('',#9213);
#8197=PLANE('',#9214);
#8198=PLANE('',#9215);
#8199=PLANE('',#9216);
#8200=PLANE('',#9217);
#8201=PLANE('',#9218);
#8202=PLANE('',#9219);
#8203=PLANE('',#9220);
#8204=PLANE('',#9221);
#8205=PLANE('',#9222);
#8206=PLANE('',#9223);
#8207=PLANE('',#9224);
#8208=PLANE('',#9225);
#8209=PLANE('',#9226);
#8210=PLANE('',#9227);
#8211=PLANE('',#9228);
#8212=PLANE('',#9229);
#8213=PLANE('',#9230);
#8214=PLANE('',#9231);
#8215=PLANE('',#9232);
#8216=PLANE('',#9233);
#8217=PLANE('',#9234);
#8218=PLANE('',#9235);
#8219=PLANE('',#9236);
#8220=PLANE('',#9237);
#8221=PLANE('',#9238);
#8222=PLANE('',#9239);
#8223=PLANE('',#9240);
#8224=PLANE('',#9241);
#8225=PLANE('',#9242);
#8226=PLANE('',#9243);
#8227=PLANE('',#9244);
#8228=PLANE('',#9245);
#8229=PLANE('',#9246);
#8230=PLANE('',#9247);
#8231=PLANE('',#9248);
#8232=PLANE('',#9249);
#8233=PLANE('',#9250);
#8234=PLANE('',#9251);
#8235=PLANE('',#9252);
#8236=PLANE('',#9253);
#8237=PLANE('',#9254);
#8238=PLANE('',#9255);
#8239=PLANE('',#9256);
#8240=PLANE('',#9257);
#8241=PLANE('',#9258);
#8242=PLANE('',#9259);
#8243=PLANE('',#9260);
#8244=PLANE('',#9261);
#8245=PLANE('',#9262);
#8246=PLANE('',#9263);
#8247=PLANE('',#9264);
#8248=PLANE('',#9265);
#8249=PLANE('',#9266);
#8250=PLANE('',#9267);
#8251=PLANE('',#9268);
#8252=PLANE('',#9269);
#8253=PLANE('',#9270);
#8254=PLANE('',#9271);
#8255=PLANE('',#9272);
#8256=PLANE('',#9273);
#8257=PLANE('',#9274);
#8258=PLANE('',#9275);
#8259=PLANE('',#9276);
#8260=PLANE('',#9277);
#8261=PLANE('',#9278);
#8262=PLANE('',#9279);
#8263=PLANE('',#9280);
#8264=PLANE('',#9281);
#8265=PLANE('',#9282);
#8266=PLANE('',#9283);
#8267=PLANE('',#9284);
#8268=PLANE('',#9285);
#8269=PLANE('',#9286);
#8270=PLANE('',#9287);
#8271=PLANE('',#9288);
#8272=PLANE('',#9289);
#8273=PLANE('',#9290);
#8274=PLANE('',#9291);
#8275=PLANE('',#9292);
#8276=PLANE('',#9293);
#8277=PLANE('',#9294);
#8278=PLANE('',#9295);
#8279=PLANE('',#9296);
#8280=PLANE('',#9297);
#8281=PLANE('',#9298);
#8282=PLANE('',#9299);
#8283=PLANE('',#9300);
#8284=PLANE('',#9301);
#8285=PLANE('',#9302);
#8286=PLANE('',#9303);
#8287=PLANE('',#9304);
#8288=PLANE('',#9305);
#8289=PLANE('',#9306);
#8290=PLANE('',#9307);
#8291=PLANE('',#9308);
#8292=PLANE('',#9309);
#8293=PLANE('',#9310);
#8294=PLANE('',#9311);
#8295=PLANE('',#9312);
#8296=PLANE('',#9313);
#8297=PLANE('',#9314);
#8298=PLANE('',#9315);
#8299=PLANE('',#9316);
#8300=PLANE('',#9317);
#8301=PLANE('',#9318);
#8302=PLANE('',#9319);
#8303=PLANE('',#9320);
#8304=PLANE('',#9321);
#8305=PLANE('',#9322);
#8306=PLANE('',#9323);
#8307=PLANE('',#9324);
#8308=PLANE('',#9325);
#8309=PLANE('',#9326);
#8310=PLANE('',#9327);
#8311=PLANE('',#9328);
#8312=PLANE('',#9329);
#8313=PLANE('',#9330);
#8314=PLANE('',#9331);
#8315=PLANE('',#9332);
#8316=PLANE('',#9333);
#8317=PLANE('',#9334);
#8318=PLANE('',#9335);
#8319=PLANE('',#9336);
#8320=PLANE('',#9337);
#8321=PLANE('',#9338);
#8322=PLANE('',#9339);
#8323=PLANE('',#9340);
#8324=PLANE('',#9341);
#8325=PLANE('',#9342);
#8326=PLANE('',#9343);
#8327=PLANE('',#9344);
#8328=PLANE('',#9345);
#8329=PLANE('',#9346);
#8330=PLANE('',#9347);
#8331=PLANE('',#9348);
#8332=PLANE('',#9349);
#8333=PLANE('',#9350);
#8334=PLANE('',#9351);
#8335=PLANE('',#9352);
#8336=PLANE('',#9353);
#8337=PLANE('',#9354);
#8338=PLANE('',#9355);
#8339=PLANE('',#9356);
#8340=PLANE('',#9357);
#8341=PLANE('',#9358);
#8342=PLANE('',#9359);
#8343=PLANE('',#9360);
#8344=PLANE('',#9361);
#8345=PLANE('',#9362);
#8346=PLANE('',#9363);
#8347=PLANE('',#9364);
#8348=PLANE('',#9365);
#8349=PLANE('',#9366);
#8350=PLANE('',#9367);
#8351=PLANE('',#9368);
#8352=PLANE('',#9369);
#8353=PLANE('',#9370);
#8354=PLANE('',#9371);
#8355=PLANE('',#9372);
#8356=PLANE('',#9373);
#8357=PLANE('',#9374);
#8358=PLANE('',#9375);
#8359=PLANE('',#9376);
#8360=PLANE('',#9377);
#8361=PLANE('',#9378);
#8362=PLANE('',#9379);
#8363=PLANE('',#9380);
#8364=PLANE('',#9381);
#8365=PLANE('',#9382);
#8366=PLANE('',#9383);
#8367=PLANE('',#9384);
#8368=PLANE('',#9385);
#8369=PLANE('',#9386);
#8370=PLANE('',#9387);
#8371=PLANE('',#9388);
#8372=PLANE('',#9389);
#8373=PLANE('',#9390);
#8374=PLANE('',#9391);
#8375=PLANE('',#9392);
#8376=PLANE('',#9393);
#8377=PLANE('',#9394);
#8378=PLANE('',#9395);
#8379=PLANE('',#9396);
#8380=PLANE('',#9397);
#8381=PLANE('',#9398);
#8382=PLANE('',#9399);
#8383=PLANE('',#9400);
#8384=PLANE('',#9401);
#8385=PLANE('',#9402);
#8386=PLANE('',#9403);
#8387=PLANE('',#9404);
#8388=PLANE('',#9405);
#8389=PLANE('',#9406);
#8390=PLANE('',#9407);
#8391=PLANE('',#9408);
#8392=PLANE('',#9409);
#8393=PLANE('',#9410);
#8394=PLANE('',#9411);
#8395=PLANE('',#9412);
#8396=PLANE('',#9413);
#8397=PLANE('',#9414);
#8398=PLANE('',#9415);
#8399=PLANE('',#9416);
#8400=PLANE('',#9417);
#8401=PLANE('',#9418);
#8402=PLANE('',#9419);
#8403=PLANE('',#9420);
#8404=PLANE('',#9421);
#8405=PLANE('',#9422);
#8406=PLANE('',#9423);
#8407=PLANE('',#9424);
#8408=PLANE('',#9425);
#8409=PLANE('',#9426);
#8410=PLANE('',#9427);
#8411=PLANE('',#9428);
#8412=PLANE('',#9429);
#8413=PLANE('',#9430);
#8414=PLANE('',#9431);
#8415=PLANE('',#9432);
#8416=PLANE('',#9433);
#8417=PLANE('',#9434);
#8418=PLANE('',#9435);
#8419=PLANE('',#9436);
#8420=PLANE('',#9437);
#8421=PLANE('',#9438);
#8422=PLANE('',#9439);
#8423=PLANE('',#9440);
#8424=PLANE('',#9441);
#8425=PLANE('',#9442);
#8426=PLANE('',#9443);
#8427=PLANE('',#9444);
#8428=PLANE('',#9445);
#8429=PLANE('',#9446);
#8430=PLANE('',#9447);
#8431=PLANE('',#9448);
#8432=PLANE('',#9449);
#8433=PLANE('',#9450);
#8434=PLANE('',#9451);
#8435=PLANE('',#9452);
#8436=PLANE('',#9453);
#8437=PLANE('',#9454);
#8438=PLANE('',#9455);
#8439=PLANE('',#9456);
#8440=PLANE('',#9457);
#8441=PLANE('',#9458);
#8442=PLANE('',#9459);
#8443=PLANE('',#9460);
#8444=PLANE('',#9461);
#8445=PLANE('',#9462);
#8446=PLANE('',#9463);
#8447=PLANE('',#9464);
#8448=PLANE('',#9465);
#8449=PLANE('',#9466);
#8450=PLANE('',#9467);
#8451=PLANE('',#9468);
#8452=PLANE('',#9469);
#8453=PLANE('',#9470);
#8454=PLANE('',#9471);
#8455=PLANE('',#9472);
#8456=PLANE('',#9473);
#8457=PLANE('',#9474);
#8458=PLANE('',#9475);
#8459=PLANE('',#9476);
#8460=PLANE('',#9477);
#8461=PLANE('',#9478);
#8462=PLANE('',#9479);
#8463=PLANE('',#9480);
#8464=PLANE('',#9481);
#8465=PLANE('',#9482);
#8466=PLANE('',#9483);
#8467=PLANE('',#9484);
#8468=PLANE('',#9485);
#8469=PLANE('',#9486);
#8470=PLANE('',#9487);
#8471=PLANE('',#9488);
#8472=PLANE('',#9489);
#8473=PLANE('',#9490);
#8474=PLANE('',#9491);
#8475=PLANE('',#9492);
#8476=PLANE('',#9493);
#8477=PLANE('',#9494);
#8478=PLANE('',#9495);
#8479=PLANE('',#9496);
#8480=PLANE('',#9497);
#8481=PLANE('',#9498);
#8482=PLANE('',#9499);
#8483=PLANE('',#9500);
#8484=PLANE('',#9501);
#8485=PLANE('',#9502);
#8486=PLANE('',#9503);
#8487=PLANE('',#9504);
#8488=PLANE('',#9505);
#8489=PLANE('',#9506);
#8490=PLANE('',#9507);
#8491=PLANE('',#9508);
#8492=PLANE('',#9509);
#8493=PLANE('',#9510);
#8494=PLANE('',#9511);
#8495=PLANE('',#9512);
#8496=PLANE('',#9513);
#8497=PLANE('',#9514);
#8498=PLANE('',#9515);
#8499=PLANE('',#9516);
#8500=PLANE('',#9517);
#8501=PLANE('',#9518);
#8502=PLANE('',#9519);
#8503=PLANE('',#9520);
#8504=PLANE('',#9521);
#8505=PLANE('',#9522);
#8506=PLANE('',#9523);
#8507=PLANE('',#9524);
#8508=PLANE('',#9525);
#8509=PLANE('',#9526);
#8510=PLANE('',#9527);
#8511=PLANE('',#9528);
#8512=PLANE('',#9529);
#8513=PLANE('',#9530);
#8514=PLANE('',#9531);
#8515=PLANE('',#9532);
#8516=PLANE('',#9533);
#8517=PLANE('',#9534);
#8518=PLANE('',#9535);
#8519=PLANE('',#9536);
#8520=PLANE('',#9537);
#8521=PLANE('',#9538);
#8522=PLANE('',#9539);
#8523=PLANE('',#9540);
#8524=PLANE('',#9541);
#8525=PLANE('',#9542);
#8526=PLANE('',#9543);
#8527=PLANE('',#9544);
#8528=PLANE('',#9545);
#8529=PLANE('',#9546);
#8530=PLANE('',#9547);
#8531=PLANE('',#9548);
#8532=PLANE('',#9549);
#8533=PLANE('',#9550);
#8534=PLANE('',#9551);
#8535=PLANE('',#9552);
#8536=PLANE('',#9553);
#8537=PLANE('',#9554);
#8538=PLANE('',#9555);
#8539=PLANE('',#9556);
#8540=PLANE('',#9557);
#8541=PLANE('',#9558);
#8542=PLANE('',#9559);
#8543=PLANE('',#9560);
#8544=PLANE('',#9561);
#8545=PLANE('',#9562);
#8546=PLANE('',#9563);
#8547=PLANE('',#9564);
#8548=PLANE('',#9565);
#8549=PLANE('',#9566);
#8550=PLANE('',#9567);
#8551=PLANE('',#9568);
#8552=PLANE('',#9569);
#8553=PLANE('',#9570);
#8554=PLANE('',#9571);
#8555=PLANE('',#9572);
#8556=PLANE('',#9573);
#8557=PLANE('',#9574);
#8558=PLANE('',#9575);
#8559=PLANE('',#9576);
#8560=PLANE('',#9577);
#8561=PLANE('',#9578);
#8562=PLANE('',#9579);
#8563=PLANE('',#9580);
#8564=PLANE('',#9581);
#8565=PLANE('',#9582);
#8566=PLANE('',#9583);
#8567=PLANE('',#9584);
#8568=PLANE('',#9585);
#8569=PLANE('',#9586);
#8570=PLANE('',#9587);
#8571=PLANE('',#9588);
#8572=PLANE('',#9589);
#8573=PLANE('',#9590);
#8574=PLANE('',#9591);
#8575=PLANE('',#9592);
#8576=PLANE('',#9593);
#8577=PLANE('',#9594);
#8578=PLANE('',#9595);
#8579=PLANE('',#9596);
#8580=PLANE('',#9597);
#8581=PLANE('',#9598);
#8582=PLANE('',#9599);
#8583=PLANE('',#9600);
#8584=PLANE('',#9601);
#8585=PLANE('',#9602);
#8586=PLANE('',#9603);
#8587=PLANE('',#9604);
#8588=PLANE('',#9605);
#8589=PLANE('',#9606);
#8590=PLANE('',#9607);
#8591=PLANE('',#9608);
#8592=PLANE('',#9610);
#8593=PLANE('',#9611);
#8594=PLANE('',#9612);
#8595=PLANE('',#9613);
#8596=PLANE('',#9614);
#8597=PLANE('',#9615);
#8598=PLANE('',#9616);
#8599=PLANE('',#9617);
#8600=PLANE('',#9618);
#8601=PLANE('',#9619);
#8602=PLANE('',#9620);
#8603=PLANE('',#9621);
#8604=PLANE('',#9622);
#8605=PLANE('',#9623);
#8606=PLANE('',#9624);
#8607=PLANE('',#9625);
#8608=PLANE('',#9626);
#8609=PLANE('',#9627);
#8610=PLANE('',#9628);
#8611=PLANE('',#9629);
#8612=PLANE('',#9630);
#8613=PLANE('',#9631);
#8614=PLANE('',#9645);
#8615=PLANE('',#9649);
#8616=PLANE('',#9653);
#8617=PLANE('',#9657);
#8618=PLANE('',#9661);
#8619=PLANE('',#9662);
#8620=ADVANCED_FACE('',(#148),#8127,.T.);
#8621=ADVANCED_FACE('',(#149),#8128,.T.);
#8622=ADVANCED_FACE('',(#150),#8129,.T.);
#8623=ADVANCED_FACE('',(#151),#8130,.T.);
#8624=ADVANCED_FACE('',(#152),#8131,.T.);
#8625=ADVANCED_FACE('',(#153),#8132,.T.);
#8626=ADVANCED_FACE('',(#154),#8133,.T.);
#8627=ADVANCED_FACE('',(#155),#8134,.T.);
#8628=ADVANCED_FACE('',(#156),#8135,.T.);
#8629=ADVANCED_FACE('',(#157),#8136,.T.);
#8630=ADVANCED_FACE('',(#158),#8137,.T.);
#8631=ADVANCED_FACE('',(#159),#8138,.T.);
#8632=ADVANCED_FACE('',(#160),#8139,.T.);
#8633=ADVANCED_FACE('',(#161),#138,.T.);
#8634=ADVANCED_FACE('',(#162),#8140,.T.);
#8635=ADVANCED_FACE('',(#163),#139,.T.);
#8636=ADVANCED_FACE('',(#164),#8141,.T.);
#8637=ADVANCED_FACE('',(#165),#8142,.F.);
#8638=ADVANCED_FACE('',(#166),#8143,.T.);
#8639=ADVANCED_FACE('',(#167),#8144,.T.);
#8640=ADVANCED_FACE('',(#168),#8145,.T.);
#8641=ADVANCED_FACE('',(#169),#8146,.T.);
#8642=ADVANCED_FACE('',(#170),#8147,.T.);
#8643=ADVANCED_FACE('',(#171),#8148,.T.);
#8644=ADVANCED_FACE('',(#172),#8149,.T.);
#8645=ADVANCED_FACE('',(#173),#8150,.T.);
#8646=ADVANCED_FACE('',(#174),#8151,.T.);
#8647=ADVANCED_FACE('',(#175),#8152,.T.);
#8648=ADVANCED_FACE('',(#176),#8153,.T.);
#8649=ADVANCED_FACE('',(#177),#8154,.T.);
#8650=ADVANCED_FACE('',(#178),#8155,.T.);
#8651=ADVANCED_FACE('',(#179),#8156,.T.);
#8652=ADVANCED_FACE('',(#180),#8157,.T.);
#8653=ADVANCED_FACE('',(#181),#8158,.T.);
#8654=ADVANCED_FACE('',(#182),#8159,.T.);
#8655=ADVANCED_FACE('',(#183),#8160,.T.);
#8656=ADVANCED_FACE('',(#184),#8161,.T.);
#8657=ADVANCED_FACE('',(#185),#8162,.T.);
#8658=ADVANCED_FACE('',(#186),#8163,.T.);
#8659=ADVANCED_FACE('',(#187),#8164,.T.);
#8660=ADVANCED_FACE('',(#188),#8165,.T.);
#8661=ADVANCED_FACE('',(#189),#8166,.T.);
#8662=ADVANCED_FACE('',(#190),#8167,.T.);
#8663=ADVANCED_FACE('',(#191),#8168,.T.);
#8664=ADVANCED_FACE('',(#192),#8169,.T.);
#8665=ADVANCED_FACE('',(#193),#8170,.T.);
#8666=ADVANCED_FACE('',(#194),#8171,.T.);
#8667=ADVANCED_FACE('',(#195),#8172,.T.);
#8668=ADVANCED_FACE('',(#196),#8173,.T.);
#8669=ADVANCED_FACE('',(#197),#8174,.T.);
#8670=ADVANCED_FACE('',(#198),#8175,.T.);
#8671=ADVANCED_FACE('',(#199),#8176,.T.);
#8672=ADVANCED_FACE('',(#200),#8177,.T.);
#8673=ADVANCED_FACE('',(#201),#8178,.T.);
#8674=ADVANCED_FACE('',(#202),#8179,.T.);
#8675=ADVANCED_FACE('',(#203),#8180,.T.);
#8676=ADVANCED_FACE('',(#204),#8181,.T.);
#8677=ADVANCED_FACE('',(#205),#8182,.T.);
#8678=ADVANCED_FACE('',(#206),#8183,.T.);
#8679=ADVANCED_FACE('',(#207),#8184,.T.);
#8680=ADVANCED_FACE('',(#208),#8185,.T.);
#8681=ADVANCED_FACE('',(#209),#8186,.T.);
#8682=ADVANCED_FACE('',(#210),#8187,.T.);
#8683=ADVANCED_FACE('',(#211),#8188,.T.);
#8684=ADVANCED_FACE('',(#212),#8189,.T.);
#8685=ADVANCED_FACE('',(#213),#8190,.T.);
#8686=ADVANCED_FACE('',(#214),#8191,.T.);
#8687=ADVANCED_FACE('',(#215),#8192,.T.);
#8688=ADVANCED_FACE('',(#216),#8193,.T.);
#8689=ADVANCED_FACE('',(#217),#8194,.T.);
#8690=ADVANCED_FACE('',(#218),#8195,.T.);
#8691=ADVANCED_FACE('',(#219),#8196,.T.);
#8692=ADVANCED_FACE('',(#220),#8197,.T.);
#8693=ADVANCED_FACE('',(#221),#8198,.T.);
#8694=ADVANCED_FACE('',(#222),#8199,.T.);
#8695=ADVANCED_FACE('',(#223),#8200,.T.);
#8696=ADVANCED_FACE('',(#224),#8201,.T.);
#8697=ADVANCED_FACE('',(#225),#8202,.T.);
#8698=ADVANCED_FACE('',(#226),#8203,.T.);
#8699=ADVANCED_FACE('',(#227),#8204,.T.);
#8700=ADVANCED_FACE('',(#228),#8205,.T.);
#8701=ADVANCED_FACE('',(#229),#8206,.T.);
#8702=ADVANCED_FACE('',(#230),#8207,.T.);
#8703=ADVANCED_FACE('',(#231),#8208,.T.);
#8704=ADVANCED_FACE('',(#232),#8209,.T.);
#8705=ADVANCED_FACE('',(#233),#8210,.T.);
#8706=ADVANCED_FACE('',(#234),#8211,.T.);
#8707=ADVANCED_FACE('',(#235),#8212,.T.);
#8708=ADVANCED_FACE('',(#236),#8213,.T.);
#8709=ADVANCED_FACE('',(#237),#8214,.T.);
#8710=ADVANCED_FACE('',(#238),#8215,.T.);
#8711=ADVANCED_FACE('',(#239),#8216,.T.);
#8712=ADVANCED_FACE('',(#240),#8217,.T.);
#8713=ADVANCED_FACE('',(#241),#8218,.T.);
#8714=ADVANCED_FACE('',(#242),#8219,.T.);
#8715=ADVANCED_FACE('',(#243),#8220,.T.);
#8716=ADVANCED_FACE('',(#244),#8221,.T.);
#8717=ADVANCED_FACE('',(#245),#8222,.T.);
#8718=ADVANCED_FACE('',(#246),#8223,.T.);
#8719=ADVANCED_FACE('',(#247),#8224,.T.);
#8720=ADVANCED_FACE('',(#248),#8225,.T.);
#8721=ADVANCED_FACE('',(#249),#8226,.T.);
#8722=ADVANCED_FACE('',(#250),#8227,.T.);
#8723=ADVANCED_FACE('',(#251),#8228,.T.);
#8724=ADVANCED_FACE('',(#252),#8229,.T.);
#8725=ADVANCED_FACE('',(#253),#8230,.T.);
#8726=ADVANCED_FACE('',(#254),#8231,.T.);
#8727=ADVANCED_FACE('',(#255),#8232,.T.);
#8728=ADVANCED_FACE('',(#256),#8233,.T.);
#8729=ADVANCED_FACE('',(#257),#8234,.T.);
#8730=ADVANCED_FACE('',(#258),#8235,.T.);
#8731=ADVANCED_FACE('',(#259),#8236,.T.);
#8732=ADVANCED_FACE('',(#260),#8237,.T.);
#8733=ADVANCED_FACE('',(#261),#8238,.T.);
#8734=ADVANCED_FACE('',(#262),#8239,.T.);
#8735=ADVANCED_FACE('',(#263),#8240,.T.);
#8736=ADVANCED_FACE('',(#264),#8241,.T.);
#8737=ADVANCED_FACE('',(#265),#8242,.T.);
#8738=ADVANCED_FACE('',(#266),#8243,.T.);
#8739=ADVANCED_FACE('',(#267),#8244,.T.);
#8740=ADVANCED_FACE('',(#268),#8245,.T.);
#8741=ADVANCED_FACE('',(#269),#8246,.T.);
#8742=ADVANCED_FACE('',(#270),#8247,.T.);
#8743=ADVANCED_FACE('',(#271),#8248,.T.);
#8744=ADVANCED_FACE('',(#272),#8249,.T.);
#8745=ADVANCED_FACE('',(#273),#8250,.T.);
#8746=ADVANCED_FACE('',(#274),#8251,.T.);
#8747=ADVANCED_FACE('',(#275),#8252,.T.);
#8748=ADVANCED_FACE('',(#276),#8253,.T.);
#8749=ADVANCED_FACE('',(#277),#8254,.T.);
#8750=ADVANCED_FACE('',(#278),#8255,.T.);
#8751=ADVANCED_FACE('',(#279),#8256,.T.);
#8752=ADVANCED_FACE('',(#280),#8257,.T.);
#8753=ADVANCED_FACE('',(#281),#8258,.T.);
#8754=ADVANCED_FACE('',(#282),#8259,.T.);
#8755=ADVANCED_FACE('',(#283),#8260,.T.);
#8756=ADVANCED_FACE('',(#284),#8261,.T.);
#8757=ADVANCED_FACE('',(#285),#8262,.T.);
#8758=ADVANCED_FACE('',(#286),#8263,.T.);
#8759=ADVANCED_FACE('',(#287),#8264,.T.);
#8760=ADVANCED_FACE('',(#288),#8265,.T.);
#8761=ADVANCED_FACE('',(#289),#8266,.T.);
#8762=ADVANCED_FACE('',(#290),#8267,.T.);
#8763=ADVANCED_FACE('',(#291),#8268,.T.);
#8764=ADVANCED_FACE('',(#292),#8269,.T.);
#8765=ADVANCED_FACE('',(#293),#8270,.T.);
#8766=ADVANCED_FACE('',(#294),#8271,.T.);
#8767=ADVANCED_FACE('',(#295),#8272,.T.);
#8768=ADVANCED_FACE('',(#296),#8273,.T.);
#8769=ADVANCED_FACE('',(#297),#8274,.T.);
#8770=ADVANCED_FACE('',(#298),#8275,.T.);
#8771=ADVANCED_FACE('',(#299),#8276,.T.);
#8772=ADVANCED_FACE('',(#300),#8277,.T.);
#8773=ADVANCED_FACE('',(#301),#8278,.T.);
#8774=ADVANCED_FACE('',(#302),#8279,.T.);
#8775=ADVANCED_FACE('',(#303),#8280,.T.);
#8776=ADVANCED_FACE('',(#304),#8281,.T.);
#8777=ADVANCED_FACE('',(#305),#8282,.T.);
#8778=ADVANCED_FACE('',(#306),#8283,.T.);
#8779=ADVANCED_FACE('',(#307),#8284,.T.);
#8780=ADVANCED_FACE('',(#308),#8285,.T.);
#8781=ADVANCED_FACE('',(#309),#8286,.T.);
#8782=ADVANCED_FACE('',(#310),#8287,.T.);
#8783=ADVANCED_FACE('',(#311),#8288,.T.);
#8784=ADVANCED_FACE('',(#312),#8289,.T.);
#8785=ADVANCED_FACE('',(#313),#8290,.T.);
#8786=ADVANCED_FACE('',(#314),#8291,.T.);
#8787=ADVANCED_FACE('',(#315),#8292,.T.);
#8788=ADVANCED_FACE('',(#316),#8293,.T.);
#8789=ADVANCED_FACE('',(#317),#8294,.T.);
#8790=ADVANCED_FACE('',(#318),#8295,.T.);
#8791=ADVANCED_FACE('',(#319),#8296,.T.);
#8792=ADVANCED_FACE('',(#320),#8297,.T.);
#8793=ADVANCED_FACE('',(#321),#8298,.T.);
#8794=ADVANCED_FACE('',(#322),#8299,.T.);
#8795=ADVANCED_FACE('',(#323),#8300,.T.);
#8796=ADVANCED_FACE('',(#324),#8301,.T.);
#8797=ADVANCED_FACE('',(#325),#8302,.T.);
#8798=ADVANCED_FACE('',(#326),#8303,.T.);
#8799=ADVANCED_FACE('',(#327),#8304,.T.);
#8800=ADVANCED_FACE('',(#328),#8305,.T.);
#8801=ADVANCED_FACE('',(#329),#8306,.T.);
#8802=ADVANCED_FACE('',(#330),#8307,.T.);
#8803=ADVANCED_FACE('',(#331),#8308,.T.);
#8804=ADVANCED_FACE('',(#332),#8309,.T.);
#8805=ADVANCED_FACE('',(#333),#8310,.T.);
#8806=ADVANCED_FACE('',(#334),#8311,.T.);
#8807=ADVANCED_FACE('',(#335),#8312,.T.);
#8808=ADVANCED_FACE('',(#336),#8313,.T.);
#8809=ADVANCED_FACE('',(#337),#8314,.T.);
#8810=ADVANCED_FACE('',(#338),#8315,.T.);
#8811=ADVANCED_FACE('',(#339),#8316,.T.);
#8812=ADVANCED_FACE('',(#340),#8317,.T.);
#8813=ADVANCED_FACE('',(#341),#8318,.T.);
#8814=ADVANCED_FACE('',(#342),#8319,.T.);
#8815=ADVANCED_FACE('',(#343),#8320,.T.);
#8816=ADVANCED_FACE('',(#344),#8321,.T.);
#8817=ADVANCED_FACE('',(#345),#8322,.T.);
#8818=ADVANCED_FACE('',(#346),#8323,.T.);
#8819=ADVANCED_FACE('',(#347),#8324,.T.);
#8820=ADVANCED_FACE('',(#348),#8325,.T.);
#8821=ADVANCED_FACE('',(#349),#8326,.T.);
#8822=ADVANCED_FACE('',(#350),#8327,.T.);
#8823=ADVANCED_FACE('',(#351),#8328,.T.);
#8824=ADVANCED_FACE('',(#352),#8329,.T.);
#8825=ADVANCED_FACE('',(#353),#8330,.T.);
#8826=ADVANCED_FACE('',(#354),#8331,.T.);
#8827=ADVANCED_FACE('',(#355),#8332,.T.);
#8828=ADVANCED_FACE('',(#356),#8333,.T.);
#8829=ADVANCED_FACE('',(#357),#8334,.T.);
#8830=ADVANCED_FACE('',(#358),#8335,.T.);
#8831=ADVANCED_FACE('',(#359),#8336,.T.);
#8832=ADVANCED_FACE('',(#360),#8337,.T.);
#8833=ADVANCED_FACE('',(#361),#8338,.T.);
#8834=ADVANCED_FACE('',(#362),#8339,.T.);
#8835=ADVANCED_FACE('',(#363),#8340,.T.);
#8836=ADVANCED_FACE('',(#364),#8341,.T.);
#8837=ADVANCED_FACE('',(#365),#8342,.T.);
#8838=ADVANCED_FACE('',(#366),#8343,.T.);
#8839=ADVANCED_FACE('',(#367),#8344,.T.);
#8840=ADVANCED_FACE('',(#368),#8345,.T.);
#8841=ADVANCED_FACE('',(#369),#8346,.T.);
#8842=ADVANCED_FACE('',(#370),#8347,.T.);
#8843=ADVANCED_FACE('',(#371),#8348,.T.);
#8844=ADVANCED_FACE('',(#372),#8349,.T.);
#8845=ADVANCED_FACE('',(#373),#8350,.T.);
#8846=ADVANCED_FACE('',(#374),#8351,.T.);
#8847=ADVANCED_FACE('',(#375),#8352,.T.);
#8848=ADVANCED_FACE('',(#376),#8353,.T.);
#8849=ADVANCED_FACE('',(#377),#8354,.T.);
#8850=ADVANCED_FACE('',(#378),#8355,.T.);
#8851=ADVANCED_FACE('',(#379),#8356,.T.);
#8852=ADVANCED_FACE('',(#380),#8357,.T.);
#8853=ADVANCED_FACE('',(#381),#8358,.T.);
#8854=ADVANCED_FACE('',(#382),#8359,.T.);
#8855=ADVANCED_FACE('',(#383),#8360,.T.);
#8856=ADVANCED_FACE('',(#384),#8361,.T.);
#8857=ADVANCED_FACE('',(#385),#8362,.T.);
#8858=ADVANCED_FACE('',(#386),#8363,.T.);
#8859=ADVANCED_FACE('',(#387),#8364,.T.);
#8860=ADVANCED_FACE('',(#388),#8365,.T.);
#8861=ADVANCED_FACE('',(#389),#8366,.T.);
#8862=ADVANCED_FACE('',(#390),#8367,.T.);
#8863=ADVANCED_FACE('',(#391),#8368,.T.);
#8864=ADVANCED_FACE('',(#392),#8369,.T.);
#8865=ADVANCED_FACE('',(#393),#8370,.T.);
#8866=ADVANCED_FACE('',(#394),#8371,.T.);
#8867=ADVANCED_FACE('',(#395),#8372,.T.);
#8868=ADVANCED_FACE('',(#396),#8373,.T.);
#8869=ADVANCED_FACE('',(#397),#8374,.T.);
#8870=ADVANCED_FACE('',(#398),#8375,.T.);
#8871=ADVANCED_FACE('',(#399),#8376,.T.);
#8872=ADVANCED_FACE('',(#400),#8377,.T.);
#8873=ADVANCED_FACE('',(#401),#8378,.T.);
#8874=ADVANCED_FACE('',(#402),#8379,.T.);
#8875=ADVANCED_FACE('',(#403),#8380,.T.);
#8876=ADVANCED_FACE('',(#404),#8381,.T.);
#8877=ADVANCED_FACE('',(#405),#8382,.T.);
#8878=ADVANCED_FACE('',(#406),#8383,.T.);
#8879=ADVANCED_FACE('',(#407),#8384,.T.);
#8880=ADVANCED_FACE('',(#408),#8385,.T.);
#8881=ADVANCED_FACE('',(#409),#8386,.T.);
#8882=ADVANCED_FACE('',(#410),#8387,.T.);
#8883=ADVANCED_FACE('',(#411),#8388,.T.);
#8884=ADVANCED_FACE('',(#412),#8389,.T.);
#8885=ADVANCED_FACE('',(#413),#8390,.T.);
#8886=ADVANCED_FACE('',(#414),#8391,.T.);
#8887=ADVANCED_FACE('',(#415),#8392,.T.);
#8888=ADVANCED_FACE('',(#416),#8393,.T.);
#8889=ADVANCED_FACE('',(#417),#8394,.T.);
#8890=ADVANCED_FACE('',(#418),#8395,.T.);
#8891=ADVANCED_FACE('',(#419),#8396,.T.);
#8892=ADVANCED_FACE('',(#420),#8397,.T.);
#8893=ADVANCED_FACE('',(#421),#8398,.T.);
#8894=ADVANCED_FACE('',(#422),#8399,.T.);
#8895=ADVANCED_FACE('',(#423),#8400,.T.);
#8896=ADVANCED_FACE('',(#424),#8401,.T.);
#8897=ADVANCED_FACE('',(#425),#8402,.T.);
#8898=ADVANCED_FACE('',(#426),#8403,.T.);
#8899=ADVANCED_FACE('',(#427),#8404,.T.);
#8900=ADVANCED_FACE('',(#428),#8405,.T.);
#8901=ADVANCED_FACE('',(#429),#8406,.T.);
#8902=ADVANCED_FACE('',(#430),#8407,.T.);
#8903=ADVANCED_FACE('',(#431),#8408,.T.);
#8904=ADVANCED_FACE('',(#432),#8409,.T.);
#8905=ADVANCED_FACE('',(#433),#8410,.T.);
#8906=ADVANCED_FACE('',(#434),#8411,.T.);
#8907=ADVANCED_FACE('',(#435),#8412,.T.);
#8908=ADVANCED_FACE('',(#436),#8413,.T.);
#8909=ADVANCED_FACE('',(#437),#8414,.T.);
#8910=ADVANCED_FACE('',(#438),#8415,.T.);
#8911=ADVANCED_FACE('',(#439),#8416,.T.);
#8912=ADVANCED_FACE('',(#440),#8417,.T.);
#8913=ADVANCED_FACE('',(#441),#8418,.T.);
#8914=ADVANCED_FACE('',(#442),#8419,.T.);
#8915=ADVANCED_FACE('',(#443),#8420,.T.);
#8916=ADVANCED_FACE('',(#444),#8421,.T.);
#8917=ADVANCED_FACE('',(#445),#8422,.T.);
#8918=ADVANCED_FACE('',(#446),#8423,.T.);
#8919=ADVANCED_FACE('',(#447),#8424,.T.);
#8920=ADVANCED_FACE('',(#448),#8425,.T.);
#8921=ADVANCED_FACE('',(#449),#8426,.T.);
#8922=ADVANCED_FACE('',(#450),#8427,.T.);
#8923=ADVANCED_FACE('',(#451),#8428,.T.);
#8924=ADVANCED_FACE('',(#452),#8429,.T.);
#8925=ADVANCED_FACE('',(#453),#8430,.T.);
#8926=ADVANCED_FACE('',(#454),#8431,.T.);
#8927=ADVANCED_FACE('',(#455),#8432,.T.);
#8928=ADVANCED_FACE('',(#456),#8433,.T.);
#8929=ADVANCED_FACE('',(#457),#8434,.T.);
#8930=ADVANCED_FACE('',(#458),#8435,.T.);
#8931=ADVANCED_FACE('',(#459),#8436,.T.);
#8932=ADVANCED_FACE('',(#460),#8437,.T.);
#8933=ADVANCED_FACE('',(#461),#8438,.T.);
#8934=ADVANCED_FACE('',(#462),#8439,.T.);
#8935=ADVANCED_FACE('',(#463),#8440,.T.);
#8936=ADVANCED_FACE('',(#464),#8441,.T.);
#8937=ADVANCED_FACE('',(#465),#8442,.T.);
#8938=ADVANCED_FACE('',(#466),#8443,.T.);
#8939=ADVANCED_FACE('',(#467),#8444,.T.);
#8940=ADVANCED_FACE('',(#468),#8445,.T.);
#8941=ADVANCED_FACE('',(#469),#8446,.T.);
#8942=ADVANCED_FACE('',(#470),#8447,.T.);
#8943=ADVANCED_FACE('',(#471),#8448,.T.);
#8944=ADVANCED_FACE('',(#472),#8449,.T.);
#8945=ADVANCED_FACE('',(#473),#8450,.T.);
#8946=ADVANCED_FACE('',(#474),#8451,.T.);
#8947=ADVANCED_FACE('',(#475),#8452,.T.);
#8948=ADVANCED_FACE('',(#476),#8453,.T.);
#8949=ADVANCED_FACE('',(#477),#8454,.T.);
#8950=ADVANCED_FACE('',(#478),#8455,.T.);
#8951=ADVANCED_FACE('',(#479),#8456,.T.);
#8952=ADVANCED_FACE('',(#480),#8457,.T.);
#8953=ADVANCED_FACE('',(#481),#8458,.T.);
#8954=ADVANCED_FACE('',(#482),#8459,.T.);
#8955=ADVANCED_FACE('',(#483),#8460,.T.);
#8956=ADVANCED_FACE('',(#484),#8461,.T.);
#8957=ADVANCED_FACE('',(#485),#8462,.T.);
#8958=ADVANCED_FACE('',(#486),#8463,.T.);
#8959=ADVANCED_FACE('',(#487),#8464,.T.);
#8960=ADVANCED_FACE('',(#488),#8465,.T.);
#8961=ADVANCED_FACE('',(#489),#8466,.T.);
#8962=ADVANCED_FACE('',(#490),#8467,.T.);
#8963=ADVANCED_FACE('',(#491),#8468,.T.);
#8964=ADVANCED_FACE('',(#492),#8469,.T.);
#8965=ADVANCED_FACE('',(#493),#8470,.T.);
#8966=ADVANCED_FACE('',(#494),#8471,.T.);
#8967=ADVANCED_FACE('',(#495),#8472,.T.);
#8968=ADVANCED_FACE('',(#496),#8473,.T.);
#8969=ADVANCED_FACE('',(#497),#8474,.T.);
#8970=ADVANCED_FACE('',(#498),#8475,.T.);
#8971=ADVANCED_FACE('',(#499),#8476,.T.);
#8972=ADVANCED_FACE('',(#500),#8477,.T.);
#8973=ADVANCED_FACE('',(#501),#8478,.T.);
#8974=ADVANCED_FACE('',(#502),#8479,.T.);
#8975=ADVANCED_FACE('',(#503),#8480,.T.);
#8976=ADVANCED_FACE('',(#504),#8481,.T.);
#8977=ADVANCED_FACE('',(#505),#8482,.T.);
#8978=ADVANCED_FACE('',(#506),#8483,.T.);
#8979=ADVANCED_FACE('',(#507),#8484,.T.);
#8980=ADVANCED_FACE('',(#508),#8485,.T.);
#8981=ADVANCED_FACE('',(#509),#8486,.T.);
#8982=ADVANCED_FACE('',(#510),#8487,.T.);
#8983=ADVANCED_FACE('',(#511),#8488,.T.);
#8984=ADVANCED_FACE('',(#512),#8489,.T.);
#8985=ADVANCED_FACE('',(#513),#8490,.T.);
#8986=ADVANCED_FACE('',(#514),#8491,.T.);
#8987=ADVANCED_FACE('',(#515),#8492,.T.);
#8988=ADVANCED_FACE('',(#516),#8493,.T.);
#8989=ADVANCED_FACE('',(#517),#8494,.T.);
#8990=ADVANCED_FACE('',(#518),#8495,.T.);
#8991=ADVANCED_FACE('',(#519),#8496,.T.);
#8992=ADVANCED_FACE('',(#520),#8497,.T.);
#8993=ADVANCED_FACE('',(#521),#8498,.T.);
#8994=ADVANCED_FACE('',(#522),#8499,.T.);
#8995=ADVANCED_FACE('',(#523),#8500,.T.);
#8996=ADVANCED_FACE('',(#524),#8501,.T.);
#8997=ADVANCED_FACE('',(#525),#8502,.T.);
#8998=ADVANCED_FACE('',(#526),#8503,.T.);
#8999=ADVANCED_FACE('',(#527),#8504,.T.);
#9000=ADVANCED_FACE('',(#528),#8505,.T.);
#9001=ADVANCED_FACE('',(#529),#8506,.T.);
#9002=ADVANCED_FACE('',(#530),#8507,.T.);
#9003=ADVANCED_FACE('',(#531),#8508,.T.);
#9004=ADVANCED_FACE('',(#532),#8509,.T.);
#9005=ADVANCED_FACE('',(#533),#8510,.T.);
#9006=ADVANCED_FACE('',(#534),#8511,.T.);
#9007=ADVANCED_FACE('',(#535),#8512,.T.);
#9008=ADVANCED_FACE('',(#536),#8513,.T.);
#9009=ADVANCED_FACE('',(#537),#8514,.T.);
#9010=ADVANCED_FACE('',(#538),#8515,.T.);
#9011=ADVANCED_FACE('',(#539),#8516,.T.);
#9012=ADVANCED_FACE('',(#540),#8517,.T.);
#9013=ADVANCED_FACE('',(#541),#8518,.T.);
#9014=ADVANCED_FACE('',(#542),#8519,.T.);
#9015=ADVANCED_FACE('',(#543),#8520,.T.);
#9016=ADVANCED_FACE('',(#544),#8521,.T.);
#9017=ADVANCED_FACE('',(#545),#8522,.T.);
#9018=ADVANCED_FACE('',(#546),#8523,.T.);
#9019=ADVANCED_FACE('',(#547),#8524,.T.);
#9020=ADVANCED_FACE('',(#548),#8525,.T.);
#9021=ADVANCED_FACE('',(#549),#8526,.T.);
#9022=ADVANCED_FACE('',(#550),#8527,.T.);
#9023=ADVANCED_FACE('',(#551),#8528,.T.);
#9024=ADVANCED_FACE('',(#552),#8529,.T.);
#9025=ADVANCED_FACE('',(#553),#8530,.T.);
#9026=ADVANCED_FACE('',(#554),#8531,.T.);
#9027=ADVANCED_FACE('',(#555),#8532,.T.);
#9028=ADVANCED_FACE('',(#556),#8533,.T.);
#9029=ADVANCED_FACE('',(#557),#8534,.T.);
#9030=ADVANCED_FACE('',(#558),#8535,.T.);
#9031=ADVANCED_FACE('',(#559),#8536,.T.);
#9032=ADVANCED_FACE('',(#560),#8537,.T.);
#9033=ADVANCED_FACE('',(#561),#8538,.T.);
#9034=ADVANCED_FACE('',(#562),#8539,.T.);
#9035=ADVANCED_FACE('',(#563),#8540,.T.);
#9036=ADVANCED_FACE('',(#564),#8541,.T.);
#9037=ADVANCED_FACE('',(#565),#8542,.T.);
#9038=ADVANCED_FACE('',(#566),#8543,.T.);
#9039=ADVANCED_FACE('',(#567),#8544,.T.);
#9040=ADVANCED_FACE('',(#568),#8545,.T.);
#9041=ADVANCED_FACE('',(#569),#8546,.T.);
#9042=ADVANCED_FACE('',(#570),#8547,.T.);
#9043=ADVANCED_FACE('',(#571),#8548,.T.);
#9044=ADVANCED_FACE('',(#572),#8549,.T.);
#9045=ADVANCED_FACE('',(#573),#8550,.T.);
#9046=ADVANCED_FACE('',(#574),#8551,.T.);
#9047=ADVANCED_FACE('',(#575),#8552,.T.);
#9048=ADVANCED_FACE('',(#576),#8553,.T.);
#9049=ADVANCED_FACE('',(#577),#8554,.T.);
#9050=ADVANCED_FACE('',(#578),#8555,.T.);
#9051=ADVANCED_FACE('',(#579),#8556,.T.);
#9052=ADVANCED_FACE('',(#580),#8557,.T.);
#9053=ADVANCED_FACE('',(#581),#8558,.T.);
#9054=ADVANCED_FACE('',(#582),#8559,.T.);
#9055=ADVANCED_FACE('',(#583),#8560,.T.);
#9056=ADVANCED_FACE('',(#584),#8561,.T.);
#9057=ADVANCED_FACE('',(#585,#19,#20,#21,#22,#23,#24,#25,#26,#27,#28,#29,
#30,#31,#32,#33,#34,#35,#36,#37,#38,#39,#40,#41,#42,#43,#44,#45,#46,#47,
#48,#49,#50,#51,#52,#53,#54,#55,#56,#57,#58),#8562,.T.);
#9058=ADVANCED_FACE('',(#586),#8563,.T.);
#9059=ADVANCED_FACE('',(#587),#8564,.T.);
#9060=ADVANCED_FACE('',(#588),#8565,.T.);
#9061=ADVANCED_FACE('',(#589),#8566,.T.);
#9062=ADVANCED_FACE('',(#590),#8567,.T.);
#9063=ADVANCED_FACE('',(#591),#8568,.T.);
#9064=ADVANCED_FACE('',(#592),#8569,.T.);
#9065=ADVANCED_FACE('',(#593),#8570,.T.);
#9066=ADVANCED_FACE('',(#594),#8571,.T.);
#9067=ADVANCED_FACE('',(#595),#8572,.T.);
#9068=ADVANCED_FACE('',(#596),#8573,.F.);
#9069=ADVANCED_FACE('',(#597),#8574,.T.);
#9070=ADVANCED_FACE('',(#598),#8575,.T.);
#9071=ADVANCED_FACE('',(#599),#8576,.T.);
#9072=ADVANCED_FACE('',(#600),#8577,.T.);
#9073=ADVANCED_FACE('',(#601),#8578,.T.);
#9074=ADVANCED_FACE('',(#602),#8579,.F.);
#9075=ADVANCED_FACE('',(#603),#8580,.T.);
#9076=ADVANCED_FACE('',(#604),#8581,.T.);
#9077=ADVANCED_FACE('',(#605),#8582,.T.);
#9078=ADVANCED_FACE('',(#606),#8583,.T.);
#9079=ADVANCED_FACE('',(#607),#8584,.T.);
#9080=ADVANCED_FACE('',(#608),#8585,.F.);
#9081=ADVANCED_FACE('',(#609),#8586,.T.);
#9082=ADVANCED_FACE('',(#610),#8587,.T.);
#9083=ADVANCED_FACE('',(#611),#8588,.T.);
#9084=ADVANCED_FACE('',(#612),#8589,.T.);
#9085=ADVANCED_FACE('',(#613),#8590,.T.);
#9086=ADVANCED_FACE('',(#614),#8591,.F.);
#9087=ADVANCED_FACE('',(#615),#8592,.T.);
#9088=ADVANCED_FACE('',(#616),#8593,.T.);
#9089=ADVANCED_FACE('',(#617),#8594,.T.);
#9090=ADVANCED_FACE('',(#618),#8595,.T.);
#9091=ADVANCED_FACE('',(#619),#8596,.T.);
#9092=ADVANCED_FACE('',(#620),#8597,.F.);
#9093=ADVANCED_FACE('',(#621),#8598,.T.);
#9094=ADVANCED_FACE('',(#622),#8599,.T.);
#9095=ADVANCED_FACE('',(#623),#8600,.T.);
#9096=ADVANCED_FACE('',(#624),#8601,.T.);
#9097=ADVANCED_FACE('',(#625),#8602,.T.);
#9098=ADVANCED_FACE('',(#626),#8603,.T.);
#9099=ADVANCED_FACE('',(#627),#8604,.T.);
#9100=ADVANCED_FACE('',(#628),#8605,.T.);
#9101=ADVANCED_FACE('',(#629),#8606,.T.);
#9102=ADVANCED_FACE('',(#630),#8607,.T.);
#9103=ADVANCED_FACE('',(#631),#8608,.T.);
#9104=ADVANCED_FACE('',(#632),#8609,.T.);
#9105=ADVANCED_FACE('',(#633),#8610,.T.);
#9106=ADVANCED_FACE('',(#634),#8611,.T.);
#9107=ADVANCED_FACE('',(#635),#8612,.T.);
#9108=ADVANCED_FACE('',(#636),#8613,.F.);
#9109=ADVANCED_FACE('',(#637),#140,.F.);
#9110=ADVANCED_FACE('',(#638),#141,.F.);
#9111=ADVANCED_FACE('',(#639),#142,.F.);
#9112=ADVANCED_FACE('',(#640),#143,.F.);
#9113=ADVANCED_FACE('',(#641),#8614,.T.);
#9114=ADVANCED_FACE('',(#642),#144,.T.);
#9115=ADVANCED_FACE('',(#643),#8615,.T.);
#9116=ADVANCED_FACE('',(#644),#145,.T.);
#9117=ADVANCED_FACE('',(#645),#8616,.T.);
#9118=ADVANCED_FACE('',(#646),#146,.T.);
#9119=ADVANCED_FACE('',(#647),#8617,.T.);
#9120=ADVANCED_FACE('',(#648),#147,.T.);
#9121=ADVANCED_FACE('',(#649,#59,#60,#61,#62,#63,#64,#65,#66,#67,#68,#69,
#70),#8618,.T.);
#9122=ADVANCED_FACE('',(#650,#71,#72,#73,#74,#75,#76,#77,#78,#79,#80,#81,
#82,#83,#84,#85,#86,#87,#88,#89,#90,#91,#92,#93,#94,#95,#96,#97,#98,#99,
#100,#101,#102,#103,#104,#105,#106,#107,#108,#109,#110,#111,#112,#113,#114,
#115),#8619,.F.);
#9123=CLOSED_SHELL('',(#8620,#8621,#8622,#8623,#8624,#8625,#8626,#8627,
#8628,#8629,#8630,#8631,#8632,#8633,#8634,#8635,#8636,#8637,#8638,#8639,
#8640,#8641,#8642,#8643,#8644,#8645,#8646,#8647,#8648,#8649,#8650,#8651,
#8652,#8653,#8654,#8655,#8656,#8657,#8658,#8659,#8660,#8661,#8662,#8663,
#8664,#8665,#8666,#8667,#8668,#8669,#8670,#8671,#8672,#8673,#8674,#8675,
#8676,#8677,#8678,#8679,#8680,#8681,#8682,#8683,#8684,#8685,#8686,#8687,
#8688,#8689,#8690,#8691,#8692,#8693,#8694,#8695,#8696,#8697,#8698,#8699,
#8700,#8701,#8702,#8703,#8704,#8705,#8706,#8707,#8708,#8709,#8710,#8711,
#8712,#8713,#8714,#8715,#8716,#8717,#8718,#8719,#8720,#8721,#8722,#8723,
#8724,#8725,#8726,#8727,#8728,#8729,#8730,#8731,#8732,#8733,#8734,#8735,
#8736,#8737,#8738,#8739,#8740,#8741,#8742,#8743,#8744,#8745,#8746,#8747,
#8748,#8749,#8750,#8751,#8752,#8753,#8754,#8755,#8756,#8757,#8758,#8759,
#8760,#8761,#8762,#8763,#8764,#8765,#8766,#8767,#8768,#8769,#8770,#8771,
#8772,#8773,#8774,#8775,#8776,#8777,#8778,#8779,#8780,#8781,#8782,#8783,
#8784,#8785,#8786,#8787,#8788,#8789,#8790,#8791,#8792,#8793,#8794,#8795,
#8796,#8797,#8798,#8799,#8800,#8801,#8802,#8803,#8804,#8805,#8806,#8807,
#8808,#8809,#8810,#8811,#8812,#8813,#8814,#8815,#8816,#8817,#8818,#8819,
#8820,#8821,#8822,#8823,#8824,#8825,#8826,#8827,#8828,#8829,#8830,#8831,
#8832,#8833,#8834,#8835,#8836,#8837,#8838,#8839,#8840,#8841,#8842,#8843,
#8844,#8845,#8846,#8847,#8848,#8849,#8850,#8851,#8852,#8853,#8854,#8855,
#8856,#8857,#8858,#8859,#8860,#8861,#8862,#8863,#8864,#8865,#8866,#8867,
#8868,#8869,#8870,#8871,#8872,#8873,#8874,#8875,#8876,#8877,#8878,#8879,
#8880,#8881,#8882,#8883,#8884,#8885,#8886,#8887,#8888,#8889,#8890,#8891,
#8892,#8893,#8894,#8895,#8896,#8897,#8898,#8899,#8900,#8901,#8902,#8903,
#8904,#8905,#8906,#8907,#8908,#8909,#8910,#8911,#8912,#8913,#8914,#8915,
#8916,#8917,#8918,#8919,#8920,#8921,#8922,#8923,#8924,#8925,#8926,#8927,
#8928,#8929,#8930,#8931,#8932,#8933,#8934,#8935,#8936,#8937,#8938,#8939,
#8940,#8941,#8942,#8943,#8944,#8945,#8946,#8947,#8948,#8949,#8950,#8951,
#8952,#8953,#8954,#8955,#8956,#8957,#8958,#8959,#8960,#8961,#8962,#8963,
#8964,#8965,#8966,#8967,#8968,#8969,#8970,#8971,#8972,#8973,#8974,#8975,
#8976,#8977,#8978,#8979,#8980,#8981,#8982,#8983,#8984,#8985,#8986,#8987,
#8988,#8989,#8990,#8991,#8992,#8993,#8994,#8995,#8996,#8997,#8998,#8999,
#9000,#9001,#9002,#9003,#9004,#9005,#9006,#9007,#9008,#9009,#9010,#9011,
#9012,#9013,#9014,#9015,#9016,#9017,#9018,#9019,#9020,#9021,#9022,#9023,
#9024,#9025,#9026,#9027,#9028,#9029,#9030,#9031,#9032,#9033,#9034,#9035,
#9036,#9037,#9038,#9039,#9040,#9041,#9042,#9043,#9044,#9045,#9046,#9047,
#9048,#9049,#9050,#9051,#9052,#9053,#9054,#9055,#9056,#9057,#9058,#9059,
#9060,#9061,#9062,#9063,#9064,#9065,#9066,#9067,#9068,#9069,#9070,#9071,
#9072,#9073,#9074,#9075,#9076,#9077,#9078,#9079,#9080,#9081,#9082,#9083,
#9084,#9085,#9086,#9087,#9088,#9089,#9090,#9091,#9092,#9093,#9094,#9095,
#9096,#9097,#9098,#9099,#9100,#9101,#9102,#9103,#9104,#9105,#9106,#9107,
#9108,#9109,#9110,#9111,#9112,#9113,#9114,#9115,#9116,#9117,#9118,#9119,
#9120,#9121,#9122));
#9124=DERIVED_UNIT_ELEMENT(#9126,1.);
#9125=DERIVED_UNIT_ELEMENT(#14465,-3.);
#9126=(
MASS_UNIT()
NAMED_UNIT(*)
SI_UNIT(.KILO.,.GRAM.)
);
#9127=DERIVED_UNIT((#9124,#9125));
#9128=MEASURE_REPRESENTATION_ITEM('density measure',
POSITIVE_RATIO_MEASURE(7850.),#9127);
#9129=PROPERTY_DEFINITION_REPRESENTATION(#9134,#9131);
#9130=PROPERTY_DEFINITION_REPRESENTATION(#9135,#9132);
#9131=REPRESENTATION('material name',(#9133),#14462);
#9132=REPRESENTATION('density',(#9128),#14462);
#9133=DESCRIPTIVE_REPRESENTATION_ITEM('\X2\92FC\X0\','\X2\92FC\X0\');
#9134=PROPERTY_DEFINITION('material property','material name',#14477);
#9135=PROPERTY_DEFINITION('material property','density of part',#14477);
#9136=AXIS2_PLACEMENT_3D('',#11920,#9664,#9665);
#9137=AXIS2_PLACEMENT_3D('',#11921,#9666,#9667);
#9138=AXIS2_PLACEMENT_3D('',#11922,#9668,#9669);
#9139=AXIS2_PLACEMENT_3D('',#11931,#9674,#9675);
#9140=AXIS2_PLACEMENT_3D('',#11937,#9679,#9680);
#9141=AXIS2_PLACEMENT_3D('',#11943,#9684,#9685);
#9142=AXIS2_PLACEMENT_3D('',#11946,#9688,#9689);
#9143=AXIS2_PLACEMENT_3D('',#11947,#9690,#9691);
#9144=AXIS2_PLACEMENT_3D('',#11956,#9696,#9697);
#9145=AXIS2_PLACEMENT_3D('',#11962,#9701,#9702);
#9146=AXIS2_PLACEMENT_3D('',#11968,#9706,#9707);
#9147=AXIS2_PLACEMENT_3D('',#11971,#9710,#9711);
#9148=AXIS2_PLACEMENT_3D('',#11972,#9712,#9713);
#9149=AXIS2_PLACEMENT_3D('',#11983,#9719,#9720);
#9150=AXIS2_PLACEMENT_3D('',#11989,#9724,#9725);
#9151=AXIS2_PLACEMENT_3D('',#11997,#9730,#9731);
#9152=AXIS2_PLACEMENT_3D('',#11999,#9732,#9733);
#9153=AXIS2_PLACEMENT_3D('',#12001,#9734,#9735);
#9154=AXIS2_PLACEMENT_3D('',#12003,#9737,#9738);
#9155=AXIS2_PLACEMENT_3D('',#12009,#9742,#9743);
#9156=AXIS2_PLACEMENT_3D('',#12010,#9744,#9745);
#9157=AXIS2_PLACEMENT_3D('',#12011,#9746,#9747);
#9158=AXIS2_PLACEMENT_3D('',#12012,#9748,#9749);
#9159=AXIS2_PLACEMENT_3D('',#12013,#9750,#9751);
#9160=AXIS2_PLACEMENT_3D('',#12015,#9753,#9754);
#9161=AXIS2_PLACEMENT_3D('',#12024,#9759,#9760);
#9162=AXIS2_PLACEMENT_3D('',#12030,#9764,#9765);
#9163=AXIS2_PLACEMENT_3D('',#12036,#9769,#9770);
#9164=AXIS2_PLACEMENT_3D('',#12039,#9773,#9774);
#9165=AXIS2_PLACEMENT_3D('',#12040,#9775,#9776);
#9166=AXIS2_PLACEMENT_3D('',#12049,#9781,#9782);
#9167=AXIS2_PLACEMENT_3D('',#12055,#9786,#9787);
#9168=AXIS2_PLACEMENT_3D('',#12061,#9791,#9792);
#9169=AXIS2_PLACEMENT_3D('',#12064,#9795,#9796);
#9170=AXIS2_PLACEMENT_3D('',#12065,#9797,#9798);
#9171=AXIS2_PLACEMENT_3D('',#12074,#9803,#9804);
#9172=AXIS2_PLACEMENT_3D('',#12080,#9808,#9809);
#9173=AXIS2_PLACEMENT_3D('',#12086,#9813,#9814);
#9174=AXIS2_PLACEMENT_3D('',#12089,#9817,#9818);
#9175=AXIS2_PLACEMENT_3D('',#12090,#9819,#9820);
#9176=AXIS2_PLACEMENT_3D('',#12099,#9825,#9826);
#9177=AXIS2_PLACEMENT_3D('',#12105,#9830,#9831);
#9178=AXIS2_PLACEMENT_3D('',#12111,#9835,#9836);
#9179=AXIS2_PLACEMENT_3D('',#12114,#9839,#9840);
#9180=AXIS2_PLACEMENT_3D('',#12115,#9841,#9842);
#9181=AXIS2_PLACEMENT_3D('',#12124,#9847,#9848);
#9182=AXIS2_PLACEMENT_3D('',#12130,#9852,#9853);
#9183=AXIS2_PLACEMENT_3D('',#12136,#9857,#9858);
#9184=AXIS2_PLACEMENT_3D('',#12139,#9861,#9862);
#9185=AXIS2_PLACEMENT_3D('',#12140,#9863,#9864);
#9186=AXIS2_PLACEMENT_3D('',#12149,#9869,#9870);
#9187=AXIS2_PLACEMENT_3D('',#12155,#9874,#9875);
#9188=AXIS2_PLACEMENT_3D('',#12161,#9879,#9880);
#9189=AXIS2_PLACEMENT_3D('',#12164,#9883,#9884);
#9190=AXIS2_PLACEMENT_3D('',#12165,#9885,#9886);
#9191=AXIS2_PLACEMENT_3D('',#12174,#9891,#9892);
#9192=AXIS2_PLACEMENT_3D('',#12180,#9896,#9897);
#9193=AXIS2_PLACEMENT_3D('',#12186,#9901,#9902);
#9194=AXIS2_PLACEMENT_3D('',#12189,#9905,#9906);
#9195=AXIS2_PLACEMENT_3D('',#12190,#9907,#9908);
#9196=AXIS2_PLACEMENT_3D('',#12199,#9913,#9914);
#9197=AXIS2_PLACEMENT_3D('',#12205,#9918,#9919);
#9198=AXIS2_PLACEMENT_3D('',#12211,#9923,#9924);
#9199=AXIS2_PLACEMENT_3D('',#12214,#9927,#9928);
#9200=AXIS2_PLACEMENT_3D('',#12215,#9929,#9930);
#9201=AXIS2_PLACEMENT_3D('',#12224,#9935,#9936);
#9202=AXIS2_PLACEMENT_3D('',#12230,#9940,#9941);
#9203=AXIS2_PLACEMENT_3D('',#12236,#9945,#9946);
#9204=AXIS2_PLACEMENT_3D('',#12239,#9949,#9950);
#9205=AXIS2_PLACEMENT_3D('',#12240,#9951,#9952);
#9206=AXIS2_PLACEMENT_3D('',#12249,#9957,#9958);
#9207=AXIS2_PLACEMENT_3D('',#12255,#9962,#9963);
#9208=AXIS2_PLACEMENT_3D('',#12261,#9967,#9968);
#9209=AXIS2_PLACEMENT_3D('',#12264,#9971,#9972);
#9210=AXIS2_PLACEMENT_3D('',#12265,#9973,#9974);
#9211=AXIS2_PLACEMENT_3D('',#12274,#9979,#9980);
#9212=AXIS2_PLACEMENT_3D('',#12280,#9984,#9985);
#9213=AXIS2_PLACEMENT_3D('',#12286,#9989,#9990);
#9214=AXIS2_PLACEMENT_3D('',#12289,#9993,#9994);
#9215=AXIS2_PLACEMENT_3D('',#12290,#9995,#9996);
#9216=AXIS2_PLACEMENT_3D('',#12299,#10001,#10002);
#9217=AXIS2_PLACEMENT_3D('',#12305,#10006,#10007);
#9218=AXIS2_PLACEMENT_3D('',#12311,#10011,#10012);
#9219=AXIS2_PLACEMENT_3D('',#12314,#10015,#10016);
#9220=AXIS2_PLACEMENT_3D('',#12315,#10017,#10018);
#9221=AXIS2_PLACEMENT_3D('',#12324,#10023,#10024);
#9222=AXIS2_PLACEMENT_3D('',#12330,#10028,#10029);
#9223=AXIS2_PLACEMENT_3D('',#12336,#10033,#10034);
#9224=AXIS2_PLACEMENT_3D('',#12339,#10037,#10038);
#9225=AXIS2_PLACEMENT_3D('',#12340,#10039,#10040);
#9226=AXIS2_PLACEMENT_3D('',#12349,#10045,#10046);
#9227=AXIS2_PLACEMENT_3D('',#12355,#10050,#10051);
#9228=AXIS2_PLACEMENT_3D('',#12361,#10055,#10056);
#9229=AXIS2_PLACEMENT_3D('',#12364,#10059,#10060);
#9230=AXIS2_PLACEMENT_3D('',#12365,#10061,#10062);
#9231=AXIS2_PLACEMENT_3D('',#12374,#10067,#10068);
#9232=AXIS2_PLACEMENT_3D('',#12380,#10072,#10073);
#9233=AXIS2_PLACEMENT_3D('',#12386,#10077,#10078);
#9234=AXIS2_PLACEMENT_3D('',#12389,#10081,#10082);
#9235=AXIS2_PLACEMENT_3D('',#12390,#10083,#10084);
#9236=AXIS2_PLACEMENT_3D('',#12399,#10089,#10090);
#9237=AXIS2_PLACEMENT_3D('',#12405,#10094,#10095);
#9238=AXIS2_PLACEMENT_3D('',#12411,#10099,#10100);
#9239=AXIS2_PLACEMENT_3D('',#12414,#10103,#10104);
#9240=AXIS2_PLACEMENT_3D('',#12415,#10105,#10106);
#9241=AXIS2_PLACEMENT_3D('',#12424,#10111,#10112);
#9242=AXIS2_PLACEMENT_3D('',#12430,#10116,#10117);
#9243=AXIS2_PLACEMENT_3D('',#12436,#10121,#10122);
#9244=AXIS2_PLACEMENT_3D('',#12439,#10125,#10126);
#9245=AXIS2_PLACEMENT_3D('',#12440,#10127,#10128);
#9246=AXIS2_PLACEMENT_3D('',#12449,#10133,#10134);
#9247=AXIS2_PLACEMENT_3D('',#12455,#10138,#10139);
#9248=AXIS2_PLACEMENT_3D('',#12461,#10143,#10144);
#9249=AXIS2_PLACEMENT_3D('',#12464,#10147,#10148);
#9250=AXIS2_PLACEMENT_3D('',#12465,#10149,#10150);
#9251=AXIS2_PLACEMENT_3D('',#12474,#10155,#10156);
#9252=AXIS2_PLACEMENT_3D('',#12480,#10160,#10161);
#9253=AXIS2_PLACEMENT_3D('',#12486,#10165,#10166);
#9254=AXIS2_PLACEMENT_3D('',#12489,#10169,#10170);
#9255=AXIS2_PLACEMENT_3D('',#12490,#10171,#10172);
#9256=AXIS2_PLACEMENT_3D('',#12499,#10177,#10178);
#9257=AXIS2_PLACEMENT_3D('',#12505,#10182,#10183);
#9258=AXIS2_PLACEMENT_3D('',#12511,#10187,#10188);
#9259=AXIS2_PLACEMENT_3D('',#12514,#10191,#10192);
#9260=AXIS2_PLACEMENT_3D('',#12515,#10193,#10194);
#9261=AXIS2_PLACEMENT_3D('',#12524,#10199,#10200);
#9262=AXIS2_PLACEMENT_3D('',#12530,#10204,#10205);
#9263=AXIS2_PLACEMENT_3D('',#12536,#10209,#10210);
#9264=AXIS2_PLACEMENT_3D('',#12539,#10213,#10214);
#9265=AXIS2_PLACEMENT_3D('',#12540,#10215,#10216);
#9266=AXIS2_PLACEMENT_3D('',#12549,#10221,#10222);
#9267=AXIS2_PLACEMENT_3D('',#12555,#10226,#10227);
#9268=AXIS2_PLACEMENT_3D('',#12561,#10231,#10232);
#9269=AXIS2_PLACEMENT_3D('',#12564,#10235,#10236);
#9270=AXIS2_PLACEMENT_3D('',#12565,#10237,#10238);
#9271=AXIS2_PLACEMENT_3D('',#12574,#10243,#10244);
#9272=AXIS2_PLACEMENT_3D('',#12580,#10248,#10249);
#9273=AXIS2_PLACEMENT_3D('',#12586,#10253,#10254);
#9274=AXIS2_PLACEMENT_3D('',#12589,#10257,#10258);
#9275=AXIS2_PLACEMENT_3D('',#12590,#10259,#10260);
#9276=AXIS2_PLACEMENT_3D('',#12599,#10265,#10266);
#9277=AXIS2_PLACEMENT_3D('',#12605,#10270,#10271);
#9278=AXIS2_PLACEMENT_3D('',#12611,#10275,#10276);
#9279=AXIS2_PLACEMENT_3D('',#12614,#10279,#10280);
#9280=AXIS2_PLACEMENT_3D('',#12615,#10281,#10282);
#9281=AXIS2_PLACEMENT_3D('',#12624,#10287,#10288);
#9282=AXIS2_PLACEMENT_3D('',#12630,#10292,#10293);
#9283=AXIS2_PLACEMENT_3D('',#12636,#10297,#10298);
#9284=AXIS2_PLACEMENT_3D('',#12639,#10301,#10302);
#9285=AXIS2_PLACEMENT_3D('',#12640,#10303,#10304);
#9286=AXIS2_PLACEMENT_3D('',#12649,#10309,#10310);
#9287=AXIS2_PLACEMENT_3D('',#12655,#10314,#10315);
#9288=AXIS2_PLACEMENT_3D('',#12661,#10319,#10320);
#9289=AXIS2_PLACEMENT_3D('',#12664,#10323,#10324);
#9290=AXIS2_PLACEMENT_3D('',#12665,#10325,#10326);
#9291=AXIS2_PLACEMENT_3D('',#12674,#10331,#10332);
#9292=AXIS2_PLACEMENT_3D('',#12680,#10336,#10337);
#9293=AXIS2_PLACEMENT_3D('',#12686,#10341,#10342);
#9294=AXIS2_PLACEMENT_3D('',#12689,#10345,#10346);
#9295=AXIS2_PLACEMENT_3D('',#12690,#10347,#10348);
#9296=AXIS2_PLACEMENT_3D('',#12699,#10353,#10354);
#9297=AXIS2_PLACEMENT_3D('',#12705,#10358,#10359);
#9298=AXIS2_PLACEMENT_3D('',#12711,#10363,#10364);
#9299=AXIS2_PLACEMENT_3D('',#12714,#10367,#10368);
#9300=AXIS2_PLACEMENT_3D('',#12715,#10369,#10370);
#9301=AXIS2_PLACEMENT_3D('',#12724,#10375,#10376);
#9302=AXIS2_PLACEMENT_3D('',#12730,#10380,#10381);
#9303=AXIS2_PLACEMENT_3D('',#12736,#10385,#10386);
#9304=AXIS2_PLACEMENT_3D('',#12739,#10389,#10390);
#9305=AXIS2_PLACEMENT_3D('',#12740,#10391,#10392);
#9306=AXIS2_PLACEMENT_3D('',#12749,#10397,#10398);
#9307=AXIS2_PLACEMENT_3D('',#12755,#10402,#10403);
#9308=AXIS2_PLACEMENT_3D('',#12761,#10407,#10408);
#9309=AXIS2_PLACEMENT_3D('',#12764,#10411,#10412);
#9310=AXIS2_PLACEMENT_3D('',#12765,#10413,#10414);
#9311=AXIS2_PLACEMENT_3D('',#12774,#10419,#10420);
#9312=AXIS2_PLACEMENT_3D('',#12780,#10424,#10425);
#9313=AXIS2_PLACEMENT_3D('',#12786,#10429,#10430);
#9314=AXIS2_PLACEMENT_3D('',#12789,#10433,#10434);
#9315=AXIS2_PLACEMENT_3D('',#12790,#10435,#10436);
#9316=AXIS2_PLACEMENT_3D('',#12799,#10441,#10442);
#9317=AXIS2_PLACEMENT_3D('',#12805,#10446,#10447);
#9318=AXIS2_PLACEMENT_3D('',#12811,#10451,#10452);
#9319=AXIS2_PLACEMENT_3D('',#12814,#10455,#10456);
#9320=AXIS2_PLACEMENT_3D('',#12815,#10457,#10458);
#9321=AXIS2_PLACEMENT_3D('',#12824,#10463,#10464);
#9322=AXIS2_PLACEMENT_3D('',#12830,#10468,#10469);
#9323=AXIS2_PLACEMENT_3D('',#12836,#10473,#10474);
#9324=AXIS2_PLACEMENT_3D('',#12839,#10477,#10478);
#9325=AXIS2_PLACEMENT_3D('',#12840,#10479,#10480);
#9326=AXIS2_PLACEMENT_3D('',#12849,#10485,#10486);
#9327=AXIS2_PLACEMENT_3D('',#12855,#10490,#10491);
#9328=AXIS2_PLACEMENT_3D('',#12861,#10495,#10496);
#9329=AXIS2_PLACEMENT_3D('',#12864,#10499,#10500);
#9330=AXIS2_PLACEMENT_3D('',#12865,#10501,#10502);
#9331=AXIS2_PLACEMENT_3D('',#12874,#10507,#10508);
#9332=AXIS2_PLACEMENT_3D('',#12880,#10512,#10513);
#9333=AXIS2_PLACEMENT_3D('',#12886,#10517,#10518);
#9334=AXIS2_PLACEMENT_3D('',#12889,#10521,#10522);
#9335=AXIS2_PLACEMENT_3D('',#12890,#10523,#10524);
#9336=AXIS2_PLACEMENT_3D('',#12899,#10529,#10530);
#9337=AXIS2_PLACEMENT_3D('',#12905,#10534,#10535);
#9338=AXIS2_PLACEMENT_3D('',#12911,#10539,#10540);
#9339=AXIS2_PLACEMENT_3D('',#12914,#10543,#10544);
#9340=AXIS2_PLACEMENT_3D('',#12915,#10545,#10546);
#9341=AXIS2_PLACEMENT_3D('',#12924,#10551,#10552);
#9342=AXIS2_PLACEMENT_3D('',#12930,#10556,#10557);
#9343=AXIS2_PLACEMENT_3D('',#12936,#10561,#10562);
#9344=AXIS2_PLACEMENT_3D('',#12939,#10565,#10566);
#9345=AXIS2_PLACEMENT_3D('',#12940,#10567,#10568);
#9346=AXIS2_PLACEMENT_3D('',#12949,#10573,#10574);
#9347=AXIS2_PLACEMENT_3D('',#12955,#10578,#10579);
#9348=AXIS2_PLACEMENT_3D('',#12961,#10583,#10584);
#9349=AXIS2_PLACEMENT_3D('',#12964,#10587,#10588);
#9350=AXIS2_PLACEMENT_3D('',#12965,#10589,#10590);
#9351=AXIS2_PLACEMENT_3D('',#12974,#10595,#10596);
#9352=AXIS2_PLACEMENT_3D('',#12980,#10600,#10601);
#9353=AXIS2_PLACEMENT_3D('',#12986,#10605,#10606);
#9354=AXIS2_PLACEMENT_3D('',#12989,#10609,#10610);
#9355=AXIS2_PLACEMENT_3D('',#12990,#10611,#10612);
#9356=AXIS2_PLACEMENT_3D('',#12999,#10617,#10618);
#9357=AXIS2_PLACEMENT_3D('',#13005,#10622,#10623);
#9358=AXIS2_PLACEMENT_3D('',#13011,#10627,#10628);
#9359=AXIS2_PLACEMENT_3D('',#13014,#10631,#10632);
#9360=AXIS2_PLACEMENT_3D('',#13015,#10633,#10634);
#9361=AXIS2_PLACEMENT_3D('',#13024,#10639,#10640);
#9362=AXIS2_PLACEMENT_3D('',#13030,#10644,#10645);
#9363=AXIS2_PLACEMENT_3D('',#13036,#10649,#10650);
#9364=AXIS2_PLACEMENT_3D('',#13039,#10653,#10654);
#9365=AXIS2_PLACEMENT_3D('',#13040,#10655,#10656);
#9366=AXIS2_PLACEMENT_3D('',#13049,#10661,#10662);
#9367=AXIS2_PLACEMENT_3D('',#13055,#10666,#10667);
#9368=AXIS2_PLACEMENT_3D('',#13061,#10671,#10672);
#9369=AXIS2_PLACEMENT_3D('',#13064,#10675,#10676);
#9370=AXIS2_PLACEMENT_3D('',#13065,#10677,#10678);
#9371=AXIS2_PLACEMENT_3D('',#13074,#10683,#10684);
#9372=AXIS2_PLACEMENT_3D('',#13080,#10688,#10689);
#9373=AXIS2_PLACEMENT_3D('',#13086,#10693,#10694);
#9374=AXIS2_PLACEMENT_3D('',#13089,#10697,#10698);
#9375=AXIS2_PLACEMENT_3D('',#13090,#10699,#10700);
#9376=AXIS2_PLACEMENT_3D('',#13099,#10705,#10706);
#9377=AXIS2_PLACEMENT_3D('',#13105,#10710,#10711);
#9378=AXIS2_PLACEMENT_3D('',#13111,#10715,#10716);
#9379=AXIS2_PLACEMENT_3D('',#13114,#10719,#10720);
#9380=AXIS2_PLACEMENT_3D('',#13115,#10721,#10722);
#9381=AXIS2_PLACEMENT_3D('',#13124,#10727,#10728);
#9382=AXIS2_PLACEMENT_3D('',#13130,#10732,#10733);
#9383=AXIS2_PLACEMENT_3D('',#13136,#10737,#10738);
#9384=AXIS2_PLACEMENT_3D('',#13139,#10741,#10742);
#9385=AXIS2_PLACEMENT_3D('',#13140,#10743,#10744);
#9386=AXIS2_PLACEMENT_3D('',#13149,#10749,#10750);
#9387=AXIS2_PLACEMENT_3D('',#13155,#10754,#10755);
#9388=AXIS2_PLACEMENT_3D('',#13161,#10759,#10760);
#9389=AXIS2_PLACEMENT_3D('',#13164,#10763,#10764);
#9390=AXIS2_PLACEMENT_3D('',#13165,#10765,#10766);
#9391=AXIS2_PLACEMENT_3D('',#13174,#10771,#10772);
#9392=AXIS2_PLACEMENT_3D('',#13180,#10776,#10777);
#9393=AXIS2_PLACEMENT_3D('',#13186,#10781,#10782);
#9394=AXIS2_PLACEMENT_3D('',#13189,#10785,#10786);
#9395=AXIS2_PLACEMENT_3D('',#13190,#10787,#10788);
#9396=AXIS2_PLACEMENT_3D('',#13199,#10793,#10794);
#9397=AXIS2_PLACEMENT_3D('',#13205,#10798,#10799);
#9398=AXIS2_PLACEMENT_3D('',#13211,#10803,#10804);
#9399=AXIS2_PLACEMENT_3D('',#13214,#10807,#10808);
#9400=AXIS2_PLACEMENT_3D('',#13215,#10809,#10810);
#9401=AXIS2_PLACEMENT_3D('',#13224,#10815,#10816);
#9402=AXIS2_PLACEMENT_3D('',#13230,#10820,#10821);
#9403=AXIS2_PLACEMENT_3D('',#13236,#10825,#10826);
#9404=AXIS2_PLACEMENT_3D('',#13239,#10829,#10830);
#9405=AXIS2_PLACEMENT_3D('',#13240,#10831,#10832);
#9406=AXIS2_PLACEMENT_3D('',#13249,#10837,#10838);
#9407=AXIS2_PLACEMENT_3D('',#13255,#10842,#10843);
#9408=AXIS2_PLACEMENT_3D('',#13261,#10847,#10848);
#9409=AXIS2_PLACEMENT_3D('',#13264,#10851,#10852);
#9410=AXIS2_PLACEMENT_3D('',#13265,#10853,#10854);
#9411=AXIS2_PLACEMENT_3D('',#13274,#10859,#10860);
#9412=AXIS2_PLACEMENT_3D('',#13280,#10864,#10865);
#9413=AXIS2_PLACEMENT_3D('',#13286,#10869,#10870);
#9414=AXIS2_PLACEMENT_3D('',#13289,#10873,#10874);
#9415=AXIS2_PLACEMENT_3D('',#13290,#10875,#10876);
#9416=AXIS2_PLACEMENT_3D('',#13299,#10881,#10882);
#9417=AXIS2_PLACEMENT_3D('',#13305,#10886,#10887);
#9418=AXIS2_PLACEMENT_3D('',#13311,#10891,#10892);
#9419=AXIS2_PLACEMENT_3D('',#13314,#10895,#10896);
#9420=AXIS2_PLACEMENT_3D('',#13315,#10897,#10898);
#9421=AXIS2_PLACEMENT_3D('',#13324,#10903,#10904);
#9422=AXIS2_PLACEMENT_3D('',#13330,#10908,#10909);
#9423=AXIS2_PLACEMENT_3D('',#13336,#10913,#10914);
#9424=AXIS2_PLACEMENT_3D('',#13339,#10917,#10918);
#9425=AXIS2_PLACEMENT_3D('',#13340,#10919,#10920);
#9426=AXIS2_PLACEMENT_3D('',#13349,#10925,#10926);
#9427=AXIS2_PLACEMENT_3D('',#13355,#10930,#10931);
#9428=AXIS2_PLACEMENT_3D('',#13361,#10935,#10936);
#9429=AXIS2_PLACEMENT_3D('',#13364,#10939,#10940);
#9430=AXIS2_PLACEMENT_3D('',#13365,#10941,#10942);
#9431=AXIS2_PLACEMENT_3D('',#13374,#10947,#10948);
#9432=AXIS2_PLACEMENT_3D('',#13380,#10952,#10953);
#9433=AXIS2_PLACEMENT_3D('',#13386,#10957,#10958);
#9434=AXIS2_PLACEMENT_3D('',#13389,#10961,#10962);
#9435=AXIS2_PLACEMENT_3D('',#13390,#10963,#10964);
#9436=AXIS2_PLACEMENT_3D('',#13399,#10969,#10970);
#9437=AXIS2_PLACEMENT_3D('',#13405,#10974,#10975);
#9438=AXIS2_PLACEMENT_3D('',#13411,#10979,#10980);
#9439=AXIS2_PLACEMENT_3D('',#13414,#10983,#10984);
#9440=AXIS2_PLACEMENT_3D('',#13415,#10985,#10986);
#9441=AXIS2_PLACEMENT_3D('',#13424,#10991,#10992);
#9442=AXIS2_PLACEMENT_3D('',#13430,#10996,#10997);
#9443=AXIS2_PLACEMENT_3D('',#13436,#11001,#11002);
#9444=AXIS2_PLACEMENT_3D('',#13439,#11005,#11006);
#9445=AXIS2_PLACEMENT_3D('',#13440,#11007,#11008);
#9446=AXIS2_PLACEMENT_3D('',#13449,#11013,#11014);
#9447=AXIS2_PLACEMENT_3D('',#13455,#11018,#11019);
#9448=AXIS2_PLACEMENT_3D('',#13461,#11023,#11024);
#9449=AXIS2_PLACEMENT_3D('',#13464,#11027,#11028);
#9450=AXIS2_PLACEMENT_3D('',#13465,#11029,#11030);
#9451=AXIS2_PLACEMENT_3D('',#13474,#11035,#11036);
#9452=AXIS2_PLACEMENT_3D('',#13480,#11040,#11041);
#9453=AXIS2_PLACEMENT_3D('',#13486,#11045,#11046);
#9454=AXIS2_PLACEMENT_3D('',#13489,#11049,#11050);
#9455=AXIS2_PLACEMENT_3D('',#13490,#11051,#11052);
#9456=AXIS2_PLACEMENT_3D('',#13499,#11057,#11058);
#9457=AXIS2_PLACEMENT_3D('',#13505,#11062,#11063);
#9458=AXIS2_PLACEMENT_3D('',#13511,#11067,#11068);
#9459=AXIS2_PLACEMENT_3D('',#13514,#11071,#11072);
#9460=AXIS2_PLACEMENT_3D('',#13515,#11073,#11074);
#9461=AXIS2_PLACEMENT_3D('',#13524,#11079,#11080);
#9462=AXIS2_PLACEMENT_3D('',#13530,#11084,#11085);
#9463=AXIS2_PLACEMENT_3D('',#13536,#11089,#11090);
#9464=AXIS2_PLACEMENT_3D('',#13539,#11093,#11094);
#9465=AXIS2_PLACEMENT_3D('',#13540,#11095,#11096);
#9466=AXIS2_PLACEMENT_3D('',#13549,#11101,#11102);
#9467=AXIS2_PLACEMENT_3D('',#13555,#11106,#11107);
#9468=AXIS2_PLACEMENT_3D('',#13561,#11111,#11112);
#9469=AXIS2_PLACEMENT_3D('',#13564,#11115,#11116);
#9470=AXIS2_PLACEMENT_3D('',#13565,#11117,#11118);
#9471=AXIS2_PLACEMENT_3D('',#13574,#11123,#11124);
#9472=AXIS2_PLACEMENT_3D('',#13580,#11128,#11129);
#9473=AXIS2_PLACEMENT_3D('',#13586,#11133,#11134);
#9474=AXIS2_PLACEMENT_3D('',#13589,#11137,#11138);
#9475=AXIS2_PLACEMENT_3D('',#13590,#11139,#11140);
#9476=AXIS2_PLACEMENT_3D('',#13599,#11145,#11146);
#9477=AXIS2_PLACEMENT_3D('',#13605,#11150,#11151);
#9478=AXIS2_PLACEMENT_3D('',#13611,#11155,#11156);
#9479=AXIS2_PLACEMENT_3D('',#13614,#11159,#11160);
#9480=AXIS2_PLACEMENT_3D('',#13615,#11161,#11162);
#9481=AXIS2_PLACEMENT_3D('',#13624,#11167,#11168);
#9482=AXIS2_PLACEMENT_3D('',#13630,#11172,#11173);
#9483=AXIS2_PLACEMENT_3D('',#13636,#11177,#11178);
#9484=AXIS2_PLACEMENT_3D('',#13639,#11181,#11182);
#9485=AXIS2_PLACEMENT_3D('',#13640,#11183,#11184);
#9486=AXIS2_PLACEMENT_3D('',#13649,#11189,#11190);
#9487=AXIS2_PLACEMENT_3D('',#13655,#11194,#11195);
#9488=AXIS2_PLACEMENT_3D('',#13661,#11199,#11200);
#9489=AXIS2_PLACEMENT_3D('',#13664,#11203,#11204);
#9490=AXIS2_PLACEMENT_3D('',#13665,#11205,#11206);
#9491=AXIS2_PLACEMENT_3D('',#13674,#11211,#11212);
#9492=AXIS2_PLACEMENT_3D('',#13680,#11216,#11217);
#9493=AXIS2_PLACEMENT_3D('',#13686,#11221,#11222);
#9494=AXIS2_PLACEMENT_3D('',#13689,#11225,#11226);
#9495=AXIS2_PLACEMENT_3D('',#13690,#11227,#11228);
#9496=AXIS2_PLACEMENT_3D('',#13699,#11233,#11234);
#9497=AXIS2_PLACEMENT_3D('',#13705,#11238,#11239);
#9498=AXIS2_PLACEMENT_3D('',#13711,#11243,#11244);
#9499=AXIS2_PLACEMENT_3D('',#13714,#11247,#11248);
#9500=AXIS2_PLACEMENT_3D('',#13715,#11249,#11250);
#9501=AXIS2_PLACEMENT_3D('',#13724,#11255,#11256);
#9502=AXIS2_PLACEMENT_3D('',#13730,#11260,#11261);
#9503=AXIS2_PLACEMENT_3D('',#13736,#11265,#11266);
#9504=AXIS2_PLACEMENT_3D('',#13739,#11269,#11270);
#9505=AXIS2_PLACEMENT_3D('',#13740,#11271,#11272);
#9506=AXIS2_PLACEMENT_3D('',#13749,#11277,#11278);
#9507=AXIS2_PLACEMENT_3D('',#13755,#11282,#11283);
#9508=AXIS2_PLACEMENT_3D('',#13761,#11287,#11288);
#9509=AXIS2_PLACEMENT_3D('',#13764,#11291,#11292);
#9510=AXIS2_PLACEMENT_3D('',#13765,#11293,#11294);
#9511=AXIS2_PLACEMENT_3D('',#13774,#11299,#11300);
#9512=AXIS2_PLACEMENT_3D('',#13780,#11304,#11305);
#9513=AXIS2_PLACEMENT_3D('',#13786,#11309,#11310);
#9514=AXIS2_PLACEMENT_3D('',#13789,#11313,#11314);
#9515=AXIS2_PLACEMENT_3D('',#13790,#11315,#11316);
#9516=AXIS2_PLACEMENT_3D('',#13799,#11321,#11322);
#9517=AXIS2_PLACEMENT_3D('',#13805,#11326,#11327);
#9518=AXIS2_PLACEMENT_3D('',#13811,#11331,#11332);
#9519=AXIS2_PLACEMENT_3D('',#13814,#11335,#11336);
#9520=AXIS2_PLACEMENT_3D('',#13815,#11337,#11338);
#9521=AXIS2_PLACEMENT_3D('',#13824,#11343,#11344);
#9522=AXIS2_PLACEMENT_3D('',#13830,#11348,#11349);
#9523=AXIS2_PLACEMENT_3D('',#13836,#11353,#11354);
#9524=AXIS2_PLACEMENT_3D('',#13839,#11357,#11358);
#9525=AXIS2_PLACEMENT_3D('',#13840,#11359,#11360);
#9526=AXIS2_PLACEMENT_3D('',#13849,#11365,#11366);
#9527=AXIS2_PLACEMENT_3D('',#13855,#11370,#11371);
#9528=AXIS2_PLACEMENT_3D('',#13861,#11375,#11376);
#9529=AXIS2_PLACEMENT_3D('',#13864,#11379,#11380);
#9530=AXIS2_PLACEMENT_3D('',#13865,#11381,#11382);
#9531=AXIS2_PLACEMENT_3D('',#13874,#11387,#11388);
#9532=AXIS2_PLACEMENT_3D('',#13880,#11392,#11393);
#9533=AXIS2_PLACEMENT_3D('',#13886,#11397,#11398);
#9534=AXIS2_PLACEMENT_3D('',#13889,#11401,#11402);
#9535=AXIS2_PLACEMENT_3D('',#13890,#11403,#11404);
#9536=AXIS2_PLACEMENT_3D('',#13899,#11409,#11410);
#9537=AXIS2_PLACEMENT_3D('',#13905,#11414,#11415);
#9538=AXIS2_PLACEMENT_3D('',#13911,#11419,#11420);
#9539=AXIS2_PLACEMENT_3D('',#13914,#11423,#11424);
#9540=AXIS2_PLACEMENT_3D('',#13915,#11425,#11426);
#9541=AXIS2_PLACEMENT_3D('',#13924,#11431,#11432);
#9542=AXIS2_PLACEMENT_3D('',#13930,#11436,#11437);
#9543=AXIS2_PLACEMENT_3D('',#13936,#11441,#11442);
#9544=AXIS2_PLACEMENT_3D('',#13939,#11445,#11446);
#9545=AXIS2_PLACEMENT_3D('',#13940,#11447,#11448);
#9546=AXIS2_PLACEMENT_3D('',#13949,#11453,#11454);
#9547=AXIS2_PLACEMENT_3D('',#13955,#11458,#11459);
#9548=AXIS2_PLACEMENT_3D('',#13961,#11463,#11464);
#9549=AXIS2_PLACEMENT_3D('',#13964,#11467,#11468);
#9550=AXIS2_PLACEMENT_3D('',#13965,#11469,#11470);
#9551=AXIS2_PLACEMENT_3D('',#13974,#11475,#11476);
#9552=AXIS2_PLACEMENT_3D('',#13980,#11480,#11481);
#9553=AXIS2_PLACEMENT_3D('',#13986,#11485,#11486);
#9554=AXIS2_PLACEMENT_3D('',#13989,#11489,#11490);
#9555=AXIS2_PLACEMENT_3D('',#13990,#11491,#11492);
#9556=AXIS2_PLACEMENT_3D('',#13999,#11497,#11498);
#9557=AXIS2_PLACEMENT_3D('',#14005,#11502,#11503);
#9558=AXIS2_PLACEMENT_3D('',#14011,#11507,#11508);
#9559=AXIS2_PLACEMENT_3D('',#14014,#11511,#11512);
#9560=AXIS2_PLACEMENT_3D('',#14015,#11513,#11514);
#9561=AXIS2_PLACEMENT_3D('',#14024,#11519,#11520);
#9562=AXIS2_PLACEMENT_3D('',#14030,#11524,#11525);
#9563=AXIS2_PLACEMENT_3D('',#14036,#11529,#11530);
#9564=AXIS2_PLACEMENT_3D('',#14039,#11533,#11534);
#9565=AXIS2_PLACEMENT_3D('',#14040,#11535,#11536);
#9566=AXIS2_PLACEMENT_3D('',#14049,#11541,#11542);
#9567=AXIS2_PLACEMENT_3D('',#14055,#11546,#11547);
#9568=AXIS2_PLACEMENT_3D('',#14061,#11551,#11552);
#9569=AXIS2_PLACEMENT_3D('',#14064,#11555,#11556);
#9570=AXIS2_PLACEMENT_3D('',#14065,#11557,#11558);
#9571=AXIS2_PLACEMENT_3D('',#14074,#11563,#11564);
#9572=AXIS2_PLACEMENT_3D('',#14080,#11568,#11569);
#9573=AXIS2_PLACEMENT_3D('',#14086,#11573,#11574);
#9574=AXIS2_PLACEMENT_3D('',#14089,#11577,#11578);
#9575=AXIS2_PLACEMENT_3D('',#14090,#11579,#11580);
#9576=AXIS2_PLACEMENT_3D('',#14099,#11585,#11586);
#9577=AXIS2_PLACEMENT_3D('',#14105,#11590,#11591);
#9578=AXIS2_PLACEMENT_3D('',#14111,#11595,#11596);
#9579=AXIS2_PLACEMENT_3D('',#14114,#11599,#11600);
#9580=AXIS2_PLACEMENT_3D('',#14115,#11601,#11602);
#9581=AXIS2_PLACEMENT_3D('',#14124,#11607,#11608);
#9582=AXIS2_PLACEMENT_3D('',#14130,#11612,#11613);
#9583=AXIS2_PLACEMENT_3D('',#14136,#11617,#11618);
#9584=AXIS2_PLACEMENT_3D('',#14139,#11621,#11622);
#9585=AXIS2_PLACEMENT_3D('',#14140,#11623,#11624);
#9586=AXIS2_PLACEMENT_3D('',#14151,#11630,#11631);
#9587=AXIS2_PLACEMENT_3D('',#14157,#11635,#11636);
#9588=AXIS2_PLACEMENT_3D('',#14165,#11641,#11642);
#9589=AXIS2_PLACEMENT_3D('',#14168,#11645,#11646);
#9590=AXIS2_PLACEMENT_3D('',#14169,#11647,#11648);
#9591=AXIS2_PLACEMENT_3D('',#14171,#11650,#11651);
#9592=AXIS2_PLACEMENT_3D('',#14180,#11656,#11657);
#9593=AXIS2_PLACEMENT_3D('',#14188,#11662,#11663);
#9594=AXIS2_PLACEMENT_3D('',#14194,#11667,#11668);
#9595=AXIS2_PLACEMENT_3D('',#14199,#11672,#11673);
#9596=AXIS2_PLACEMENT_3D('',#14200,#11674,#11675);
#9597=AXIS2_PLACEMENT_3D('',#14202,#11677,#11678);
#9598=AXIS2_PLACEMENT_3D('',#14213,#11684,#11685);
#9599=AXIS2_PLACEMENT_3D('',#14219,#11689,#11690);
#9600=AXIS2_PLACEMENT_3D('',#14227,#11695,#11696);
#9601=AXIS2_PLACEMENT_3D('',#14230,#11699,#11700);
#9602=AXIS2_PLACEMENT_3D('',#14231,#11701,#11702);
#9603=AXIS2_PLACEMENT_3D('',#14233,#11704,#11705);
#9604=AXIS2_PLACEMENT_3D('',#14242,#11710,#11711);
#9605=AXIS2_PLACEMENT_3D('',#14250,#11716,#11717);
#9606=AXIS2_PLACEMENT_3D('',#14256,#11721,#11722);
#9607=AXIS2_PLACEMENT_3D('',#14261,#11726,#11727);
#9608=AXIS2_PLACEMENT_3D('',#14262,#11728,#11729);
#9609=AXIS2_PLACEMENT_3D('',#14264,#11730,#11731);
#9610=AXIS2_PLACEMENT_3D('',#14266,#11733,#11734);
#9611=AXIS2_PLACEMENT_3D('',#14275,#11739,#11740);
#9612=AXIS2_PLACEMENT_3D('',#14283,#11745,#11746);
#9613=AXIS2_PLACEMENT_3D('',#14289,#11750,#11751);
#9614=AXIS2_PLACEMENT_3D('',#14294,#11755,#11756);
#9615=AXIS2_PLACEMENT_3D('',#14295,#11757,#11758);
#9616=AXIS2_PLACEMENT_3D('',#14297,#11760,#11761);
#9617=AXIS2_PLACEMENT_3D('',#14306,#11766,#11767);
#9618=AXIS2_PLACEMENT_3D('',#14312,#11771,#11772);
#9619=AXIS2_PLACEMENT_3D('',#14318,#11776,#11777);
#9620=AXIS2_PLACEMENT_3D('',#14321,#11780,#11781);
#9621=AXIS2_PLACEMENT_3D('',#14322,#11782,#11783);
#9622=AXIS2_PLACEMENT_3D('',#14331,#11788,#11789);
#9623=AXIS2_PLACEMENT_3D('',#14337,#11793,#11794);
#9624=AXIS2_PLACEMENT_3D('',#14343,#11798,#11799);
#9625=AXIS2_PLACEMENT_3D('',#14346,#11802,#11803);
#9626=AXIS2_PLACEMENT_3D('',#14347,#11804,#11805);
#9627=AXIS2_PLACEMENT_3D('',#14356,#11810,#11811);
#9628=AXIS2_PLACEMENT_3D('',#14364,#11816,#11817);
#9629=AXIS2_PLACEMENT_3D('',#14370,#11821,#11822);
#9630=AXIS2_PLACEMENT_3D('',#14375,#11826,#11827);
#9631=AXIS2_PLACEMENT_3D('',#14376,#11828,#11829);
#9632=AXIS2_PLACEMENT_3D('',#14379,#11831,#11832);
#9633=AXIS2_PLACEMENT_3D('',#14380,#11833,#11834);
#9634=AXIS2_PLACEMENT_3D('',#14382,#11835,#11836);
#9635=AXIS2_PLACEMENT_3D('',#14385,#11838,#11839);
#9636=AXIS2_PLACEMENT_3D('',#14386,#11840,#11841);
#9637=AXIS2_PLACEMENT_3D('',#14388,#11842,#11843);
#9638=AXIS2_PLACEMENT_3D('',#14391,#11845,#11846);
#9639=AXIS2_PLACEMENT_3D('',#14392,#11847,#11848);
#9640=AXIS2_PLACEMENT_3D('',#14394,#11849,#11850);
#9641=AXIS2_PLACEMENT_3D('',#14397,#11852,#11853);
#9642=AXIS2_PLACEMENT_3D('',#14398,#11854,#11855);
#9643=AXIS2_PLACEMENT_3D('',#14400,#11856,#11857);
#9644=AXIS2_PLACEMENT_3D('',#14403,#11859,#11860);
#9645=AXIS2_PLACEMENT_3D('',#14404,#11861,#11862);
#9646=AXIS2_PLACEMENT_3D('',#14413,#11867,#11868);
#9647=AXIS2_PLACEMENT_3D('',#14415,#11869,#11870);
#9648=AXIS2_PLACEMENT_3D('',#14417,#11871,#11872);
#9649=AXIS2_PLACEMENT_3D('',#14419,#11874,#11875);
#9650=AXIS2_PLACEMENT_3D('',#14426,#11880,#11881);
#9651=AXIS2_PLACEMENT_3D('',#14428,#11882,#11883);
#9652=AXIS2_PLACEMENT_3D('',#14430,#11884,#11885);
#9653=AXIS2_PLACEMENT_3D('',#14432,#11887,#11888);
#9654=AXIS2_PLACEMENT_3D('',#14441,#11895,#11896);
#9655=AXIS2_PLACEMENT_3D('',#14442,#11897,#11898);
#9656=AXIS2_PLACEMENT_3D('',#14444,#11899,#11900);
#9657=AXIS2_PLACEMENT_3D('',#14446,#11902,#11903);
#9658=AXIS2_PLACEMENT_3D('',#14452,#11908,#11909);
#9659=AXIS2_PLACEMENT_3D('',#14453,#11910,#11911);
#9660=AXIS2_PLACEMENT_3D('',#14454,#11912,#11913);
#9661=AXIS2_PLACEMENT_3D('',#14455,#11914,#11915);
#9662=AXIS2_PLACEMENT_3D('',#14456,#11916,#11917);
#9663=AXIS2_PLACEMENT_3D('',#14457,#11918,#11919);
#9664=DIRECTION('axis',(0.,0.,1.));
#9665=DIRECTION('refdir',(1.,0.,0.));
#9666=DIRECTION('axis',(0.,0.,1.));
#9667=DIRECTION('refdir',(1.,0.,0.));
#9668=DIRECTION('center_axis',(-1.,0.,0.));
#9669=DIRECTION('ref_axis',(0.,-1.,0.));
#9670=DIRECTION('',(0.,1.,0.));
#9671=DIRECTION('',(0.,0.,1.));
#9672=DIRECTION('',(0.,-1.,0.));
#9673=DIRECTION('',(0.,0.,1.));
#9674=DIRECTION('center_axis',(0.,1.,0.));
#9675=DIRECTION('ref_axis',(-1.,0.,0.));
#9676=DIRECTION('',(1.,0.,0.));
#9677=DIRECTION('',(-1.,0.,0.));
#9678=DIRECTION('',(0.,0.,1.));
#9679=DIRECTION('center_axis',(1.,0.,0.));
#9680=DIRECTION('ref_axis',(0.,1.,0.));
#9681=DIRECTION('',(0.,-1.,0.));
#9682=DIRECTION('',(0.,1.,0.));
#9683=DIRECTION('',(0.,0.,1.));
#9684=DIRECTION('center_axis',(0.,-1.,0.));
#9685=DIRECTION('ref_axis',(1.,0.,0.));
#9686=DIRECTION('',(-1.,0.,0.));
#9687=DIRECTION('',(1.,0.,0.));
#9688=DIRECTION('center_axis',(0.,0.,1.));
#9689=DIRECTION('ref_axis',(1.,0.,0.));
#9690=DIRECTION('center_axis',(-1.,0.,0.));
#9691=DIRECTION('ref_axis',(0.,-1.,0.));
#9692=DIRECTION('',(0.,1.,0.));
#9693=DIRECTION('',(0.,0.,1.));
#9694=DIRECTION('',(0.,-1.,0.));
#9695=DIRECTION('',(0.,0.,1.));
#9696=DIRECTION('center_axis',(0.,1.,0.));
#9697=DIRECTION('ref_axis',(-1.,0.,0.));
#9698=DIRECTION('',(1.,0.,0.));
#9699=DIRECTION('',(-1.,0.,0.));
#9700=DIRECTION('',(0.,0.,1.));
#9701=DIRECTION('center_axis',(1.,0.,0.));
#9702=DIRECTION('ref_axis',(0.,1.,0.));
#9703=DIRECTION('',(0.,-1.,0.));
#9704=DIRECTION('',(0.,1.,0.));
#9705=DIRECTION('',(0.,0.,1.));
#9706=DIRECTION('center_axis',(0.,-1.,0.));
#9707=DIRECTION('ref_axis',(1.,0.,0.));
#9708=DIRECTION('',(-1.,0.,0.));
#9709=DIRECTION('',(1.,0.,0.));
#9710=DIRECTION('center_axis',(0.,0.,1.));
#9711=DIRECTION('ref_axis',(1.,0.,0.));
#9712=DIRECTION('center_axis',(0.,-1.,0.));
#9713=DIRECTION('ref_axis',(-1.,0.,0.));
#9714=DIRECTION('',(1.,0.,0.));
#9715=DIRECTION('',(0.,0.,-1.));
#9716=DIRECTION('',(-1.,0.,0.));
#9717=DIRECTION('',(0.,0.,-1.));
#9718=DIRECTION('',(1.,0.,0.));
#9719=DIRECTION('center_axis',(1.,0.,0.));
#9720=DIRECTION('ref_axis',(0.,-1.,0.));
#9721=DIRECTION('',(0.,1.,0.));
#9722=DIRECTION('',(0.,-1.,0.));
#9723=DIRECTION('',(0.,0.,-1.));
#9724=DIRECTION('center_axis',(0.,1.,0.));
#9725=DIRECTION('ref_axis',(1.,0.,0.));
#9726=DIRECTION('',(-1.,0.,0.));
#9727=DIRECTION('',(1.,0.,0.));
#9728=DIRECTION('',(0.,0.,-1.));
#9729=DIRECTION('',(-1.,0.,0.));
#9730=DIRECTION('center_axis',(0.,0.,-1.));
#9731=DIRECTION('ref_axis',(-1.,0.,0.));
#9732=DIRECTION('center_axis',(0.,0.,-1.));
#9733=DIRECTION('ref_axis',(-1.,0.,0.));
#9734=DIRECTION('center_axis',(0.,0.,-1.));
#9735=DIRECTION('ref_axis',(-1.,0.,0.));
#9736=DIRECTION('',(0.,0.,-1.));
#9737=DIRECTION('center_axis',(-1.,5.06955591417209E-17,0.));
#9738=DIRECTION('ref_axis',(5.06955591417209E-17,1.,0.));
#9739=DIRECTION('',(-5.06955591417209E-17,-1.,0.));
#9740=DIRECTION('',(5.06955591417209E-17,1.,0.));
#9741=DIRECTION('',(0.,0.,-1.));
#9742=DIRECTION('center_axis',(0.,0.,-1.));
#9743=DIRECTION('ref_axis',(4.99600361081318E-15,-1.,0.));
#9744=DIRECTION('center_axis',(0.,0.,-1.));
#9745=DIRECTION('ref_axis',(4.99600361081318E-15,-1.,0.));
#9746=DIRECTION('center_axis',(0.,0.,-1.));
#9747=DIRECTION('ref_axis',(4.99600361081318E-15,-1.,0.));
#9748=DIRECTION('center_axis',(0.,0.,-1.));
#9749=DIRECTION('ref_axis',(1.,0.,0.));
#9750=DIRECTION('center_axis',(0.,0.,-1.));
#9751=DIRECTION('ref_axis',(1.,0.,0.));
#9752=DIRECTION('',(-4.44089209850063E-17,1.,0.));
#9753=DIRECTION('center_axis',(1.,0.,0.));
#9754=DIRECTION('ref_axis',(0.,-1.,0.));
#9755=DIRECTION('',(0.,1.,0.));
#9756=DIRECTION('',(0.,0.,-1.));
#9757=DIRECTION('',(0.,-1.,0.));
#9758=DIRECTION('',(0.,0.,-1.));
#9759=DIRECTION('center_axis',(0.,-1.,0.));
#9760=DIRECTION('ref_axis',(-1.,0.,0.));
#9761=DIRECTION('',(1.,0.,0.));
#9762=DIRECTION('',(0.,0.,-1.));
#9763=DIRECTION('',(-1.,0.,0.));
#9764=DIRECTION('center_axis',(0.,1.,0.));
#9765=DIRECTION('ref_axis',(1.,0.,0.));
#9766=DIRECTION('',(-1.,0.,0.));
#9767=DIRECTION('',(1.,0.,0.));
#9768=DIRECTION('',(0.,0.,-1.));
#9769=DIRECTION('center_axis',(-1.,0.,0.));
#9770=DIRECTION('ref_axis',(0.,1.,0.));
#9771=DIRECTION('',(0.,-1.,0.));
#9772=DIRECTION('',(0.,1.,0.));
#9773=DIRECTION('center_axis',(0.,0.,-1.));
#9774=DIRECTION('ref_axis',(-1.,0.,0.));
#9775=DIRECTION('center_axis',(-1.,0.,0.));
#9776=DIRECTION('ref_axis',(0.,1.,0.));
#9777=DIRECTION('',(0.,-1.,0.));
#9778=DIRECTION('',(0.,0.,-1.));
#9779=DIRECTION('',(0.,1.,0.));
#9780=DIRECTION('',(0.,0.,-1.));
#9781=DIRECTION('center_axis',(0.,1.,0.));
#9782=DIRECTION('ref_axis',(1.,0.,0.));
#9783=DIRECTION('',(-1.,0.,0.));
#9784=DIRECTION('',(0.,0.,-1.));
#9785=DIRECTION('',(1.,0.,0.));
#9786=DIRECTION('center_axis',(0.,-1.,0.));
#9787=DIRECTION('ref_axis',(-1.,0.,0.));
#9788=DIRECTION('',(1.,0.,0.));
#9789=DIRECTION('',(-1.,0.,0.));
#9790=DIRECTION('',(0.,0.,-1.));
#9791=DIRECTION('center_axis',(1.,0.,0.));
#9792=DIRECTION('ref_axis',(0.,-1.,0.));
#9793=DIRECTION('',(0.,1.,0.));
#9794=DIRECTION('',(0.,-1.,0.));
#9795=DIRECTION('center_axis',(0.,0.,-1.));
#9796=DIRECTION('ref_axis',(-1.,0.,0.));
#9797=DIRECTION('center_axis',(-1.,0.,0.));
#9798=DIRECTION('ref_axis',(0.,1.,0.));
#9799=DIRECTION('',(0.,-1.,0.));
#9800=DIRECTION('',(0.,0.,-1.));
#9801=DIRECTION('',(0.,1.,0.));
#9802=DIRECTION('',(0.,0.,-1.));
#9803=DIRECTION('center_axis',(0.,1.,0.));
#9804=DIRECTION('ref_axis',(1.,0.,0.));
#9805=DIRECTION('',(-1.,0.,0.));
#9806=DIRECTION('',(0.,0.,-1.));
#9807=DIRECTION('',(1.,0.,0.));
#9808=DIRECTION('center_axis',(0.,-1.,0.));
#9809=DIRECTION('ref_axis',(-1.,0.,0.));
#9810=DIRECTION('',(1.,0.,0.));
#9811=DIRECTION('',(-1.,0.,0.));
#9812=DIRECTION('',(0.,0.,-1.));
#9813=DIRECTION('center_axis',(1.,0.,0.));
#9814=DIRECTION('ref_axis',(0.,-1.,0.));
#9815=DIRECTION('',(0.,1.,0.));
#9816=DIRECTION('',(0.,-1.,0.));
#9817=DIRECTION('center_axis',(0.,0.,-1.));
#9818=DIRECTION('ref_axis',(-1.,0.,0.));
#9819=DIRECTION('center_axis',(-1.,0.,0.));
#9820=DIRECTION('ref_axis',(0.,1.,0.));
#9821=DIRECTION('',(0.,-1.,0.));
#9822=DIRECTION('',(0.,0.,-1.));
#9823=DIRECTION('',(0.,1.,0.));
#9824=DIRECTION('',(0.,0.,-1.));
#9825=DIRECTION('center_axis',(0.,1.,0.));
#9826=DIRECTION('ref_axis',(1.,0.,0.));
#9827=DIRECTION('',(-1.,0.,0.));
#9828=DIRECTION('',(0.,0.,-1.));
#9829=DIRECTION('',(1.,0.,0.));
#9830=DIRECTION('center_axis',(0.,-1.,0.));
#9831=DIRECTION('ref_axis',(-1.,0.,0.));
#9832=DIRECTION('',(1.,0.,0.));
#9833=DIRECTION('',(-1.,0.,0.));
#9834=DIRECTION('',(0.,0.,-1.));
#9835=DIRECTION('center_axis',(1.,0.,0.));
#9836=DIRECTION('ref_axis',(0.,-1.,0.));
#9837=DIRECTION('',(0.,1.,0.));
#9838=DIRECTION('',(0.,-1.,0.));
#9839=DIRECTION('center_axis',(0.,0.,-1.));
#9840=DIRECTION('ref_axis',(-1.,0.,0.));
#9841=DIRECTION('center_axis',(-1.,0.,0.));
#9842=DIRECTION('ref_axis',(0.,1.,0.));
#9843=DIRECTION('',(0.,-1.,0.));
#9844=DIRECTION('',(0.,0.,-1.));
#9845=DIRECTION('',(0.,1.,0.));
#9846=DIRECTION('',(0.,0.,-1.));
#9847=DIRECTION('center_axis',(0.,1.,0.));
#9848=DIRECTION('ref_axis',(1.,0.,0.));
#9849=DIRECTION('',(-1.,0.,0.));
#9850=DIRECTION('',(0.,0.,-1.));
#9851=DIRECTION('',(1.,0.,0.));
#9852=DIRECTION('center_axis',(0.,-1.,0.));
#9853=DIRECTION('ref_axis',(-1.,0.,0.));
#9854=DIRECTION('',(1.,0.,0.));
#9855=DIRECTION('',(-1.,0.,0.));
#9856=DIRECTION('',(0.,0.,-1.));
#9857=DIRECTION('center_axis',(1.,0.,0.));
#9858=DIRECTION('ref_axis',(0.,-1.,0.));
#9859=DIRECTION('',(0.,1.,0.));
#9860=DIRECTION('',(0.,-1.,0.));
#9861=DIRECTION('center_axis',(0.,0.,-1.));
#9862=DIRECTION('ref_axis',(-1.,0.,0.));
#9863=DIRECTION('center_axis',(-1.,0.,0.));
#9864=DIRECTION('ref_axis',(0.,1.,0.));
#9865=DIRECTION('',(0.,-1.,0.));
#9866=DIRECTION('',(0.,0.,-1.));
#9867=DIRECTION('',(0.,1.,0.));
#9868=DIRECTION('',(0.,0.,-1.));
#9869=DIRECTION('center_axis',(0.,1.,0.));
#9870=DIRECTION('ref_axis',(1.,0.,0.));
#9871=DIRECTION('',(-1.,0.,0.));
#9872=DIRECTION('',(0.,0.,-1.));
#9873=DIRECTION('',(1.,0.,0.));
#9874=DIRECTION('center_axis',(0.,-1.,0.));
#9875=DIRECTION('ref_axis',(-1.,0.,0.));
#9876=DIRECTION('',(1.,0.,0.));
#9877=DIRECTION('',(-1.,0.,0.));
#9878=DIRECTION('',(0.,0.,-1.));
#9879=DIRECTION('center_axis',(1.,0.,0.));
#9880=DIRECTION('ref_axis',(0.,-1.,0.));
#9881=DIRECTION('',(0.,1.,0.));
#9882=DIRECTION('',(0.,-1.,0.));
#9883=DIRECTION('center_axis',(0.,0.,-1.));
#9884=DIRECTION('ref_axis',(-1.,0.,0.));
#9885=DIRECTION('center_axis',(-1.,0.,0.));
#9886=DIRECTION('ref_axis',(0.,1.,0.));
#9887=DIRECTION('',(0.,-1.,0.));
#9888=DIRECTION('',(0.,0.,-1.));
#9889=DIRECTION('',(0.,1.,0.));
#9890=DIRECTION('',(0.,0.,-1.));
#9891=DIRECTION('center_axis',(0.,1.,0.));
#9892=DIRECTION('ref_axis',(1.,0.,0.));
#9893=DIRECTION('',(-1.,0.,0.));
#9894=DIRECTION('',(0.,0.,-1.));
#9895=DIRECTION('',(1.,0.,0.));
#9896=DIRECTION('center_axis',(0.,-1.,0.));
#9897=DIRECTION('ref_axis',(-1.,0.,0.));
#9898=DIRECTION('',(1.,0.,0.));
#9899=DIRECTION('',(-1.,0.,0.));
#9900=DIRECTION('',(0.,0.,-1.));
#9901=DIRECTION('center_axis',(1.,0.,0.));
#9902=DIRECTION('ref_axis',(0.,-1.,0.));
#9903=DIRECTION('',(0.,1.,0.));
#9904=DIRECTION('',(0.,-1.,0.));
#9905=DIRECTION('center_axis',(0.,0.,-1.));
#9906=DIRECTION('ref_axis',(-1.,0.,0.));
#9907=DIRECTION('center_axis',(-1.,0.,0.));
#9908=DIRECTION('ref_axis',(0.,1.,0.));
#9909=DIRECTION('',(0.,-1.,0.));
#9910=DIRECTION('',(0.,0.,-1.));
#9911=DIRECTION('',(0.,1.,0.));
#9912=DIRECTION('',(0.,0.,-1.));
#9913=DIRECTION('center_axis',(0.,1.,0.));
#9914=DIRECTION('ref_axis',(1.,0.,0.));
#9915=DIRECTION('',(-1.,0.,0.));
#9916=DIRECTION('',(0.,0.,-1.));
#9917=DIRECTION('',(1.,0.,0.));
#9918=DIRECTION('center_axis',(0.,-1.,0.));
#9919=DIRECTION('ref_axis',(-1.,0.,0.));
#9920=DIRECTION('',(1.,0.,0.));
#9921=DIRECTION('',(-1.,0.,0.));
#9922=DIRECTION('',(0.,0.,-1.));
#9923=DIRECTION('center_axis',(1.,0.,0.));
#9924=DIRECTION('ref_axis',(0.,-1.,0.));
#9925=DIRECTION('',(0.,1.,0.));
#9926=DIRECTION('',(0.,-1.,0.));
#9927=DIRECTION('center_axis',(0.,0.,-1.));
#9928=DIRECTION('ref_axis',(-1.,0.,0.));
#9929=DIRECTION('center_axis',(-1.,0.,0.));
#9930=DIRECTION('ref_axis',(0.,1.,0.));
#9931=DIRECTION('',(0.,-1.,0.));
#9932=DIRECTION('',(0.,0.,-1.));
#9933=DIRECTION('',(0.,1.,0.));
#9934=DIRECTION('',(0.,0.,-1.));
#9935=DIRECTION('center_axis',(0.,1.,0.));
#9936=DIRECTION('ref_axis',(1.,0.,0.));
#9937=DIRECTION('',(-1.,0.,0.));
#9938=DIRECTION('',(0.,0.,-1.));
#9939=DIRECTION('',(1.,0.,0.));
#9940=DIRECTION('center_axis',(0.,-1.,0.));
#9941=DIRECTION('ref_axis',(-1.,0.,0.));
#9942=DIRECTION('',(1.,0.,0.));
#9943=DIRECTION('',(-1.,0.,0.));
#9944=DIRECTION('',(0.,0.,-1.));
#9945=DIRECTION('center_axis',(1.,0.,0.));
#9946=DIRECTION('ref_axis',(0.,-1.,0.));
#9947=DIRECTION('',(0.,1.,0.));
#9948=DIRECTION('',(0.,-1.,0.));
#9949=DIRECTION('center_axis',(0.,0.,-1.));
#9950=DIRECTION('ref_axis',(-1.,0.,0.));
#9951=DIRECTION('center_axis',(-1.,0.,0.));
#9952=DIRECTION('ref_axis',(0.,1.,0.));
#9953=DIRECTION('',(0.,-1.,0.));
#9954=DIRECTION('',(0.,0.,-1.));
#9955=DIRECTION('',(0.,1.,0.));
#9956=DIRECTION('',(0.,0.,-1.));
#9957=DIRECTION('center_axis',(0.,1.,0.));
#9958=DIRECTION('ref_axis',(1.,0.,0.));
#9959=DIRECTION('',(-1.,0.,0.));
#9960=DIRECTION('',(0.,0.,-1.));
#9961=DIRECTION('',(1.,0.,0.));
#9962=DIRECTION('center_axis',(0.,-1.,0.));
#9963=DIRECTION('ref_axis',(-1.,0.,0.));
#9964=DIRECTION('',(1.,0.,0.));
#9965=DIRECTION('',(-1.,0.,0.));
#9966=DIRECTION('',(0.,0.,-1.));
#9967=DIRECTION('center_axis',(1.,0.,0.));
#9968=DIRECTION('ref_axis',(0.,-1.,0.));
#9969=DIRECTION('',(0.,1.,0.));
#9970=DIRECTION('',(0.,-1.,0.));
#9971=DIRECTION('center_axis',(0.,0.,-1.));
#9972=DIRECTION('ref_axis',(-1.,0.,0.));
#9973=DIRECTION('center_axis',(-1.,0.,0.));
#9974=DIRECTION('ref_axis',(0.,1.,0.));
#9975=DIRECTION('',(0.,-1.,0.));
#9976=DIRECTION('',(0.,0.,-1.));
#9977=DIRECTION('',(0.,1.,0.));
#9978=DIRECTION('',(0.,0.,-1.));
#9979=DIRECTION('center_axis',(0.,1.,0.));
#9980=DIRECTION('ref_axis',(1.,0.,0.));
#9981=DIRECTION('',(-1.,0.,0.));
#9982=DIRECTION('',(0.,0.,-1.));
#9983=DIRECTION('',(1.,0.,0.));
#9984=DIRECTION('center_axis',(0.,-1.,0.));
#9985=DIRECTION('ref_axis',(-1.,0.,0.));
#9986=DIRECTION('',(1.,0.,0.));
#9987=DIRECTION('',(-1.,0.,0.));
#9988=DIRECTION('',(0.,0.,-1.));
#9989=DIRECTION('center_axis',(1.,0.,0.));
#9990=DIRECTION('ref_axis',(0.,-1.,0.));
#9991=DIRECTION('',(0.,1.,0.));
#9992=DIRECTION('',(0.,-1.,0.));
#9993=DIRECTION('center_axis',(0.,0.,-1.));
#9994=DIRECTION('ref_axis',(-1.,0.,0.));
#9995=DIRECTION('center_axis',(0.,1.,0.));
#9996=DIRECTION('ref_axis',(1.,0.,0.));
#9997=DIRECTION('',(-1.,0.,0.));
#9998=DIRECTION('',(0.,0.,-1.));
#9999=DIRECTION('',(1.,0.,0.));
#10000=DIRECTION('',(0.,0.,-1.));
#10001=DIRECTION('center_axis',(1.,0.,0.));
#10002=DIRECTION('ref_axis',(0.,-1.,0.));
#10003=DIRECTION('',(0.,1.,0.));
#10004=DIRECTION('',(0.,0.,-1.));
#10005=DIRECTION('',(0.,-1.,0.));
#10006=DIRECTION('center_axis',(-1.,0.,0.));
#10007=DIRECTION('ref_axis',(0.,1.,0.));
#10008=DIRECTION('',(0.,-1.,0.));
#10009=DIRECTION('',(0.,1.,0.));
#10010=DIRECTION('',(0.,0.,-1.));
#10011=DIRECTION('center_axis',(0.,-1.,0.));
#10012=DIRECTION('ref_axis',(-1.,0.,0.));
#10013=DIRECTION('',(1.,0.,0.));
#10014=DIRECTION('',(-1.,0.,0.));
#10015=DIRECTION('center_axis',(0.,0.,-1.));
#10016=DIRECTION('ref_axis',(-1.,0.,0.));
#10017=DIRECTION('center_axis',(-1.,0.,0.));
#10018=DIRECTION('ref_axis',(0.,1.,0.));
#10019=DIRECTION('',(0.,-1.,0.));
#10020=DIRECTION('',(0.,0.,-1.));
#10021=DIRECTION('',(0.,1.,0.));
#10022=DIRECTION('',(0.,0.,-1.));
#10023=DIRECTION('center_axis',(0.,1.,0.));
#10024=DIRECTION('ref_axis',(1.,0.,0.));
#10025=DIRECTION('',(-1.,0.,0.));
#10026=DIRECTION('',(0.,0.,-1.));
#10027=DIRECTION('',(1.,0.,0.));
#10028=DIRECTION('center_axis',(0.,-1.,0.));
#10029=DIRECTION('ref_axis',(-1.,0.,0.));
#10030=DIRECTION('',(1.,0.,0.));
#10031=DIRECTION('',(-1.,0.,0.));
#10032=DIRECTION('',(0.,0.,-1.));
#10033=DIRECTION('center_axis',(1.,0.,0.));
#10034=DIRECTION('ref_axis',(0.,-1.,0.));
#10035=DIRECTION('',(0.,1.,0.));
#10036=DIRECTION('',(0.,-1.,0.));
#10037=DIRECTION('center_axis',(0.,0.,-1.));
#10038=DIRECTION('ref_axis',(-1.,0.,0.));
#10039=DIRECTION('center_axis',(-1.,0.,0.));
#10040=DIRECTION('ref_axis',(0.,1.,0.));
#10041=DIRECTION('',(0.,-1.,0.));
#10042=DIRECTION('',(0.,0.,-1.));
#10043=DIRECTION('',(0.,1.,0.));
#10044=DIRECTION('',(0.,0.,-1.));
#10045=DIRECTION('center_axis',(0.,1.,0.));
#10046=DIRECTION('ref_axis',(1.,0.,0.));
#10047=DIRECTION('',(-1.,0.,0.));
#10048=DIRECTION('',(0.,0.,-1.));
#10049=DIRECTION('',(1.,0.,0.));
#10050=DIRECTION('center_axis',(0.,-1.,0.));
#10051=DIRECTION('ref_axis',(-1.,0.,0.));
#10052=DIRECTION('',(1.,0.,0.));
#10053=DIRECTION('',(-1.,0.,0.));
#10054=DIRECTION('',(0.,0.,-1.));
#10055=DIRECTION('center_axis',(1.,0.,0.));
#10056=DIRECTION('ref_axis',(0.,-1.,0.));
#10057=DIRECTION('',(0.,1.,0.));
#10058=DIRECTION('',(0.,-1.,0.));
#10059=DIRECTION('center_axis',(0.,0.,-1.));
#10060=DIRECTION('ref_axis',(-1.,0.,0.));
#10061=DIRECTION('center_axis',(-1.,0.,0.));
#10062=DIRECTION('ref_axis',(0.,1.,0.));
#10063=DIRECTION('',(0.,-1.,0.));
#10064=DIRECTION('',(0.,0.,-1.));
#10065=DIRECTION('',(0.,1.,0.));
#10066=DIRECTION('',(0.,0.,-1.));
#10067=DIRECTION('center_axis',(0.,1.,0.));
#10068=DIRECTION('ref_axis',(1.,0.,0.));
#10069=DIRECTION('',(-1.,0.,0.));
#10070=DIRECTION('',(0.,0.,-1.));
#10071=DIRECTION('',(1.,0.,0.));
#10072=DIRECTION('center_axis',(0.,-1.,0.));
#10073=DIRECTION('ref_axis',(-1.,0.,0.));
#10074=DIRECTION('',(1.,0.,0.));
#10075=DIRECTION('',(-1.,0.,0.));
#10076=DIRECTION('',(0.,0.,-1.));
#10077=DIRECTION('center_axis',(1.,0.,0.));
#10078=DIRECTION('ref_axis',(0.,-1.,0.));
#10079=DIRECTION('',(0.,1.,0.));
#10080=DIRECTION('',(0.,-1.,0.));
#10081=DIRECTION('center_axis',(0.,0.,-1.));
#10082=DIRECTION('ref_axis',(-1.,0.,0.));
#10083=DIRECTION('center_axis',(-1.,0.,0.));
#10084=DIRECTION('ref_axis',(0.,1.,0.));
#10085=DIRECTION('',(0.,-1.,0.));
#10086=DIRECTION('',(0.,0.,-1.));
#10087=DIRECTION('',(0.,1.,0.));
#10088=DIRECTION('',(0.,0.,-1.));
#10089=DIRECTION('center_axis',(0.,1.,0.));
#10090=DIRECTION('ref_axis',(1.,0.,0.));
#10091=DIRECTION('',(-1.,0.,0.));
#10092=DIRECTION('',(0.,0.,-1.));
#10093=DIRECTION('',(1.,0.,0.));
#10094=DIRECTION('center_axis',(0.,-1.,0.));
#10095=DIRECTION('ref_axis',(-1.,0.,0.));
#10096=DIRECTION('',(1.,0.,0.));
#10097=DIRECTION('',(-1.,0.,0.));
#10098=DIRECTION('',(0.,0.,-1.));
#10099=DIRECTION('center_axis',(1.,0.,0.));
#10100=DIRECTION('ref_axis',(0.,-1.,0.));
#10101=DIRECTION('',(0.,1.,0.));
#10102=DIRECTION('',(0.,-1.,0.));
#10103=DIRECTION('center_axis',(0.,0.,-1.));
#10104=DIRECTION('ref_axis',(-1.,0.,0.));
#10105=DIRECTION('center_axis',(-1.,0.,0.));
#10106=DIRECTION('ref_axis',(0.,1.,0.));
#10107=DIRECTION('',(0.,-1.,0.));
#10108=DIRECTION('',(0.,0.,-1.));
#10109=DIRECTION('',(0.,1.,0.));
#10110=DIRECTION('',(0.,0.,-1.));
#10111=DIRECTION('center_axis',(0.,1.,0.));
#10112=DIRECTION('ref_axis',(1.,0.,0.));
#10113=DIRECTION('',(-1.,0.,0.));
#10114=DIRECTION('',(0.,0.,-1.));
#10115=DIRECTION('',(1.,0.,0.));
#10116=DIRECTION('center_axis',(0.,-1.,0.));
#10117=DIRECTION('ref_axis',(-1.,0.,0.));
#10118=DIRECTION('',(1.,0.,0.));
#10119=DIRECTION('',(-1.,0.,0.));
#10120=DIRECTION('',(0.,0.,-1.));
#10121=DIRECTION('center_axis',(1.,0.,0.));
#10122=DIRECTION('ref_axis',(0.,-1.,0.));
#10123=DIRECTION('',(0.,1.,0.));
#10124=DIRECTION('',(0.,-1.,0.));
#10125=DIRECTION('center_axis',(0.,0.,-1.));
#10126=DIRECTION('ref_axis',(-1.,0.,0.));
#10127=DIRECTION('center_axis',(-1.,0.,0.));
#10128=DIRECTION('ref_axis',(0.,1.,0.));
#10129=DIRECTION('',(0.,-1.,0.));
#10130=DIRECTION('',(0.,0.,-1.));
#10131=DIRECTION('',(0.,1.,0.));
#10132=DIRECTION('',(0.,0.,-1.));
#10133=DIRECTION('center_axis',(0.,1.,0.));
#10134=DIRECTION('ref_axis',(1.,0.,0.));
#10135=DIRECTION('',(-1.,0.,0.));
#10136=DIRECTION('',(0.,0.,-1.));
#10137=DIRECTION('',(1.,0.,0.));
#10138=DIRECTION('center_axis',(0.,-1.,0.));
#10139=DIRECTION('ref_axis',(-1.,0.,0.));
#10140=DIRECTION('',(1.,0.,0.));
#10141=DIRECTION('',(-1.,0.,0.));
#10142=DIRECTION('',(0.,0.,-1.));
#10143=DIRECTION('center_axis',(1.,0.,0.));
#10144=DIRECTION('ref_axis',(0.,-1.,0.));
#10145=DIRECTION('',(0.,1.,0.));
#10146=DIRECTION('',(0.,-1.,0.));
#10147=DIRECTION('center_axis',(0.,0.,-1.));
#10148=DIRECTION('ref_axis',(-1.,0.,0.));
#10149=DIRECTION('center_axis',(-1.,0.,0.));
#10150=DIRECTION('ref_axis',(0.,1.,0.));
#10151=DIRECTION('',(0.,-1.,0.));
#10152=DIRECTION('',(0.,0.,-1.));
#10153=DIRECTION('',(0.,1.,0.));
#10154=DIRECTION('',(0.,0.,-1.));
#10155=DIRECTION('center_axis',(0.,1.,0.));
#10156=DIRECTION('ref_axis',(1.,0.,0.));
#10157=DIRECTION('',(-1.,0.,0.));
#10158=DIRECTION('',(0.,0.,-1.));
#10159=DIRECTION('',(1.,0.,0.));
#10160=DIRECTION('center_axis',(0.,-1.,0.));
#10161=DIRECTION('ref_axis',(-1.,0.,0.));
#10162=DIRECTION('',(1.,0.,0.));
#10163=DIRECTION('',(-1.,0.,0.));
#10164=DIRECTION('',(0.,0.,-1.));
#10165=DIRECTION('center_axis',(1.,0.,0.));
#10166=DIRECTION('ref_axis',(0.,-1.,0.));
#10167=DIRECTION('',(0.,1.,0.));
#10168=DIRECTION('',(0.,-1.,0.));
#10169=DIRECTION('center_axis',(0.,0.,-1.));
#10170=DIRECTION('ref_axis',(-1.,0.,0.));
#10171=DIRECTION('center_axis',(-1.,0.,0.));
#10172=DIRECTION('ref_axis',(0.,1.,0.));
#10173=DIRECTION('',(0.,-1.,0.));
#10174=DIRECTION('',(0.,0.,-1.));
#10175=DIRECTION('',(0.,1.,0.));
#10176=DIRECTION('',(0.,0.,-1.));
#10177=DIRECTION('center_axis',(0.,1.,0.));
#10178=DIRECTION('ref_axis',(1.,0.,0.));
#10179=DIRECTION('',(-1.,0.,0.));
#10180=DIRECTION('',(0.,0.,-1.));
#10181=DIRECTION('',(1.,0.,0.));
#10182=DIRECTION('center_axis',(0.,-1.,0.));
#10183=DIRECTION('ref_axis',(-1.,0.,0.));
#10184=DIRECTION('',(1.,0.,0.));
#10185=DIRECTION('',(-1.,0.,0.));
#10186=DIRECTION('',(0.,0.,-1.));
#10187=DIRECTION('center_axis',(1.,0.,0.));
#10188=DIRECTION('ref_axis',(0.,-1.,0.));
#10189=DIRECTION('',(0.,1.,0.));
#10190=DIRECTION('',(0.,-1.,0.));
#10191=DIRECTION('center_axis',(0.,0.,-1.));
#10192=DIRECTION('ref_axis',(-1.,0.,0.));
#10193=DIRECTION('center_axis',(-1.,0.,0.));
#10194=DIRECTION('ref_axis',(0.,1.,0.));
#10195=DIRECTION('',(0.,-1.,0.));
#10196=DIRECTION('',(0.,0.,-1.));
#10197=DIRECTION('',(0.,1.,0.));
#10198=DIRECTION('',(0.,0.,-1.));
#10199=DIRECTION('center_axis',(0.,1.,0.));
#10200=DIRECTION('ref_axis',(1.,0.,0.));
#10201=DIRECTION('',(-1.,0.,0.));
#10202=DIRECTION('',(0.,0.,-1.));
#10203=DIRECTION('',(1.,0.,0.));
#10204=DIRECTION('center_axis',(0.,-1.,0.));
#10205=DIRECTION('ref_axis',(-1.,0.,0.));
#10206=DIRECTION('',(1.,0.,0.));
#10207=DIRECTION('',(-1.,0.,0.));
#10208=DIRECTION('',(0.,0.,-1.));
#10209=DIRECTION('center_axis',(1.,0.,0.));
#10210=DIRECTION('ref_axis',(0.,-1.,0.));
#10211=DIRECTION('',(0.,1.,0.));
#10212=DIRECTION('',(0.,-1.,0.));
#10213=DIRECTION('center_axis',(0.,0.,-1.));
#10214=DIRECTION('ref_axis',(-1.,0.,0.));
#10215=DIRECTION('center_axis',(-1.,0.,0.));
#10216=DIRECTION('ref_axis',(0.,1.,0.));
#10217=DIRECTION('',(0.,-1.,0.));
#10218=DIRECTION('',(0.,0.,-1.));
#10219=DIRECTION('',(0.,1.,0.));
#10220=DIRECTION('',(0.,0.,-1.));
#10221=DIRECTION('center_axis',(0.,1.,0.));
#10222=DIRECTION('ref_axis',(1.,0.,0.));
#10223=DIRECTION('',(-1.,0.,0.));
#10224=DIRECTION('',(0.,0.,-1.));
#10225=DIRECTION('',(1.,0.,0.));
#10226=DIRECTION('center_axis',(0.,-1.,0.));
#10227=DIRECTION('ref_axis',(-1.,0.,0.));
#10228=DIRECTION('',(1.,0.,0.));
#10229=DIRECTION('',(-1.,0.,0.));
#10230=DIRECTION('',(0.,0.,-1.));
#10231=DIRECTION('center_axis',(1.,0.,0.));
#10232=DIRECTION('ref_axis',(0.,-1.,0.));
#10233=DIRECTION('',(0.,1.,0.));
#10234=DIRECTION('',(0.,-1.,0.));
#10235=DIRECTION('center_axis',(0.,0.,-1.));
#10236=DIRECTION('ref_axis',(-1.,0.,0.));
#10237=DIRECTION('center_axis',(-1.,0.,0.));
#10238=DIRECTION('ref_axis',(0.,1.,0.));
#10239=DIRECTION('',(0.,-1.,0.));
#10240=DIRECTION('',(0.,0.,-1.));
#10241=DIRECTION('',(0.,1.,0.));
#10242=DIRECTION('',(0.,0.,-1.));
#10243=DIRECTION('center_axis',(0.,1.,0.));
#10244=DIRECTION('ref_axis',(1.,0.,0.));
#10245=DIRECTION('',(-1.,0.,0.));
#10246=DIRECTION('',(0.,0.,-1.));
#10247=DIRECTION('',(1.,0.,0.));
#10248=DIRECTION('center_axis',(0.,-1.,0.));
#10249=DIRECTION('ref_axis',(-1.,0.,0.));
#10250=DIRECTION('',(1.,0.,0.));
#10251=DIRECTION('',(-1.,0.,0.));
#10252=DIRECTION('',(0.,0.,-1.));
#10253=DIRECTION('center_axis',(1.,0.,0.));
#10254=DIRECTION('ref_axis',(0.,-1.,0.));
#10255=DIRECTION('',(0.,1.,0.));
#10256=DIRECTION('',(0.,-1.,0.));
#10257=DIRECTION('center_axis',(0.,0.,-1.));
#10258=DIRECTION('ref_axis',(-1.,0.,0.));
#10259=DIRECTION('center_axis',(-1.,0.,0.));
#10260=DIRECTION('ref_axis',(0.,1.,0.));
#10261=DIRECTION('',(0.,-1.,0.));
#10262=DIRECTION('',(0.,0.,-1.));
#10263=DIRECTION('',(0.,1.,0.));
#10264=DIRECTION('',(0.,0.,-1.));
#10265=DIRECTION('center_axis',(0.,1.,0.));
#10266=DIRECTION('ref_axis',(1.,0.,0.));
#10267=DIRECTION('',(-1.,0.,0.));
#10268=DIRECTION('',(0.,0.,-1.));
#10269=DIRECTION('',(1.,0.,0.));
#10270=DIRECTION('center_axis',(0.,-1.,0.));
#10271=DIRECTION('ref_axis',(-1.,0.,0.));
#10272=DIRECTION('',(1.,0.,0.));
#10273=DIRECTION('',(-1.,0.,0.));
#10274=DIRECTION('',(0.,0.,-1.));
#10275=DIRECTION('center_axis',(1.,0.,0.));
#10276=DIRECTION('ref_axis',(0.,-1.,0.));
#10277=DIRECTION('',(0.,1.,0.));
#10278=DIRECTION('',(0.,-1.,0.));
#10279=DIRECTION('center_axis',(0.,0.,-1.));
#10280=DIRECTION('ref_axis',(-1.,0.,0.));
#10281=DIRECTION('center_axis',(-1.,0.,0.));
#10282=DIRECTION('ref_axis',(0.,1.,0.));
#10283=DIRECTION('',(0.,-1.,0.));
#10284=DIRECTION('',(0.,0.,-1.));
#10285=DIRECTION('',(0.,1.,0.));
#10286=DIRECTION('',(0.,0.,-1.));
#10287=DIRECTION('center_axis',(0.,1.,0.));
#10288=DIRECTION('ref_axis',(1.,0.,0.));
#10289=DIRECTION('',(-1.,0.,0.));
#10290=DIRECTION('',(0.,0.,-1.));
#10291=DIRECTION('',(1.,0.,0.));
#10292=DIRECTION('center_axis',(0.,-1.,0.));
#10293=DIRECTION('ref_axis',(-1.,0.,0.));
#10294=DIRECTION('',(1.,0.,0.));
#10295=DIRECTION('',(-1.,0.,0.));
#10296=DIRECTION('',(0.,0.,-1.));
#10297=DIRECTION('center_axis',(1.,0.,0.));
#10298=DIRECTION('ref_axis',(0.,-1.,0.));
#10299=DIRECTION('',(0.,1.,0.));
#10300=DIRECTION('',(0.,-1.,0.));
#10301=DIRECTION('center_axis',(0.,0.,-1.));
#10302=DIRECTION('ref_axis',(-1.,0.,0.));
#10303=DIRECTION('center_axis',(-1.,0.,0.));
#10304=DIRECTION('ref_axis',(0.,1.,0.));
#10305=DIRECTION('',(0.,-1.,0.));
#10306=DIRECTION('',(0.,0.,-1.));
#10307=DIRECTION('',(0.,1.,0.));
#10308=DIRECTION('',(0.,0.,-1.));
#10309=DIRECTION('center_axis',(0.,1.,0.));
#10310=DIRECTION('ref_axis',(1.,0.,0.));
#10311=DIRECTION('',(-1.,0.,0.));
#10312=DIRECTION('',(0.,0.,-1.));
#10313=DIRECTION('',(1.,0.,0.));
#10314=DIRECTION('center_axis',(0.,-1.,0.));
#10315=DIRECTION('ref_axis',(-1.,0.,0.));
#10316=DIRECTION('',(1.,0.,0.));
#10317=DIRECTION('',(-1.,0.,0.));
#10318=DIRECTION('',(0.,0.,-1.));
#10319=DIRECTION('center_axis',(1.,0.,0.));
#10320=DIRECTION('ref_axis',(0.,-1.,0.));
#10321=DIRECTION('',(0.,1.,0.));
#10322=DIRECTION('',(0.,-1.,0.));
#10323=DIRECTION('center_axis',(0.,0.,-1.));
#10324=DIRECTION('ref_axis',(-1.,0.,0.));
#10325=DIRECTION('center_axis',(-1.,0.,0.));
#10326=DIRECTION('ref_axis',(0.,1.,0.));
#10327=DIRECTION('',(0.,-1.,0.));
#10328=DIRECTION('',(0.,0.,-1.));
#10329=DIRECTION('',(0.,1.,0.));
#10330=DIRECTION('',(0.,0.,-1.));
#10331=DIRECTION('center_axis',(0.,1.,0.));
#10332=DIRECTION('ref_axis',(1.,0.,0.));
#10333=DIRECTION('',(-1.,0.,0.));
#10334=DIRECTION('',(0.,0.,-1.));
#10335=DIRECTION('',(1.,0.,0.));
#10336=DIRECTION('center_axis',(0.,-1.,0.));
#10337=DIRECTION('ref_axis',(-1.,0.,0.));
#10338=DIRECTION('',(1.,0.,0.));
#10339=DIRECTION('',(-1.,0.,0.));
#10340=DIRECTION('',(0.,0.,-1.));
#10341=DIRECTION('center_axis',(1.,0.,0.));
#10342=DIRECTION('ref_axis',(0.,-1.,0.));
#10343=DIRECTION('',(0.,1.,0.));
#10344=DIRECTION('',(0.,-1.,0.));
#10345=DIRECTION('center_axis',(0.,0.,-1.));
#10346=DIRECTION('ref_axis',(-1.,0.,0.));
#10347=DIRECTION('center_axis',(-1.,0.,0.));
#10348=DIRECTION('ref_axis',(0.,1.,0.));
#10349=DIRECTION('',(0.,-1.,0.));
#10350=DIRECTION('',(0.,0.,-1.));
#10351=DIRECTION('',(0.,1.,0.));
#10352=DIRECTION('',(0.,0.,-1.));
#10353=DIRECTION('center_axis',(0.,1.,0.));
#10354=DIRECTION('ref_axis',(1.,0.,0.));
#10355=DIRECTION('',(-1.,0.,0.));
#10356=DIRECTION('',(0.,0.,-1.));
#10357=DIRECTION('',(1.,0.,0.));
#10358=DIRECTION('center_axis',(0.,-1.,0.));
#10359=DIRECTION('ref_axis',(-1.,0.,0.));
#10360=DIRECTION('',(1.,0.,0.));
#10361=DIRECTION('',(-1.,0.,0.));
#10362=DIRECTION('',(0.,0.,-1.));
#10363=DIRECTION('center_axis',(1.,0.,0.));
#10364=DIRECTION('ref_axis',(0.,-1.,0.));
#10365=DIRECTION('',(0.,1.,0.));
#10366=DIRECTION('',(0.,-1.,0.));
#10367=DIRECTION('center_axis',(0.,0.,-1.));
#10368=DIRECTION('ref_axis',(-1.,0.,0.));
#10369=DIRECTION('center_axis',(-1.,0.,0.));
#10370=DIRECTION('ref_axis',(0.,1.,0.));
#10371=DIRECTION('',(0.,-1.,0.));
#10372=DIRECTION('',(0.,0.,-1.));
#10373=DIRECTION('',(0.,1.,0.));
#10374=DIRECTION('',(0.,0.,-1.));
#10375=DIRECTION('center_axis',(0.,1.,0.));
#10376=DIRECTION('ref_axis',(1.,0.,0.));
#10377=DIRECTION('',(-1.,0.,0.));
#10378=DIRECTION('',(0.,0.,-1.));
#10379=DIRECTION('',(1.,0.,0.));
#10380=DIRECTION('center_axis',(0.,-1.,0.));
#10381=DIRECTION('ref_axis',(-1.,0.,0.));
#10382=DIRECTION('',(1.,0.,0.));
#10383=DIRECTION('',(-1.,0.,0.));
#10384=DIRECTION('',(0.,0.,-1.));
#10385=DIRECTION('center_axis',(1.,0.,0.));
#10386=DIRECTION('ref_axis',(0.,-1.,0.));
#10387=DIRECTION('',(0.,1.,0.));
#10388=DIRECTION('',(0.,-1.,0.));
#10389=DIRECTION('center_axis',(0.,0.,-1.));
#10390=DIRECTION('ref_axis',(-1.,0.,0.));
#10391=DIRECTION('center_axis',(-1.,0.,0.));
#10392=DIRECTION('ref_axis',(0.,1.,0.));
#10393=DIRECTION('',(0.,-1.,0.));
#10394=DIRECTION('',(0.,0.,-1.));
#10395=DIRECTION('',(0.,1.,0.));
#10396=DIRECTION('',(0.,0.,-1.));
#10397=DIRECTION('center_axis',(0.,1.,0.));
#10398=DIRECTION('ref_axis',(1.,0.,0.));
#10399=DIRECTION('',(-1.,0.,0.));
#10400=DIRECTION('',(0.,0.,-1.));
#10401=DIRECTION('',(1.,0.,0.));
#10402=DIRECTION('center_axis',(0.,-1.,0.));
#10403=DIRECTION('ref_axis',(-1.,0.,0.));
#10404=DIRECTION('',(1.,0.,0.));
#10405=DIRECTION('',(-1.,0.,0.));
#10406=DIRECTION('',(0.,0.,-1.));
#10407=DIRECTION('center_axis',(1.,0.,0.));
#10408=DIRECTION('ref_axis',(0.,-1.,0.));
#10409=DIRECTION('',(0.,1.,0.));
#10410=DIRECTION('',(0.,-1.,0.));
#10411=DIRECTION('center_axis',(0.,0.,-1.));
#10412=DIRECTION('ref_axis',(-1.,0.,0.));
#10413=DIRECTION('center_axis',(-1.,0.,0.));
#10414=DIRECTION('ref_axis',(0.,1.,0.));
#10415=DIRECTION('',(0.,-1.,0.));
#10416=DIRECTION('',(0.,0.,-1.));
#10417=DIRECTION('',(0.,1.,0.));
#10418=DIRECTION('',(0.,0.,-1.));
#10419=DIRECTION('center_axis',(0.,1.,0.));
#10420=DIRECTION('ref_axis',(1.,0.,0.));
#10421=DIRECTION('',(-1.,0.,0.));
#10422=DIRECTION('',(0.,0.,-1.));
#10423=DIRECTION('',(1.,0.,0.));
#10424=DIRECTION('center_axis',(0.,-1.,0.));
#10425=DIRECTION('ref_axis',(-1.,0.,0.));
#10426=DIRECTION('',(1.,0.,0.));
#10427=DIRECTION('',(-1.,0.,0.));
#10428=DIRECTION('',(0.,0.,-1.));
#10429=DIRECTION('center_axis',(1.,0.,0.));
#10430=DIRECTION('ref_axis',(0.,-1.,0.));
#10431=DIRECTION('',(0.,1.,0.));
#10432=DIRECTION('',(0.,-1.,0.));
#10433=DIRECTION('center_axis',(0.,0.,-1.));
#10434=DIRECTION('ref_axis',(-1.,0.,0.));
#10435=DIRECTION('center_axis',(-1.,0.,0.));
#10436=DIRECTION('ref_axis',(0.,1.,0.));
#10437=DIRECTION('',(0.,-1.,0.));
#10438=DIRECTION('',(0.,0.,-1.));
#10439=DIRECTION('',(0.,1.,0.));
#10440=DIRECTION('',(0.,0.,-1.));
#10441=DIRECTION('center_axis',(0.,1.,0.));
#10442=DIRECTION('ref_axis',(1.,0.,0.));
#10443=DIRECTION('',(-1.,0.,0.));
#10444=DIRECTION('',(0.,0.,-1.));
#10445=DIRECTION('',(1.,0.,0.));
#10446=DIRECTION('center_axis',(0.,-1.,0.));
#10447=DIRECTION('ref_axis',(-1.,0.,0.));
#10448=DIRECTION('',(1.,0.,0.));
#10449=DIRECTION('',(-1.,0.,0.));
#10450=DIRECTION('',(0.,0.,-1.));
#10451=DIRECTION('center_axis',(1.,0.,0.));
#10452=DIRECTION('ref_axis',(0.,-1.,0.));
#10453=DIRECTION('',(0.,1.,0.));
#10454=DIRECTION('',(0.,-1.,0.));
#10455=DIRECTION('center_axis',(0.,0.,-1.));
#10456=DIRECTION('ref_axis',(-1.,0.,0.));
#10457=DIRECTION('center_axis',(-1.,0.,0.));
#10458=DIRECTION('ref_axis',(0.,1.,0.));
#10459=DIRECTION('',(0.,-1.,0.));
#10460=DIRECTION('',(0.,0.,-1.));
#10461=DIRECTION('',(0.,1.,0.));
#10462=DIRECTION('',(0.,0.,-1.));
#10463=DIRECTION('center_axis',(0.,1.,0.));
#10464=DIRECTION('ref_axis',(1.,0.,0.));
#10465=DIRECTION('',(-1.,0.,0.));
#10466=DIRECTION('',(0.,0.,-1.));
#10467=DIRECTION('',(1.,0.,0.));
#10468=DIRECTION('center_axis',(0.,-1.,0.));
#10469=DIRECTION('ref_axis',(-1.,0.,0.));
#10470=DIRECTION('',(1.,0.,0.));
#10471=DIRECTION('',(-1.,0.,0.));
#10472=DIRECTION('',(0.,0.,-1.));
#10473=DIRECTION('center_axis',(1.,0.,0.));
#10474=DIRECTION('ref_axis',(0.,-1.,0.));
#10475=DIRECTION('',(0.,1.,0.));
#10476=DIRECTION('',(0.,-1.,0.));
#10477=DIRECTION('center_axis',(0.,0.,-1.));
#10478=DIRECTION('ref_axis',(-1.,0.,0.));
#10479=DIRECTION('center_axis',(-1.,0.,0.));
#10480=DIRECTION('ref_axis',(0.,1.,0.));
#10481=DIRECTION('',(0.,-1.,0.));
#10482=DIRECTION('',(0.,0.,-1.));
#10483=DIRECTION('',(0.,1.,0.));
#10484=DIRECTION('',(0.,0.,-1.));
#10485=DIRECTION('center_axis',(0.,1.,0.));
#10486=DIRECTION('ref_axis',(1.,0.,0.));
#10487=DIRECTION('',(-1.,0.,0.));
#10488=DIRECTION('',(0.,0.,-1.));
#10489=DIRECTION('',(1.,0.,0.));
#10490=DIRECTION('center_axis',(0.,-1.,0.));
#10491=DIRECTION('ref_axis',(-1.,0.,0.));
#10492=DIRECTION('',(1.,0.,0.));
#10493=DIRECTION('',(-1.,0.,0.));
#10494=DIRECTION('',(0.,0.,-1.));
#10495=DIRECTION('center_axis',(1.,0.,0.));
#10496=DIRECTION('ref_axis',(0.,-1.,0.));
#10497=DIRECTION('',(0.,1.,0.));
#10498=DIRECTION('',(0.,-1.,0.));
#10499=DIRECTION('center_axis',(0.,0.,-1.));
#10500=DIRECTION('ref_axis',(-1.,0.,0.));
#10501=DIRECTION('center_axis',(-1.,0.,0.));
#10502=DIRECTION('ref_axis',(0.,1.,0.));
#10503=DIRECTION('',(0.,-1.,0.));
#10504=DIRECTION('',(0.,0.,-1.));
#10505=DIRECTION('',(0.,1.,0.));
#10506=DIRECTION('',(0.,0.,-1.));
#10507=DIRECTION('center_axis',(0.,1.,0.));
#10508=DIRECTION('ref_axis',(1.,0.,0.));
#10509=DIRECTION('',(-1.,0.,0.));
#10510=DIRECTION('',(0.,0.,-1.));
#10511=DIRECTION('',(1.,0.,0.));
#10512=DIRECTION('center_axis',(0.,-1.,0.));
#10513=DIRECTION('ref_axis',(-1.,0.,0.));
#10514=DIRECTION('',(1.,0.,0.));
#10515=DIRECTION('',(-1.,0.,0.));
#10516=DIRECTION('',(0.,0.,-1.));
#10517=DIRECTION('center_axis',(1.,0.,0.));
#10518=DIRECTION('ref_axis',(0.,-1.,0.));
#10519=DIRECTION('',(0.,1.,0.));
#10520=DIRECTION('',(0.,-1.,0.));
#10521=DIRECTION('center_axis',(0.,0.,-1.));
#10522=DIRECTION('ref_axis',(-1.,0.,0.));
#10523=DIRECTION('center_axis',(-1.,0.,0.));
#10524=DIRECTION('ref_axis',(0.,1.,0.));
#10525=DIRECTION('',(0.,-1.,0.));
#10526=DIRECTION('',(0.,0.,-1.));
#10527=DIRECTION('',(0.,1.,0.));
#10528=DIRECTION('',(0.,0.,-1.));
#10529=DIRECTION('center_axis',(0.,1.,0.));
#10530=DIRECTION('ref_axis',(1.,0.,0.));
#10531=DIRECTION('',(-1.,0.,0.));
#10532=DIRECTION('',(0.,0.,-1.));
#10533=DIRECTION('',(1.,0.,0.));
#10534=DIRECTION('center_axis',(0.,-1.,0.));
#10535=DIRECTION('ref_axis',(-1.,0.,0.));
#10536=DIRECTION('',(1.,0.,0.));
#10537=DIRECTION('',(-1.,0.,0.));
#10538=DIRECTION('',(0.,0.,-1.));
#10539=DIRECTION('center_axis',(1.,0.,0.));
#10540=DIRECTION('ref_axis',(0.,-1.,0.));
#10541=DIRECTION('',(0.,1.,0.));
#10542=DIRECTION('',(0.,-1.,0.));
#10543=DIRECTION('center_axis',(0.,0.,-1.));
#10544=DIRECTION('ref_axis',(-1.,0.,0.));
#10545=DIRECTION('center_axis',(-1.,0.,0.));
#10546=DIRECTION('ref_axis',(0.,1.,0.));
#10547=DIRECTION('',(0.,-1.,0.));
#10548=DIRECTION('',(0.,0.,-1.));
#10549=DIRECTION('',(0.,1.,0.));
#10550=DIRECTION('',(0.,0.,-1.));
#10551=DIRECTION('center_axis',(0.,1.,0.));
#10552=DIRECTION('ref_axis',(1.,0.,0.));
#10553=DIRECTION('',(-1.,0.,0.));
#10554=DIRECTION('',(0.,0.,-1.));
#10555=DIRECTION('',(1.,0.,0.));
#10556=DIRECTION('center_axis',(0.,-1.,0.));
#10557=DIRECTION('ref_axis',(-1.,0.,0.));
#10558=DIRECTION('',(1.,0.,0.));
#10559=DIRECTION('',(-1.,0.,0.));
#10560=DIRECTION('',(0.,0.,-1.));
#10561=DIRECTION('center_axis',(1.,0.,0.));
#10562=DIRECTION('ref_axis',(0.,-1.,0.));
#10563=DIRECTION('',(0.,1.,0.));
#10564=DIRECTION('',(0.,-1.,0.));
#10565=DIRECTION('center_axis',(0.,0.,-1.));
#10566=DIRECTION('ref_axis',(-1.,0.,0.));
#10567=DIRECTION('center_axis',(-1.,0.,0.));
#10568=DIRECTION('ref_axis',(0.,1.,0.));
#10569=DIRECTION('',(0.,-1.,0.));
#10570=DIRECTION('',(0.,0.,-1.));
#10571=DIRECTION('',(0.,1.,0.));
#10572=DIRECTION('',(0.,0.,-1.));
#10573=DIRECTION('center_axis',(0.,1.,0.));
#10574=DIRECTION('ref_axis',(1.,0.,0.));
#10575=DIRECTION('',(-1.,0.,0.));
#10576=DIRECTION('',(0.,0.,-1.));
#10577=DIRECTION('',(1.,0.,0.));
#10578=DIRECTION('center_axis',(0.,-1.,0.));
#10579=DIRECTION('ref_axis',(-1.,0.,0.));
#10580=DIRECTION('',(1.,0.,0.));
#10581=DIRECTION('',(-1.,0.,0.));
#10582=DIRECTION('',(0.,0.,-1.));
#10583=DIRECTION('center_axis',(1.,0.,0.));
#10584=DIRECTION('ref_axis',(0.,-1.,0.));
#10585=DIRECTION('',(0.,1.,0.));
#10586=DIRECTION('',(0.,-1.,0.));
#10587=DIRECTION('center_axis',(0.,0.,-1.));
#10588=DIRECTION('ref_axis',(-1.,0.,0.));
#10589=DIRECTION('center_axis',(-1.,0.,0.));
#10590=DIRECTION('ref_axis',(0.,1.,0.));
#10591=DIRECTION('',(0.,-1.,0.));
#10592=DIRECTION('',(0.,0.,-1.));
#10593=DIRECTION('',(0.,1.,0.));
#10594=DIRECTION('',(0.,0.,-1.));
#10595=DIRECTION('center_axis',(0.,1.,0.));
#10596=DIRECTION('ref_axis',(1.,0.,0.));
#10597=DIRECTION('',(-1.,0.,0.));
#10598=DIRECTION('',(0.,0.,-1.));
#10599=DIRECTION('',(1.,0.,0.));
#10600=DIRECTION('center_axis',(0.,-1.,0.));
#10601=DIRECTION('ref_axis',(-1.,0.,0.));
#10602=DIRECTION('',(1.,0.,0.));
#10603=DIRECTION('',(-1.,0.,0.));
#10604=DIRECTION('',(0.,0.,-1.));
#10605=DIRECTION('center_axis',(1.,0.,0.));
#10606=DIRECTION('ref_axis',(0.,-1.,0.));
#10607=DIRECTION('',(0.,1.,0.));
#10608=DIRECTION('',(0.,-1.,0.));
#10609=DIRECTION('center_axis',(0.,0.,-1.));
#10610=DIRECTION('ref_axis',(-1.,0.,0.));
#10611=DIRECTION('center_axis',(-1.,0.,0.));
#10612=DIRECTION('ref_axis',(0.,1.,0.));
#10613=DIRECTION('',(0.,-1.,0.));
#10614=DIRECTION('',(0.,0.,-1.));
#10615=DIRECTION('',(0.,1.,0.));
#10616=DIRECTION('',(0.,0.,-1.));
#10617=DIRECTION('center_axis',(0.,1.,0.));
#10618=DIRECTION('ref_axis',(1.,0.,0.));
#10619=DIRECTION('',(-1.,0.,0.));
#10620=DIRECTION('',(0.,0.,-1.));
#10621=DIRECTION('',(1.,0.,0.));
#10622=DIRECTION('center_axis',(0.,-1.,0.));
#10623=DIRECTION('ref_axis',(-1.,0.,0.));
#10624=DIRECTION('',(1.,0.,0.));
#10625=DIRECTION('',(-1.,0.,0.));
#10626=DIRECTION('',(0.,0.,-1.));
#10627=DIRECTION('center_axis',(1.,0.,0.));
#10628=DIRECTION('ref_axis',(0.,-1.,0.));
#10629=DIRECTION('',(0.,1.,0.));
#10630=DIRECTION('',(0.,-1.,0.));
#10631=DIRECTION('center_axis',(0.,0.,-1.));
#10632=DIRECTION('ref_axis',(-1.,0.,0.));
#10633=DIRECTION('center_axis',(-1.,0.,0.));
#10634=DIRECTION('ref_axis',(0.,1.,0.));
#10635=DIRECTION('',(0.,-1.,0.));
#10636=DIRECTION('',(0.,0.,-1.));
#10637=DIRECTION('',(0.,1.,0.));
#10638=DIRECTION('',(0.,0.,-1.));
#10639=DIRECTION('center_axis',(0.,1.,0.));
#10640=DIRECTION('ref_axis',(1.,0.,0.));
#10641=DIRECTION('',(-1.,0.,0.));
#10642=DIRECTION('',(0.,0.,-1.));
#10643=DIRECTION('',(1.,0.,0.));
#10644=DIRECTION('center_axis',(0.,-1.,0.));
#10645=DIRECTION('ref_axis',(-1.,0.,0.));
#10646=DIRECTION('',(1.,0.,0.));
#10647=DIRECTION('',(-1.,0.,0.));
#10648=DIRECTION('',(0.,0.,-1.));
#10649=DIRECTION('center_axis',(1.,0.,0.));
#10650=DIRECTION('ref_axis',(0.,-1.,0.));
#10651=DIRECTION('',(0.,1.,0.));
#10652=DIRECTION('',(0.,-1.,0.));
#10653=DIRECTION('center_axis',(0.,0.,-1.));
#10654=DIRECTION('ref_axis',(-1.,0.,0.));
#10655=DIRECTION('center_axis',(-1.,0.,0.));
#10656=DIRECTION('ref_axis',(0.,-1.,0.));
#10657=DIRECTION('',(0.,1.,0.));
#10658=DIRECTION('',(0.,0.,1.));
#10659=DIRECTION('',(0.,-1.,0.));
#10660=DIRECTION('',(0.,0.,1.));
#10661=DIRECTION('center_axis',(0.,-1.,0.));
#10662=DIRECTION('ref_axis',(1.,0.,0.));
#10663=DIRECTION('',(-1.,0.,0.));
#10664=DIRECTION('',(0.,0.,1.));
#10665=DIRECTION('',(1.,0.,0.));
#10666=DIRECTION('center_axis',(0.,1.,0.));
#10667=DIRECTION('ref_axis',(-1.,0.,0.));
#10668=DIRECTION('',(1.,0.,0.));
#10669=DIRECTION('',(-1.,0.,0.));
#10670=DIRECTION('',(0.,0.,1.));
#10671=DIRECTION('center_axis',(1.,0.,0.));
#10672=DIRECTION('ref_axis',(0.,1.,0.));
#10673=DIRECTION('',(0.,-1.,0.));
#10674=DIRECTION('',(0.,1.,0.));
#10675=DIRECTION('center_axis',(0.,0.,1.));
#10676=DIRECTION('ref_axis',(1.,0.,0.));
#10677=DIRECTION('center_axis',(-1.,0.,0.));
#10678=DIRECTION('ref_axis',(0.,-1.,0.));
#10679=DIRECTION('',(0.,1.,0.));
#10680=DIRECTION('',(0.,0.,1.));
#10681=DIRECTION('',(0.,-1.,0.));
#10682=DIRECTION('',(0.,0.,1.));
#10683=DIRECTION('center_axis',(0.,-1.,0.));
#10684=DIRECTION('ref_axis',(1.,0.,0.));
#10685=DIRECTION('',(-1.,0.,0.));
#10686=DIRECTION('',(0.,0.,1.));
#10687=DIRECTION('',(1.,0.,0.));
#10688=DIRECTION('center_axis',(0.,1.,0.));
#10689=DIRECTION('ref_axis',(-1.,0.,0.));
#10690=DIRECTION('',(1.,0.,0.));
#10691=DIRECTION('',(-1.,0.,0.));
#10692=DIRECTION('',(0.,0.,1.));
#10693=DIRECTION('center_axis',(1.,0.,0.));
#10694=DIRECTION('ref_axis',(0.,1.,0.));
#10695=DIRECTION('',(0.,-1.,0.));
#10696=DIRECTION('',(0.,1.,0.));
#10697=DIRECTION('center_axis',(0.,0.,1.));
#10698=DIRECTION('ref_axis',(1.,0.,0.));
#10699=DIRECTION('center_axis',(-1.,0.,0.));
#10700=DIRECTION('ref_axis',(0.,-1.,0.));
#10701=DIRECTION('',(0.,1.,0.));
#10702=DIRECTION('',(0.,0.,1.));
#10703=DIRECTION('',(0.,-1.,0.));
#10704=DIRECTION('',(0.,0.,1.));
#10705=DIRECTION('center_axis',(0.,-1.,0.));
#10706=DIRECTION('ref_axis',(1.,0.,0.));
#10707=DIRECTION('',(-1.,0.,0.));
#10708=DIRECTION('',(0.,0.,1.));
#10709=DIRECTION('',(1.,0.,0.));
#10710=DIRECTION('center_axis',(0.,1.,0.));
#10711=DIRECTION('ref_axis',(-1.,0.,0.));
#10712=DIRECTION('',(1.,0.,0.));
#10713=DIRECTION('',(-1.,0.,0.));
#10714=DIRECTION('',(0.,0.,1.));
#10715=DIRECTION('center_axis',(1.,0.,0.));
#10716=DIRECTION('ref_axis',(0.,1.,0.));
#10717=DIRECTION('',(0.,-1.,0.));
#10718=DIRECTION('',(0.,1.,0.));
#10719=DIRECTION('center_axis',(0.,0.,1.));
#10720=DIRECTION('ref_axis',(1.,0.,0.));
#10721=DIRECTION('center_axis',(-1.,0.,0.));
#10722=DIRECTION('ref_axis',(0.,-1.,0.));
#10723=DIRECTION('',(0.,1.,0.));
#10724=DIRECTION('',(0.,0.,1.));
#10725=DIRECTION('',(0.,-1.,0.));
#10726=DIRECTION('',(0.,0.,1.));
#10727=DIRECTION('center_axis',(0.,-1.,0.));
#10728=DIRECTION('ref_axis',(1.,0.,0.));
#10729=DIRECTION('',(-1.,0.,0.));
#10730=DIRECTION('',(0.,0.,1.));
#10731=DIRECTION('',(1.,0.,0.));
#10732=DIRECTION('center_axis',(0.,1.,0.));
#10733=DIRECTION('ref_axis',(-1.,0.,0.));
#10734=DIRECTION('',(1.,0.,0.));
#10735=DIRECTION('',(-1.,0.,0.));
#10736=DIRECTION('',(0.,0.,1.));
#10737=DIRECTION('center_axis',(1.,0.,0.));
#10738=DIRECTION('ref_axis',(0.,1.,0.));
#10739=DIRECTION('',(0.,-1.,0.));
#10740=DIRECTION('',(0.,1.,0.));
#10741=DIRECTION('center_axis',(0.,0.,1.));
#10742=DIRECTION('ref_axis',(1.,0.,0.));
#10743=DIRECTION('center_axis',(-1.,0.,0.));
#10744=DIRECTION('ref_axis',(0.,-1.,0.));
#10745=DIRECTION('',(0.,1.,0.));
#10746=DIRECTION('',(0.,0.,1.));
#10747=DIRECTION('',(0.,-1.,0.));
#10748=DIRECTION('',(0.,0.,1.));
#10749=DIRECTION('center_axis',(0.,-1.,0.));
#10750=DIRECTION('ref_axis',(1.,0.,0.));
#10751=DIRECTION('',(-1.,0.,0.));
#10752=DIRECTION('',(0.,0.,1.));
#10753=DIRECTION('',(1.,0.,0.));
#10754=DIRECTION('center_axis',(0.,1.,0.));
#10755=DIRECTION('ref_axis',(-1.,0.,0.));
#10756=DIRECTION('',(1.,0.,0.));
#10757=DIRECTION('',(-1.,0.,0.));
#10758=DIRECTION('',(0.,0.,1.));
#10759=DIRECTION('center_axis',(1.,0.,0.));
#10760=DIRECTION('ref_axis',(0.,1.,0.));
#10761=DIRECTION('',(0.,-1.,0.));
#10762=DIRECTION('',(0.,1.,0.));
#10763=DIRECTION('center_axis',(0.,0.,1.));
#10764=DIRECTION('ref_axis',(1.,0.,0.));
#10765=DIRECTION('center_axis',(-1.,0.,0.));
#10766=DIRECTION('ref_axis',(0.,-1.,0.));
#10767=DIRECTION('',(0.,1.,0.));
#10768=DIRECTION('',(0.,0.,1.));
#10769=DIRECTION('',(0.,-1.,0.));
#10770=DIRECTION('',(0.,0.,1.));
#10771=DIRECTION('center_axis',(0.,-1.,0.));
#10772=DIRECTION('ref_axis',(1.,0.,0.));
#10773=DIRECTION('',(-1.,0.,0.));
#10774=DIRECTION('',(0.,0.,1.));
#10775=DIRECTION('',(1.,0.,0.));
#10776=DIRECTION('center_axis',(0.,1.,0.));
#10777=DIRECTION('ref_axis',(-1.,0.,0.));
#10778=DIRECTION('',(1.,0.,0.));
#10779=DIRECTION('',(-1.,0.,0.));
#10780=DIRECTION('',(0.,0.,1.));
#10781=DIRECTION('center_axis',(1.,0.,0.));
#10782=DIRECTION('ref_axis',(0.,1.,0.));
#10783=DIRECTION('',(0.,-1.,0.));
#10784=DIRECTION('',(0.,1.,0.));
#10785=DIRECTION('center_axis',(0.,0.,1.));
#10786=DIRECTION('ref_axis',(1.,0.,0.));
#10787=DIRECTION('center_axis',(-1.,0.,0.));
#10788=DIRECTION('ref_axis',(0.,-1.,0.));
#10789=DIRECTION('',(0.,1.,0.));
#10790=DIRECTION('',(0.,0.,1.));
#10791=DIRECTION('',(0.,-1.,0.));
#10792=DIRECTION('',(0.,0.,1.));
#10793=DIRECTION('center_axis',(0.,-1.,0.));
#10794=DIRECTION('ref_axis',(1.,0.,0.));
#10795=DIRECTION('',(-1.,0.,0.));
#10796=DIRECTION('',(0.,0.,1.));
#10797=DIRECTION('',(1.,0.,0.));
#10798=DIRECTION('center_axis',(0.,1.,0.));
#10799=DIRECTION('ref_axis',(-1.,0.,0.));
#10800=DIRECTION('',(1.,0.,0.));
#10801=DIRECTION('',(-1.,0.,0.));
#10802=DIRECTION('',(0.,0.,1.));
#10803=DIRECTION('center_axis',(1.,0.,0.));
#10804=DIRECTION('ref_axis',(0.,1.,0.));
#10805=DIRECTION('',(0.,-1.,0.));
#10806=DIRECTION('',(0.,1.,0.));
#10807=DIRECTION('center_axis',(0.,0.,1.));
#10808=DIRECTION('ref_axis',(1.,0.,0.));
#10809=DIRECTION('center_axis',(-1.,0.,0.));
#10810=DIRECTION('ref_axis',(0.,-1.,0.));
#10811=DIRECTION('',(0.,1.,0.));
#10812=DIRECTION('',(0.,0.,1.));
#10813=DIRECTION('',(0.,-1.,0.));
#10814=DIRECTION('',(0.,0.,1.));
#10815=DIRECTION('center_axis',(0.,-1.,0.));
#10816=DIRECTION('ref_axis',(1.,0.,0.));
#10817=DIRECTION('',(-1.,0.,0.));
#10818=DIRECTION('',(0.,0.,1.));
#10819=DIRECTION('',(1.,0.,0.));
#10820=DIRECTION('center_axis',(0.,1.,0.));
#10821=DIRECTION('ref_axis',(-1.,0.,0.));
#10822=DIRECTION('',(1.,0.,0.));
#10823=DIRECTION('',(-1.,0.,0.));
#10824=DIRECTION('',(0.,0.,1.));
#10825=DIRECTION('center_axis',(1.,0.,0.));
#10826=DIRECTION('ref_axis',(0.,1.,0.));
#10827=DIRECTION('',(0.,-1.,0.));
#10828=DIRECTION('',(0.,1.,0.));
#10829=DIRECTION('center_axis',(0.,0.,1.));
#10830=DIRECTION('ref_axis',(1.,0.,0.));
#10831=DIRECTION('center_axis',(-1.,0.,0.));
#10832=DIRECTION('ref_axis',(0.,-1.,0.));
#10833=DIRECTION('',(0.,1.,0.));
#10834=DIRECTION('',(0.,0.,1.));
#10835=DIRECTION('',(0.,-1.,0.));
#10836=DIRECTION('',(0.,0.,1.));
#10837=DIRECTION('center_axis',(0.,-1.,0.));
#10838=DIRECTION('ref_axis',(1.,0.,0.));
#10839=DIRECTION('',(-1.,0.,0.));
#10840=DIRECTION('',(0.,0.,1.));
#10841=DIRECTION('',(1.,0.,0.));
#10842=DIRECTION('center_axis',(0.,1.,0.));
#10843=DIRECTION('ref_axis',(-1.,0.,0.));
#10844=DIRECTION('',(1.,0.,0.));
#10845=DIRECTION('',(-1.,0.,0.));
#10846=DIRECTION('',(0.,0.,1.));
#10847=DIRECTION('center_axis',(1.,0.,0.));
#10848=DIRECTION('ref_axis',(0.,1.,0.));
#10849=DIRECTION('',(0.,-1.,0.));
#10850=DIRECTION('',(0.,1.,0.));
#10851=DIRECTION('center_axis',(0.,0.,1.));
#10852=DIRECTION('ref_axis',(1.,0.,0.));
#10853=DIRECTION('center_axis',(-1.,0.,0.));
#10854=DIRECTION('ref_axis',(0.,-1.,0.));
#10855=DIRECTION('',(0.,1.,0.));
#10856=DIRECTION('',(0.,0.,1.));
#10857=DIRECTION('',(0.,-1.,0.));
#10858=DIRECTION('',(0.,0.,1.));
#10859=DIRECTION('center_axis',(0.,-1.,0.));
#10860=DIRECTION('ref_axis',(1.,0.,0.));
#10861=DIRECTION('',(-1.,0.,0.));
#10862=DIRECTION('',(0.,0.,1.));
#10863=DIRECTION('',(1.,0.,0.));
#10864=DIRECTION('center_axis',(0.,1.,0.));
#10865=DIRECTION('ref_axis',(-1.,0.,0.));
#10866=DIRECTION('',(1.,0.,0.));
#10867=DIRECTION('',(-1.,0.,0.));
#10868=DIRECTION('',(0.,0.,1.));
#10869=DIRECTION('center_axis',(1.,0.,0.));
#10870=DIRECTION('ref_axis',(0.,1.,0.));
#10871=DIRECTION('',(0.,-1.,0.));
#10872=DIRECTION('',(0.,1.,0.));
#10873=DIRECTION('center_axis',(0.,0.,1.));
#10874=DIRECTION('ref_axis',(1.,0.,0.));
#10875=DIRECTION('center_axis',(0.,1.,0.));
#10876=DIRECTION('ref_axis',(-1.,0.,0.));
#10877=DIRECTION('',(1.,0.,0.));
#10878=DIRECTION('',(0.,0.,1.));
#10879=DIRECTION('',(-1.,0.,0.));
#10880=DIRECTION('',(0.,0.,1.));
#10881=DIRECTION('center_axis',(-1.,0.,0.));
#10882=DIRECTION('ref_axis',(0.,-1.,0.));
#10883=DIRECTION('',(0.,1.,0.));
#10884=DIRECTION('',(0.,0.,1.));
#10885=DIRECTION('',(0.,-1.,0.));
#10886=DIRECTION('center_axis',(1.,0.,0.));
#10887=DIRECTION('ref_axis',(0.,1.,0.));
#10888=DIRECTION('',(0.,-1.,0.));
#10889=DIRECTION('',(0.,1.,0.));
#10890=DIRECTION('',(0.,0.,1.));
#10891=DIRECTION('center_axis',(0.,-1.,0.));
#10892=DIRECTION('ref_axis',(1.,0.,0.));
#10893=DIRECTION('',(-1.,0.,0.));
#10894=DIRECTION('',(1.,0.,0.));
#10895=DIRECTION('center_axis',(0.,0.,1.));
#10896=DIRECTION('ref_axis',(1.,0.,0.));
#10897=DIRECTION('center_axis',(-1.,0.,0.));
#10898=DIRECTION('ref_axis',(0.,-1.,0.));
#10899=DIRECTION('',(0.,1.,0.));
#10900=DIRECTION('',(0.,0.,1.));
#10901=DIRECTION('',(0.,-1.,0.));
#10902=DIRECTION('',(0.,0.,1.));
#10903=DIRECTION('center_axis',(0.,-1.,0.));
#10904=DIRECTION('ref_axis',(1.,0.,0.));
#10905=DIRECTION('',(-1.,0.,0.));
#10906=DIRECTION('',(0.,0.,1.));
#10907=DIRECTION('',(1.,0.,0.));
#10908=DIRECTION('center_axis',(0.,1.,0.));
#10909=DIRECTION('ref_axis',(-1.,0.,0.));
#10910=DIRECTION('',(1.,0.,0.));
#10911=DIRECTION('',(-1.,0.,0.));
#10912=DIRECTION('',(0.,0.,1.));
#10913=DIRECTION('center_axis',(1.,0.,0.));
#10914=DIRECTION('ref_axis',(0.,1.,0.));
#10915=DIRECTION('',(0.,-1.,0.));
#10916=DIRECTION('',(0.,1.,0.));
#10917=DIRECTION('center_axis',(0.,0.,1.));
#10918=DIRECTION('ref_axis',(1.,0.,0.));
#10919=DIRECTION('center_axis',(-1.,0.,0.));
#10920=DIRECTION('ref_axis',(0.,-1.,0.));
#10921=DIRECTION('',(0.,1.,0.));
#10922=DIRECTION('',(0.,0.,1.));
#10923=DIRECTION('',(0.,-1.,0.));
#10924=DIRECTION('',(0.,0.,1.));
#10925=DIRECTION('center_axis',(0.,-1.,0.));
#10926=DIRECTION('ref_axis',(1.,0.,0.));
#10927=DIRECTION('',(-1.,0.,0.));
#10928=DIRECTION('',(0.,0.,1.));
#10929=DIRECTION('',(1.,0.,0.));
#10930=DIRECTION('center_axis',(0.,1.,0.));
#10931=DIRECTION('ref_axis',(-1.,0.,0.));
#10932=DIRECTION('',(1.,0.,0.));
#10933=DIRECTION('',(-1.,0.,0.));
#10934=DIRECTION('',(0.,0.,1.));
#10935=DIRECTION('center_axis',(1.,0.,0.));
#10936=DIRECTION('ref_axis',(0.,1.,0.));
#10937=DIRECTION('',(0.,-1.,0.));
#10938=DIRECTION('',(0.,1.,0.));
#10939=DIRECTION('center_axis',(0.,0.,1.));
#10940=DIRECTION('ref_axis',(1.,0.,0.));
#10941=DIRECTION('center_axis',(-1.,0.,0.));
#10942=DIRECTION('ref_axis',(0.,-1.,0.));
#10943=DIRECTION('',(0.,1.,0.));
#10944=DIRECTION('',(0.,0.,1.));
#10945=DIRECTION('',(0.,-1.,0.));
#10946=DIRECTION('',(0.,0.,1.));
#10947=DIRECTION('center_axis',(0.,-1.,0.));
#10948=DIRECTION('ref_axis',(1.,0.,0.));
#10949=DIRECTION('',(-1.,0.,0.));
#10950=DIRECTION('',(0.,0.,1.));
#10951=DIRECTION('',(1.,0.,0.));
#10952=DIRECTION('center_axis',(0.,1.,0.));
#10953=DIRECTION('ref_axis',(-1.,0.,0.));
#10954=DIRECTION('',(1.,0.,0.));
#10955=DIRECTION('',(-1.,0.,0.));
#10956=DIRECTION('',(0.,0.,1.));
#10957=DIRECTION('center_axis',(1.,0.,0.));
#10958=DIRECTION('ref_axis',(0.,1.,0.));
#10959=DIRECTION('',(0.,-1.,0.));
#10960=DIRECTION('',(0.,1.,0.));
#10961=DIRECTION('center_axis',(0.,0.,1.));
#10962=DIRECTION('ref_axis',(1.,0.,0.));
#10963=DIRECTION('center_axis',(-1.,0.,0.));
#10964=DIRECTION('ref_axis',(0.,-1.,0.));
#10965=DIRECTION('',(0.,1.,0.));
#10966=DIRECTION('',(0.,0.,1.));
#10967=DIRECTION('',(0.,-1.,0.));
#10968=DIRECTION('',(0.,0.,1.));
#10969=DIRECTION('center_axis',(0.,-1.,0.));
#10970=DIRECTION('ref_axis',(1.,0.,0.));
#10971=DIRECTION('',(-1.,0.,0.));
#10972=DIRECTION('',(0.,0.,1.));
#10973=DIRECTION('',(1.,0.,0.));
#10974=DIRECTION('center_axis',(0.,1.,0.));
#10975=DIRECTION('ref_axis',(-1.,0.,0.));
#10976=DIRECTION('',(1.,0.,0.));
#10977=DIRECTION('',(-1.,0.,0.));
#10978=DIRECTION('',(0.,0.,1.));
#10979=DIRECTION('center_axis',(1.,0.,0.));
#10980=DIRECTION('ref_axis',(0.,1.,0.));
#10981=DIRECTION('',(0.,-1.,0.));
#10982=DIRECTION('',(0.,1.,0.));
#10983=DIRECTION('center_axis',(0.,0.,1.));
#10984=DIRECTION('ref_axis',(1.,0.,0.));
#10985=DIRECTION('center_axis',(-1.,0.,0.));
#10986=DIRECTION('ref_axis',(0.,-1.,0.));
#10987=DIRECTION('',(0.,1.,0.));
#10988=DIRECTION('',(0.,0.,1.));
#10989=DIRECTION('',(0.,-1.,0.));
#10990=DIRECTION('',(0.,0.,1.));
#10991=DIRECTION('center_axis',(0.,-1.,0.));
#10992=DIRECTION('ref_axis',(1.,0.,0.));
#10993=DIRECTION('',(-1.,0.,0.));
#10994=DIRECTION('',(0.,0.,1.));
#10995=DIRECTION('',(1.,0.,0.));
#10996=DIRECTION('center_axis',(0.,1.,0.));
#10997=DIRECTION('ref_axis',(-1.,0.,0.));
#10998=DIRECTION('',(1.,0.,0.));
#10999=DIRECTION('',(-1.,0.,0.));
#11000=DIRECTION('',(0.,0.,1.));
#11001=DIRECTION('center_axis',(1.,0.,0.));
#11002=DIRECTION('ref_axis',(0.,1.,0.));
#11003=DIRECTION('',(0.,-1.,0.));
#11004=DIRECTION('',(0.,1.,0.));
#11005=DIRECTION('center_axis',(0.,0.,1.));
#11006=DIRECTION('ref_axis',(1.,0.,0.));
#11007=DIRECTION('center_axis',(-1.,0.,0.));
#11008=DIRECTION('ref_axis',(0.,-1.,0.));
#11009=DIRECTION('',(0.,1.,0.));
#11010=DIRECTION('',(0.,0.,1.));
#11011=DIRECTION('',(0.,-1.,0.));
#11012=DIRECTION('',(0.,0.,1.));
#11013=DIRECTION('center_axis',(0.,-1.,0.));
#11014=DIRECTION('ref_axis',(1.,0.,0.));
#11015=DIRECTION('',(-1.,0.,0.));
#11016=DIRECTION('',(0.,0.,1.));
#11017=DIRECTION('',(1.,0.,0.));
#11018=DIRECTION('center_axis',(0.,1.,0.));
#11019=DIRECTION('ref_axis',(-1.,0.,0.));
#11020=DIRECTION('',(1.,0.,0.));
#11021=DIRECTION('',(-1.,0.,0.));
#11022=DIRECTION('',(0.,0.,1.));
#11023=DIRECTION('center_axis',(1.,0.,0.));
#11024=DIRECTION('ref_axis',(0.,1.,0.));
#11025=DIRECTION('',(0.,-1.,0.));
#11026=DIRECTION('',(0.,1.,0.));
#11027=DIRECTION('center_axis',(0.,0.,1.));
#11028=DIRECTION('ref_axis',(1.,0.,0.));
#11029=DIRECTION('center_axis',(-1.,0.,0.));
#11030=DIRECTION('ref_axis',(0.,-1.,0.));
#11031=DIRECTION('',(0.,1.,0.));
#11032=DIRECTION('',(0.,0.,1.));
#11033=DIRECTION('',(0.,-1.,0.));
#11034=DIRECTION('',(0.,0.,1.));
#11035=DIRECTION('center_axis',(0.,-1.,0.));
#11036=DIRECTION('ref_axis',(1.,0.,0.));
#11037=DIRECTION('',(-1.,0.,0.));
#11038=DIRECTION('',(0.,0.,1.));
#11039=DIRECTION('',(1.,0.,0.));
#11040=DIRECTION('center_axis',(0.,1.,0.));
#11041=DIRECTION('ref_axis',(-1.,0.,0.));
#11042=DIRECTION('',(1.,0.,0.));
#11043=DIRECTION('',(-1.,0.,0.));
#11044=DIRECTION('',(0.,0.,1.));
#11045=DIRECTION('center_axis',(1.,0.,0.));
#11046=DIRECTION('ref_axis',(0.,1.,0.));
#11047=DIRECTION('',(0.,-1.,0.));
#11048=DIRECTION('',(0.,1.,0.));
#11049=DIRECTION('center_axis',(0.,0.,1.));
#11050=DIRECTION('ref_axis',(1.,0.,0.));
#11051=DIRECTION('center_axis',(-1.,0.,0.));
#11052=DIRECTION('ref_axis',(0.,-1.,0.));
#11053=DIRECTION('',(0.,1.,0.));
#11054=DIRECTION('',(0.,0.,1.));
#11055=DIRECTION('',(0.,-1.,0.));
#11056=DIRECTION('',(0.,0.,1.));
#11057=DIRECTION('center_axis',(0.,-1.,0.));
#11058=DIRECTION('ref_axis',(1.,0.,0.));
#11059=DIRECTION('',(-1.,0.,0.));
#11060=DIRECTION('',(0.,0.,1.));
#11061=DIRECTION('',(1.,0.,0.));
#11062=DIRECTION('center_axis',(0.,1.,0.));
#11063=DIRECTION('ref_axis',(-1.,0.,0.));
#11064=DIRECTION('',(1.,0.,0.));
#11065=DIRECTION('',(-1.,0.,0.));
#11066=DIRECTION('',(0.,0.,1.));
#11067=DIRECTION('center_axis',(1.,0.,0.));
#11068=DIRECTION('ref_axis',(0.,1.,0.));
#11069=DIRECTION('',(0.,-1.,0.));
#11070=DIRECTION('',(0.,1.,0.));
#11071=DIRECTION('center_axis',(0.,0.,1.));
#11072=DIRECTION('ref_axis',(1.,0.,0.));
#11073=DIRECTION('center_axis',(-1.,0.,0.));
#11074=DIRECTION('ref_axis',(0.,-1.,0.));
#11075=DIRECTION('',(0.,1.,0.));
#11076=DIRECTION('',(0.,0.,1.));
#11077=DIRECTION('',(0.,-1.,0.));
#11078=DIRECTION('',(0.,0.,1.));
#11079=DIRECTION('center_axis',(0.,-1.,0.));
#11080=DIRECTION('ref_axis',(1.,0.,0.));
#11081=DIRECTION('',(-1.,0.,0.));
#11082=DIRECTION('',(0.,0.,1.));
#11083=DIRECTION('',(1.,0.,0.));
#11084=DIRECTION('center_axis',(0.,1.,0.));
#11085=DIRECTION('ref_axis',(-1.,0.,0.));
#11086=DIRECTION('',(1.,0.,0.));
#11087=DIRECTION('',(-1.,0.,0.));
#11088=DIRECTION('',(0.,0.,1.));
#11089=DIRECTION('center_axis',(1.,0.,0.));
#11090=DIRECTION('ref_axis',(0.,1.,0.));
#11091=DIRECTION('',(0.,-1.,0.));
#11092=DIRECTION('',(0.,1.,0.));
#11093=DIRECTION('center_axis',(0.,0.,1.));
#11094=DIRECTION('ref_axis',(1.,0.,0.));
#11095=DIRECTION('center_axis',(-1.,0.,0.));
#11096=DIRECTION('ref_axis',(0.,-1.,0.));
#11097=DIRECTION('',(0.,1.,0.));
#11098=DIRECTION('',(0.,0.,1.));
#11099=DIRECTION('',(0.,-1.,0.));
#11100=DIRECTION('',(0.,0.,1.));
#11101=DIRECTION('center_axis',(0.,-1.,0.));
#11102=DIRECTION('ref_axis',(1.,0.,0.));
#11103=DIRECTION('',(-1.,0.,0.));
#11104=DIRECTION('',(0.,0.,1.));
#11105=DIRECTION('',(1.,0.,0.));
#11106=DIRECTION('center_axis',(0.,1.,0.));
#11107=DIRECTION('ref_axis',(-1.,0.,0.));
#11108=DIRECTION('',(1.,0.,0.));
#11109=DIRECTION('',(-1.,0.,0.));
#11110=DIRECTION('',(0.,0.,1.));
#11111=DIRECTION('center_axis',(1.,0.,0.));
#11112=DIRECTION('ref_axis',(0.,1.,0.));
#11113=DIRECTION('',(0.,-1.,0.));
#11114=DIRECTION('',(0.,1.,0.));
#11115=DIRECTION('center_axis',(0.,0.,1.));
#11116=DIRECTION('ref_axis',(1.,0.,0.));
#11117=DIRECTION('center_axis',(-1.,0.,0.));
#11118=DIRECTION('ref_axis',(0.,-1.,0.));
#11119=DIRECTION('',(0.,1.,0.));
#11120=DIRECTION('',(0.,0.,1.));
#11121=DIRECTION('',(0.,-1.,0.));
#11122=DIRECTION('',(0.,0.,1.));
#11123=DIRECTION('center_axis',(0.,-1.,0.));
#11124=DIRECTION('ref_axis',(1.,0.,0.));
#11125=DIRECTION('',(-1.,0.,0.));
#11126=DIRECTION('',(0.,0.,1.));
#11127=DIRECTION('',(1.,0.,0.));
#11128=DIRECTION('center_axis',(0.,1.,0.));
#11129=DIRECTION('ref_axis',(-1.,0.,0.));
#11130=DIRECTION('',(1.,0.,0.));
#11131=DIRECTION('',(-1.,0.,0.));
#11132=DIRECTION('',(0.,0.,1.));
#11133=DIRECTION('center_axis',(1.,0.,0.));
#11134=DIRECTION('ref_axis',(0.,1.,0.));
#11135=DIRECTION('',(0.,-1.,0.));
#11136=DIRECTION('',(0.,1.,0.));
#11137=DIRECTION('center_axis',(0.,0.,1.));
#11138=DIRECTION('ref_axis',(1.,0.,0.));
#11139=DIRECTION('center_axis',(-1.,0.,0.));
#11140=DIRECTION('ref_axis',(0.,-1.,0.));
#11141=DIRECTION('',(0.,1.,0.));
#11142=DIRECTION('',(0.,0.,1.));
#11143=DIRECTION('',(0.,-1.,0.));
#11144=DIRECTION('',(0.,0.,1.));
#11145=DIRECTION('center_axis',(0.,-1.,0.));
#11146=DIRECTION('ref_axis',(1.,0.,0.));
#11147=DIRECTION('',(-1.,0.,0.));
#11148=DIRECTION('',(0.,0.,1.));
#11149=DIRECTION('',(1.,0.,0.));
#11150=DIRECTION('center_axis',(0.,1.,0.));
#11151=DIRECTION('ref_axis',(-1.,0.,0.));
#11152=DIRECTION('',(1.,0.,0.));
#11153=DIRECTION('',(-1.,0.,0.));
#11154=DIRECTION('',(0.,0.,1.));
#11155=DIRECTION('center_axis',(1.,0.,0.));
#11156=DIRECTION('ref_axis',(0.,1.,0.));
#11157=DIRECTION('',(0.,-1.,0.));
#11158=DIRECTION('',(0.,1.,0.));
#11159=DIRECTION('center_axis',(0.,0.,1.));
#11160=DIRECTION('ref_axis',(1.,0.,0.));
#11161=DIRECTION('center_axis',(-1.,0.,0.));
#11162=DIRECTION('ref_axis',(0.,-1.,0.));
#11163=DIRECTION('',(0.,1.,0.));
#11164=DIRECTION('',(0.,0.,1.));
#11165=DIRECTION('',(0.,-1.,0.));
#11166=DIRECTION('',(0.,0.,1.));
#11167=DIRECTION('center_axis',(0.,-1.,0.));
#11168=DIRECTION('ref_axis',(1.,0.,0.));
#11169=DIRECTION('',(-1.,0.,0.));
#11170=DIRECTION('',(0.,0.,1.));
#11171=DIRECTION('',(1.,0.,0.));
#11172=DIRECTION('center_axis',(0.,1.,0.));
#11173=DIRECTION('ref_axis',(-1.,0.,0.));
#11174=DIRECTION('',(1.,0.,0.));
#11175=DIRECTION('',(-1.,0.,0.));
#11176=DIRECTION('',(0.,0.,1.));
#11177=DIRECTION('center_axis',(1.,0.,0.));
#11178=DIRECTION('ref_axis',(0.,1.,0.));
#11179=DIRECTION('',(0.,-1.,0.));
#11180=DIRECTION('',(0.,1.,0.));
#11181=DIRECTION('center_axis',(0.,0.,1.));
#11182=DIRECTION('ref_axis',(1.,0.,0.));
#11183=DIRECTION('center_axis',(-1.,0.,0.));
#11184=DIRECTION('ref_axis',(0.,-1.,0.));
#11185=DIRECTION('',(0.,1.,0.));
#11186=DIRECTION('',(0.,0.,1.));
#11187=DIRECTION('',(0.,-1.,0.));
#11188=DIRECTION('',(0.,0.,1.));
#11189=DIRECTION('center_axis',(0.,-1.,0.));
#11190=DIRECTION('ref_axis',(1.,0.,0.));
#11191=DIRECTION('',(-1.,0.,0.));
#11192=DIRECTION('',(0.,0.,1.));
#11193=DIRECTION('',(1.,0.,0.));
#11194=DIRECTION('center_axis',(0.,1.,0.));
#11195=DIRECTION('ref_axis',(-1.,0.,0.));
#11196=DIRECTION('',(1.,0.,0.));
#11197=DIRECTION('',(-1.,0.,0.));
#11198=DIRECTION('',(0.,0.,1.));
#11199=DIRECTION('center_axis',(1.,0.,0.));
#11200=DIRECTION('ref_axis',(0.,1.,0.));
#11201=DIRECTION('',(0.,-1.,0.));
#11202=DIRECTION('',(0.,1.,0.));
#11203=DIRECTION('center_axis',(0.,0.,1.));
#11204=DIRECTION('ref_axis',(1.,0.,0.));
#11205=DIRECTION('center_axis',(-1.,0.,0.));
#11206=DIRECTION('ref_axis',(0.,-1.,0.));
#11207=DIRECTION('',(0.,1.,0.));
#11208=DIRECTION('',(0.,0.,1.));
#11209=DIRECTION('',(0.,-1.,0.));
#11210=DIRECTION('',(0.,0.,1.));
#11211=DIRECTION('center_axis',(0.,-1.,0.));
#11212=DIRECTION('ref_axis',(1.,0.,0.));
#11213=DIRECTION('',(-1.,0.,0.));
#11214=DIRECTION('',(0.,0.,1.));
#11215=DIRECTION('',(1.,0.,0.));
#11216=DIRECTION('center_axis',(0.,1.,0.));
#11217=DIRECTION('ref_axis',(-1.,0.,0.));
#11218=DIRECTION('',(1.,0.,0.));
#11219=DIRECTION('',(-1.,0.,0.));
#11220=DIRECTION('',(0.,0.,1.));
#11221=DIRECTION('center_axis',(1.,0.,0.));
#11222=DIRECTION('ref_axis',(0.,1.,0.));
#11223=DIRECTION('',(0.,-1.,0.));
#11224=DIRECTION('',(0.,1.,0.));
#11225=DIRECTION('center_axis',(0.,0.,1.));
#11226=DIRECTION('ref_axis',(1.,0.,0.));
#11227=DIRECTION('center_axis',(-1.,0.,0.));
#11228=DIRECTION('ref_axis',(0.,-1.,0.));
#11229=DIRECTION('',(0.,1.,0.));
#11230=DIRECTION('',(0.,0.,1.));
#11231=DIRECTION('',(0.,-1.,0.));
#11232=DIRECTION('',(0.,0.,1.));
#11233=DIRECTION('center_axis',(0.,-1.,0.));
#11234=DIRECTION('ref_axis',(1.,0.,0.));
#11235=DIRECTION('',(-1.,0.,0.));
#11236=DIRECTION('',(0.,0.,1.));
#11237=DIRECTION('',(1.,0.,0.));
#11238=DIRECTION('center_axis',(0.,1.,0.));
#11239=DIRECTION('ref_axis',(-1.,0.,0.));
#11240=DIRECTION('',(1.,0.,0.));
#11241=DIRECTION('',(-1.,0.,0.));
#11242=DIRECTION('',(0.,0.,1.));
#11243=DIRECTION('center_axis',(1.,0.,0.));
#11244=DIRECTION('ref_axis',(0.,1.,0.));
#11245=DIRECTION('',(0.,-1.,0.));
#11246=DIRECTION('',(0.,1.,0.));
#11247=DIRECTION('center_axis',(0.,0.,1.));
#11248=DIRECTION('ref_axis',(1.,0.,0.));
#11249=DIRECTION('center_axis',(-1.,0.,0.));
#11250=DIRECTION('ref_axis',(0.,-1.,0.));
#11251=DIRECTION('',(0.,1.,0.));
#11252=DIRECTION('',(0.,0.,1.));
#11253=DIRECTION('',(0.,-1.,0.));
#11254=DIRECTION('',(0.,0.,1.));
#11255=DIRECTION('center_axis',(0.,-1.,0.));
#11256=DIRECTION('ref_axis',(1.,0.,0.));
#11257=DIRECTION('',(-1.,0.,0.));
#11258=DIRECTION('',(0.,0.,1.));
#11259=DIRECTION('',(1.,0.,0.));
#11260=DIRECTION('center_axis',(0.,1.,0.));
#11261=DIRECTION('ref_axis',(-1.,0.,0.));
#11262=DIRECTION('',(1.,0.,0.));
#11263=DIRECTION('',(-1.,0.,0.));
#11264=DIRECTION('',(0.,0.,1.));
#11265=DIRECTION('center_axis',(1.,0.,0.));
#11266=DIRECTION('ref_axis',(0.,1.,0.));
#11267=DIRECTION('',(0.,-1.,0.));
#11268=DIRECTION('',(0.,1.,0.));
#11269=DIRECTION('center_axis',(0.,0.,1.));
#11270=DIRECTION('ref_axis',(1.,0.,0.));
#11271=DIRECTION('center_axis',(-1.,0.,0.));
#11272=DIRECTION('ref_axis',(0.,-1.,0.));
#11273=DIRECTION('',(0.,1.,0.));
#11274=DIRECTION('',(0.,0.,1.));
#11275=DIRECTION('',(0.,-1.,0.));
#11276=DIRECTION('',(0.,0.,1.));
#11277=DIRECTION('center_axis',(0.,-1.,0.));
#11278=DIRECTION('ref_axis',(1.,0.,0.));
#11279=DIRECTION('',(-1.,0.,0.));
#11280=DIRECTION('',(0.,0.,1.));
#11281=DIRECTION('',(1.,0.,0.));
#11282=DIRECTION('center_axis',(0.,1.,0.));
#11283=DIRECTION('ref_axis',(-1.,0.,0.));
#11284=DIRECTION('',(1.,0.,0.));
#11285=DIRECTION('',(-1.,0.,0.));
#11286=DIRECTION('',(0.,0.,1.));
#11287=DIRECTION('center_axis',(1.,0.,0.));
#11288=DIRECTION('ref_axis',(0.,1.,0.));
#11289=DIRECTION('',(0.,-1.,0.));
#11290=DIRECTION('',(0.,1.,0.));
#11291=DIRECTION('center_axis',(0.,0.,1.));
#11292=DIRECTION('ref_axis',(1.,0.,0.));
#11293=DIRECTION('center_axis',(-1.,0.,0.));
#11294=DIRECTION('ref_axis',(0.,-1.,0.));
#11295=DIRECTION('',(0.,1.,0.));
#11296=DIRECTION('',(0.,0.,1.));
#11297=DIRECTION('',(0.,-1.,0.));
#11298=DIRECTION('',(0.,0.,1.));
#11299=DIRECTION('center_axis',(0.,-1.,0.));
#11300=DIRECTION('ref_axis',(1.,0.,0.));
#11301=DIRECTION('',(-1.,0.,0.));
#11302=DIRECTION('',(0.,0.,1.));
#11303=DIRECTION('',(1.,0.,0.));
#11304=DIRECTION('center_axis',(0.,1.,0.));
#11305=DIRECTION('ref_axis',(-1.,0.,0.));
#11306=DIRECTION('',(1.,0.,0.));
#11307=DIRECTION('',(-1.,0.,0.));
#11308=DIRECTION('',(0.,0.,1.));
#11309=DIRECTION('center_axis',(1.,0.,0.));
#11310=DIRECTION('ref_axis',(0.,1.,0.));
#11311=DIRECTION('',(0.,-1.,0.));
#11312=DIRECTION('',(0.,1.,0.));
#11313=DIRECTION('center_axis',(0.,0.,1.));
#11314=DIRECTION('ref_axis',(1.,0.,0.));
#11315=DIRECTION('center_axis',(-1.,0.,0.));
#11316=DIRECTION('ref_axis',(0.,-1.,0.));
#11317=DIRECTION('',(0.,1.,0.));
#11318=DIRECTION('',(0.,0.,1.));
#11319=DIRECTION('',(0.,-1.,0.));
#11320=DIRECTION('',(0.,0.,1.));
#11321=DIRECTION('center_axis',(0.,-1.,0.));
#11322=DIRECTION('ref_axis',(1.,0.,0.));
#11323=DIRECTION('',(-1.,0.,0.));
#11324=DIRECTION('',(0.,0.,1.));
#11325=DIRECTION('',(1.,0.,0.));
#11326=DIRECTION('center_axis',(0.,1.,0.));
#11327=DIRECTION('ref_axis',(-1.,0.,0.));
#11328=DIRECTION('',(1.,0.,0.));
#11329=DIRECTION('',(-1.,0.,0.));
#11330=DIRECTION('',(0.,0.,1.));
#11331=DIRECTION('center_axis',(1.,0.,0.));
#11332=DIRECTION('ref_axis',(0.,1.,0.));
#11333=DIRECTION('',(0.,-1.,0.));
#11334=DIRECTION('',(0.,1.,0.));
#11335=DIRECTION('center_axis',(0.,0.,1.));
#11336=DIRECTION('ref_axis',(1.,0.,0.));
#11337=DIRECTION('center_axis',(-1.,0.,0.));
#11338=DIRECTION('ref_axis',(0.,-1.,0.));
#11339=DIRECTION('',(0.,1.,0.));
#11340=DIRECTION('',(0.,0.,1.));
#11341=DIRECTION('',(0.,-1.,0.));
#11342=DIRECTION('',(0.,0.,1.));
#11343=DIRECTION('center_axis',(0.,-1.,0.));
#11344=DIRECTION('ref_axis',(1.,0.,0.));
#11345=DIRECTION('',(-1.,0.,0.));
#11346=DIRECTION('',(0.,0.,1.));
#11347=DIRECTION('',(1.,0.,0.));
#11348=DIRECTION('center_axis',(0.,1.,0.));
#11349=DIRECTION('ref_axis',(-1.,0.,0.));
#11350=DIRECTION('',(1.,0.,0.));
#11351=DIRECTION('',(-1.,0.,0.));
#11352=DIRECTION('',(0.,0.,1.));
#11353=DIRECTION('center_axis',(1.,0.,0.));
#11354=DIRECTION('ref_axis',(0.,1.,0.));
#11355=DIRECTION('',(0.,-1.,0.));
#11356=DIRECTION('',(0.,1.,0.));
#11357=DIRECTION('center_axis',(0.,0.,1.));
#11358=DIRECTION('ref_axis',(1.,0.,0.));
#11359=DIRECTION('center_axis',(-1.,0.,0.));
#11360=DIRECTION('ref_axis',(0.,-1.,0.));
#11361=DIRECTION('',(0.,1.,0.));
#11362=DIRECTION('',(0.,0.,1.));
#11363=DIRECTION('',(0.,-1.,0.));
#11364=DIRECTION('',(0.,0.,1.));
#11365=DIRECTION('center_axis',(0.,-1.,0.));
#11366=DIRECTION('ref_axis',(1.,0.,0.));
#11367=DIRECTION('',(-1.,0.,0.));
#11368=DIRECTION('',(0.,0.,1.));
#11369=DIRECTION('',(1.,0.,0.));
#11370=DIRECTION('center_axis',(0.,1.,0.));
#11371=DIRECTION('ref_axis',(-1.,0.,0.));
#11372=DIRECTION('',(1.,0.,0.));
#11373=DIRECTION('',(-1.,0.,0.));
#11374=DIRECTION('',(0.,0.,1.));
#11375=DIRECTION('center_axis',(1.,0.,0.));
#11376=DIRECTION('ref_axis',(0.,1.,0.));
#11377=DIRECTION('',(0.,-1.,0.));
#11378=DIRECTION('',(0.,1.,0.));
#11379=DIRECTION('center_axis',(0.,0.,1.));
#11380=DIRECTION('ref_axis',(1.,0.,0.));
#11381=DIRECTION('center_axis',(-1.,0.,0.));
#11382=DIRECTION('ref_axis',(0.,-1.,0.));
#11383=DIRECTION('',(0.,1.,0.));
#11384=DIRECTION('',(0.,0.,1.));
#11385=DIRECTION('',(0.,-1.,0.));
#11386=DIRECTION('',(0.,0.,1.));
#11387=DIRECTION('center_axis',(0.,-1.,0.));
#11388=DIRECTION('ref_axis',(1.,0.,0.));
#11389=DIRECTION('',(-1.,0.,0.));
#11390=DIRECTION('',(0.,0.,1.));
#11391=DIRECTION('',(1.,0.,0.));
#11392=DIRECTION('center_axis',(0.,1.,0.));
#11393=DIRECTION('ref_axis',(-1.,0.,0.));
#11394=DIRECTION('',(1.,0.,0.));
#11395=DIRECTION('',(-1.,0.,0.));
#11396=DIRECTION('',(0.,0.,1.));
#11397=DIRECTION('center_axis',(1.,0.,0.));
#11398=DIRECTION('ref_axis',(0.,1.,0.));
#11399=DIRECTION('',(0.,-1.,0.));
#11400=DIRECTION('',(0.,1.,0.));
#11401=DIRECTION('center_axis',(0.,0.,1.));
#11402=DIRECTION('ref_axis',(1.,0.,0.));
#11403=DIRECTION('center_axis',(-1.,0.,0.));
#11404=DIRECTION('ref_axis',(0.,-1.,0.));
#11405=DIRECTION('',(0.,1.,0.));
#11406=DIRECTION('',(0.,0.,1.));
#11407=DIRECTION('',(0.,-1.,0.));
#11408=DIRECTION('',(0.,0.,1.));
#11409=DIRECTION('center_axis',(0.,-1.,0.));
#11410=DIRECTION('ref_axis',(1.,0.,0.));
#11411=DIRECTION('',(-1.,0.,0.));
#11412=DIRECTION('',(0.,0.,1.));
#11413=DIRECTION('',(1.,0.,0.));
#11414=DIRECTION('center_axis',(0.,1.,0.));
#11415=DIRECTION('ref_axis',(-1.,0.,0.));
#11416=DIRECTION('',(1.,0.,0.));
#11417=DIRECTION('',(-1.,0.,0.));
#11418=DIRECTION('',(0.,0.,1.));
#11419=DIRECTION('center_axis',(1.,0.,0.));
#11420=DIRECTION('ref_axis',(0.,1.,0.));
#11421=DIRECTION('',(0.,-1.,0.));
#11422=DIRECTION('',(0.,1.,0.));
#11423=DIRECTION('center_axis',(0.,0.,1.));
#11424=DIRECTION('ref_axis',(1.,0.,0.));
#11425=DIRECTION('center_axis',(-1.,0.,0.));
#11426=DIRECTION('ref_axis',(0.,-1.,0.));
#11427=DIRECTION('',(0.,1.,0.));
#11428=DIRECTION('',(0.,0.,1.));
#11429=DIRECTION('',(0.,-1.,0.));
#11430=DIRECTION('',(0.,0.,1.));
#11431=DIRECTION('center_axis',(0.,-1.,0.));
#11432=DIRECTION('ref_axis',(1.,0.,0.));
#11433=DIRECTION('',(-1.,0.,0.));
#11434=DIRECTION('',(0.,0.,1.));
#11435=DIRECTION('',(1.,0.,0.));
#11436=DIRECTION('center_axis',(0.,1.,0.));
#11437=DIRECTION('ref_axis',(-1.,0.,0.));
#11438=DIRECTION('',(1.,0.,0.));
#11439=DIRECTION('',(-1.,0.,0.));
#11440=DIRECTION('',(0.,0.,1.));
#11441=DIRECTION('center_axis',(1.,0.,0.));
#11442=DIRECTION('ref_axis',(0.,1.,0.));
#11443=DIRECTION('',(0.,-1.,0.));
#11444=DIRECTION('',(0.,1.,0.));
#11445=DIRECTION('center_axis',(0.,0.,1.));
#11446=DIRECTION('ref_axis',(1.,0.,0.));
#11447=DIRECTION('center_axis',(-1.,0.,0.));
#11448=DIRECTION('ref_axis',(0.,-1.,0.));
#11449=DIRECTION('',(0.,1.,0.));
#11450=DIRECTION('',(0.,0.,1.));
#11451=DIRECTION('',(0.,-1.,0.));
#11452=DIRECTION('',(0.,0.,1.));
#11453=DIRECTION('center_axis',(0.,-1.,0.));
#11454=DIRECTION('ref_axis',(1.,0.,0.));
#11455=DIRECTION('',(-1.,0.,0.));
#11456=DIRECTION('',(0.,0.,1.));
#11457=DIRECTION('',(1.,0.,0.));
#11458=DIRECTION('center_axis',(0.,1.,0.));
#11459=DIRECTION('ref_axis',(-1.,0.,0.));
#11460=DIRECTION('',(1.,0.,0.));
#11461=DIRECTION('',(-1.,0.,0.));
#11462=DIRECTION('',(0.,0.,1.));
#11463=DIRECTION('center_axis',(1.,0.,0.));
#11464=DIRECTION('ref_axis',(0.,1.,0.));
#11465=DIRECTION('',(0.,-1.,0.));
#11466=DIRECTION('',(0.,1.,0.));
#11467=DIRECTION('center_axis',(0.,0.,1.));
#11468=DIRECTION('ref_axis',(1.,0.,0.));
#11469=DIRECTION('center_axis',(-1.,0.,0.));
#11470=DIRECTION('ref_axis',(0.,-1.,0.));
#11471=DIRECTION('',(0.,1.,0.));
#11472=DIRECTION('',(0.,0.,1.));
#11473=DIRECTION('',(0.,-1.,0.));
#11474=DIRECTION('',(0.,0.,1.));
#11475=DIRECTION('center_axis',(0.,-1.,0.));
#11476=DIRECTION('ref_axis',(1.,0.,0.));
#11477=DIRECTION('',(-1.,0.,0.));
#11478=DIRECTION('',(0.,0.,1.));
#11479=DIRECTION('',(1.,0.,0.));
#11480=DIRECTION('center_axis',(0.,1.,0.));
#11481=DIRECTION('ref_axis',(-1.,0.,0.));
#11482=DIRECTION('',(1.,0.,0.));
#11483=DIRECTION('',(-1.,0.,0.));
#11484=DIRECTION('',(0.,0.,1.));
#11485=DIRECTION('center_axis',(1.,0.,0.));
#11486=DIRECTION('ref_axis',(0.,1.,0.));
#11487=DIRECTION('',(0.,-1.,0.));
#11488=DIRECTION('',(0.,1.,0.));
#11489=DIRECTION('center_axis',(0.,0.,1.));
#11490=DIRECTION('ref_axis',(1.,0.,0.));
#11491=DIRECTION('center_axis',(-1.,0.,0.));
#11492=DIRECTION('ref_axis',(0.,-1.,0.));
#11493=DIRECTION('',(0.,1.,0.));
#11494=DIRECTION('',(0.,0.,1.));
#11495=DIRECTION('',(0.,-1.,0.));
#11496=DIRECTION('',(0.,0.,1.));
#11497=DIRECTION('center_axis',(0.,-1.,0.));
#11498=DIRECTION('ref_axis',(1.,0.,0.));
#11499=DIRECTION('',(-1.,0.,0.));
#11500=DIRECTION('',(0.,0.,1.));
#11501=DIRECTION('',(1.,0.,0.));
#11502=DIRECTION('center_axis',(0.,1.,0.));
#11503=DIRECTION('ref_axis',(-1.,0.,0.));
#11504=DIRECTION('',(1.,0.,0.));
#11505=DIRECTION('',(-1.,0.,0.));
#11506=DIRECTION('',(0.,0.,1.));
#11507=DIRECTION('center_axis',(1.,0.,0.));
#11508=DIRECTION('ref_axis',(0.,1.,0.));
#11509=DIRECTION('',(0.,-1.,0.));
#11510=DIRECTION('',(0.,1.,0.));
#11511=DIRECTION('center_axis',(0.,0.,1.));
#11512=DIRECTION('ref_axis',(1.,0.,0.));
#11513=DIRECTION('center_axis',(-1.,0.,0.));
#11514=DIRECTION('ref_axis',(0.,-1.,0.));
#11515=DIRECTION('',(0.,1.,0.));
#11516=DIRECTION('',(0.,0.,1.));
#11517=DIRECTION('',(0.,-1.,0.));
#11518=DIRECTION('',(0.,0.,1.));
#11519=DIRECTION('center_axis',(0.,-1.,0.));
#11520=DIRECTION('ref_axis',(1.,0.,0.));
#11521=DIRECTION('',(-1.,0.,0.));
#11522=DIRECTION('',(0.,0.,1.));
#11523=DIRECTION('',(1.,0.,0.));
#11524=DIRECTION('center_axis',(0.,1.,0.));
#11525=DIRECTION('ref_axis',(-1.,0.,0.));
#11526=DIRECTION('',(1.,0.,0.));
#11527=DIRECTION('',(-1.,0.,0.));
#11528=DIRECTION('',(0.,0.,1.));
#11529=DIRECTION('center_axis',(1.,0.,0.));
#11530=DIRECTION('ref_axis',(0.,1.,0.));
#11531=DIRECTION('',(0.,-1.,0.));
#11532=DIRECTION('',(0.,1.,0.));
#11533=DIRECTION('center_axis',(0.,0.,1.));
#11534=DIRECTION('ref_axis',(1.,0.,0.));
#11535=DIRECTION('center_axis',(-1.,0.,0.));
#11536=DIRECTION('ref_axis',(0.,-1.,0.));
#11537=DIRECTION('',(0.,1.,0.));
#11538=DIRECTION('',(0.,0.,1.));
#11539=DIRECTION('',(0.,-1.,0.));
#11540=DIRECTION('',(0.,0.,1.));
#11541=DIRECTION('center_axis',(0.,1.,0.));
#11542=DIRECTION('ref_axis',(-1.,0.,0.));
#11543=DIRECTION('',(1.,0.,0.));
#11544=DIRECTION('',(-1.,0.,0.));
#11545=DIRECTION('',(0.,0.,1.));
#11546=DIRECTION('center_axis',(1.,0.,0.));
#11547=DIRECTION('ref_axis',(0.,1.,0.));
#11548=DIRECTION('',(0.,-1.,0.));
#11549=DIRECTION('',(0.,1.,0.));
#11550=DIRECTION('',(0.,0.,1.));
#11551=DIRECTION('center_axis',(0.,-1.,0.));
#11552=DIRECTION('ref_axis',(1.,0.,0.));
#11553=DIRECTION('',(-1.,0.,0.));
#11554=DIRECTION('',(1.,0.,0.));
#11555=DIRECTION('center_axis',(0.,0.,1.));
#11556=DIRECTION('ref_axis',(1.,0.,0.));
#11557=DIRECTION('center_axis',(-1.,0.,0.));
#11558=DIRECTION('ref_axis',(0.,-1.,0.));
#11559=DIRECTION('',(0.,1.,0.));
#11560=DIRECTION('',(0.,0.,1.));
#11561=DIRECTION('',(0.,-1.,0.));
#11562=DIRECTION('',(0.,0.,1.));
#11563=DIRECTION('center_axis',(0.,1.,0.));
#11564=DIRECTION('ref_axis',(-1.,0.,0.));
#11565=DIRECTION('',(1.,0.,0.));
#11566=DIRECTION('',(-1.,0.,0.));
#11567=DIRECTION('',(0.,0.,1.));
#11568=DIRECTION('center_axis',(1.,0.,0.));
#11569=DIRECTION('ref_axis',(0.,1.,0.));
#11570=DIRECTION('',(0.,-1.,0.));
#11571=DIRECTION('',(0.,1.,0.));
#11572=DIRECTION('',(0.,0.,1.));
#11573=DIRECTION('center_axis',(0.,-1.,0.));
#11574=DIRECTION('ref_axis',(1.,0.,0.));
#11575=DIRECTION('',(-1.,0.,0.));
#11576=DIRECTION('',(1.,0.,0.));
#11577=DIRECTION('center_axis',(0.,0.,1.));
#11578=DIRECTION('ref_axis',(1.,0.,0.));
#11579=DIRECTION('center_axis',(-1.,0.,0.));
#11580=DIRECTION('ref_axis',(0.,-1.,0.));
#11581=DIRECTION('',(0.,1.,0.));
#11582=DIRECTION('',(0.,0.,1.));
#11583=DIRECTION('',(0.,-1.,0.));
#11584=DIRECTION('',(0.,0.,1.));
#11585=DIRECTION('center_axis',(0.,1.,0.));
#11586=DIRECTION('ref_axis',(-1.,0.,0.));
#11587=DIRECTION('',(1.,0.,0.));
#11588=DIRECTION('',(-1.,0.,0.));
#11589=DIRECTION('',(0.,0.,1.));
#11590=DIRECTION('center_axis',(1.,0.,0.));
#11591=DIRECTION('ref_axis',(0.,1.,0.));
#11592=DIRECTION('',(0.,-1.,0.));
#11593=DIRECTION('',(0.,1.,0.));
#11594=DIRECTION('',(0.,0.,1.));
#11595=DIRECTION('center_axis',(0.,-1.,0.));
#11596=DIRECTION('ref_axis',(1.,0.,0.));
#11597=DIRECTION('',(-1.,0.,0.));
#11598=DIRECTION('',(1.,0.,0.));
#11599=DIRECTION('center_axis',(0.,0.,1.));
#11600=DIRECTION('ref_axis',(1.,0.,0.));
#11601=DIRECTION('center_axis',(-1.,0.,0.));
#11602=DIRECTION('ref_axis',(0.,-1.,0.));
#11603=DIRECTION('',(0.,1.,0.));
#11604=DIRECTION('',(0.,0.,1.));
#11605=DIRECTION('',(0.,-1.,0.));
#11606=DIRECTION('',(0.,0.,1.));
#11607=DIRECTION('center_axis',(0.,1.,0.));
#11608=DIRECTION('ref_axis',(-1.,0.,0.));
#11609=DIRECTION('',(1.,0.,0.));
#11610=DIRECTION('',(-1.,0.,0.));
#11611=DIRECTION('',(0.,0.,1.));
#11612=DIRECTION('center_axis',(1.,0.,0.));
#11613=DIRECTION('ref_axis',(0.,1.,0.));
#11614=DIRECTION('',(0.,-1.,0.));
#11615=DIRECTION('',(0.,1.,0.));
#11616=DIRECTION('',(0.,0.,1.));
#11617=DIRECTION('center_axis',(-6.30922594613582E-16,-1.,0.));
#11618=DIRECTION('ref_axis',(1.,-6.30922594613582E-16,0.));
#11619=DIRECTION('',(-1.,6.30922594613582E-16,0.));
#11620=DIRECTION('',(1.,-6.30922594613582E-16,0.));
#11621=DIRECTION('center_axis',(0.,0.,1.));
#11622=DIRECTION('ref_axis',(1.,0.,0.));
#11623=DIRECTION('center_axis',(-1.,0.,0.));
#11624=DIRECTION('ref_axis',(0.,-1.,0.));
#11625=DIRECTION('',(0.,1.,0.));
#11626=DIRECTION('',(0.,0.,1.));
#11627=DIRECTION('',(0.,-1.,0.));
#11628=DIRECTION('',(0.,0.,1.));
#11629=DIRECTION('',(0.,1.,0.));
#11630=DIRECTION('center_axis',(0.,1.,0.));
#11631=DIRECTION('ref_axis',(-1.,0.,0.));
#11632=DIRECTION('',(1.,0.,0.));
#11633=DIRECTION('',(-1.,0.,0.));
#11634=DIRECTION('',(0.,0.,1.));
#11635=DIRECTION('center_axis',(1.,0.,0.));
#11636=DIRECTION('ref_axis',(0.,1.,0.));
#11637=DIRECTION('',(0.,-1.,0.));
#11638=DIRECTION('',(0.,1.,0.));
#11639=DIRECTION('',(0.,0.,1.));
#11640=DIRECTION('',(0.,-1.,0.));
#11641=DIRECTION('center_axis',(-6.96330379692192E-17,-1.,0.));
#11642=DIRECTION('ref_axis',(1.,-6.96330379692192E-17,0.));
#11643=DIRECTION('',(-1.,6.96330379692192E-17,0.));
#11644=DIRECTION('',(1.,-6.96330379692192E-17,0.));
#11645=DIRECTION('center_axis',(0.,0.,1.));
#11646=DIRECTION('ref_axis',(1.,0.,0.));
#11647=DIRECTION('center_axis',(0.,0.,1.));
#11648=DIRECTION('ref_axis',(-1.,0.,0.));
#11649=DIRECTION('',(1.,0.,0.));
#11650=DIRECTION('center_axis',(0.,1.,0.));
#11651=DIRECTION('ref_axis',(-1.,0.,0.));
#11652=DIRECTION('',(1.,0.,0.));
#11653=DIRECTION('',(0.,0.,1.));
#11654=DIRECTION('',(-1.,0.,0.));
#11655=DIRECTION('',(0.,0.,1.));
#11656=DIRECTION('center_axis',(1.,0.,0.));
#11657=DIRECTION('ref_axis',(0.,1.,0.));
#11658=DIRECTION('',(0.,1.,0.));
#11659=DIRECTION('',(0.,-1.,0.));
#11660=DIRECTION('',(0.,1.,0.));
#11661=DIRECTION('',(0.,0.,1.));
#11662=DIRECTION('center_axis',(0.,-1.,0.));
#11663=DIRECTION('ref_axis',(1.,0.,0.));
#11664=DIRECTION('',(1.,0.,0.));
#11665=DIRECTION('',(1.,0.,0.));
#11666=DIRECTION('',(0.,0.,1.));
#11667=DIRECTION('center_axis',(-1.,0.,0.));
#11668=DIRECTION('ref_axis',(0.,-1.,0.));
#11669=DIRECTION('',(0.,1.,0.));
#11670=DIRECTION('',(0.,-1.,0.));
#11671=DIRECTION('',(0.,-1.,0.));
#11672=DIRECTION('center_axis',(0.,0.,1.));
#11673=DIRECTION('ref_axis',(1.,0.,0.));
#11674=DIRECTION('center_axis',(0.,0.,1.));
#11675=DIRECTION('ref_axis',(-1.,0.,0.));
#11676=DIRECTION('',(1.,0.,0.));
#11677=DIRECTION('center_axis',(-1.,0.,0.));
#11678=DIRECTION('ref_axis',(0.,-1.,0.));
#11679=DIRECTION('',(0.,1.,0.));
#11680=DIRECTION('',(0.,0.,1.));
#11681=DIRECTION('',(0.,-1.,0.));
#11682=DIRECTION('',(0.,0.,1.));
#11683=DIRECTION('',(0.,1.,0.));
#11684=DIRECTION('center_axis',(0.,1.,0.));
#11685=DIRECTION('ref_axis',(-1.,0.,0.));
#11686=DIRECTION('',(1.,0.,0.));
#11687=DIRECTION('',(-1.,0.,0.));
#11688=DIRECTION('',(0.,0.,1.));
#11689=DIRECTION('center_axis',(1.,0.,0.));
#11690=DIRECTION('ref_axis',(0.,1.,0.));
#11691=DIRECTION('',(0.,-1.,0.));
#11692=DIRECTION('',(0.,1.,0.));
#11693=DIRECTION('',(0.,0.,1.));
#11694=DIRECTION('',(0.,-1.,0.));
#11695=DIRECTION('center_axis',(0.,-1.,0.));
#11696=DIRECTION('ref_axis',(1.,0.,0.));
#11697=DIRECTION('',(-1.,0.,0.));
#11698=DIRECTION('',(1.,0.,0.));
#11699=DIRECTION('center_axis',(0.,0.,1.));
#11700=DIRECTION('ref_axis',(1.,0.,0.));
#11701=DIRECTION('center_axis',(0.,0.,1.));
#11702=DIRECTION('ref_axis',(-1.,0.,0.));
#11703=DIRECTION('',(1.,0.,0.));
#11704=DIRECTION('center_axis',(-1.,0.,0.));
#11705=DIRECTION('ref_axis',(0.,-1.,0.));
#11706=DIRECTION('',(0.,1.,0.));
#11707=DIRECTION('',(0.,0.,1.));
#11708=DIRECTION('',(0.,-1.,0.));
#11709=DIRECTION('',(0.,0.,1.));
#11710=DIRECTION('center_axis',(0.,1.,0.));
#11711=DIRECTION('ref_axis',(-1.,0.,0.));
#11712=DIRECTION('',(1.,0.,0.));
#11713=DIRECTION('',(-1.,0.,0.));
#11714=DIRECTION('',(0.,0.,1.));
#11715=DIRECTION('',(1.,0.,0.));
#11716=DIRECTION('center_axis',(1.,0.,0.));
#11717=DIRECTION('ref_axis',(0.,1.,0.));
#11718=DIRECTION('',(0.,-1.,0.));
#11719=DIRECTION('',(0.,1.,0.));
#11720=DIRECTION('',(0.,0.,1.));
#11721=DIRECTION('center_axis',(0.,-1.,0.));
#11722=DIRECTION('ref_axis',(1.,0.,0.));
#11723=DIRECTION('',(-1.,0.,0.));
#11724=DIRECTION('',(1.,0.,0.));
#11725=DIRECTION('',(-1.,0.,0.));
#11726=DIRECTION('center_axis',(0.,0.,1.));
#11727=DIRECTION('ref_axis',(1.,0.,0.));
#11728=DIRECTION('center_axis',(0.,0.,1.));
#11729=DIRECTION('ref_axis',(-1.,0.,0.));
#11730=DIRECTION('center_axis',(0.,0.,1.));
#11731=DIRECTION('ref_axis',(1.,8.88178419700118E-15,0.));
#11732=DIRECTION('',(0.,1.,0.));
#11733=DIRECTION('center_axis',(-1.,0.,0.));
#11734=DIRECTION('ref_axis',(0.,-1.,0.));
#11735=DIRECTION('',(0.,1.,0.));
#11736=DIRECTION('',(0.,0.,1.));
#11737=DIRECTION('',(0.,-1.,0.));
#11738=DIRECTION('',(0.,0.,1.));
#11739=DIRECTION('center_axis',(0.,1.,0.));
#11740=DIRECTION('ref_axis',(-1.,0.,0.));
#11741=DIRECTION('',(1.,0.,0.));
#11742=DIRECTION('',(-1.,0.,0.));
#11743=DIRECTION('',(0.,0.,1.));
#11744=DIRECTION('',(1.,0.,0.));
#11745=DIRECTION('center_axis',(1.,0.,0.));
#11746=DIRECTION('ref_axis',(0.,1.,0.));
#11747=DIRECTION('',(0.,-1.,0.));
#11748=DIRECTION('',(0.,1.,0.));
#11749=DIRECTION('',(0.,0.,1.));
#11750=DIRECTION('center_axis',(0.,-1.,0.));
#11751=DIRECTION('ref_axis',(1.,0.,0.));
#11752=DIRECTION('',(-1.,0.,0.));
#11753=DIRECTION('',(1.,0.,0.));
#11754=DIRECTION('',(-1.,0.,0.));
#11755=DIRECTION('center_axis',(0.,0.,1.));
#11756=DIRECTION('ref_axis',(1.,0.,0.));
#11757=DIRECTION('center_axis',(0.,0.,1.));
#11758=DIRECTION('ref_axis',(-1.,0.,0.));
#11759=DIRECTION('',(0.,1.,0.));
#11760=DIRECTION('center_axis',(-1.,0.,0.));
#11761=DIRECTION('ref_axis',(0.,-1.,0.));
#11762=DIRECTION('',(0.,1.,0.));
#11763=DIRECTION('',(0.,0.,1.));
#11764=DIRECTION('',(0.,-1.,0.));
#11765=DIRECTION('',(0.,0.,1.));
#11766=DIRECTION('center_axis',(0.,1.,0.));
#11767=DIRECTION('ref_axis',(-1.,0.,0.));
#11768=DIRECTION('',(1.,0.,0.));
#11769=DIRECTION('',(-1.,0.,0.));
#11770=DIRECTION('',(0.,0.,1.));
#11771=DIRECTION('center_axis',(1.,0.,0.));
#11772=DIRECTION('ref_axis',(0.,1.,0.));
#11773=DIRECTION('',(0.,-1.,0.));
#11774=DIRECTION('',(0.,1.,0.));
#11775=DIRECTION('',(0.,0.,1.));
#11776=DIRECTION('center_axis',(0.,-1.,0.));
#11777=DIRECTION('ref_axis',(1.,0.,0.));
#11778=DIRECTION('',(-1.,0.,0.));
#11779=DIRECTION('',(1.,0.,0.));
#11780=DIRECTION('center_axis',(0.,0.,1.));
#11781=DIRECTION('ref_axis',(1.,0.,0.));
#11782=DIRECTION('center_axis',(-1.,0.,0.));
#11783=DIRECTION('ref_axis',(0.,-1.,0.));
#11784=DIRECTION('',(0.,1.,0.));
#11785=DIRECTION('',(0.,0.,1.));
#11786=DIRECTION('',(0.,-1.,0.));
#11787=DIRECTION('',(0.,0.,1.));
#11788=DIRECTION('center_axis',(0.,1.,0.));
#11789=DIRECTION('ref_axis',(-1.,0.,0.));
#11790=DIRECTION('',(1.,0.,0.));
#11791=DIRECTION('',(-1.,0.,0.));
#11792=DIRECTION('',(0.,0.,1.));
#11793=DIRECTION('center_axis',(1.,0.,0.));
#11794=DIRECTION('ref_axis',(0.,1.,0.));
#11795=DIRECTION('',(0.,-1.,0.));
#11796=DIRECTION('',(0.,1.,0.));
#11797=DIRECTION('',(0.,0.,1.));
#11798=DIRECTION('center_axis',(0.,-1.,0.));
#11799=DIRECTION('ref_axis',(1.,0.,0.));
#11800=DIRECTION('',(-1.,0.,0.));
#11801=DIRECTION('',(1.,0.,0.));
#11802=DIRECTION('center_axis',(0.,0.,1.));
#11803=DIRECTION('ref_axis',(1.,0.,0.));
#11804=DIRECTION('center_axis',(-1.,0.,0.));
#11805=DIRECTION('ref_axis',(0.,-1.,0.));
#11806=DIRECTION('',(0.,1.,0.));
#11807=DIRECTION('',(0.,0.,1.));
#11808=DIRECTION('',(0.,-1.,0.));
#11809=DIRECTION('',(0.,0.,1.));
#11810=DIRECTION('center_axis',(0.,1.,0.));
#11811=DIRECTION('ref_axis',(-1.,0.,0.));
#11812=DIRECTION('',(1.,0.,0.));
#11813=DIRECTION('',(-1.,0.,0.));
#11814=DIRECTION('',(0.,0.,1.));
#11815=DIRECTION('',(1.,0.,0.));
#11816=DIRECTION('center_axis',(1.,0.,0.));
#11817=DIRECTION('ref_axis',(0.,1.,0.));
#11818=DIRECTION('',(0.,-1.,0.));
#11819=DIRECTION('',(0.,1.,0.));
#11820=DIRECTION('',(0.,0.,1.));
#11821=DIRECTION('center_axis',(-2.59432111929517E-17,-1.,0.));
#11822=DIRECTION('ref_axis',(1.,-2.59432111929517E-17,0.));
#11823=DIRECTION('',(-1.,2.59432111929517E-17,0.));
#11824=DIRECTION('',(1.,-2.59432111929517E-17,0.));
#11825=DIRECTION('',(-1.,2.59432111929517E-17,0.));
#11826=DIRECTION('center_axis',(0.,0.,1.));
#11827=DIRECTION('ref_axis',(1.,0.,0.));
#11828=DIRECTION('center_axis',(0.,0.,1.));
#11829=DIRECTION('ref_axis',(-1.,0.,0.));
#11830=DIRECTION('',(0.,1.,0.));
#11831=DIRECTION('center_axis',(0.,0.,1.));
#11832=DIRECTION('ref_axis',(5.92118946466746E-15,-1.,0.));
#11833=DIRECTION('center_axis',(0.,0.,-1.));
#11834=DIRECTION('ref_axis',(1.,0.,0.));
#11835=DIRECTION('center_axis',(0.,0.,1.));
#11836=DIRECTION('ref_axis',(1.,0.,0.));
#11837=DIRECTION('',(0.,0.,1.));
#11838=DIRECTION('center_axis',(0.,0.,-1.));
#11839=DIRECTION('ref_axis',(1.,0.,0.));
#11840=DIRECTION('center_axis',(0.,0.,-1.));
#11841=DIRECTION('ref_axis',(1.,0.,0.));
#11842=DIRECTION('center_axis',(0.,0.,1.));
#11843=DIRECTION('ref_axis',(1.,0.,0.));
#11844=DIRECTION('',(0.,0.,1.));
#11845=DIRECTION('center_axis',(0.,0.,-1.));
#11846=DIRECTION('ref_axis',(1.,0.,0.));
#11847=DIRECTION('center_axis',(0.,0.,-1.));
#11848=DIRECTION('ref_axis',(1.,0.,0.));
#11849=DIRECTION('center_axis',(0.,0.,1.));
#11850=DIRECTION('ref_axis',(1.,0.,0.));
#11851=DIRECTION('',(0.,0.,1.));
#11852=DIRECTION('center_axis',(0.,0.,-1.));
#11853=DIRECTION('ref_axis',(1.,0.,0.));
#11854=DIRECTION('center_axis',(0.,0.,-1.));
#11855=DIRECTION('ref_axis',(1.,0.,0.));
#11856=DIRECTION('center_axis',(0.,0.,1.));
#11857=DIRECTION('ref_axis',(1.,0.,0.));
#11858=DIRECTION('',(0.,0.,1.));
#11859=DIRECTION('center_axis',(0.,0.,-1.));
#11860=DIRECTION('ref_axis',(1.,0.,0.));
#11861=DIRECTION('center_axis',(0.,1.,0.));
#11862=DIRECTION('ref_axis',(1.,0.,0.));
#11863=DIRECTION('',(-1.,0.,0.));
#11864=DIRECTION('',(0.,0.,-1.));
#11865=DIRECTION('',(1.,0.,0.));
#11866=DIRECTION('',(0.,0.,-1.));
#11867=DIRECTION('center_axis',(0.,0.,-1.));
#11868=DIRECTION('ref_axis',(6.47630097698006E-15,1.,0.));
#11869=DIRECTION('center_axis',(0.,0.,1.));
#11870=DIRECTION('ref_axis',(6.47630097698006E-15,1.,0.));
#11871=DIRECTION('center_axis',(0.,0.,-1.));
#11872=DIRECTION('ref_axis',(6.47630097698006E-15,1.,0.));
#11873=DIRECTION('',(0.,0.,-1.));
#11874=DIRECTION('center_axis',(-1.,-4.44089209850063E-17,0.));
#11875=DIRECTION('ref_axis',(-4.44089209850063E-17,1.,0.));
#11876=DIRECTION('',(4.44089209850063E-17,-1.,0.));
#11877=DIRECTION('',(-4.44089209850063E-17,1.,0.));
#11878=DIRECTION('',(-4.44089209850063E-17,1.,0.));
#11879=DIRECTION('',(0.,0.,-1.));
#11880=DIRECTION('center_axis',(0.,0.,-1.));
#11881=DIRECTION('ref_axis',(-1.,0.,0.));
#11882=DIRECTION('center_axis',(0.,0.,1.));
#11883=DIRECTION('ref_axis',(-1.,0.,0.));
#11884=DIRECTION('center_axis',(0.,0.,-1.));
#11885=DIRECTION('ref_axis',(-1.,0.,0.));
#11886=DIRECTION('',(0.,0.,-1.));
#11887=DIRECTION('center_axis',(0.,-1.,0.));
#11888=DIRECTION('ref_axis',(-1.,0.,0.));
#11889=DIRECTION('',(1.,0.,0.));
#11890=DIRECTION('',(-1.,0.,0.));
#11891=DIRECTION('',(0.,0.,-1.));
#11892=DIRECTION('',(1.,0.,0.));
#11893=DIRECTION('',(1.,0.,0.));
#11894=DIRECTION('',(1.,0.,0.));
#11895=DIRECTION('center_axis',(0.,0.,-1.));
#11896=DIRECTION('ref_axis',(5.92118946466746E-15,-1.,0.));
#11897=DIRECTION('center_axis',(0.,0.,1.));
#11898=DIRECTION('ref_axis',(5.92118946466746E-15,-1.,0.));
#11899=DIRECTION('center_axis',(0.,0.,-1.));
#11900=DIRECTION('ref_axis',(5.92118946466746E-15,-1.,0.));
#11901=DIRECTION('',(0.,0.,-1.));
#11902=DIRECTION('center_axis',(1.,0.,0.));
#11903=DIRECTION('ref_axis',(0.,-1.,0.));
#11904=DIRECTION('',(0.,-1.,0.));
#11905=DIRECTION('',(0.,0.,-1.));
#11906=DIRECTION('',(0.,1.,0.));
#11907=DIRECTION('',(0.,1.,0.));
#11908=DIRECTION('center_axis',(0.,0.,-1.));
#11909=DIRECTION('ref_axis',(1.,8.88178419700118E-15,0.));
#11910=DIRECTION('center_axis',(0.,0.,-1.));
#11911=DIRECTION('ref_axis',(1.,8.88178419700118E-15,0.));
#11912=DIRECTION('center_axis',(0.,0.,1.));
#11913=DIRECTION('ref_axis',(1.,8.88178419700118E-15,0.));
#11914=DIRECTION('center_axis',(0.,0.,1.));
#11915=DIRECTION('ref_axis',(1.,0.,0.));
#11916=DIRECTION('center_axis',(0.,0.,1.));
#11917=DIRECTION('ref_axis',(1.,0.,0.));
#11918=DIRECTION('',(0.,0.,1.));
#11919=DIRECTION('',(1.,0.,0.));
#11920=CARTESIAN_POINT('',(0.,0.,0.));
#11921=CARTESIAN_POINT('',(0.,0.,0.));
#11922=CARTESIAN_POINT('Origin',(0.542500025767367,9.09250043187058,0.));
#11923=CARTESIAN_POINT('',(0.542500025767367,7.29250034637516,0.));
#11924=CARTESIAN_POINT('',(0.542500025767367,9.09250043187058,0.));
#11925=CARTESIAN_POINT('',(0.542500025767367,18.5462502159353,0.));
#11926=CARTESIAN_POINT('',(0.542500025767367,7.29250034637516,1.));
#11927=CARTESIAN_POINT('',(0.542500025767367,7.29250034637516,0.));
#11928=CARTESIAN_POINT('',(0.542500025767367,9.09250043187058,1.));
#11929=CARTESIAN_POINT('',(0.542500025767367,7.29250034637516,1.));
#11930=CARTESIAN_POINT('',(0.542500025767367,9.09250043187058,0.));
#11931=CARTESIAN_POINT('Origin',(1.64250007801456,9.09250043187058,0.));
#11932=CARTESIAN_POINT('',(1.64250007801456,9.09250043187058,0.));
#11933=CARTESIAN_POINT('',(22.0712500390073,9.09250043187058,0.));
#11934=CARTESIAN_POINT('',(1.64250007801456,9.09250043187058,1.));
#11935=CARTESIAN_POINT('',(0.542500025767367,9.09250043187058,1.));
#11936=CARTESIAN_POINT('',(1.64250007801456,9.09250043187058,0.));
#11937=CARTESIAN_POINT('Origin',(1.64250007801456,7.29250034637516,0.));
#11938=CARTESIAN_POINT('',(1.64250007801456,7.29250034637516,0.));
#11939=CARTESIAN_POINT('',(1.64250007801456,17.6462501731876,0.));
#11940=CARTESIAN_POINT('',(1.64250007801456,7.29250034637516,1.));
#11941=CARTESIAN_POINT('',(1.64250007801456,9.09250043187058,1.));
#11942=CARTESIAN_POINT('',(1.64250007801456,7.29250034637516,0.));
#11943=CARTESIAN_POINT('Origin',(0.542500025767367,7.29250034637516,0.));
#11944=CARTESIAN_POINT('',(21.5212500128837,7.29250034637516,0.));
#11945=CARTESIAN_POINT('',(1.64250007801456,7.29250034637516,1.));
#11946=CARTESIAN_POINT('Origin',(1.09250005189097,8.19250038912287,1.));
#11947=CARTESIAN_POINT('Origin',(0.542500025767367,12.6925006028614,0.));
#11948=CARTESIAN_POINT('',(0.542500025767367,10.892500517366,0.));
#11949=CARTESIAN_POINT('',(0.542500025767367,12.6925006028614,0.));
#11950=CARTESIAN_POINT('',(0.542500025767367,20.3462503014307,0.));
#11951=CARTESIAN_POINT('',(0.542500025767367,10.892500517366,1.));
#11952=CARTESIAN_POINT('',(0.542500025767367,10.892500517366,0.));
#11953=CARTESIAN_POINT('',(0.542500025767367,12.6925006028614,1.));
#11954=CARTESIAN_POINT('',(0.542500025767367,10.892500517366,1.));
#11955=CARTESIAN_POINT('',(0.542500025767367,12.6925006028614,0.));
#11956=CARTESIAN_POINT('Origin',(1.64250007801456,12.6925006028614,0.));
#11957=CARTESIAN_POINT('',(1.64250007801456,12.6925006028614,0.));
#11958=CARTESIAN_POINT('',(22.0712500390073,12.6925006028614,0.));
#11959=CARTESIAN_POINT('',(1.64250007801456,12.6925006028614,1.));
#11960=CARTESIAN_POINT('',(0.542500025767367,12.6925006028614,1.));
#11961=CARTESIAN_POINT('',(1.64250007801456,12.6925006028614,0.));
#11962=CARTESIAN_POINT('Origin',(1.64250007801456,10.892500517366,0.));
#11963=CARTESIAN_POINT('',(1.64250007801456,10.892500517366,0.));
#11964=CARTESIAN_POINT('',(1.64250007801456,19.446250258683,0.));
#11965=CARTESIAN_POINT('',(1.64250007801456,10.892500517366,1.));
#11966=CARTESIAN_POINT('',(1.64250007801456,12.6925006028614,1.));
#11967=CARTESIAN_POINT('',(1.64250007801456,10.892500517366,0.));
#11968=CARTESIAN_POINT('Origin',(0.542500025767367,10.892500517366,0.));
#11969=CARTESIAN_POINT('',(21.5212500128837,10.892500517366,0.));
#11970=CARTESIAN_POINT('',(1.64250007801456,10.892500517366,1.));
#11971=CARTESIAN_POINT('Origin',(1.09250005189097,11.7925005601137,1.));
#11972=CARTESIAN_POINT('Origin',(13.0776645561191,22.2718221050131,-1.3));
#11973=CARTESIAN_POINT('',(-1.76419530154322,22.2718221050131,-1.3));
#11974=CARTESIAN_POINT('',(-2.77555756156289E-16,22.2718221050131,-1.3));
#11975=CARTESIAN_POINT('',(-1.76419530154322,22.2718221050131,-1.3));
#11976=CARTESIAN_POINT('',(-1.76419530154322,22.2718221050131,-2.9));
#11977=CARTESIAN_POINT('',(-1.76419530154322,22.2718221050131,-1.3));
#11978=CARTESIAN_POINT('',(13.0776645561191,22.2718221050131,-2.9));
#11979=CARTESIAN_POINT('',(-1.76419530154322,22.2718221050131,-2.9));
#11980=CARTESIAN_POINT('',(13.0776645561191,22.2718221050131,-1.3));
#11981=CARTESIAN_POINT('',(13.0776645561191,22.2718221050131,-1.3));
#11982=CARTESIAN_POINT('',(27.7888322780596,22.2718221050131,-1.3));
#11983=CARTESIAN_POINT('Origin',(13.0776645561191,34.221726232922,-1.3));
#11984=CARTESIAN_POINT('',(13.0776645561191,34.221726232922,-1.3));
#11985=CARTESIAN_POINT('',(13.0776645561191,31.110863116461,-1.3));
#11986=CARTESIAN_POINT('',(13.0776645561191,34.221726232922,-2.9));
#11987=CARTESIAN_POINT('',(13.0776645561191,22.2718221050131,-2.9));
#11988=CARTESIAN_POINT('',(13.0776645561191,34.221726232922,-1.3));
#11989=CARTESIAN_POINT('Origin',(-1.76419530154322,34.221726232922,-1.3));
#11990=CARTESIAN_POINT('',(-2.22044604925031E-15,34.221726232922,-1.3));
#11991=CARTESIAN_POINT('',(20.3679023492284,34.221726232922,-1.3));
#11992=CARTESIAN_POINT('',(-1.76419530154322,34.221726232922,-2.9));
#11993=CARTESIAN_POINT('',(13.0776645561191,34.221726232922,-2.9));
#11994=CARTESIAN_POINT('',(-1.76419530154322,34.221726232922,-1.3));
#11995=CARTESIAN_POINT('',(-1.76419530154322,34.221726232922,-1.3));
#11996=CARTESIAN_POINT('',(13.0776645561191,34.221726232922,-1.3));
#11997=CARTESIAN_POINT('Origin',(-1.76419530154323,33.721726232922,-1.3));
#11998=CARTESIAN_POINT('',(-2.26419530154322,33.721726232922,-1.3));
#11999=CARTESIAN_POINT('Origin',(-1.76419530154323,33.721726232922,-1.3));
#12000=CARTESIAN_POINT('',(-2.26419530154322,33.721726232922,-2.9));
#12001=CARTESIAN_POINT('Origin',(-1.76419530154323,33.721726232922,-2.9));
#12002=CARTESIAN_POINT('',(-2.26419530154322,33.721726232922,-1.3));
#12003=CARTESIAN_POINT('Origin',(-2.26419530154323,22.7718221050131,-1.3));
#12004=CARTESIAN_POINT('',(-2.26419530154323,22.7718221050131,-1.3));
#12005=CARTESIAN_POINT('',(-2.26419530154322,33.721726232922,-1.3));
#12006=CARTESIAN_POINT('',(-2.26419530154323,22.7718221050131,-2.9));
#12007=CARTESIAN_POINT('',(-2.26419530154322,33.721726232922,-2.9));
#12008=CARTESIAN_POINT('',(-2.26419530154323,22.7718221050131,-1.3));
#12009=CARTESIAN_POINT('Origin',(-1.76419530154322,22.7718221050131,-1.3));
#12010=CARTESIAN_POINT('Origin',(-1.76419530154322,22.7718221050131,-1.3));
#12011=CARTESIAN_POINT('Origin',(-1.76419530154322,22.7718221050131,-2.9));
#12012=CARTESIAN_POINT('Origin',(5.40673462728793,28.2467741689676,-2.9));
#12013=CARTESIAN_POINT('Origin',(5.40673462728793,28.2467741689676,-1.3));
#12014=CARTESIAN_POINT('',(-1.66533453693773E-15,53.,-1.3));
#12015=CARTESIAN_POINT('Origin',(49.6756273769682,39.6967024246799,0.));
#12016=CARTESIAN_POINT('',(49.6756273769682,27.7168552064355,-1.3));
#12017=CARTESIAN_POINT('',(49.6756273769682,39.6967024246799,-1.3));
#12018=CARTESIAN_POINT('',(49.6756273769682,33.84835121234,-1.3));
#12019=CARTESIAN_POINT('',(49.6756273769682,27.7168552064355,-2.));
#12020=CARTESIAN_POINT('',(49.6756273769682,27.7168552064355,0.));
#12021=CARTESIAN_POINT('',(49.6756273769682,39.6967024246799,-2.));
#12022=CARTESIAN_POINT('',(49.6756273769682,27.7168552064355,-2.));
#12023=CARTESIAN_POINT('',(49.6756273769682,39.6967024246799,0.));
#12024=CARTESIAN_POINT('Origin',(49.6756273769682,27.7168552064355,0.));
#12025=CARTESIAN_POINT('',(37.6351000537724,27.7168552064355,-1.3));
#12026=CARTESIAN_POINT('',(46.0878136884841,27.7168552064355,-1.3));
#12027=CARTESIAN_POINT('',(37.6351000537724,27.7168552064355,-2.));
#12028=CARTESIAN_POINT('',(37.6351000537724,27.7168552064355,0.));
#12029=CARTESIAN_POINT('',(37.6351000537724,27.7168552064355,-2.));
#12030=CARTESIAN_POINT('Origin',(37.6351000537724,39.6967024246799,0.));
#12031=CARTESIAN_POINT('',(37.6351000537724,39.6967024246799,-1.3));
#12032=CARTESIAN_POINT('',(40.0675500268862,39.6967024246799,-1.3));
#12033=CARTESIAN_POINT('',(37.6351000537724,39.6967024246799,-2.));
#12034=CARTESIAN_POINT('',(49.6756273769682,39.6967024246799,-2.));
#12035=CARTESIAN_POINT('',(37.6351000537724,39.6967024246799,0.));
#12036=CARTESIAN_POINT('Origin',(37.6351000537724,27.7168552064355,0.));
#12037=CARTESIAN_POINT('',(37.6351000537724,27.8584276032177,-1.3));
#12038=CARTESIAN_POINT('',(37.6351000537724,39.6967024246799,-2.));
#12039=CARTESIAN_POINT('Origin',(43.6553637153703,33.7067788155577,-2.));
#12040=CARTESIAN_POINT('Origin',(56.3099998200685,50.9100024180952,0.));
#12041=CARTESIAN_POINT('',(56.3099998200685,51.5499988477677,-1.3));
#12042=CARTESIAN_POINT('',(56.3099998200685,50.9100024180952,-1.3));
#12043=CARTESIAN_POINT('',(56.3099998200685,39.4550012090476,-1.3));
#12044=CARTESIAN_POINT('',(56.3099998200685,51.5499988477677,-3.1));
#12045=CARTESIAN_POINT('',(56.3099998200685,51.5499988477677,0.));
#12046=CARTESIAN_POINT('',(56.3099998200685,50.9100024180952,-3.1));
#12047=CARTESIAN_POINT('',(56.3099998200685,50.9100024180952,-3.1));
#12048=CARTESIAN_POINT('',(56.3099998200685,50.9100024180952,0.));
#12049=CARTESIAN_POINT('Origin',(56.3099998200685,51.5499988477677,0.));
#12050=CARTESIAN_POINT('',(56.9500004127529,51.5499988477677,-1.3));
#12051=CARTESIAN_POINT('',(49.4049999100342,51.5499988477677,-1.3));
#12052=CARTESIAN_POINT('',(56.9500004127529,51.5499988477677,-3.1));
#12053=CARTESIAN_POINT('',(56.9500004127529,51.5499988477677,0.));
#12054=CARTESIAN_POINT('',(56.3099998200685,51.5499988477677,-3.1));
#12055=CARTESIAN_POINT('Origin',(56.9500004127529,50.9100024180952,0.));
#12056=CARTESIAN_POINT('',(56.9500004127529,50.9100024180952,-1.3));
#12057=CARTESIAN_POINT('',(49.7250002063764,50.9100024180952,-1.3));
#12058=CARTESIAN_POINT('',(56.9500004127529,50.9100024180952,-3.1));
#12059=CARTESIAN_POINT('',(56.9500004127529,50.9100024180952,-3.1));
#12060=CARTESIAN_POINT('',(56.9500004127529,50.9100024180952,0.));
#12061=CARTESIAN_POINT('Origin',(56.9500004127529,51.5499988477677,0.));
#12062=CARTESIAN_POINT('',(56.9500004127529,39.7749994238839,-1.3));
#12063=CARTESIAN_POINT('',(56.9500004127529,51.5499988477677,-3.1));
#12064=CARTESIAN_POINT('Origin',(56.6300001164107,51.2300006329315,-3.1));
#12065=CARTESIAN_POINT('Origin',(46.1499998200685,50.9100024180952,0.));
#12066=CARTESIAN_POINT('',(46.1499998200685,51.5499988477677,-1.3));
#12067=CARTESIAN_POINT('',(46.1499998200685,50.9100024180952,-1.3));
#12068=CARTESIAN_POINT('',(46.1499998200685,39.4550012090476,-1.3));
#12069=CARTESIAN_POINT('',(46.1499998200685,51.5499988477677,-3.1));
#12070=CARTESIAN_POINT('',(46.1499998200685,51.5499988477677,0.));
#12071=CARTESIAN_POINT('',(46.1499998200685,50.9100024180952,-3.1));
#12072=CARTESIAN_POINT('',(46.1499998200685,50.9100024180952,-3.1));
#12073=CARTESIAN_POINT('',(46.1499998200685,50.9100024180952,0.));
#12074=CARTESIAN_POINT('Origin',(46.1499998200685,51.5499988477677,0.));
#12075=CARTESIAN_POINT('',(46.7900004127529,51.5499988477677,-1.3));
#12076=CARTESIAN_POINT('',(44.3249999100342,51.5499988477677,-1.3));
#12077=CARTESIAN_POINT('',(46.7900004127529,51.5499988477677,-3.1));
#12078=CARTESIAN_POINT('',(46.7900004127529,51.5499988477677,0.));
#12079=CARTESIAN_POINT('',(46.1499998200685,51.5499988477677,-3.1));
#12080=CARTESIAN_POINT('Origin',(46.7900004127529,50.9100024180952,0.));
#12081=CARTESIAN_POINT('',(46.7900004127529,50.9100024180952,-1.3));
#12082=CARTESIAN_POINT('',(44.6450002063764,50.9100024180952,-1.3));
#12083=CARTESIAN_POINT('',(46.7900004127529,50.9100024180952,-3.1));
#12084=CARTESIAN_POINT('',(46.7900004127529,50.9100024180952,-3.1));
#12085=CARTESIAN_POINT('',(46.7900004127529,50.9100024180952,0.));
#12086=CARTESIAN_POINT('Origin',(46.7900004127529,51.5499988477677,0.));
#12087=CARTESIAN_POINT('',(46.7900004127529,39.7749994238839,-1.3));
#12088=CARTESIAN_POINT('',(46.7900004127529,51.5499988477677,-3.1));
#12089=CARTESIAN_POINT('Origin',(46.4700001164107,51.2300006329315,-3.1));
#12090=CARTESIAN_POINT('Origin',(51.2299998200685,53.2700024180952,0.));
#12091=CARTESIAN_POINT('',(51.2299998200685,53.9099988477677,-1.3));
#12092=CARTESIAN_POINT('',(51.2299998200685,53.2700024180952,-1.3));
#12093=CARTESIAN_POINT('',(51.2299998200685,40.6350012090476,-1.3));
#12094=CARTESIAN_POINT('',(51.2299998200685,53.9099988477677,-3.1));
#12095=CARTESIAN_POINT('',(51.2299998200685,53.9099988477677,0.));
#12096=CARTESIAN_POINT('',(51.2299998200685,53.2700024180952,-3.1));
#12097=CARTESIAN_POINT('',(51.2299998200685,53.2700024180952,-3.1));
#12098=CARTESIAN_POINT('',(51.2299998200685,53.2700024180952,0.));
#12099=CARTESIAN_POINT('Origin',(51.2299998200685,53.9099988477677,0.));
#12100=CARTESIAN_POINT('',(51.8700004127528,53.9099988477677,-1.3));
#12101=CARTESIAN_POINT('',(46.8649999100342,53.9099988477677,-1.3));
#12102=CARTESIAN_POINT('',(51.8700004127528,53.9099988477677,-3.1));
#12103=CARTESIAN_POINT('',(51.8700004127528,53.9099988477677,0.));
#12104=CARTESIAN_POINT('',(51.2299998200685,53.9099988477677,-3.1));
#12105=CARTESIAN_POINT('Origin',(51.8700004127528,53.2700024180952,0.));
#12106=CARTESIAN_POINT('',(51.8700004127528,53.2700024180952,-1.3));
#12107=CARTESIAN_POINT('',(47.1850002063764,53.2700024180952,-1.3));
#12108=CARTESIAN_POINT('',(51.8700004127528,53.2700024180952,-3.1));
#12109=CARTESIAN_POINT('',(51.8700004127528,53.2700024180952,-3.1));
#12110=CARTESIAN_POINT('',(51.8700004127528,53.2700024180952,0.));
#12111=CARTESIAN_POINT('Origin',(51.8700004127528,53.9099988477677,0.));
#12112=CARTESIAN_POINT('',(51.8700004127528,40.9549994238839,-1.3));
#12113=CARTESIAN_POINT('',(51.8700004127528,53.9099988477677,-3.1));
#12114=CARTESIAN_POINT('Origin',(51.5500001164107,53.5900006329315,-3.1));
#12115=CARTESIAN_POINT('Origin',(41.0699998200685,53.2700024180952,0.));
#12116=CARTESIAN_POINT('',(41.0699998200685,53.9099988477677,-1.3));
#12117=CARTESIAN_POINT('',(41.0699998200685,53.2700024180952,-1.3));
#12118=CARTESIAN_POINT('',(41.0699998200685,40.6350012090476,-1.3));
#12119=CARTESIAN_POINT('',(41.0699998200685,53.9099988477677,-3.1));
#12120=CARTESIAN_POINT('',(41.0699998200685,53.9099988477677,0.));
#12121=CARTESIAN_POINT('',(41.0699998200685,53.2700024180952,-3.1));
#12122=CARTESIAN_POINT('',(41.0699998200685,53.2700024180952,-3.1));
#12123=CARTESIAN_POINT('',(41.0699998200685,53.2700024180952,0.));
#12124=CARTESIAN_POINT('Origin',(41.0699998200685,53.9099988477677,0.));
#12125=CARTESIAN_POINT('',(41.7100004127528,53.9099988477677,-1.3));
#12126=CARTESIAN_POINT('',(41.7849999100342,53.9099988477677,-1.3));
#12127=CARTESIAN_POINT('',(41.7100004127528,53.9099988477677,-3.1));
#12128=CARTESIAN_POINT('',(41.7100004127528,53.9099988477677,0.));
#12129=CARTESIAN_POINT('',(41.0699998200685,53.9099988477677,-3.1));
#12130=CARTESIAN_POINT('Origin',(41.7100004127528,53.2700024180952,0.));
#12131=CARTESIAN_POINT('',(41.7100004127528,53.2700024180952,-1.3));
#12132=CARTESIAN_POINT('',(42.1050002063764,53.2700024180952,-1.3));
#12133=CARTESIAN_POINT('',(41.7100004127528,53.2700024180952,-3.1));
#12134=CARTESIAN_POINT('',(41.7100004127528,53.2700024180952,-3.1));
#12135=CARTESIAN_POINT('',(41.7100004127528,53.2700024180952,0.));
#12136=CARTESIAN_POINT('Origin',(41.7100004127528,53.9099988477677,0.));
#12137=CARTESIAN_POINT('',(41.7100004127528,40.9549994238839,-1.3));
#12138=CARTESIAN_POINT('',(41.7100004127528,53.9099988477677,-3.1));
#12139=CARTESIAN_POINT('Origin',(41.3900001164107,53.5900006329315,-3.1));
#12140=CARTESIAN_POINT('Origin',(38.5299998200685,50.9100024180952,0.));
#12141=CARTESIAN_POINT('',(38.5299998200685,51.5499988477677,-1.3));
#12142=CARTESIAN_POINT('',(38.5299998200685,50.9100024180952,-1.3));
#12143=CARTESIAN_POINT('',(38.5299998200685,39.4550012090476,-1.3));
#12144=CARTESIAN_POINT('',(38.5299998200685,51.5499988477677,-3.1));
#12145=CARTESIAN_POINT('',(38.5299998200685,51.5499988477677,0.));
#12146=CARTESIAN_POINT('',(38.5299998200685,50.9100024180952,-3.1));
#12147=CARTESIAN_POINT('',(38.5299998200685,50.9100024180952,-3.1));
#12148=CARTESIAN_POINT('',(38.5299998200685,50.9100024180952,0.));
#12149=CARTESIAN_POINT('Origin',(38.5299998200685,51.5499988477677,0.));
#12150=CARTESIAN_POINT('',(39.1700004127529,51.5499988477677,-1.3));
#12151=CARTESIAN_POINT('',(40.5149999100342,51.5499988477677,-1.3));
#12152=CARTESIAN_POINT('',(39.1700004127529,51.5499988477677,-3.1));
#12153=CARTESIAN_POINT('',(39.1700004127529,51.5499988477677,0.));
#12154=CARTESIAN_POINT('',(38.5299998200685,51.5499988477677,-3.1));
#12155=CARTESIAN_POINT('Origin',(39.1700004127529,50.9100024180952,0.));
#12156=CARTESIAN_POINT('',(39.1700004127529,50.9100024180952,-1.3));
#12157=CARTESIAN_POINT('',(40.8350002063764,50.9100024180952,-1.3));
#12158=CARTESIAN_POINT('',(39.1700004127529,50.9100024180952,-3.1));
#12159=CARTESIAN_POINT('',(39.1700004127529,50.9100024180952,-3.1));
#12160=CARTESIAN_POINT('',(39.1700004127529,50.9100024180952,0.));
#12161=CARTESIAN_POINT('Origin',(39.1700004127529,51.5499988477677,0.));
#12162=CARTESIAN_POINT('',(39.1700004127529,39.7749994238839,-1.3));
#12163=CARTESIAN_POINT('',(39.1700004127529,51.5499988477677,-3.1));
#12164=CARTESIAN_POINT('Origin',(38.8500001164107,51.2300006329315,-3.1));
#12165=CARTESIAN_POINT('Origin',(28.3699998200685,50.9100024180952,0.));
#12166=CARTESIAN_POINT('',(28.3699998200685,51.5499988477677,-1.3));
#12167=CARTESIAN_POINT('',(28.3699998200685,50.9100024180952,-1.3));
#12168=CARTESIAN_POINT('',(28.3699998200685,39.4550012090476,-1.3));
#12169=CARTESIAN_POINT('',(28.3699998200685,51.5499988477677,-3.1));
#12170=CARTESIAN_POINT('',(28.3699998200685,51.5499988477677,0.));
#12171=CARTESIAN_POINT('',(28.3699998200685,50.9100024180952,-3.1));
#12172=CARTESIAN_POINT('',(28.3699998200685,50.9100024180952,-3.1));
#12173=CARTESIAN_POINT('',(28.3699998200685,50.9100024180952,0.));
#12174=CARTESIAN_POINT('Origin',(28.3699998200685,51.5499988477677,0.));
#12175=CARTESIAN_POINT('',(29.0100004127529,51.5499988477677,-1.3));
#12176=CARTESIAN_POINT('',(35.4349999100342,51.5499988477677,-1.3));
#12177=CARTESIAN_POINT('',(29.0100004127529,51.5499988477677,-3.1));
#12178=CARTESIAN_POINT('',(29.0100004127529,51.5499988477677,0.));
#12179=CARTESIAN_POINT('',(28.3699998200685,51.5499988477677,-3.1));
#12180=CARTESIAN_POINT('Origin',(29.0100004127529,50.9100024180952,0.));
#12181=CARTESIAN_POINT('',(29.0100004127529,50.9100024180952,-1.3));
#12182=CARTESIAN_POINT('',(35.7550002063764,50.9100024180952,-1.3));
#12183=CARTESIAN_POINT('',(29.0100004127529,50.9100024180952,-3.1));
#12184=CARTESIAN_POINT('',(29.0100004127529,50.9100024180952,-3.1));
#12185=CARTESIAN_POINT('',(29.0100004127529,50.9100024180952,0.));
#12186=CARTESIAN_POINT('Origin',(29.0100004127529,51.5499988477677,0.));
#12187=CARTESIAN_POINT('',(29.0100004127529,39.7749994238839,-1.3));
#12188=CARTESIAN_POINT('',(29.0100004127529,51.5499988477677,-3.1));
#12189=CARTESIAN_POINT('Origin',(28.6900001164107,51.2300006329315,-3.1));
#12190=CARTESIAN_POINT('Origin',(18.2099998200685,50.9100024180952,0.));
#12191=CARTESIAN_POINT('',(18.2099998200685,51.5499988477677,-1.3));
#12192=CARTESIAN_POINT('',(18.2099998200685,50.9100024180952,-1.3));
#12193=CARTESIAN_POINT('',(18.2099998200685,39.4550012090476,-1.3));
#12194=CARTESIAN_POINT('',(18.2099998200685,51.5499988477677,-3.1));
#12195=CARTESIAN_POINT('',(18.2099998200685,51.5499988477677,0.));
#12196=CARTESIAN_POINT('',(18.2099998200685,50.9100024180952,-3.1));
#12197=CARTESIAN_POINT('',(18.2099998200685,50.9100024180952,-3.1));
#12198=CARTESIAN_POINT('',(18.2099998200685,50.9100024180952,0.));
#12199=CARTESIAN_POINT('Origin',(18.2099998200685,51.5499988477677,0.));
#12200=CARTESIAN_POINT('',(18.8500004127529,51.5499988477677,-1.3));
#12201=CARTESIAN_POINT('',(30.3549999100342,51.5499988477677,-1.3));
#12202=CARTESIAN_POINT('',(18.8500004127529,51.5499988477677,-3.1));
#12203=CARTESIAN_POINT('',(18.8500004127529,51.5499988477677,0.));
#12204=CARTESIAN_POINT('',(18.2099998200685,51.5499988477677,-3.1));
#12205=CARTESIAN_POINT('Origin',(18.8500004127529,50.9100024180952,0.));
#12206=CARTESIAN_POINT('',(18.8500004127529,50.9100024180952,-1.3));
#12207=CARTESIAN_POINT('',(30.6750002063764,50.9100024180952,-1.3));
#12208=CARTESIAN_POINT('',(18.8500004127529,50.9100024180952,-3.1));
#12209=CARTESIAN_POINT('',(18.8500004127529,50.9100024180952,-3.1));
#12210=CARTESIAN_POINT('',(18.8500004127529,50.9100024180952,0.));
#12211=CARTESIAN_POINT('Origin',(18.8500004127529,51.5499988477677,0.));
#12212=CARTESIAN_POINT('',(18.8500004127529,39.7749994238839,-1.3));
#12213=CARTESIAN_POINT('',(18.8500004127529,51.5499988477677,-3.1));
#12214=CARTESIAN_POINT('Origin',(18.5300001164107,51.2300006329315,-3.1));
#12215=CARTESIAN_POINT('Origin',(28.3699998200685,53.2700024180952,0.));
#12216=CARTESIAN_POINT('',(28.3699998200685,53.9099988477677,-1.3));
#12217=CARTESIAN_POINT('',(28.3699998200685,53.2700024180952,-1.3));
#12218=CARTESIAN_POINT('',(28.3699998200685,40.6350012090476,-1.3));
#12219=CARTESIAN_POINT('',(28.3699998200685,53.9099988477677,-3.1));
#12220=CARTESIAN_POINT('',(28.3699998200685,53.9099988477677,0.));
#12221=CARTESIAN_POINT('',(28.3699998200685,53.2700024180952,-3.1));
#12222=CARTESIAN_POINT('',(28.3699998200685,53.2700024180952,-3.1));
#12223=CARTESIAN_POINT('',(28.3699998200685,53.2700024180952,0.));
#12224=CARTESIAN_POINT('Origin',(28.3699998200685,53.9099988477677,0.));
#12225=CARTESIAN_POINT('',(29.0100004127529,53.9099988477677,-1.3));
#12226=CARTESIAN_POINT('',(35.4349999100342,53.9099988477677,-1.3));
#12227=CARTESIAN_POINT('',(29.0100004127529,53.9099988477677,-3.1));
#12228=CARTESIAN_POINT('',(29.0100004127529,53.9099988477677,0.));
#12229=CARTESIAN_POINT('',(28.3699998200685,53.9099988477677,-3.1));
#12230=CARTESIAN_POINT('Origin',(29.0100004127529,53.2700024180952,0.));
#12231=CARTESIAN_POINT('',(29.0100004127529,53.2700024180952,-1.3));
#12232=CARTESIAN_POINT('',(35.7550002063764,53.2700024180952,-1.3));
#12233=CARTESIAN_POINT('',(29.0100004127529,53.2700024180952,-3.1));
#12234=CARTESIAN_POINT('',(29.0100004127529,53.2700024180952,-3.1));
#12235=CARTESIAN_POINT('',(29.0100004127529,53.2700024180952,0.));
#12236=CARTESIAN_POINT('Origin',(29.0100004127529,53.9099988477677,0.));
#12237=CARTESIAN_POINT('',(29.0100004127529,40.9549994238839,-1.3));
#12238=CARTESIAN_POINT('',(29.0100004127529,53.9099988477677,-3.1));
#12239=CARTESIAN_POINT('Origin',(28.6900001164107,53.5900006329315,-3.1));
#12240=CARTESIAN_POINT('Origin',(18.2099998200685,53.2700024180952,0.));
#12241=CARTESIAN_POINT('',(18.2099998200685,53.9099988477677,-1.3));
#12242=CARTESIAN_POINT('',(18.2099998200685,53.2700024180952,-1.3));
#12243=CARTESIAN_POINT('',(18.2099998200685,40.6350012090476,-1.3));
#12244=CARTESIAN_POINT('',(18.2099998200685,53.9099988477677,-3.1));
#12245=CARTESIAN_POINT('',(18.2099998200685,53.9099988477677,0.));
#12246=CARTESIAN_POINT('',(18.2099998200685,53.2700024180952,-3.1));
#12247=CARTESIAN_POINT('',(18.2099998200685,53.2700024180952,-3.1));
#12248=CARTESIAN_POINT('',(18.2099998200685,53.2700024180952,0.));
#12249=CARTESIAN_POINT('Origin',(18.2099998200685,53.9099988477677,0.));
#12250=CARTESIAN_POINT('',(18.8500004127529,53.9099988477677,-1.3));
#12251=CARTESIAN_POINT('',(30.3549999100342,53.9099988477677,-1.3));
#12252=CARTESIAN_POINT('',(18.8500004127529,53.9099988477677,-3.1));
#12253=CARTESIAN_POINT('',(18.8500004127529,53.9099988477677,0.));
#12254=CARTESIAN_POINT('',(18.2099998200685,53.9099988477677,-3.1));
#12255=CARTESIAN_POINT('Origin',(18.8500004127529,53.2700024180952,0.));
#12256=CARTESIAN_POINT('',(18.8500004127529,53.2700024180952,-1.3));
#12257=CARTESIAN_POINT('',(30.6750002063764,53.2700024180952,-1.3));
#12258=CARTESIAN_POINT('',(18.8500004127529,53.2700024180952,-3.1));
#12259=CARTESIAN_POINT('',(18.8500004127529,53.2700024180952,-3.1));
#12260=CARTESIAN_POINT('',(18.8500004127529,53.2700024180952,0.));
#12261=CARTESIAN_POINT('Origin',(18.8500004127529,53.9099988477677,0.));
#12262=CARTESIAN_POINT('',(18.8500004127529,40.9549994238839,-1.3));
#12263=CARTESIAN_POINT('',(18.8500004127529,53.9099988477677,-3.1));
#12264=CARTESIAN_POINT('Origin',(18.5300001164107,53.5900006329315,-3.1));
#12265=CARTESIAN_POINT('Origin',(10.5899998200685,53.2700024180952,0.));
#12266=CARTESIAN_POINT('',(10.5899998200685,53.9099988477677,-1.3));
#12267=CARTESIAN_POINT('',(10.5899998200685,53.2700024180952,-1.3));
#12268=CARTESIAN_POINT('',(10.5899998200685,40.6350012090476,-1.3));
#12269=CARTESIAN_POINT('',(10.5899998200685,53.9099988477677,-3.1));
#12270=CARTESIAN_POINT('',(10.5899998200685,53.9099988477677,0.));
#12271=CARTESIAN_POINT('',(10.5899998200685,53.2700024180952,-3.1));
#12272=CARTESIAN_POINT('',(10.5899998200685,53.2700024180952,-3.1));
#12273=CARTESIAN_POINT('',(10.5899998200685,53.2700024180952,0.));
#12274=CARTESIAN_POINT('Origin',(10.5899998200685,53.9099988477677,0.));
#12275=CARTESIAN_POINT('',(11.2300004127529,53.9099988477677,-1.3));
#12276=CARTESIAN_POINT('',(26.5449999100342,53.9099988477677,-1.3));
#12277=CARTESIAN_POINT('',(11.2300004127529,53.9099988477677,-3.1));
#12278=CARTESIAN_POINT('',(11.2300004127529,53.9099988477677,0.));
#12279=CARTESIAN_POINT('',(10.5899998200685,53.9099988477677,-3.1));
#12280=CARTESIAN_POINT('Origin',(11.2300004127529,53.2700024180952,0.));
#12281=CARTESIAN_POINT('',(11.2300004127529,53.2700024180952,-1.3));
#12282=CARTESIAN_POINT('',(26.8650002063764,53.2700024180952,-1.3));
#12283=CARTESIAN_POINT('',(11.2300004127529,53.2700024180952,-3.1));
#12284=CARTESIAN_POINT('',(11.2300004127529,53.2700024180952,-3.1));
#12285=CARTESIAN_POINT('',(11.2300004127529,53.2700024180952,0.));
#12286=CARTESIAN_POINT('Origin',(11.2300004127529,53.9099988477677,0.));
#12287=CARTESIAN_POINT('',(11.2300004127528,40.9549994238839,-1.3));
#12288=CARTESIAN_POINT('',(11.2300004127529,53.9099988477677,-3.1));
#12289=CARTESIAN_POINT('Origin',(10.9100001164107,53.5900006329315,-3.1));
#12290=CARTESIAN_POINT('Origin',(8.04999982006848,51.5499988477677,0.));
#12291=CARTESIAN_POINT('',(8.69000041275285,51.5499988477677,-1.3));
#12292=CARTESIAN_POINT('',(8.04999982006848,51.5499988477677,-1.3));
#12293=CARTESIAN_POINT('',(25.2749999100342,51.5499988477677,-1.3));
#12294=CARTESIAN_POINT('',(8.69000041275285,51.5499988477677,-3.1));
#12295=CARTESIAN_POINT('',(8.69000041275285,51.5499988477677,0.));
#12296=CARTESIAN_POINT('',(8.04999982006848,51.5499988477677,-3.1));
#12297=CARTESIAN_POINT('',(8.04999982006848,51.5499988477677,-3.1));
#12298=CARTESIAN_POINT('',(8.04999982006848,51.5499988477677,0.));
#12299=CARTESIAN_POINT('Origin',(8.69000041275285,51.5499988477677,0.));
#12300=CARTESIAN_POINT('',(8.69000041275285,50.9100024180952,-1.3));
#12301=CARTESIAN_POINT('',(8.69000041275285,39.7749994238839,-1.3));
#12302=CARTESIAN_POINT('',(8.69000041275285,50.9100024180952,-3.1));
#12303=CARTESIAN_POINT('',(8.69000041275285,50.9100024180952,0.));
#12304=CARTESIAN_POINT('',(8.69000041275285,51.5499988477677,-3.1));
#12305=CARTESIAN_POINT('Origin',(8.04999982006848,50.9100024180952,0.));
#12306=CARTESIAN_POINT('',(8.04999982006848,50.9100024180952,-1.3));
#12307=CARTESIAN_POINT('',(8.04999982006848,39.4550012090476,-1.3));
#12308=CARTESIAN_POINT('',(8.04999982006848,50.9100024180952,-3.1));
#12309=CARTESIAN_POINT('',(8.04999982006848,50.9100024180952,-3.1));
#12310=CARTESIAN_POINT('',(8.04999982006848,50.9100024180952,0.));
#12311=CARTESIAN_POINT('Origin',(8.69000041275285,50.9100024180952,0.));
#12312=CARTESIAN_POINT('',(25.5950002063764,50.9100024180952,-1.3));
#12313=CARTESIAN_POINT('',(8.69000041275285,50.9100024180952,-3.1));
#12314=CARTESIAN_POINT('Origin',(8.37000011641067,51.2300006329315,-3.1));
#12315=CARTESIAN_POINT('Origin',(13.1299998200685,50.9100024180952,0.));
#12316=CARTESIAN_POINT('',(13.1299998200685,51.5499988477677,-1.3));
#12317=CARTESIAN_POINT('',(13.1299998200685,50.9100024180952,-1.3));
#12318=CARTESIAN_POINT('',(13.1299998200685,39.4550012090476,-1.3));
#12319=CARTESIAN_POINT('',(13.1299998200685,51.5499988477677,-3.1));
#12320=CARTESIAN_POINT('',(13.1299998200685,51.5499988477677,0.));
#12321=CARTESIAN_POINT('',(13.1299998200685,50.9100024180952,-3.1));
#12322=CARTESIAN_POINT('',(13.1299998200685,50.9100024180952,-3.1));
#12323=CARTESIAN_POINT('',(13.1299998200685,50.9100024180952,0.));
#12324=CARTESIAN_POINT('Origin',(13.1299998200685,51.5499988477677,0.));
#12325=CARTESIAN_POINT('',(13.7700004127529,51.5499988477677,-1.3));
#12326=CARTESIAN_POINT('',(27.8149999100342,51.5499988477677,-1.3));
#12327=CARTESIAN_POINT('',(13.7700004127529,51.5499988477677,-3.1));
#12328=CARTESIAN_POINT('',(13.7700004127529,51.5499988477677,0.));
#12329=CARTESIAN_POINT('',(13.1299998200685,51.5499988477677,-3.1));
#12330=CARTESIAN_POINT('Origin',(13.7700004127529,50.9100024180952,0.));
#12331=CARTESIAN_POINT('',(13.7700004127529,50.9100024180952,-1.3));
#12332=CARTESIAN_POINT('',(28.1350002063764,50.9100024180952,-1.3));
#12333=CARTESIAN_POINT('',(13.7700004127529,50.9100024180952,-3.1));
#12334=CARTESIAN_POINT('',(13.7700004127529,50.9100024180952,-3.1));
#12335=CARTESIAN_POINT('',(13.7700004127529,50.9100024180952,0.));
#12336=CARTESIAN_POINT('Origin',(13.7700004127529,51.5499988477677,0.));
#12337=CARTESIAN_POINT('',(13.7700004127529,39.7749994238839,-1.3));
#12338=CARTESIAN_POINT('',(13.7700004127529,51.5499988477677,-3.1));
#12339=CARTESIAN_POINT('Origin',(13.4500001164107,51.2300006329315,-3.1));
#12340=CARTESIAN_POINT('Origin',(20.7499998200685,53.2700024180952,0.));
#12341=CARTESIAN_POINT('',(20.7499998200685,53.9099988477677,-1.3));
#12342=CARTESIAN_POINT('',(20.7499998200685,53.2700024180952,-1.3));
#12343=CARTESIAN_POINT('',(20.7499998200685,40.6350012090476,-1.3));
#12344=CARTESIAN_POINT('',(20.7499998200685,53.9099988477677,-3.1));
#12345=CARTESIAN_POINT('',(20.7499998200685,53.9099988477677,0.));
#12346=CARTESIAN_POINT('',(20.7499998200685,53.2700024180952,-3.1));
#12347=CARTESIAN_POINT('',(20.7499998200685,53.2700024180952,-3.1));
#12348=CARTESIAN_POINT('',(20.7499998200685,53.2700024180952,0.));
#12349=CARTESIAN_POINT('Origin',(20.7499998200685,53.9099988477677,0.));
#12350=CARTESIAN_POINT('',(21.3900004127529,53.9099988477677,-1.3));
#12351=CARTESIAN_POINT('',(31.6249999100342,53.9099988477677,-1.3));
#12352=CARTESIAN_POINT('',(21.3900004127529,53.9099988477677,-3.1));
#12353=CARTESIAN_POINT('',(21.3900004127529,53.9099988477677,0.));
#12354=CARTESIAN_POINT('',(20.7499998200685,53.9099988477677,-3.1));
#12355=CARTESIAN_POINT('Origin',(21.3900004127529,53.2700024180952,0.));
#12356=CARTESIAN_POINT('',(21.3900004127529,53.2700024180952,-1.3));
#12357=CARTESIAN_POINT('',(31.9450002063764,53.2700024180952,-1.3));
#12358=CARTESIAN_POINT('',(21.3900004127529,53.2700024180952,-3.1));
#12359=CARTESIAN_POINT('',(21.3900004127529,53.2700024180952,-3.1));
#12360=CARTESIAN_POINT('',(21.3900004127529,53.2700024180952,0.));
#12361=CARTESIAN_POINT('Origin',(21.3900004127529,53.9099988477677,0.));
#12362=CARTESIAN_POINT('',(21.3900004127528,40.9549994238839,-1.3));
#12363=CARTESIAN_POINT('',(21.3900004127529,53.9099988477677,-3.1));
#12364=CARTESIAN_POINT('Origin',(21.0700001164107,53.5900006329315,-3.1));
#12365=CARTESIAN_POINT('Origin',(30.9099998200685,53.2700024180952,0.));
#12366=CARTESIAN_POINT('',(30.9099998200685,53.9099988477677,-1.3));
#12367=CARTESIAN_POINT('',(30.9099998200685,53.2700024180952,-1.3));
#12368=CARTESIAN_POINT('',(30.9099998200685,40.6350012090476,-1.3));
#12369=CARTESIAN_POINT('',(30.9099998200685,53.9099988477677,-3.1));
#12370=CARTESIAN_POINT('',(30.9099998200685,53.9099988477677,0.));
#12371=CARTESIAN_POINT('',(30.9099998200685,53.2700024180952,-3.1));
#12372=CARTESIAN_POINT('',(30.9099998200685,53.2700024180952,-3.1));
#12373=CARTESIAN_POINT('',(30.9099998200685,53.2700024180952,0.));
#12374=CARTESIAN_POINT('Origin',(30.9099998200685,53.9099988477677,0.));
#12375=CARTESIAN_POINT('',(31.5500004127529,53.9099988477677,-1.3));
#12376=CARTESIAN_POINT('',(36.7049999100342,53.9099988477677,-1.3));
#12377=CARTESIAN_POINT('',(31.5500004127529,53.9099988477677,-3.1));
#12378=CARTESIAN_POINT('',(31.5500004127529,53.9099988477677,0.));
#12379=CARTESIAN_POINT('',(30.9099998200685,53.9099988477677,-3.1));
#12380=CARTESIAN_POINT('Origin',(31.5500004127529,53.2700024180952,0.));
#12381=CARTESIAN_POINT('',(31.5500004127529,53.2700024180952,-1.3));
#12382=CARTESIAN_POINT('',(37.0250002063764,53.2700024180952,-1.3));
#12383=CARTESIAN_POINT('',(31.5500004127529,53.2700024180952,-3.1));
#12384=CARTESIAN_POINT('',(31.5500004127529,53.2700024180952,-3.1));
#12385=CARTESIAN_POINT('',(31.5500004127529,53.2700024180952,0.));
#12386=CARTESIAN_POINT('Origin',(31.5500004127529,53.9099988477677,0.));
#12387=CARTESIAN_POINT('',(31.5500004127528,40.9549994238839,-1.3));
#12388=CARTESIAN_POINT('',(31.5500004127529,53.9099988477677,-3.1));
#12389=CARTESIAN_POINT('Origin',(31.2300001164107,53.5900006329315,-3.1));
#12390=CARTESIAN_POINT('Origin',(20.7499998200685,50.9100024180952,0.));
#12391=CARTESIAN_POINT('',(20.7499998200685,51.5499988477677,-1.3));
#12392=CARTESIAN_POINT('',(20.7499998200685,50.9100024180952,-1.3));
#12393=CARTESIAN_POINT('',(20.7499998200685,39.4550012090476,-1.3));
#12394=CARTESIAN_POINT('',(20.7499998200685,51.5499988477677,-3.1));
#12395=CARTESIAN_POINT('',(20.7499998200685,51.5499988477677,0.));
#12396=CARTESIAN_POINT('',(20.7499998200685,50.9100024180952,-3.1));
#12397=CARTESIAN_POINT('',(20.7499998200685,50.9100024180952,-3.1));
#12398=CARTESIAN_POINT('',(20.7499998200685,50.9100024180952,0.));
#12399=CARTESIAN_POINT('Origin',(20.7499998200685,51.5499988477677,0.));
#12400=CARTESIAN_POINT('',(21.3900004127529,51.5499988477677,-1.3));
#12401=CARTESIAN_POINT('',(31.6249999100342,51.5499988477677,-1.3));
#12402=CARTESIAN_POINT('',(21.3900004127529,51.5499988477677,-3.1));
#12403=CARTESIAN_POINT('',(21.3900004127529,51.5499988477677,0.));
#12404=CARTESIAN_POINT('',(20.7499998200685,51.5499988477677,-3.1));
#12405=CARTESIAN_POINT('Origin',(21.3900004127529,50.9100024180952,0.));
#12406=CARTESIAN_POINT('',(21.3900004127529,50.9100024180952,-1.3));
#12407=CARTESIAN_POINT('',(31.9450002063764,50.9100024180952,-1.3));
#12408=CARTESIAN_POINT('',(21.3900004127529,50.9100024180952,-3.1));
#12409=CARTESIAN_POINT('',(21.3900004127529,50.9100024180952,-3.1));
#12410=CARTESIAN_POINT('',(21.3900004127529,50.9100024180952,0.));
#12411=CARTESIAN_POINT('Origin',(21.3900004127529,51.5499988477677,0.));
#12412=CARTESIAN_POINT('',(21.3900004127528,39.7749994238839,-1.3));
#12413=CARTESIAN_POINT('',(21.3900004127529,51.5499988477677,-3.1));
#12414=CARTESIAN_POINT('Origin',(21.0700001164107,51.2300006329315,-3.1));
#12415=CARTESIAN_POINT('Origin',(30.9099998200685,50.9100024180952,0.));
#12416=CARTESIAN_POINT('',(30.9099998200685,51.5499988477677,-1.3));
#12417=CARTESIAN_POINT('',(30.9099998200685,50.9100024180952,-1.3));
#12418=CARTESIAN_POINT('',(30.9099998200685,39.4550012090476,-1.3));
#12419=CARTESIAN_POINT('',(30.9099998200685,51.5499988477677,-3.1));
#12420=CARTESIAN_POINT('',(30.9099998200685,51.5499988477677,0.));
#12421=CARTESIAN_POINT('',(30.9099998200685,50.9100024180952,-3.1));
#12422=CARTESIAN_POINT('',(30.9099998200685,50.9100024180952,-3.1));
#12423=CARTESIAN_POINT('',(30.9099998200685,50.9100024180952,0.));
#12424=CARTESIAN_POINT('Origin',(30.9099998200685,51.5499988477677,0.));
#12425=CARTESIAN_POINT('',(31.5500004127529,51.5499988477677,-1.3));
#12426=CARTESIAN_POINT('',(36.7049999100342,51.5499988477677,-1.3));
#12427=CARTESIAN_POINT('',(31.5500004127529,51.5499988477677,-3.1));
#12428=CARTESIAN_POINT('',(31.5500004127529,51.5499988477677,0.));
#12429=CARTESIAN_POINT('',(30.9099998200685,51.5499988477677,-3.1));
#12430=CARTESIAN_POINT('Origin',(31.5500004127529,50.9100024180952,0.));
#12431=CARTESIAN_POINT('',(31.5500004127529,50.9100024180952,-1.3));
#12432=CARTESIAN_POINT('',(37.0250002063764,50.9100024180952,-1.3));
#12433=CARTESIAN_POINT('',(31.5500004127529,50.9100024180952,-3.1));
#12434=CARTESIAN_POINT('',(31.5500004127529,50.9100024180952,-3.1));
#12435=CARTESIAN_POINT('',(31.5500004127529,50.9100024180952,0.));
#12436=CARTESIAN_POINT('Origin',(31.5500004127529,51.5499988477677,0.));
#12437=CARTESIAN_POINT('',(31.5500004127528,39.7749994238839,-1.3));
#12438=CARTESIAN_POINT('',(31.5500004127529,51.5499988477677,-3.1));
#12439=CARTESIAN_POINT('Origin',(31.2300001164107,51.2300006329315,-3.1));
#12440=CARTESIAN_POINT('Origin',(41.0699998200685,50.9100024180952,0.));
#12441=CARTESIAN_POINT('',(41.0699998200685,51.5499988477677,-1.3));
#12442=CARTESIAN_POINT('',(41.0699998200685,50.9100024180952,-1.3));
#12443=CARTESIAN_POINT('',(41.0699998200685,39.4550012090476,-1.3));
#12444=CARTESIAN_POINT('',(41.0699998200685,51.5499988477677,-3.1));
#12445=CARTESIAN_POINT('',(41.0699998200685,51.5499988477677,0.));
#12446=CARTESIAN_POINT('',(41.0699998200685,50.9100024180952,-3.1));
#12447=CARTESIAN_POINT('',(41.0699998200685,50.9100024180952,-3.1));
#12448=CARTESIAN_POINT('',(41.0699998200685,50.9100024180952,0.));
#12449=CARTESIAN_POINT('Origin',(41.0699998200685,51.5499988477677,0.));
#12450=CARTESIAN_POINT('',(41.7100004127528,51.5499988477677,-1.3));
#12451=CARTESIAN_POINT('',(41.7849999100342,51.5499988477677,-1.3));
#12452=CARTESIAN_POINT('',(41.7100004127528,51.5499988477677,-3.1));
#12453=CARTESIAN_POINT('',(41.7100004127528,51.5499988477677,0.));
#12454=CARTESIAN_POINT('',(41.0699998200685,51.5499988477677,-3.1));
#12455=CARTESIAN_POINT('Origin',(41.7100004127528,50.9100024180952,0.));
#12456=CARTESIAN_POINT('',(41.7100004127528,50.9100024180952,-1.3));
#12457=CARTESIAN_POINT('',(42.1050002063764,50.9100024180952,-1.3));
#12458=CARTESIAN_POINT('',(41.7100004127528,50.9100024180952,-3.1));
#12459=CARTESIAN_POINT('',(41.7100004127528,50.9100024180952,-3.1));
#12460=CARTESIAN_POINT('',(41.7100004127528,50.9100024180952,0.));
#12461=CARTESIAN_POINT('Origin',(41.7100004127528,51.5499988477677,0.));
#12462=CARTESIAN_POINT('',(41.7100004127528,39.7749994238839,-1.3));
#12463=CARTESIAN_POINT('',(41.7100004127528,51.5499988477677,-3.1));
#12464=CARTESIAN_POINT('Origin',(41.3900001164107,51.2300006329315,-3.1));
#12465=CARTESIAN_POINT('Origin',(43.6099998200685,53.2700024180952,0.));
#12466=CARTESIAN_POINT('',(43.6099998200685,53.9099988477677,-1.3));
#12467=CARTESIAN_POINT('',(43.6099998200685,53.2700024180952,-1.3));
#12468=CARTESIAN_POINT('',(43.6099998200685,40.6350012090476,-1.3));
#12469=CARTESIAN_POINT('',(43.6099998200685,53.9099988477677,-3.1));
#12470=CARTESIAN_POINT('',(43.6099998200685,53.9099988477677,0.));
#12471=CARTESIAN_POINT('',(43.6099998200685,53.2700024180952,-3.1));
#12472=CARTESIAN_POINT('',(43.6099998200685,53.2700024180952,-3.1));
#12473=CARTESIAN_POINT('',(43.6099998200685,53.2700024180952,0.));
#12474=CARTESIAN_POINT('Origin',(43.6099998200685,53.9099988477677,0.));
#12475=CARTESIAN_POINT('',(44.2500004127529,53.9099988477677,-1.3));
#12476=CARTESIAN_POINT('',(43.0549999100342,53.9099988477677,-1.3));
#12477=CARTESIAN_POINT('',(44.2500004127529,53.9099988477677,-3.1));
#12478=CARTESIAN_POINT('',(44.2500004127529,53.9099988477677,0.));
#12479=CARTESIAN_POINT('',(43.6099998200685,53.9099988477677,-3.1));
#12480=CARTESIAN_POINT('Origin',(44.2500004127529,53.2700024180952,0.));
#12481=CARTESIAN_POINT('',(44.2500004127529,53.2700024180952,-1.3));
#12482=CARTESIAN_POINT('',(43.3750002063764,53.2700024180952,-1.3));
#12483=CARTESIAN_POINT('',(44.2500004127529,53.2700024180952,-3.1));
#12484=CARTESIAN_POINT('',(44.2500004127529,53.2700024180952,-3.1));
#12485=CARTESIAN_POINT('',(44.2500004127529,53.2700024180952,0.));
#12486=CARTESIAN_POINT('Origin',(44.2500004127529,53.9099988477677,0.));
#12487=CARTESIAN_POINT('',(44.2500004127529,40.9549994238839,-1.3));
#12488=CARTESIAN_POINT('',(44.2500004127529,53.9099988477677,-3.1));
#12489=CARTESIAN_POINT('Origin',(43.9300001164107,53.5900006329315,-3.1));
#12490=CARTESIAN_POINT('Origin',(53.7699998200685,53.2700024180952,0.));
#12491=CARTESIAN_POINT('',(53.7699998200685,53.9099988477677,-1.3));
#12492=CARTESIAN_POINT('',(53.7699998200685,53.2700024180952,-1.3));
#12493=CARTESIAN_POINT('',(53.7699998200685,40.6350012090476,-1.3));
#12494=CARTESIAN_POINT('',(53.7699998200685,53.9099988477677,-3.1));
#12495=CARTESIAN_POINT('',(53.7699998200685,53.9099988477677,0.));
#12496=CARTESIAN_POINT('',(53.7699998200685,53.2700024180952,-3.1));
#12497=CARTESIAN_POINT('',(53.7699998200685,53.2700024180952,-3.1));
#12498=CARTESIAN_POINT('',(53.7699998200685,53.2700024180952,0.));
#12499=CARTESIAN_POINT('Origin',(53.7699998200685,53.9099988477677,0.));
#12500=CARTESIAN_POINT('',(54.4100004127529,53.9099988477677,-1.3));
#12501=CARTESIAN_POINT('',(48.1349999100342,53.9099988477677,-1.3));
#12502=CARTESIAN_POINT('',(54.4100004127529,53.9099988477677,-3.1));
#12503=CARTESIAN_POINT('',(54.4100004127529,53.9099988477677,0.));
#12504=CARTESIAN_POINT('',(53.7699998200685,53.9099988477677,-3.1));
#12505=CARTESIAN_POINT('Origin',(54.4100004127529,53.2700024180952,0.));
#12506=CARTESIAN_POINT('',(54.4100004127529,53.2700024180952,-1.3));
#12507=CARTESIAN_POINT('',(48.4550002063764,53.2700024180952,-1.3));
#12508=CARTESIAN_POINT('',(54.4100004127529,53.2700024180952,-3.1));
#12509=CARTESIAN_POINT('',(54.4100004127529,53.2700024180952,-3.1));
#12510=CARTESIAN_POINT('',(54.4100004127529,53.2700024180952,0.));
#12511=CARTESIAN_POINT('Origin',(54.4100004127529,53.9099988477677,0.));
#12512=CARTESIAN_POINT('',(54.4100004127528,40.9549994238839,-1.3));
#12513=CARTESIAN_POINT('',(54.4100004127529,53.9099988477677,-3.1));
#12514=CARTESIAN_POINT('Origin',(54.0900001164107,53.5900006329315,-3.1));
#12515=CARTESIAN_POINT('Origin',(48.6899998200685,50.9100024180952,0.));
#12516=CARTESIAN_POINT('',(48.6899998200685,51.5499988477677,-1.3));
#12517=CARTESIAN_POINT('',(48.6899998200685,50.9100024180952,-1.3));
#12518=CARTESIAN_POINT('',(48.6899998200685,39.4550012090476,-1.3));
#12519=CARTESIAN_POINT('',(48.6899998200685,51.5499988477677,-3.1));
#12520=CARTESIAN_POINT('',(48.6899998200685,51.5499988477677,0.));
#12521=CARTESIAN_POINT('',(48.6899998200685,50.9100024180952,-3.1));
#12522=CARTESIAN_POINT('',(48.6899998200685,50.9100024180952,-3.1));
#12523=CARTESIAN_POINT('',(48.6899998200685,50.9100024180952,0.));
#12524=CARTESIAN_POINT('Origin',(48.6899998200685,51.5499988477677,0.));
#12525=CARTESIAN_POINT('',(49.3300004127529,51.5499988477677,-1.3));
#12526=CARTESIAN_POINT('',(45.5949999100342,51.5499988477677,-1.3));
#12527=CARTESIAN_POINT('',(49.3300004127529,51.5499988477677,-3.1));
#12528=CARTESIAN_POINT('',(49.3300004127529,51.5499988477677,0.));
#12529=CARTESIAN_POINT('',(48.6899998200685,51.5499988477677,-3.1));
#12530=CARTESIAN_POINT('Origin',(49.3300004127529,50.9100024180952,0.));
#12531=CARTESIAN_POINT('',(49.3300004127529,50.9100024180952,-1.3));
#12532=CARTESIAN_POINT('',(45.9150002063764,50.9100024180952,-1.3));
#12533=CARTESIAN_POINT('',(49.3300004127529,50.9100024180952,-3.1));
#12534=CARTESIAN_POINT('',(49.3300004127529,50.9100024180952,-3.1));
#12535=CARTESIAN_POINT('',(49.3300004127529,50.9100024180952,0.));
#12536=CARTESIAN_POINT('Origin',(49.3300004127529,51.5499988477677,0.));
#12537=CARTESIAN_POINT('',(49.3300004127529,39.7749994238839,-1.3));
#12538=CARTESIAN_POINT('',(49.3300004127529,51.5499988477677,-3.1));
#12539=CARTESIAN_POINT('Origin',(49.0100001164107,51.2300006329315,-3.1));
#12540=CARTESIAN_POINT('Origin',(53.7699998200685,50.9100024180952,0.));
#12541=CARTESIAN_POINT('',(53.7699998200685,51.5499988477677,-1.3));
#12542=CARTESIAN_POINT('',(53.7699998200685,50.9100024180952,-1.3));
#12543=CARTESIAN_POINT('',(53.7699998200685,39.4550012090476,-1.3));
#12544=CARTESIAN_POINT('',(53.7699998200685,51.5499988477677,-3.1));
#12545=CARTESIAN_POINT('',(53.7699998200685,51.5499988477677,0.));
#12546=CARTESIAN_POINT('',(53.7699998200685,50.9100024180952,-3.1));
#12547=CARTESIAN_POINT('',(53.7699998200685,50.9100024180952,-3.1));
#12548=CARTESIAN_POINT('',(53.7699998200685,50.9100024180952,0.));
#12549=CARTESIAN_POINT('Origin',(53.7699998200685,51.5499988477677,0.));
#12550=CARTESIAN_POINT('',(54.4100004127529,51.5499988477677,-1.3));
#12551=CARTESIAN_POINT('',(48.1349999100342,51.5499988477677,-1.3));
#12552=CARTESIAN_POINT('',(54.4100004127529,51.5499988477677,-3.1));
#12553=CARTESIAN_POINT('',(54.4100004127529,51.5499988477677,0.));
#12554=CARTESIAN_POINT('',(53.7699998200685,51.5499988477677,-3.1));
#12555=CARTESIAN_POINT('Origin',(54.4100004127529,50.9100024180952,0.));
#12556=CARTESIAN_POINT('',(54.4100004127529,50.9100024180952,-1.3));
#12557=CARTESIAN_POINT('',(48.4550002063764,50.9100024180952,-1.3));
#12558=CARTESIAN_POINT('',(54.4100004127529,50.9100024180952,-3.1));
#12559=CARTESIAN_POINT('',(54.4100004127529,50.9100024180952,-3.1));
#12560=CARTESIAN_POINT('',(54.4100004127529,50.9100024180952,0.));
#12561=CARTESIAN_POINT('Origin',(54.4100004127529,51.5499988477677,0.));
#12562=CARTESIAN_POINT('',(54.4100004127528,39.7749994238839,-1.3));
#12563=CARTESIAN_POINT('',(54.4100004127529,51.5499988477677,-3.1));
#12564=CARTESIAN_POINT('Origin',(54.0900001164107,51.2300006329315,-3.1));
#12565=CARTESIAN_POINT('Origin',(43.6099998200685,50.9100024180952,0.));
#12566=CARTESIAN_POINT('',(43.6099998200685,51.5499988477677,-1.3));
#12567=CARTESIAN_POINT('',(43.6099998200685,50.9100024180952,-1.3));
#12568=CARTESIAN_POINT('',(43.6099998200685,39.4550012090476,-1.3));
#12569=CARTESIAN_POINT('',(43.6099998200685,51.5499988477677,-3.1));
#12570=CARTESIAN_POINT('',(43.6099998200685,51.5499988477677,0.));
#12571=CARTESIAN_POINT('',(43.6099998200685,50.9100024180952,-3.1));
#12572=CARTESIAN_POINT('',(43.6099998200685,50.9100024180952,-3.1));
#12573=CARTESIAN_POINT('',(43.6099998200685,50.9100024180952,0.));
#12574=CARTESIAN_POINT('Origin',(43.6099998200685,51.5499988477677,0.));
#12575=CARTESIAN_POINT('',(44.2500004127529,51.5499988477677,-1.3));
#12576=CARTESIAN_POINT('',(43.0549999100342,51.5499988477677,-1.3));
#12577=CARTESIAN_POINT('',(44.2500004127529,51.5499988477677,-3.1));
#12578=CARTESIAN_POINT('',(44.2500004127529,51.5499988477677,0.));
#12579=CARTESIAN_POINT('',(43.6099998200685,51.5499988477677,-3.1));
#12580=CARTESIAN_POINT('Origin',(44.2500004127529,50.9100024180952,0.));
#12581=CARTESIAN_POINT('',(44.2500004127529,50.9100024180952,-1.3));
#12582=CARTESIAN_POINT('',(43.3750002063764,50.9100024180952,-1.3));
#12583=CARTESIAN_POINT('',(44.2500004127529,50.9100024180952,-3.1));
#12584=CARTESIAN_POINT('',(44.2500004127529,50.9100024180952,-3.1));
#12585=CARTESIAN_POINT('',(44.2500004127529,50.9100024180952,0.));
#12586=CARTESIAN_POINT('Origin',(44.2500004127529,51.5499988477677,0.));
#12587=CARTESIAN_POINT('',(44.2500004127529,39.7749994238839,-1.3));
#12588=CARTESIAN_POINT('',(44.2500004127529,51.5499988477677,-3.1));
#12589=CARTESIAN_POINT('Origin',(43.9300001164107,51.2300006329315,-3.1));
#12590=CARTESIAN_POINT('Origin',(48.6899998200685,53.2700024180952,0.));
#12591=CARTESIAN_POINT('',(48.6899998200685,53.9099988477677,-1.3));
#12592=CARTESIAN_POINT('',(48.6899998200685,53.2700024180952,-1.3));
#12593=CARTESIAN_POINT('',(48.6899998200685,40.6350012090476,-1.3));
#12594=CARTESIAN_POINT('',(48.6899998200685,53.9099988477677,-3.1));
#12595=CARTESIAN_POINT('',(48.6899998200685,53.9099988477677,0.));
#12596=CARTESIAN_POINT('',(48.6899998200685,53.2700024180952,-3.1));
#12597=CARTESIAN_POINT('',(48.6899998200685,53.2700024180952,-3.1));
#12598=CARTESIAN_POINT('',(48.6899998200685,53.2700024180952,0.));
#12599=CARTESIAN_POINT('Origin',(48.6899998200685,53.9099988477677,0.));
#12600=CARTESIAN_POINT('',(49.3300004127529,53.9099988477677,-1.3));
#12601=CARTESIAN_POINT('',(45.5949999100342,53.9099988477677,-1.3));
#12602=CARTESIAN_POINT('',(49.3300004127529,53.9099988477677,-3.1));
#12603=CARTESIAN_POINT('',(49.3300004127529,53.9099988477677,0.));
#12604=CARTESIAN_POINT('',(48.6899998200685,53.9099988477677,-3.1));
#12605=CARTESIAN_POINT('Origin',(49.3300004127529,53.2700024180952,0.));
#12606=CARTESIAN_POINT('',(49.3300004127529,53.2700024180952,-1.3));
#12607=CARTESIAN_POINT('',(45.9150002063764,53.2700024180952,-1.3));
#12608=CARTESIAN_POINT('',(49.3300004127529,53.2700024180952,-3.1));
#12609=CARTESIAN_POINT('',(49.3300004127529,53.2700024180952,-3.1));
#12610=CARTESIAN_POINT('',(49.3300004127529,53.2700024180952,0.));
#12611=CARTESIAN_POINT('Origin',(49.3300004127529,53.9099988477677,0.));
#12612=CARTESIAN_POINT('',(49.3300004127529,40.9549994238839,-1.3));
#12613=CARTESIAN_POINT('',(49.3300004127529,53.9099988477677,-3.1));
#12614=CARTESIAN_POINT('Origin',(49.0100001164107,53.5900006329315,-3.1));
#12615=CARTESIAN_POINT('Origin',(38.5299998200685,53.2700024180952,0.));
#12616=CARTESIAN_POINT('',(38.5299998200685,53.9099988477677,-1.3));
#12617=CARTESIAN_POINT('',(38.5299998200685,53.2700024180952,-1.3));
#12618=CARTESIAN_POINT('',(38.5299998200685,40.6350012090476,-1.3));
#12619=CARTESIAN_POINT('',(38.5299998200685,53.9099988477677,-3.1));
#12620=CARTESIAN_POINT('',(38.5299998200685,53.9099988477677,0.));
#12621=CARTESIAN_POINT('',(38.5299998200685,53.2700024180952,-3.1));
#12622=CARTESIAN_POINT('',(38.5299998200685,53.2700024180952,-3.1));
#12623=CARTESIAN_POINT('',(38.5299998200685,53.2700024180952,0.));
#12624=CARTESIAN_POINT('Origin',(38.5299998200685,53.9099988477677,0.));
#12625=CARTESIAN_POINT('',(39.1700004127529,53.9099988477677,-1.3));
#12626=CARTESIAN_POINT('',(40.5149999100342,53.9099988477677,-1.3));
#12627=CARTESIAN_POINT('',(39.1700004127529,53.9099988477677,-3.1));
#12628=CARTESIAN_POINT('',(39.1700004127529,53.9099988477677,0.));
#12629=CARTESIAN_POINT('',(38.5299998200685,53.9099988477677,-3.1));
#12630=CARTESIAN_POINT('Origin',(39.1700004127529,53.2700024180952,0.));
#12631=CARTESIAN_POINT('',(39.1700004127529,53.2700024180952,-1.3));
#12632=CARTESIAN_POINT('',(40.8350002063764,53.2700024180952,-1.3));
#12633=CARTESIAN_POINT('',(39.1700004127529,53.2700024180952,-3.1));
#12634=CARTESIAN_POINT('',(39.1700004127529,53.2700024180952,-3.1));
#12635=CARTESIAN_POINT('',(39.1700004127529,53.2700024180952,0.));
#12636=CARTESIAN_POINT('Origin',(39.1700004127529,53.9099988477677,0.));
#12637=CARTESIAN_POINT('',(39.1700004127529,40.9549994238839,-1.3));
#12638=CARTESIAN_POINT('',(39.1700004127529,53.9099988477677,-3.1));
#12639=CARTESIAN_POINT('Origin',(38.8500001164107,53.5900006329315,-3.1));
#12640=CARTESIAN_POINT('Origin',(35.9899998200685,50.9100024180952,0.));
#12641=CARTESIAN_POINT('',(35.9899998200685,51.5499988477677,-1.3));
#12642=CARTESIAN_POINT('',(35.9899998200685,50.9100024180952,-1.3));
#12643=CARTESIAN_POINT('',(35.9899998200685,39.4550012090476,-1.3));
#12644=CARTESIAN_POINT('',(35.9899998200685,51.5499988477677,-3.1));
#12645=CARTESIAN_POINT('',(35.9899998200685,51.5499988477677,0.));
#12646=CARTESIAN_POINT('',(35.9899998200685,50.9100024180952,-3.1));
#12647=CARTESIAN_POINT('',(35.9899998200685,50.9100024180952,-3.1));
#12648=CARTESIAN_POINT('',(35.9899998200685,50.9100024180952,0.));
#12649=CARTESIAN_POINT('Origin',(35.9899998200685,51.5499988477677,0.));
#12650=CARTESIAN_POINT('',(36.6300004127528,51.5499988477677,-1.3));
#12651=CARTESIAN_POINT('',(39.2449999100342,51.5499988477677,-1.3));
#12652=CARTESIAN_POINT('',(36.6300004127528,51.5499988477677,-3.1));
#12653=CARTESIAN_POINT('',(36.6300004127528,51.5499988477677,0.));
#12654=CARTESIAN_POINT('',(35.9899998200685,51.5499988477677,-3.1));
#12655=CARTESIAN_POINT('Origin',(36.6300004127528,50.9100024180952,0.));
#12656=CARTESIAN_POINT('',(36.6300004127528,50.9100024180952,-1.3));
#12657=CARTESIAN_POINT('',(39.5650002063764,50.9100024180952,-1.3));
#12658=CARTESIAN_POINT('',(36.6300004127528,50.9100024180952,-3.1));
#12659=CARTESIAN_POINT('',(36.6300004127528,50.9100024180952,-3.1));
#12660=CARTESIAN_POINT('',(36.6300004127528,50.9100024180952,0.));
#12661=CARTESIAN_POINT('Origin',(36.6300004127528,51.5499988477677,0.));
#12662=CARTESIAN_POINT('',(36.6300004127529,39.7749994238839,-1.3));
#12663=CARTESIAN_POINT('',(36.6300004127528,51.5499988477677,-3.1));
#12664=CARTESIAN_POINT('Origin',(36.3100001164107,51.2300006329315,-3.1));
#12665=CARTESIAN_POINT('Origin',(25.8299998200685,50.9100024180952,0.));
#12666=CARTESIAN_POINT('',(25.8299998200685,51.5499988477677,-1.3));
#12667=CARTESIAN_POINT('',(25.8299998200685,50.9100024180952,-1.3));
#12668=CARTESIAN_POINT('',(25.8299998200685,39.4550012090476,-1.3));
#12669=CARTESIAN_POINT('',(25.8299998200685,51.5499988477677,-3.1));
#12670=CARTESIAN_POINT('',(25.8299998200685,51.5499988477677,0.));
#12671=CARTESIAN_POINT('',(25.8299998200685,50.9100024180952,-3.1));
#12672=CARTESIAN_POINT('',(25.8299998200685,50.9100024180952,-3.1));
#12673=CARTESIAN_POINT('',(25.8299998200685,50.9100024180952,0.));
#12674=CARTESIAN_POINT('Origin',(25.8299998200685,51.5499988477677,0.));
#12675=CARTESIAN_POINT('',(26.4700004127529,51.5499988477677,-1.3));
#12676=CARTESIAN_POINT('',(34.1649999100342,51.5499988477677,-1.3));
#12677=CARTESIAN_POINT('',(26.4700004127529,51.5499988477677,-3.1));
#12678=CARTESIAN_POINT('',(26.4700004127529,51.5499988477677,0.));
#12679=CARTESIAN_POINT('',(25.8299998200685,51.5499988477677,-3.1));
#12680=CARTESIAN_POINT('Origin',(26.4700004127529,50.9100024180952,0.));
#12681=CARTESIAN_POINT('',(26.4700004127529,50.9100024180952,-1.3));
#12682=CARTESIAN_POINT('',(34.4850002063764,50.9100024180952,-1.3));
#12683=CARTESIAN_POINT('',(26.4700004127529,50.9100024180952,-3.1));
#12684=CARTESIAN_POINT('',(26.4700004127529,50.9100024180952,-3.1));
#12685=CARTESIAN_POINT('',(26.4700004127529,50.9100024180952,0.));
#12686=CARTESIAN_POINT('Origin',(26.4700004127529,51.5499988477677,0.));
#12687=CARTESIAN_POINT('',(26.4700004127529,39.7749994238839,-1.3));
#12688=CARTESIAN_POINT('',(26.4700004127529,51.5499988477677,-3.1));
#12689=CARTESIAN_POINT('Origin',(26.1500001164107,51.2300006329315,-3.1));
#12690=CARTESIAN_POINT('Origin',(15.6699998200685,50.9100024180952,0.));
#12691=CARTESIAN_POINT('',(15.6699998200685,51.5499988477677,-1.3));
#12692=CARTESIAN_POINT('',(15.6699998200685,50.9100024180952,-1.3));
#12693=CARTESIAN_POINT('',(15.6699998200685,39.4550012090476,-1.3));
#12694=CARTESIAN_POINT('',(15.6699998200685,51.5499988477677,-3.1));
#12695=CARTESIAN_POINT('',(15.6699998200685,51.5499988477677,0.));
#12696=CARTESIAN_POINT('',(15.6699998200685,50.9100024180952,-3.1));
#12697=CARTESIAN_POINT('',(15.6699998200685,50.9100024180952,-3.1));
#12698=CARTESIAN_POINT('',(15.6699998200685,50.9100024180952,0.));
#12699=CARTESIAN_POINT('Origin',(15.6699998200685,51.5499988477677,0.));
#12700=CARTESIAN_POINT('',(16.3100004127529,51.5499988477677,-1.3));
#12701=CARTESIAN_POINT('',(29.0849999100342,51.5499988477677,-1.3));
#12702=CARTESIAN_POINT('',(16.3100004127529,51.5499988477677,-3.1));
#12703=CARTESIAN_POINT('',(16.3100004127529,51.5499988477677,0.));
#12704=CARTESIAN_POINT('',(15.6699998200685,51.5499988477677,-3.1));
#12705=CARTESIAN_POINT('Origin',(16.3100004127529,50.9100024180952,0.));
#12706=CARTESIAN_POINT('',(16.3100004127529,50.9100024180952,-1.3));
#12707=CARTESIAN_POINT('',(29.4050002063764,50.9100024180952,-1.3));
#12708=CARTESIAN_POINT('',(16.3100004127529,50.9100024180952,-3.1));
#12709=CARTESIAN_POINT('',(16.3100004127529,50.9100024180952,-3.1));
#12710=CARTESIAN_POINT('',(16.3100004127529,50.9100024180952,0.));
#12711=CARTESIAN_POINT('Origin',(16.3100004127529,51.5499988477677,0.));
#12712=CARTESIAN_POINT('',(16.3100004127529,39.7749994238839,-1.3));
#12713=CARTESIAN_POINT('',(16.3100004127529,51.5499988477677,-3.1));
#12714=CARTESIAN_POINT('Origin',(15.9900001164107,51.2300006329315,-3.1));
#12715=CARTESIAN_POINT('Origin',(25.8299998200685,53.2700024180952,0.));
#12716=CARTESIAN_POINT('',(25.8299998200685,53.9099988477677,-1.3));
#12717=CARTESIAN_POINT('',(25.8299998200685,53.2700024180952,-1.3));
#12718=CARTESIAN_POINT('',(25.8299998200685,40.6350012090476,-1.3));
#12719=CARTESIAN_POINT('',(25.8299998200685,53.9099988477677,-3.1));
#12720=CARTESIAN_POINT('',(25.8299998200685,53.9099988477677,0.));
#12721=CARTESIAN_POINT('',(25.8299998200685,53.2700024180952,-3.1));
#12722=CARTESIAN_POINT('',(25.8299998200685,53.2700024180952,-3.1));
#12723=CARTESIAN_POINT('',(25.8299998200685,53.2700024180952,0.));
#12724=CARTESIAN_POINT('Origin',(25.8299998200685,53.9099988477677,0.));
#12725=CARTESIAN_POINT('',(26.4700004127529,53.9099988477677,-1.3));
#12726=CARTESIAN_POINT('',(34.1649999100342,53.9099988477677,-1.3));
#12727=CARTESIAN_POINT('',(26.4700004127529,53.9099988477677,-3.1));
#12728=CARTESIAN_POINT('',(26.4700004127529,53.9099988477677,0.));
#12729=CARTESIAN_POINT('',(25.8299998200685,53.9099988477677,-3.1));
#12730=CARTESIAN_POINT('Origin',(26.4700004127529,53.2700024180952,0.));
#12731=CARTESIAN_POINT('',(26.4700004127529,53.2700024180952,-1.3));
#12732=CARTESIAN_POINT('',(34.4850002063764,53.2700024180952,-1.3));
#12733=CARTESIAN_POINT('',(26.4700004127529,53.2700024180952,-3.1));
#12734=CARTESIAN_POINT('',(26.4700004127529,53.2700024180952,-3.1));
#12735=CARTESIAN_POINT('',(26.4700004127529,53.2700024180952,0.));
#12736=CARTESIAN_POINT('Origin',(26.4700004127529,53.9099988477677,0.));
#12737=CARTESIAN_POINT('',(26.4700004127529,40.9549994238839,-1.3));
#12738=CARTESIAN_POINT('',(26.4700004127529,53.9099988477677,-3.1));
#12739=CARTESIAN_POINT('Origin',(26.1500001164107,53.5900006329315,-3.1));
#12740=CARTESIAN_POINT('Origin',(15.6699998200685,53.2700024180952,0.));
#12741=CARTESIAN_POINT('',(15.6699998200685,53.9099988477677,-1.3));
#12742=CARTESIAN_POINT('',(15.6699998200685,53.2700024180952,-1.3));
#12743=CARTESIAN_POINT('',(15.6699998200685,40.6350012090476,-1.3));
#12744=CARTESIAN_POINT('',(15.6699998200685,53.9099988477677,-3.1));
#12745=CARTESIAN_POINT('',(15.6699998200685,53.9099988477677,0.));
#12746=CARTESIAN_POINT('',(15.6699998200685,53.2700024180952,-3.1));
#12747=CARTESIAN_POINT('',(15.6699998200685,53.2700024180952,-3.1));
#12748=CARTESIAN_POINT('',(15.6699998200685,53.2700024180952,0.));
#12749=CARTESIAN_POINT('Origin',(15.6699998200685,53.9099988477677,0.));
#12750=CARTESIAN_POINT('',(16.3100004127529,53.9099988477677,-1.3));
#12751=CARTESIAN_POINT('',(29.0849999100342,53.9099988477677,-1.3));
#12752=CARTESIAN_POINT('',(16.3100004127529,53.9099988477677,-3.1));
#12753=CARTESIAN_POINT('',(16.3100004127529,53.9099988477677,0.));
#12754=CARTESIAN_POINT('',(15.6699998200685,53.9099988477677,-3.1));
#12755=CARTESIAN_POINT('Origin',(16.3100004127529,53.2700024180952,0.));
#12756=CARTESIAN_POINT('',(16.3100004127529,53.2700024180952,-1.3));
#12757=CARTESIAN_POINT('',(29.4050002063764,53.2700024180952,-1.3));
#12758=CARTESIAN_POINT('',(16.3100004127529,53.2700024180952,-3.1));
#12759=CARTESIAN_POINT('',(16.3100004127529,53.2700024180952,-3.1));
#12760=CARTESIAN_POINT('',(16.3100004127529,53.2700024180952,0.));
#12761=CARTESIAN_POINT('Origin',(16.3100004127529,53.9099988477677,0.));
#12762=CARTESIAN_POINT('',(16.3100004127529,40.9549994238839,-1.3));
#12763=CARTESIAN_POINT('',(16.3100004127529,53.9099988477677,-3.1));
#12764=CARTESIAN_POINT('Origin',(15.9900001164107,53.5900006329315,-3.1));
#12765=CARTESIAN_POINT('Origin',(8.04999982006848,53.2700024180952,0.));
#12766=CARTESIAN_POINT('',(8.04999982006848,53.9099988477677,-1.3));
#12767=CARTESIAN_POINT('',(8.04999982006848,53.2700024180952,-1.3));
#12768=CARTESIAN_POINT('',(8.04999982006848,40.6350012090476,-1.3));
#12769=CARTESIAN_POINT('',(8.04999982006848,53.9099988477677,-3.1));
#12770=CARTESIAN_POINT('',(8.04999982006848,53.9099988477677,0.));
#12771=CARTESIAN_POINT('',(8.04999982006848,53.2700024180952,-3.1));
#12772=CARTESIAN_POINT('',(8.04999982006848,53.2700024180952,-3.1));
#12773=CARTESIAN_POINT('',(8.04999982006848,53.2700024180952,0.));
#12774=CARTESIAN_POINT('Origin',(8.04999982006848,53.9099988477677,0.));
#12775=CARTESIAN_POINT('',(8.69000041275285,53.9099988477677,-1.3));
#12776=CARTESIAN_POINT('',(25.2749999100342,53.9099988477677,-1.3));
#12777=CARTESIAN_POINT('',(8.69000041275285,53.9099988477677,-3.1));
#12778=CARTESIAN_POINT('',(8.69000041275285,53.9099988477677,0.));
#12779=CARTESIAN_POINT('',(8.04999982006848,53.9099988477677,-3.1));
#12780=CARTESIAN_POINT('Origin',(8.69000041275285,53.2700024180952,0.));
#12781=CARTESIAN_POINT('',(8.69000041275285,53.2700024180952,-1.3));
#12782=CARTESIAN_POINT('',(25.5950002063764,53.2700024180952,-1.3));
#12783=CARTESIAN_POINT('',(8.69000041275285,53.2700024180952,-3.1));
#12784=CARTESIAN_POINT('',(8.69000041275285,53.2700024180952,-3.1));
#12785=CARTESIAN_POINT('',(8.69000041275285,53.2700024180952,0.));
#12786=CARTESIAN_POINT('Origin',(8.69000041275285,53.9099988477677,0.));
#12787=CARTESIAN_POINT('',(8.69000041275285,40.9549994238839,-1.3));
#12788=CARTESIAN_POINT('',(8.69000041275285,53.9099988477677,-3.1));
#12789=CARTESIAN_POINT('Origin',(8.37000011641067,53.5900006329315,-3.1));
#12790=CARTESIAN_POINT('Origin',(10.5899998200685,50.9100024180952,0.));
#12791=CARTESIAN_POINT('',(10.5899998200685,51.5499988477677,-1.3));
#12792=CARTESIAN_POINT('',(10.5899998200685,50.9100024180952,-1.3));
#12793=CARTESIAN_POINT('',(10.5899998200685,39.4550012090476,-1.3));
#12794=CARTESIAN_POINT('',(10.5899998200685,51.5499988477677,-3.1));
#12795=CARTESIAN_POINT('',(10.5899998200685,51.5499988477677,0.));
#12796=CARTESIAN_POINT('',(10.5899998200685,50.9100024180952,-3.1));
#12797=CARTESIAN_POINT('',(10.5899998200685,50.9100024180952,-3.1));
#12798=CARTESIAN_POINT('',(10.5899998200685,50.9100024180952,0.));
#12799=CARTESIAN_POINT('Origin',(10.5899998200685,51.5499988477677,0.));
#12800=CARTESIAN_POINT('',(11.2300004127529,51.5499988477677,-1.3));
#12801=CARTESIAN_POINT('',(26.5449999100342,51.5499988477677,-1.3));
#12802=CARTESIAN_POINT('',(11.2300004127529,51.5499988477677,-3.1));
#12803=CARTESIAN_POINT('',(11.2300004127529,51.5499988477677,0.));
#12804=CARTESIAN_POINT('',(10.5899998200685,51.5499988477677,-3.1));
#12805=CARTESIAN_POINT('Origin',(11.2300004127529,50.9100024180952,0.));
#12806=CARTESIAN_POINT('',(11.2300004127529,50.9100024180952,-1.3));
#12807=CARTESIAN_POINT('',(26.8650002063764,50.9100024180952,-1.3));
#12808=CARTESIAN_POINT('',(11.2300004127529,50.9100024180952,-3.1));
#12809=CARTESIAN_POINT('',(11.2300004127529,50.9100024180952,-3.1));
#12810=CARTESIAN_POINT('',(11.2300004127529,50.9100024180952,0.));
#12811=CARTESIAN_POINT('Origin',(11.2300004127529,51.5499988477677,0.));
#12812=CARTESIAN_POINT('',(11.2300004127528,39.7749994238839,-1.3));
#12813=CARTESIAN_POINT('',(11.2300004127529,51.5499988477677,-3.1));
#12814=CARTESIAN_POINT('Origin',(10.9100001164107,51.2300006329315,-3.1));
#12815=CARTESIAN_POINT('Origin',(13.1299998200685,53.2700024180952,0.));
#12816=CARTESIAN_POINT('',(13.1299998200685,53.9099988477677,-1.3));
#12817=CARTESIAN_POINT('',(13.1299998200685,53.2700024180952,-1.3));
#12818=CARTESIAN_POINT('',(13.1299998200685,40.6350012090476,-1.3));
#12819=CARTESIAN_POINT('',(13.1299998200685,53.9099988477677,-3.1));
#12820=CARTESIAN_POINT('',(13.1299998200685,53.9099988477677,0.));
#12821=CARTESIAN_POINT('',(13.1299998200685,53.2700024180952,-3.1));
#12822=CARTESIAN_POINT('',(13.1299998200685,53.2700024180952,-3.1));
#12823=CARTESIAN_POINT('',(13.1299998200685,53.2700024180952,0.));
#12824=CARTESIAN_POINT('Origin',(13.1299998200685,53.9099988477677,0.));
#12825=CARTESIAN_POINT('',(13.7700004127529,53.9099988477677,-1.3));
#12826=CARTESIAN_POINT('',(27.8149999100342,53.9099988477677,-1.3));
#12827=CARTESIAN_POINT('',(13.7700004127529,53.9099988477677,-3.1));
#12828=CARTESIAN_POINT('',(13.7700004127529,53.9099988477677,0.));
#12829=CARTESIAN_POINT('',(13.1299998200685,53.9099988477677,-3.1));
#12830=CARTESIAN_POINT('Origin',(13.7700004127529,53.2700024180952,0.));
#12831=CARTESIAN_POINT('',(13.7700004127529,53.2700024180952,-1.3));
#12832=CARTESIAN_POINT('',(28.1350002063764,53.2700024180952,-1.3));
#12833=CARTESIAN_POINT('',(13.7700004127529,53.2700024180952,-3.1));
#12834=CARTESIAN_POINT('',(13.7700004127529,53.2700024180952,-3.1));
#12835=CARTESIAN_POINT('',(13.7700004127529,53.2700024180952,0.));
#12836=CARTESIAN_POINT('Origin',(13.7700004127529,53.9099988477677,0.));
#12837=CARTESIAN_POINT('',(13.7700004127529,40.9549994238839,-1.3));
#12838=CARTESIAN_POINT('',(13.7700004127529,53.9099988477677,-3.1));
#12839=CARTESIAN_POINT('Origin',(13.4500001164107,53.5900006329315,-3.1));
#12840=CARTESIAN_POINT('Origin',(23.2899998200685,53.2700024180952,0.));
#12841=CARTESIAN_POINT('',(23.2899998200685,53.9099988477677,-1.3));
#12842=CARTESIAN_POINT('',(23.2899998200685,53.2700024180952,-1.3));
#12843=CARTESIAN_POINT('',(23.2899998200685,40.6350012090476,-1.3));
#12844=CARTESIAN_POINT('',(23.2899998200685,53.9099988477677,-3.1));
#12845=CARTESIAN_POINT('',(23.2899998200685,53.9099988477677,0.));
#12846=CARTESIAN_POINT('',(23.2899998200685,53.2700024180952,-3.1));
#12847=CARTESIAN_POINT('',(23.2899998200685,53.2700024180952,-3.1));
#12848=CARTESIAN_POINT('',(23.2899998200685,53.2700024180952,0.));
#12849=CARTESIAN_POINT('Origin',(23.2899998200685,53.9099988477677,0.));
#12850=CARTESIAN_POINT('',(23.9300004127529,53.9099988477677,-1.3));
#12851=CARTESIAN_POINT('',(32.8949999100342,53.9099988477677,-1.3));
#12852=CARTESIAN_POINT('',(23.9300004127529,53.9099988477677,-3.1));
#12853=CARTESIAN_POINT('',(23.9300004127529,53.9099988477677,0.));
#12854=CARTESIAN_POINT('',(23.2899998200685,53.9099988477677,-3.1));
#12855=CARTESIAN_POINT('Origin',(23.9300004127529,53.2700024180952,0.));
#12856=CARTESIAN_POINT('',(23.9300004127529,53.2700024180952,-1.3));
#12857=CARTESIAN_POINT('',(33.2150002063764,53.2700024180952,-1.3));
#12858=CARTESIAN_POINT('',(23.9300004127529,53.2700024180952,-3.1));
#12859=CARTESIAN_POINT('',(23.9300004127529,53.2700024180952,-3.1));
#12860=CARTESIAN_POINT('',(23.9300004127529,53.2700024180952,0.));
#12861=CARTESIAN_POINT('Origin',(23.9300004127529,53.9099988477677,0.));
#12862=CARTESIAN_POINT('',(23.9300004127529,40.9549994238839,-1.3));
#12863=CARTESIAN_POINT('',(23.9300004127529,53.9099988477677,-3.1));
#12864=CARTESIAN_POINT('Origin',(23.6100001164107,53.5900006329315,-3.1));
#12865=CARTESIAN_POINT('Origin',(33.4499998200685,53.2700024180952,0.));
#12866=CARTESIAN_POINT('',(33.4499998200685,53.9099988477677,-1.3));
#12867=CARTESIAN_POINT('',(33.4499998200685,53.2700024180952,-1.3));
#12868=CARTESIAN_POINT('',(33.4499998200685,40.6350012090476,-1.3));
#12869=CARTESIAN_POINT('',(33.4499998200685,53.9099988477677,-3.1));
#12870=CARTESIAN_POINT('',(33.4499998200685,53.9099988477677,0.));
#12871=CARTESIAN_POINT('',(33.4499998200685,53.2700024180952,-3.1));
#12872=CARTESIAN_POINT('',(33.4499998200685,53.2700024180952,-3.1));
#12873=CARTESIAN_POINT('',(33.4499998200685,53.2700024180952,0.));
#12874=CARTESIAN_POINT('Origin',(33.4499998200685,53.9099988477677,0.));
#12875=CARTESIAN_POINT('',(34.0900004127529,53.9099988477677,-1.3));
#12876=CARTESIAN_POINT('',(37.9749999100342,53.9099988477677,-1.3));
#12877=CARTESIAN_POINT('',(34.0900004127529,53.9099988477677,-3.1));
#12878=CARTESIAN_POINT('',(34.0900004127529,53.9099988477677,0.));
#12879=CARTESIAN_POINT('',(33.4499998200685,53.9099988477677,-3.1));
#12880=CARTESIAN_POINT('Origin',(34.0900004127529,53.2700024180952,0.));
#12881=CARTESIAN_POINT('',(34.0900004127529,53.2700024180952,-1.3));
#12882=CARTESIAN_POINT('',(38.2950002063764,53.2700024180952,-1.3));
#12883=CARTESIAN_POINT('',(34.0900004127529,53.2700024180952,-3.1));
#12884=CARTESIAN_POINT('',(34.0900004127529,53.2700024180952,-3.1));
#12885=CARTESIAN_POINT('',(34.0900004127529,53.2700024180952,0.));
#12886=CARTESIAN_POINT('Origin',(34.0900004127529,53.9099988477677,0.));
#12887=CARTESIAN_POINT('',(34.0900004127529,40.9549994238839,-1.3));
#12888=CARTESIAN_POINT('',(34.0900004127529,53.9099988477677,-3.1));
#12889=CARTESIAN_POINT('Origin',(33.7700001164107,53.5900006329315,-3.1));
#12890=CARTESIAN_POINT('Origin',(23.2899998200685,50.9100024180952,0.));
#12891=CARTESIAN_POINT('',(23.2899998200685,51.5499988477677,-1.3));
#12892=CARTESIAN_POINT('',(23.2899998200685,50.9100024180952,-1.3));
#12893=CARTESIAN_POINT('',(23.2899998200685,39.4550012090476,-1.3));
#12894=CARTESIAN_POINT('',(23.2899998200685,51.5499988477677,-3.1));
#12895=CARTESIAN_POINT('',(23.2899998200685,51.5499988477677,0.));
#12896=CARTESIAN_POINT('',(23.2899998200685,50.9100024180952,-3.1));
#12897=CARTESIAN_POINT('',(23.2899998200685,50.9100024180952,-3.1));
#12898=CARTESIAN_POINT('',(23.2899998200685,50.9100024180952,0.));
#12899=CARTESIAN_POINT('Origin',(23.2899998200685,51.5499988477677,0.));
#12900=CARTESIAN_POINT('',(23.9300004127529,51.5499988477677,-1.3));
#12901=CARTESIAN_POINT('',(32.8949999100342,51.5499988477677,-1.3));
#12902=CARTESIAN_POINT('',(23.9300004127529,51.5499988477677,-3.1));
#12903=CARTESIAN_POINT('',(23.9300004127529,51.5499988477677,0.));
#12904=CARTESIAN_POINT('',(23.2899998200685,51.5499988477677,-3.1));
#12905=CARTESIAN_POINT('Origin',(23.9300004127529,50.9100024180952,0.));
#12906=CARTESIAN_POINT('',(23.9300004127529,50.9100024180952,-1.3));
#12907=CARTESIAN_POINT('',(33.2150002063764,50.9100024180952,-1.3));
#12908=CARTESIAN_POINT('',(23.9300004127529,50.9100024180952,-3.1));
#12909=CARTESIAN_POINT('',(23.9300004127529,50.9100024180952,-3.1));
#12910=CARTESIAN_POINT('',(23.9300004127529,50.9100024180952,0.));
#12911=CARTESIAN_POINT('Origin',(23.9300004127529,51.5499988477677,0.));
#12912=CARTESIAN_POINT('',(23.9300004127529,39.7749994238839,-1.3));
#12913=CARTESIAN_POINT('',(23.9300004127529,51.5499988477677,-3.1));
#12914=CARTESIAN_POINT('Origin',(23.6100001164107,51.2300006329315,-3.1));
#12915=CARTESIAN_POINT('Origin',(33.4499998200685,50.9100024180952,0.));
#12916=CARTESIAN_POINT('',(33.4499998200685,51.5499988477677,-1.3));
#12917=CARTESIAN_POINT('',(33.4499998200685,50.9100024180952,-1.3));
#12918=CARTESIAN_POINT('',(33.4499998200685,39.4550012090476,-1.3));
#12919=CARTESIAN_POINT('',(33.4499998200685,51.5499988477677,-3.1));
#12920=CARTESIAN_POINT('',(33.4499998200685,51.5499988477677,0.));
#12921=CARTESIAN_POINT('',(33.4499998200685,50.9100024180952,-3.1));
#12922=CARTESIAN_POINT('',(33.4499998200685,50.9100024180952,-3.1));
#12923=CARTESIAN_POINT('',(33.4499998200685,50.9100024180952,0.));
#12924=CARTESIAN_POINT('Origin',(33.4499998200685,51.5499988477677,0.));
#12925=CARTESIAN_POINT('',(34.0900004127529,51.5499988477677,-1.3));
#12926=CARTESIAN_POINT('',(37.9749999100342,51.5499988477677,-1.3));
#12927=CARTESIAN_POINT('',(34.0900004127529,51.5499988477677,-3.1));
#12928=CARTESIAN_POINT('',(34.0900004127529,51.5499988477677,0.));
#12929=CARTESIAN_POINT('',(33.4499998200685,51.5499988477677,-3.1));
#12930=CARTESIAN_POINT('Origin',(34.0900004127529,50.9100024180952,0.));
#12931=CARTESIAN_POINT('',(34.0900004127529,50.9100024180952,-1.3));
#12932=CARTESIAN_POINT('',(38.2950002063764,50.9100024180952,-1.3));
#12933=CARTESIAN_POINT('',(34.0900004127529,50.9100024180952,-3.1));
#12934=CARTESIAN_POINT('',(34.0900004127529,50.9100024180952,-3.1));
#12935=CARTESIAN_POINT('',(34.0900004127529,50.9100024180952,0.));
#12936=CARTESIAN_POINT('Origin',(34.0900004127529,51.5499988477677,0.));
#12937=CARTESIAN_POINT('',(34.0900004127529,39.7749994238839,-1.3));
#12938=CARTESIAN_POINT('',(34.0900004127529,51.5499988477677,-3.1));
#12939=CARTESIAN_POINT('Origin',(33.7700001164107,51.2300006329315,-3.1));
#12940=CARTESIAN_POINT('Origin',(35.9899998200685,53.2700024180952,0.));
#12941=CARTESIAN_POINT('',(35.9899998200685,53.9099988477677,-1.3));
#12942=CARTESIAN_POINT('',(35.9899998200685,53.2700024180952,-1.3));
#12943=CARTESIAN_POINT('',(35.9899998200685,40.6350012090476,-1.3));
#12944=CARTESIAN_POINT('',(35.9899998200685,53.9099988477677,-3.1));
#12945=CARTESIAN_POINT('',(35.9899998200685,53.9099988477677,0.));
#12946=CARTESIAN_POINT('',(35.9899998200685,53.2700024180952,-3.1));
#12947=CARTESIAN_POINT('',(35.9899998200685,53.2700024180952,-3.1));
#12948=CARTESIAN_POINT('',(35.9899998200685,53.2700024180952,0.));
#12949=CARTESIAN_POINT('Origin',(35.9899998200685,53.9099988477677,0.));
#12950=CARTESIAN_POINT('',(36.6300004127528,53.9099988477677,-1.3));
#12951=CARTESIAN_POINT('',(39.2449999100342,53.9099988477677,-1.3));
#12952=CARTESIAN_POINT('',(36.6300004127528,53.9099988477677,-3.1));
#12953=CARTESIAN_POINT('',(36.6300004127528,53.9099988477677,0.));
#12954=CARTESIAN_POINT('',(35.9899998200685,53.9099988477677,-3.1));
#12955=CARTESIAN_POINT('Origin',(36.6300004127528,53.2700024180952,0.));
#12956=CARTESIAN_POINT('',(36.6300004127528,53.2700024180952,-1.3));
#12957=CARTESIAN_POINT('',(39.5650002063764,53.2700024180952,-1.3));
#12958=CARTESIAN_POINT('',(36.6300004127528,53.2700024180952,-3.1));
#12959=CARTESIAN_POINT('',(36.6300004127528,53.2700024180952,-3.1));
#12960=CARTESIAN_POINT('',(36.6300004127528,53.2700024180952,0.));
#12961=CARTESIAN_POINT('Origin',(36.6300004127528,53.9099988477677,0.));
#12962=CARTESIAN_POINT('',(36.6300004127529,40.9549994238839,-1.3));
#12963=CARTESIAN_POINT('',(36.6300004127528,53.9099988477677,-3.1));
#12964=CARTESIAN_POINT('Origin',(36.3100001164107,53.5900006329315,-3.1));
#12965=CARTESIAN_POINT('Origin',(46.1499998200685,53.2700024180952,0.));
#12966=CARTESIAN_POINT('',(46.1499998200685,53.9099988477677,-1.3));
#12967=CARTESIAN_POINT('',(46.1499998200685,53.2700024180952,-1.3));
#12968=CARTESIAN_POINT('',(46.1499998200685,40.6350012090476,-1.3));
#12969=CARTESIAN_POINT('',(46.1499998200685,53.9099988477677,-3.1));
#12970=CARTESIAN_POINT('',(46.1499998200685,53.9099988477677,0.));
#12971=CARTESIAN_POINT('',(46.1499998200685,53.2700024180952,-3.1));
#12972=CARTESIAN_POINT('',(46.1499998200685,53.2700024180952,-3.1));
#12973=CARTESIAN_POINT('',(46.1499998200685,53.2700024180952,0.));
#12974=CARTESIAN_POINT('Origin',(46.1499998200685,53.9099988477677,0.));
#12975=CARTESIAN_POINT('',(46.7900004127529,53.9099988477677,-1.3));
#12976=CARTESIAN_POINT('',(44.3249999100342,53.9099988477677,-1.3));
#12977=CARTESIAN_POINT('',(46.7900004127529,53.9099988477677,-3.1));
#12978=CARTESIAN_POINT('',(46.7900004127529,53.9099988477677,0.));
#12979=CARTESIAN_POINT('',(46.1499998200685,53.9099988477677,-3.1));
#12980=CARTESIAN_POINT('Origin',(46.7900004127529,53.2700024180952,0.));
#12981=CARTESIAN_POINT('',(46.7900004127529,53.2700024180952,-1.3));
#12982=CARTESIAN_POINT('',(44.6450002063764,53.2700024180952,-1.3));
#12983=CARTESIAN_POINT('',(46.7900004127529,53.2700024180952,-3.1));
#12984=CARTESIAN_POINT('',(46.7900004127529,53.2700024180952,-3.1));
#12985=CARTESIAN_POINT('',(46.7900004127529,53.2700024180952,0.));
#12986=CARTESIAN_POINT('Origin',(46.7900004127529,53.9099988477677,0.));
#12987=CARTESIAN_POINT('',(46.7900004127529,40.9549994238839,-1.3));
#12988=CARTESIAN_POINT('',(46.7900004127529,53.9099988477677,-3.1));
#12989=CARTESIAN_POINT('Origin',(46.4700001164107,53.5900006329315,-3.1));
#12990=CARTESIAN_POINT('Origin',(56.3099998200685,53.2700024180952,0.));
#12991=CARTESIAN_POINT('',(56.3099998200685,53.9099988477677,-1.3));
#12992=CARTESIAN_POINT('',(56.3099998200685,53.2700024180952,-1.3));
#12993=CARTESIAN_POINT('',(56.3099998200685,40.6350012090476,-1.3));
#12994=CARTESIAN_POINT('',(56.3099998200685,53.9099988477677,-3.1));
#12995=CARTESIAN_POINT('',(56.3099998200685,53.9099988477677,0.));
#12996=CARTESIAN_POINT('',(56.3099998200685,53.2700024180952,-3.1));
#12997=CARTESIAN_POINT('',(56.3099998200685,53.2700024180952,-3.1));
#12998=CARTESIAN_POINT('',(56.3099998200685,53.2700024180952,0.));
#12999=CARTESIAN_POINT('Origin',(56.3099998200685,53.9099988477677,0.));
#13000=CARTESIAN_POINT('',(56.9500004127529,53.9099988477677,-1.3));
#13001=CARTESIAN_POINT('',(49.4049999100342,53.9099988477677,-1.3));
#13002=CARTESIAN_POINT('',(56.9500004127529,53.9099988477677,-3.1));
#13003=CARTESIAN_POINT('',(56.9500004127529,53.9099988477677,0.));
#13004=CARTESIAN_POINT('',(56.3099998200685,53.9099988477677,-3.1));
#13005=CARTESIAN_POINT('Origin',(56.9500004127529,53.2700024180952,0.));
#13006=CARTESIAN_POINT('',(56.9500004127529,53.2700024180952,-1.3));
#13007=CARTESIAN_POINT('',(49.7250002063764,53.2700024180952,-1.3));
#13008=CARTESIAN_POINT('',(56.9500004127529,53.2700024180952,-3.1));
#13009=CARTESIAN_POINT('',(56.9500004127529,53.2700024180952,-3.1));
#13010=CARTESIAN_POINT('',(56.9500004127529,53.2700024180952,0.));
#13011=CARTESIAN_POINT('Origin',(56.9500004127529,53.9099988477677,0.));
#13012=CARTESIAN_POINT('',(56.9500004127529,40.9549994238839,-1.3));
#13013=CARTESIAN_POINT('',(56.9500004127529,53.9099988477677,-3.1));
#13014=CARTESIAN_POINT('Origin',(56.6300001164107,53.5900006329315,-3.1));
#13015=CARTESIAN_POINT('Origin',(51.2299998200685,50.9100024180952,0.));
#13016=CARTESIAN_POINT('',(51.2299998200685,51.5499988477677,-1.3));
#13017=CARTESIAN_POINT('',(51.2299998200685,50.9100024180952,-1.3));
#13018=CARTESIAN_POINT('',(51.2299998200685,39.4550012090476,-1.3));
#13019=CARTESIAN_POINT('',(51.2299998200685,51.5499988477677,-3.1));
#13020=CARTESIAN_POINT('',(51.2299998200685,51.5499988477677,0.));
#13021=CARTESIAN_POINT('',(51.2299998200685,50.9100024180952,-3.1));
#13022=CARTESIAN_POINT('',(51.2299998200685,50.9100024180952,-3.1));
#13023=CARTESIAN_POINT('',(51.2299998200685,50.9100024180952,0.));
#13024=CARTESIAN_POINT('Origin',(51.2299998200685,51.5499988477677,0.));
#13025=CARTESIAN_POINT('',(51.8700004127528,51.5499988477677,-1.3));
#13026=CARTESIAN_POINT('',(46.8649999100342,51.5499988477677,-1.3));
#13027=CARTESIAN_POINT('',(51.8700004127528,51.5499988477677,-3.1));
#13028=CARTESIAN_POINT('',(51.8700004127528,51.5499988477677,0.));
#13029=CARTESIAN_POINT('',(51.2299998200685,51.5499988477677,-3.1));
#13030=CARTESIAN_POINT('Origin',(51.8700004127528,50.9100024180952,0.));
#13031=CARTESIAN_POINT('',(51.8700004127528,50.9100024180952,-1.3));
#13032=CARTESIAN_POINT('',(47.1850002063764,50.9100024180952,-1.3));
#13033=CARTESIAN_POINT('',(51.8700004127528,50.9100024180952,-3.1));
#13034=CARTESIAN_POINT('',(51.8700004127528,50.9100024180952,-3.1));
#13035=CARTESIAN_POINT('',(51.8700004127528,50.9100024180952,0.));
#13036=CARTESIAN_POINT('Origin',(51.8700004127528,51.5499988477677,0.));
#13037=CARTESIAN_POINT('',(51.8700004127528,39.7749994238839,-1.3));
#13038=CARTESIAN_POINT('',(51.8700004127528,51.5499988477677,-3.1));
#13039=CARTESIAN_POINT('Origin',(51.5500001164107,51.2300006329315,-3.1));
#13040=CARTESIAN_POINT('Origin',(56.3099998200685,51.5499988477677,0.));
#13041=CARTESIAN_POINT('',(56.3099998200685,50.9100024180952,2.5));
#13042=CARTESIAN_POINT('',(56.3099998200685,51.5499988477677,2.5));
#13043=CARTESIAN_POINT('',(56.3099998200685,52.0249998150393,2.5));
#13044=CARTESIAN_POINT('',(56.3099998200685,50.9100024180952,8.));
#13045=CARTESIAN_POINT('',(56.3099998200685,50.9100024180952,0.));
#13046=CARTESIAN_POINT('',(56.3099998200685,51.5499988477677,8.));
#13047=CARTESIAN_POINT('',(56.3099998200685,50.9100024180952,8.));
#13048=CARTESIAN_POINT('',(56.3099998200685,51.5499988477677,0.));
#13049=CARTESIAN_POINT('Origin',(56.3099998200685,50.9100024180952,0.));
#13050=CARTESIAN_POINT('',(56.9500004127529,50.9100024180952,2.5));
#13051=CARTESIAN_POINT('',(44.4067706569663,50.9100024180952,2.5));
#13052=CARTESIAN_POINT('',(56.9500004127529,50.9100024180952,8.));
#13053=CARTESIAN_POINT('',(56.9500004127529,50.9100024180952,0.));
#13054=CARTESIAN_POINT('',(56.9500004127529,50.9100024180952,8.));
#13055=CARTESIAN_POINT('Origin',(56.9500004127529,51.5499988477677,0.));
#13056=CARTESIAN_POINT('',(56.9500004127529,51.5499988477677,2.5));
#13057=CARTESIAN_POINT('',(44.7267709533085,51.5499988477677,2.5));
#13058=CARTESIAN_POINT('',(56.9500004127529,51.5499988477677,8.));
#13059=CARTESIAN_POINT('',(56.3099998200685,51.5499988477677,8.));
#13060=CARTESIAN_POINT('',(56.9500004127529,51.5499988477677,0.));
#13061=CARTESIAN_POINT('Origin',(56.9500004127529,50.9100024180952,0.));
#13062=CARTESIAN_POINT('',(56.9500004127529,51.7050016002031,2.5));
#13063=CARTESIAN_POINT('',(56.9500004127529,51.5499988477677,8.));
#13064=CARTESIAN_POINT('Origin',(56.6300001164107,51.2300006329315,8.));
#13065=CARTESIAN_POINT('Origin',(48.6899998200685,53.9099988477677,0.));
#13066=CARTESIAN_POINT('',(48.6899998200685,53.2700024180952,2.5));
#13067=CARTESIAN_POINT('',(48.6899998200685,53.9099988477677,2.5));
#13068=CARTESIAN_POINT('',(48.6899998200685,53.2049998150393,2.5));
#13069=CARTESIAN_POINT('',(48.6899998200685,53.2700024180952,8.));
#13070=CARTESIAN_POINT('',(48.6899998200685,53.2700024180952,0.));
#13071=CARTESIAN_POINT('',(48.6899998200685,53.9099988477677,8.));
#13072=CARTESIAN_POINT('',(48.6899998200685,53.2700024180952,8.));
#13073=CARTESIAN_POINT('',(48.6899998200685,53.9099988477677,0.));
#13074=CARTESIAN_POINT('Origin',(48.6899998200685,53.2700024180952,0.));
#13075=CARTESIAN_POINT('',(49.3300004127529,53.2700024180952,2.5));
#13076=CARTESIAN_POINT('',(40.5967706569663,53.2700024180953,2.5));
#13077=CARTESIAN_POINT('',(49.3300004127529,53.2700024180952,8.));
#13078=CARTESIAN_POINT('',(49.3300004127529,53.2700024180952,0.));
#13079=CARTESIAN_POINT('',(49.3300004127529,53.2700024180952,8.));
#13080=CARTESIAN_POINT('Origin',(49.3300004127529,53.9099988477677,0.));
#13081=CARTESIAN_POINT('',(49.3300004127529,53.9099988477677,2.5));
#13082=CARTESIAN_POINT('',(40.9167709533085,53.9099988477677,2.5));
#13083=CARTESIAN_POINT('',(49.3300004127529,53.9099988477677,8.));
#13084=CARTESIAN_POINT('',(48.6899998200685,53.9099988477677,8.));
#13085=CARTESIAN_POINT('',(49.3300004127529,53.9099988477677,0.));
#13086=CARTESIAN_POINT('Origin',(49.3300004127529,53.2700024180952,0.));
#13087=CARTESIAN_POINT('',(49.3300004127529,52.8850016002031,2.5));
#13088=CARTESIAN_POINT('',(49.3300004127529,53.9099988477677,8.));
#13089=CARTESIAN_POINT('Origin',(49.0100001164107,53.5900006329315,8.));
#13090=CARTESIAN_POINT('Origin',(53.7699998200685,51.5499988477677,0.));
#13091=CARTESIAN_POINT('',(53.7699998200685,50.9100024180952,2.5));
#13092=CARTESIAN_POINT('',(53.7699998200685,51.5499988477677,2.5));
#13093=CARTESIAN_POINT('',(53.7699998200685,52.0249998150393,2.5));
#13094=CARTESIAN_POINT('',(53.7699998200685,50.9100024180952,8.));
#13095=CARTESIAN_POINT('',(53.7699998200685,50.9100024180952,0.));
#13096=CARTESIAN_POINT('',(53.7699998200685,51.5499988477677,8.));
#13097=CARTESIAN_POINT('',(53.7699998200685,50.9100024180952,8.));
#13098=CARTESIAN_POINT('',(53.7699998200685,51.5499988477677,0.));
#13099=CARTESIAN_POINT('Origin',(53.7699998200685,50.9100024180952,0.));
#13100=CARTESIAN_POINT('',(54.4100004127529,50.9100024180952,2.5));
#13101=CARTESIAN_POINT('',(43.1367706569663,50.9100024180952,2.5));
#13102=CARTESIAN_POINT('',(54.4100004127529,50.9100024180952,8.));
#13103=CARTESIAN_POINT('',(54.4100004127529,50.9100024180952,0.));
#13104=CARTESIAN_POINT('',(54.4100004127529,50.9100024180952,8.));
#13105=CARTESIAN_POINT('Origin',(54.4100004127529,51.5499988477677,0.));
#13106=CARTESIAN_POINT('',(54.4100004127529,51.5499988477677,2.5));
#13107=CARTESIAN_POINT('',(43.4567709533085,51.5499988477677,2.5));
#13108=CARTESIAN_POINT('',(54.4100004127529,51.5499988477677,8.));
#13109=CARTESIAN_POINT('',(53.7699998200685,51.5499988477677,8.));
#13110=CARTESIAN_POINT('',(54.4100004127529,51.5499988477677,0.));
#13111=CARTESIAN_POINT('Origin',(54.4100004127529,50.9100024180952,0.));
#13112=CARTESIAN_POINT('',(54.4100004127529,51.7050016002031,2.5));
#13113=CARTESIAN_POINT('',(54.4100004127529,51.5499988477677,8.));
#13114=CARTESIAN_POINT('Origin',(54.0900001164107,51.2300006329315,8.));
#13115=CARTESIAN_POINT('Origin',(43.6099998200685,51.5499988477677,0.));
#13116=CARTESIAN_POINT('',(43.6099998200685,50.9100024180952,2.5));
#13117=CARTESIAN_POINT('',(43.6099998200685,51.5499988477677,2.5));
#13118=CARTESIAN_POINT('',(43.6099998200685,52.0249998150393,2.5));
#13119=CARTESIAN_POINT('',(43.6099998200685,50.9100024180952,8.));
#13120=CARTESIAN_POINT('',(43.6099998200685,50.9100024180952,0.));
#13121=CARTESIAN_POINT('',(43.6099998200685,51.5499988477677,8.));
#13122=CARTESIAN_POINT('',(43.6099998200685,50.9100024180952,8.));
#13123=CARTESIAN_POINT('',(43.6099998200685,51.5499988477677,0.));
#13124=CARTESIAN_POINT('Origin',(43.6099998200685,50.9100024180952,0.));
#13125=CARTESIAN_POINT('',(44.2500004127529,50.9100024180952,2.5));
#13126=CARTESIAN_POINT('',(38.0567706569663,50.9100024180952,2.5));
#13127=CARTESIAN_POINT('',(44.2500004127529,50.9100024180952,8.));
#13128=CARTESIAN_POINT('',(44.2500004127529,50.9100024180952,0.));
#13129=CARTESIAN_POINT('',(44.2500004127529,50.9100024180952,8.));
#13130=CARTESIAN_POINT('Origin',(44.2500004127529,51.5499988477677,0.));
#13131=CARTESIAN_POINT('',(44.2500004127529,51.5499988477677,2.5));
#13132=CARTESIAN_POINT('',(38.3767709533085,51.5499988477677,2.5));
#13133=CARTESIAN_POINT('',(44.2500004127529,51.5499988477677,8.));
#13134=CARTESIAN_POINT('',(43.6099998200685,51.5499988477677,8.));
#13135=CARTESIAN_POINT('',(44.2500004127529,51.5499988477677,0.));
#13136=CARTESIAN_POINT('Origin',(44.2500004127529,50.9100024180952,0.));
#13137=CARTESIAN_POINT('',(44.2500004127529,51.7050016002031,2.5));
#13138=CARTESIAN_POINT('',(44.2500004127529,51.5499988477677,8.));
#13139=CARTESIAN_POINT('Origin',(43.9300001164107,51.2300006329315,8.));
#13140=CARTESIAN_POINT('Origin',(33.4499998200685,53.9099988477677,0.));
#13141=CARTESIAN_POINT('',(33.4499998200685,53.2700024180952,2.5));
#13142=CARTESIAN_POINT('',(33.4499998200685,53.9099988477677,2.5));
#13143=CARTESIAN_POINT('',(33.4499998200685,53.2049998150393,2.5));
#13144=CARTESIAN_POINT('',(33.4499998200685,53.2700024180952,8.));
#13145=CARTESIAN_POINT('',(33.4499998200685,53.2700024180952,0.));
#13146=CARTESIAN_POINT('',(33.4499998200685,53.9099988477677,8.));
#13147=CARTESIAN_POINT('',(33.4499998200685,53.2700024180952,8.));
#13148=CARTESIAN_POINT('',(33.4499998200685,53.9099988477677,0.));
#13149=CARTESIAN_POINT('Origin',(33.4499998200685,53.2700024180952,0.));
#13150=CARTESIAN_POINT('',(34.0900004127529,53.2700024180952,2.5));
#13151=CARTESIAN_POINT('',(32.9767706569664,53.2700024180953,2.5));
#13152=CARTESIAN_POINT('',(34.0900004127529,53.2700024180952,8.));
#13153=CARTESIAN_POINT('',(34.0900004127529,53.2700024180952,0.));
#13154=CARTESIAN_POINT('',(34.0900004127529,53.2700024180952,8.));
#13155=CARTESIAN_POINT('Origin',(34.0900004127529,53.9099988477677,0.));
#13156=CARTESIAN_POINT('',(34.0900004127529,53.9099988477677,2.5));
#13157=CARTESIAN_POINT('',(33.2967709533085,53.9099988477677,2.5));
#13158=CARTESIAN_POINT('',(34.0900004127529,53.9099988477677,8.));
#13159=CARTESIAN_POINT('',(33.4499998200685,53.9099988477677,8.));
#13160=CARTESIAN_POINT('',(34.0900004127529,53.9099988477677,0.));
#13161=CARTESIAN_POINT('Origin',(34.0900004127529,53.2700024180952,0.));
#13162=CARTESIAN_POINT('',(34.0900004127529,52.8850016002031,2.5));
#13163=CARTESIAN_POINT('',(34.0900004127529,53.9099988477677,8.));
#13164=CARTESIAN_POINT('Origin',(33.7700001164107,53.5900006329315,8.));
#13165=CARTESIAN_POINT('Origin',(35.9899998200685,51.5499988477677,0.));
#13166=CARTESIAN_POINT('',(35.9899998200685,50.9100024180952,2.5));
#13167=CARTESIAN_POINT('',(35.9899998200685,51.5499988477677,2.5));
#13168=CARTESIAN_POINT('',(35.9899998200685,52.0249998150393,2.5));
#13169=CARTESIAN_POINT('',(35.9899998200685,50.9100024180952,8.));
#13170=CARTESIAN_POINT('',(35.9899998200685,50.9100024180952,0.));
#13171=CARTESIAN_POINT('',(35.9899998200685,51.5499988477677,8.));
#13172=CARTESIAN_POINT('',(35.9899998200685,50.9100024180952,8.));
#13173=CARTESIAN_POINT('',(35.9899998200685,51.5499988477677,0.));
#13174=CARTESIAN_POINT('Origin',(35.9899998200685,50.9100024180952,0.));
#13175=CARTESIAN_POINT('',(36.6300004127528,50.9100024180952,2.5));
#13176=CARTESIAN_POINT('',(34.2467706569663,50.9100024180952,2.5));
#13177=CARTESIAN_POINT('',(36.6300004127528,50.9100024180952,8.));
#13178=CARTESIAN_POINT('',(36.6300004127528,50.9100024180952,0.));
#13179=CARTESIAN_POINT('',(36.6300004127528,50.9100024180952,8.));
#13180=CARTESIAN_POINT('Origin',(36.6300004127528,51.5499988477677,0.));
#13181=CARTESIAN_POINT('',(36.6300004127528,51.5499988477677,2.5));
#13182=CARTESIAN_POINT('',(34.5667709533085,51.5499988477677,2.5));
#13183=CARTESIAN_POINT('',(36.6300004127528,51.5499988477677,8.));
#13184=CARTESIAN_POINT('',(35.9899998200685,51.5499988477677,8.));
#13185=CARTESIAN_POINT('',(36.6300004127528,51.5499988477677,0.));
#13186=CARTESIAN_POINT('Origin',(36.6300004127528,50.9100024180952,0.));
#13187=CARTESIAN_POINT('',(36.6300004127528,51.7050016002031,2.5));
#13188=CARTESIAN_POINT('',(36.6300004127528,51.5499988477677,8.));
#13189=CARTESIAN_POINT('Origin',(36.3100001164107,51.2300006329315,8.));
#13190=CARTESIAN_POINT('Origin',(25.8299998200685,53.9099988477677,0.));
#13191=CARTESIAN_POINT('',(25.8299998200685,53.2700024180952,2.5));
#13192=CARTESIAN_POINT('',(25.8299998200685,53.9099988477677,2.5));
#13193=CARTESIAN_POINT('',(25.8299998200685,53.2049998150393,2.5));
#13194=CARTESIAN_POINT('',(25.8299998200685,53.2700024180952,8.));
#13195=CARTESIAN_POINT('',(25.8299998200685,53.2700024180952,0.));
#13196=CARTESIAN_POINT('',(25.8299998200685,53.9099988477677,8.));
#13197=CARTESIAN_POINT('',(25.8299998200685,53.2700024180952,8.));
#13198=CARTESIAN_POINT('',(25.8299998200685,53.9099988477677,0.));
#13199=CARTESIAN_POINT('Origin',(25.8299998200685,53.2700024180952,0.));
#13200=CARTESIAN_POINT('',(26.4700004127529,53.2700024180952,2.5));
#13201=CARTESIAN_POINT('',(29.1667706569663,53.2700024180953,2.5));
#13202=CARTESIAN_POINT('',(26.4700004127529,53.2700024180952,8.));
#13203=CARTESIAN_POINT('',(26.4700004127529,53.2700024180952,0.));
#13204=CARTESIAN_POINT('',(26.4700004127529,53.2700024180952,8.));
#13205=CARTESIAN_POINT('Origin',(26.4700004127529,53.9099988477677,0.));
#13206=CARTESIAN_POINT('',(26.4700004127529,53.9099988477677,2.5));
#13207=CARTESIAN_POINT('',(29.4867709533085,53.9099988477677,2.5));
#13208=CARTESIAN_POINT('',(26.4700004127529,53.9099988477677,8.));
#13209=CARTESIAN_POINT('',(25.8299998200685,53.9099988477677,8.));
#13210=CARTESIAN_POINT('',(26.4700004127529,53.9099988477677,0.));
#13211=CARTESIAN_POINT('Origin',(26.4700004127529,53.2700024180952,0.));
#13212=CARTESIAN_POINT('',(26.4700004127529,52.8850016002031,2.5));
#13213=CARTESIAN_POINT('',(26.4700004127529,53.9099988477677,8.));
#13214=CARTESIAN_POINT('Origin',(26.1500001164107,53.5900006329315,8.));
#13215=CARTESIAN_POINT('Origin',(23.2899998200685,51.5499988477677,0.));
#13216=CARTESIAN_POINT('',(23.2899998200685,50.9100024180952,2.5));
#13217=CARTESIAN_POINT('',(23.2899998200685,51.5499988477677,2.5));
#13218=CARTESIAN_POINT('',(23.2899998200685,52.0249998150393,2.5));
#13219=CARTESIAN_POINT('',(23.2899998200685,50.9100024180952,8.));
#13220=CARTESIAN_POINT('',(23.2899998200685,50.9100024180952,0.));
#13221=CARTESIAN_POINT('',(23.2899998200685,51.5499988477677,8.));
#13222=CARTESIAN_POINT('',(23.2899998200685,50.9100024180952,8.));
#13223=CARTESIAN_POINT('',(23.2899998200685,51.5499988477677,0.));
#13224=CARTESIAN_POINT('Origin',(23.2899998200685,50.9100024180952,0.));
#13225=CARTESIAN_POINT('',(23.9300004127529,50.9100024180952,2.5));
#13226=CARTESIAN_POINT('',(27.8967706569663,50.9100024180952,2.5));
#13227=CARTESIAN_POINT('',(23.9300004127529,50.9100024180952,8.));
#13228=CARTESIAN_POINT('',(23.9300004127529,50.9100024180952,0.));
#13229=CARTESIAN_POINT('',(23.9300004127529,50.9100024180952,8.));
#13230=CARTESIAN_POINT('Origin',(23.9300004127529,51.5499988477677,0.));
#13231=CARTESIAN_POINT('',(23.9300004127529,51.5499988477677,2.5));
#13232=CARTESIAN_POINT('',(28.2167709533085,51.5499988477677,2.5));
#13233=CARTESIAN_POINT('',(23.9300004127529,51.5499988477677,8.));
#13234=CARTESIAN_POINT('',(23.2899998200685,51.5499988477677,8.));
#13235=CARTESIAN_POINT('',(23.9300004127529,51.5499988477677,0.));
#13236=CARTESIAN_POINT('Origin',(23.9300004127529,50.9100024180952,0.));
#13237=CARTESIAN_POINT('',(23.9300004127529,51.7050016002031,2.5));
#13238=CARTESIAN_POINT('',(23.9300004127529,51.5499988477677,8.));
#13239=CARTESIAN_POINT('Origin',(23.6100001164107,51.2300006329315,8.));
#13240=CARTESIAN_POINT('Origin',(15.6699998200685,53.9099988477677,0.));
#13241=CARTESIAN_POINT('',(15.6699998200685,53.2700024180952,2.5));
#13242=CARTESIAN_POINT('',(15.6699998200685,53.9099988477677,2.5));
#13243=CARTESIAN_POINT('',(15.6699998200685,53.2049998150393,2.5));
#13244=CARTESIAN_POINT('',(15.6699998200685,53.2700024180952,8.));
#13245=CARTESIAN_POINT('',(15.6699998200685,53.2700024180952,0.));
#13246=CARTESIAN_POINT('',(15.6699998200685,53.9099988477677,8.));
#13247=CARTESIAN_POINT('',(15.6699998200685,53.2700024180952,8.));
#13248=CARTESIAN_POINT('',(15.6699998200685,53.9099988477677,0.));
#13249=CARTESIAN_POINT('Origin',(15.6699998200685,53.2700024180952,0.));
#13250=CARTESIAN_POINT('',(16.3100004127529,53.2700024180952,2.5));
#13251=CARTESIAN_POINT('',(24.0867706569663,53.2700024180953,2.5));
#13252=CARTESIAN_POINT('',(16.3100004127529,53.2700024180952,8.));
#13253=CARTESIAN_POINT('',(16.3100004127529,53.2700024180952,0.));
#13254=CARTESIAN_POINT('',(16.3100004127529,53.2700024180952,8.));
#13255=CARTESIAN_POINT('Origin',(16.3100004127529,53.9099988477677,0.));
#13256=CARTESIAN_POINT('',(16.3100004127529,53.9099988477677,2.5));
#13257=CARTESIAN_POINT('',(24.4067709533085,53.9099988477677,2.5));
#13258=CARTESIAN_POINT('',(16.3100004127529,53.9099988477677,8.));
#13259=CARTESIAN_POINT('',(15.6699998200685,53.9099988477677,8.));
#13260=CARTESIAN_POINT('',(16.3100004127529,53.9099988477677,0.));
#13261=CARTESIAN_POINT('Origin',(16.3100004127529,53.2700024180952,0.));
#13262=CARTESIAN_POINT('',(16.3100004127529,52.8850016002031,2.5));
#13263=CARTESIAN_POINT('',(16.3100004127529,53.9099988477677,8.));
#13264=CARTESIAN_POINT('Origin',(15.9900001164107,53.5900006329315,8.));
#13265=CARTESIAN_POINT('Origin',(13.1299998200685,51.5499988477677,0.));
#13266=CARTESIAN_POINT('',(13.1299998200685,50.9100024180952,2.5));
#13267=CARTESIAN_POINT('',(13.1299998200685,51.5499988477677,2.5));
#13268=CARTESIAN_POINT('',(13.1299998200685,52.0249998150393,2.5));
#13269=CARTESIAN_POINT('',(13.1299998200685,50.9100024180952,8.));
#13270=CARTESIAN_POINT('',(13.1299998200685,50.9100024180952,0.));
#13271=CARTESIAN_POINT('',(13.1299998200685,51.5499988477677,8.));
#13272=CARTESIAN_POINT('',(13.1299998200685,50.9100024180952,8.));
#13273=CARTESIAN_POINT('',(13.1299998200685,51.5499988477677,0.));
#13274=CARTESIAN_POINT('Origin',(13.1299998200685,50.9100024180952,0.));
#13275=CARTESIAN_POINT('',(13.7700004127529,50.9100024180952,2.5));
#13276=CARTESIAN_POINT('',(22.8167706569663,50.9100024180952,2.5));
#13277=CARTESIAN_POINT('',(13.7700004127529,50.9100024180952,8.));
#13278=CARTESIAN_POINT('',(13.7700004127529,50.9100024180952,0.));
#13279=CARTESIAN_POINT('',(13.7700004127529,50.9100024180952,8.));
#13280=CARTESIAN_POINT('Origin',(13.7700004127529,51.5499988477677,0.));
#13281=CARTESIAN_POINT('',(13.7700004127529,51.5499988477677,2.5));
#13282=CARTESIAN_POINT('',(23.1367709533085,51.5499988477677,2.5));
#13283=CARTESIAN_POINT('',(13.7700004127529,51.5499988477677,8.));
#13284=CARTESIAN_POINT('',(13.1299998200685,51.5499988477677,8.));
#13285=CARTESIAN_POINT('',(13.7700004127529,51.5499988477677,0.));
#13286=CARTESIAN_POINT('Origin',(13.7700004127529,50.9100024180952,0.));
#13287=CARTESIAN_POINT('',(13.7700004127529,51.7050016002031,2.5));
#13288=CARTESIAN_POINT('',(13.7700004127529,51.5499988477677,8.));
#13289=CARTESIAN_POINT('Origin',(13.4500001164107,51.2300006329315,8.));
#13290=CARTESIAN_POINT('Origin',(8.69000041275285,51.5499988477677,0.));
#13291=CARTESIAN_POINT('',(8.04999982006848,51.5499988477677,2.5));
#13292=CARTESIAN_POINT('',(8.69000041275285,51.5499988477677,2.5));
#13293=CARTESIAN_POINT('',(20.5967709533085,51.5499988477677,2.5));
#13294=CARTESIAN_POINT('',(8.04999982006848,51.5499988477677,8.));
#13295=CARTESIAN_POINT('',(8.04999982006848,51.5499988477677,0.));
#13296=CARTESIAN_POINT('',(8.69000041275285,51.5499988477677,8.));
#13297=CARTESIAN_POINT('',(8.04999982006848,51.5499988477677,8.));
#13298=CARTESIAN_POINT('',(8.69000041275285,51.5499988477677,0.));
#13299=CARTESIAN_POINT('Origin',(8.04999982006848,51.5499988477677,0.));
#13300=CARTESIAN_POINT('',(8.04999982006848,50.9100024180952,2.5));
#13301=CARTESIAN_POINT('',(8.04999982006848,52.0249998150393,2.5));
#13302=CARTESIAN_POINT('',(8.04999982006848,50.9100024180952,8.));
#13303=CARTESIAN_POINT('',(8.04999982006848,50.9100024180952,0.));
#13304=CARTESIAN_POINT('',(8.04999982006848,50.9100024180952,8.));
#13305=CARTESIAN_POINT('Origin',(8.69000041275285,50.9100024180952,0.));
#13306=CARTESIAN_POINT('',(8.69000041275285,50.9100024180952,2.5));
#13307=CARTESIAN_POINT('',(8.69000041275285,51.7050016002031,2.5));
#13308=CARTESIAN_POINT('',(8.69000041275285,50.9100024180952,8.));
#13309=CARTESIAN_POINT('',(8.69000041275285,51.5499988477677,8.));
#13310=CARTESIAN_POINT('',(8.69000041275285,50.9100024180952,0.));
#13311=CARTESIAN_POINT('Origin',(8.04999982006848,50.9100024180952,0.));
#13312=CARTESIAN_POINT('',(20.2767706569663,50.9100024180952,2.5));
#13313=CARTESIAN_POINT('',(8.69000041275285,50.9100024180952,8.));
#13314=CARTESIAN_POINT('Origin',(8.37000011641067,51.2300006329315,8.));
#13315=CARTESIAN_POINT('Origin',(10.5899998200685,53.9099988477677,0.));
#13316=CARTESIAN_POINT('',(10.5899998200685,53.2700024180952,2.5));
#13317=CARTESIAN_POINT('',(10.5899998200685,53.9099988477677,2.5));
#13318=CARTESIAN_POINT('',(10.5899998200685,53.2049998150393,2.5));
#13319=CARTESIAN_POINT('',(10.5899998200685,53.2700024180952,8.));
#13320=CARTESIAN_POINT('',(10.5899998200685,53.2700024180952,0.));
#13321=CARTESIAN_POINT('',(10.5899998200685,53.9099988477677,8.));
#13322=CARTESIAN_POINT('',(10.5899998200685,53.2700024180952,8.));
#13323=CARTESIAN_POINT('',(10.5899998200685,53.9099988477677,0.));
#13324=CARTESIAN_POINT('Origin',(10.5899998200685,53.2700024180952,0.));
#13325=CARTESIAN_POINT('',(11.2300004127529,53.2700024180952,2.5));
#13326=CARTESIAN_POINT('',(21.5467706569663,53.2700024180953,2.5));
#13327=CARTESIAN_POINT('',(11.2300004127529,53.2700024180952,8.));
#13328=CARTESIAN_POINT('',(11.2300004127529,53.2700024180952,0.));
#13329=CARTESIAN_POINT('',(11.2300004127529,53.2700024180952,8.));
#13330=CARTESIAN_POINT('Origin',(11.2300004127529,53.9099988477677,0.));
#13331=CARTESIAN_POINT('',(11.2300004127529,53.9099988477677,2.5));
#13332=CARTESIAN_POINT('',(21.8667709533085,53.9099988477677,2.5));
#13333=CARTESIAN_POINT('',(11.2300004127529,53.9099988477677,8.));
#13334=CARTESIAN_POINT('',(10.5899998200685,53.9099988477677,8.));
#13335=CARTESIAN_POINT('',(11.2300004127529,53.9099988477677,0.));
#13336=CARTESIAN_POINT('Origin',(11.2300004127529,53.2700024180952,0.));
#13337=CARTESIAN_POINT('',(11.2300004127529,52.8850016002031,2.5));
#13338=CARTESIAN_POINT('',(11.2300004127529,53.9099988477677,8.));
#13339=CARTESIAN_POINT('Origin',(10.9100001164107,53.5900006329315,8.));
#13340=CARTESIAN_POINT('Origin',(18.2099998200685,51.5499988477677,0.));
#13341=CARTESIAN_POINT('',(18.2099998200685,50.9100024180952,2.5));
#13342=CARTESIAN_POINT('',(18.2099998200685,51.5499988477677,2.5));
#13343=CARTESIAN_POINT('',(18.2099998200685,52.0249998150393,2.5));
#13344=CARTESIAN_POINT('',(18.2099998200685,50.9100024180952,8.));
#13345=CARTESIAN_POINT('',(18.2099998200685,50.9100024180952,0.));
#13346=CARTESIAN_POINT('',(18.2099998200685,51.5499988477677,8.));
#13347=CARTESIAN_POINT('',(18.2099998200685,50.9100024180952,8.));
#13348=CARTESIAN_POINT('',(18.2099998200685,51.5499988477677,0.));
#13349=CARTESIAN_POINT('Origin',(18.2099998200685,50.9100024180952,0.));
#13350=CARTESIAN_POINT('',(18.8500004127529,50.9100024180952,2.5));
#13351=CARTESIAN_POINT('',(25.3567706569663,50.9100024180952,2.5));
#13352=CARTESIAN_POINT('',(18.8500004127529,50.9100024180952,8.));
#13353=CARTESIAN_POINT('',(18.8500004127529,50.9100024180952,0.));
#13354=CARTESIAN_POINT('',(18.8500004127529,50.9100024180952,8.));
#13355=CARTESIAN_POINT('Origin',(18.8500004127529,51.5499988477677,0.));
#13356=CARTESIAN_POINT('',(18.8500004127529,51.5499988477677,2.5));
#13357=CARTESIAN_POINT('',(25.6767709533085,51.5499988477677,2.5));
#13358=CARTESIAN_POINT('',(18.8500004127529,51.5499988477677,8.));
#13359=CARTESIAN_POINT('',(18.2099998200685,51.5499988477677,8.));
#13360=CARTESIAN_POINT('',(18.8500004127529,51.5499988477677,0.));
#13361=CARTESIAN_POINT('Origin',(18.8500004127529,50.9100024180952,0.));
#13362=CARTESIAN_POINT('',(18.8500004127528,51.7050016002031,2.5));
#13363=CARTESIAN_POINT('',(18.8500004127529,51.5499988477677,8.));
#13364=CARTESIAN_POINT('Origin',(18.5300001164107,51.2300006329315,8.));
#13365=CARTESIAN_POINT('Origin',(25.8299998200685,51.5499988477677,0.));
#13366=CARTESIAN_POINT('',(25.8299998200685,50.9100024180952,2.5));
#13367=CARTESIAN_POINT('',(25.8299998200685,51.5499988477677,2.5));
#13368=CARTESIAN_POINT('',(25.8299998200685,52.0249998150393,2.5));
#13369=CARTESIAN_POINT('',(25.8299998200685,50.9100024180952,8.));
#13370=CARTESIAN_POINT('',(25.8299998200685,50.9100024180952,0.));
#13371=CARTESIAN_POINT('',(25.8299998200685,51.5499988477677,8.));
#13372=CARTESIAN_POINT('',(25.8299998200685,50.9100024180952,8.));
#13373=CARTESIAN_POINT('',(25.8299998200685,51.5499988477677,0.));
#13374=CARTESIAN_POINT('Origin',(25.8299998200685,50.9100024180952,0.));
#13375=CARTESIAN_POINT('',(26.4700004127529,50.9100024180952,2.5));
#13376=CARTESIAN_POINT('',(29.1667706569663,50.9100024180952,2.5));
#13377=CARTESIAN_POINT('',(26.4700004127529,50.9100024180952,8.));
#13378=CARTESIAN_POINT('',(26.4700004127529,50.9100024180952,0.));
#13379=CARTESIAN_POINT('',(26.4700004127529,50.9100024180952,8.));
#13380=CARTESIAN_POINT('Origin',(26.4700004127529,51.5499988477677,0.));
#13381=CARTESIAN_POINT('',(26.4700004127529,51.5499988477677,2.5));
#13382=CARTESIAN_POINT('',(29.4867709533085,51.5499988477677,2.5));
#13383=CARTESIAN_POINT('',(26.4700004127529,51.5499988477677,8.));
#13384=CARTESIAN_POINT('',(25.8299998200685,51.5499988477677,8.));
#13385=CARTESIAN_POINT('',(26.4700004127529,51.5499988477677,0.));
#13386=CARTESIAN_POINT('Origin',(26.4700004127529,50.9100024180952,0.));
#13387=CARTESIAN_POINT('',(26.4700004127529,51.7050016002031,2.5));
#13388=CARTESIAN_POINT('',(26.4700004127529,51.5499988477677,8.));
#13389=CARTESIAN_POINT('Origin',(26.1500001164107,51.2300006329315,8.));
#13390=CARTESIAN_POINT('Origin',(28.3699998200685,51.5499988477677,0.));
#13391=CARTESIAN_POINT('',(28.3699998200685,50.9100024180952,2.5));
#13392=CARTESIAN_POINT('',(28.3699998200685,51.5499988477677,2.5));
#13393=CARTESIAN_POINT('',(28.3699998200685,52.0249998150393,2.5));
#13394=CARTESIAN_POINT('',(28.3699998200685,50.9100024180952,8.));
#13395=CARTESIAN_POINT('',(28.3699998200685,50.9100024180952,0.));
#13396=CARTESIAN_POINT('',(28.3699998200685,51.5499988477677,8.));
#13397=CARTESIAN_POINT('',(28.3699998200685,50.9100024180952,8.));
#13398=CARTESIAN_POINT('',(28.3699998200685,51.5499988477677,0.));
#13399=CARTESIAN_POINT('Origin',(28.3699998200685,50.9100024180952,0.));
#13400=CARTESIAN_POINT('',(29.0100004127529,50.9100024180952,2.5));
#13401=CARTESIAN_POINT('',(30.4367706569663,50.9100024180952,2.5));
#13402=CARTESIAN_POINT('',(29.0100004127529,50.9100024180952,8.));
#13403=CARTESIAN_POINT('',(29.0100004127529,50.9100024180952,0.));
#13404=CARTESIAN_POINT('',(29.0100004127529,50.9100024180952,8.));
#13405=CARTESIAN_POINT('Origin',(29.0100004127529,51.5499988477677,0.));
#13406=CARTESIAN_POINT('',(29.0100004127529,51.5499988477677,2.5));
#13407=CARTESIAN_POINT('',(30.7567709533085,51.5499988477677,2.5));
#13408=CARTESIAN_POINT('',(29.0100004127529,51.5499988477677,8.));
#13409=CARTESIAN_POINT('',(28.3699998200685,51.5499988477677,8.));
#13410=CARTESIAN_POINT('',(29.0100004127529,51.5499988477677,0.));
#13411=CARTESIAN_POINT('Origin',(29.0100004127529,50.9100024180952,0.));
#13412=CARTESIAN_POINT('',(29.0100004127529,51.7050016002031,2.5));
#13413=CARTESIAN_POINT('',(29.0100004127529,51.5499988477677,8.));
#13414=CARTESIAN_POINT('Origin',(28.6900001164107,51.2300006329315,8.));
#13415=CARTESIAN_POINT('Origin',(38.5299998200685,51.5499988477677,0.));
#13416=CARTESIAN_POINT('',(38.5299998200685,50.9100024180952,2.5));
#13417=CARTESIAN_POINT('',(38.5299998200685,51.5499988477677,2.5));
#13418=CARTESIAN_POINT('',(38.5299998200685,52.0249998150393,2.5));
#13419=CARTESIAN_POINT('',(38.5299998200685,50.9100024180952,8.));
#13420=CARTESIAN_POINT('',(38.5299998200685,50.9100024180952,0.));
#13421=CARTESIAN_POINT('',(38.5299998200685,51.5499988477677,8.));
#13422=CARTESIAN_POINT('',(38.5299998200685,50.9100024180952,8.));
#13423=CARTESIAN_POINT('',(38.5299998200685,51.5499988477677,0.));
#13424=CARTESIAN_POINT('Origin',(38.5299998200685,50.9100024180952,0.));
#13425=CARTESIAN_POINT('',(39.1700004127529,50.9100024180952,2.5));
#13426=CARTESIAN_POINT('',(35.5167706569663,50.9100024180952,2.5));
#13427=CARTESIAN_POINT('',(39.1700004127529,50.9100024180952,8.));
#13428=CARTESIAN_POINT('',(39.1700004127529,50.9100024180952,0.));
#13429=CARTESIAN_POINT('',(39.1700004127529,50.9100024180952,8.));
#13430=CARTESIAN_POINT('Origin',(39.1700004127529,51.5499988477677,0.));
#13431=CARTESIAN_POINT('',(39.1700004127529,51.5499988477677,2.5));
#13432=CARTESIAN_POINT('',(35.8367709533085,51.5499988477677,2.5));
#13433=CARTESIAN_POINT('',(39.1700004127529,51.5499988477677,8.));
#13434=CARTESIAN_POINT('',(38.5299998200685,51.5499988477677,8.));
#13435=CARTESIAN_POINT('',(39.1700004127529,51.5499988477677,0.));
#13436=CARTESIAN_POINT('Origin',(39.1700004127529,50.9100024180952,0.));
#13437=CARTESIAN_POINT('',(39.1700004127529,51.7050016002031,2.5));
#13438=CARTESIAN_POINT('',(39.1700004127529,51.5499988477677,8.));
#13439=CARTESIAN_POINT('Origin',(38.8500001164107,51.2300006329315,8.));
#13440=CARTESIAN_POINT('Origin',(35.9899998200685,53.9099988477677,0.));
#13441=CARTESIAN_POINT('',(35.9899998200685,53.2700024180952,2.5));
#13442=CARTESIAN_POINT('',(35.9899998200685,53.9099988477677,2.5));
#13443=CARTESIAN_POINT('',(35.9899998200685,53.2049998150393,2.5));
#13444=CARTESIAN_POINT('',(35.9899998200685,53.2700024180952,8.));
#13445=CARTESIAN_POINT('',(35.9899998200685,53.2700024180952,0.));
#13446=CARTESIAN_POINT('',(35.9899998200685,53.9099988477677,8.));
#13447=CARTESIAN_POINT('',(35.9899998200685,53.2700024180952,8.));
#13448=CARTESIAN_POINT('',(35.9899998200685,53.9099988477677,0.));
#13449=CARTESIAN_POINT('Origin',(35.9899998200685,53.2700024180952,0.));
#13450=CARTESIAN_POINT('',(36.6300004127528,53.2700024180952,2.5));
#13451=CARTESIAN_POINT('',(34.2467706569663,53.2700024180953,2.5));
#13452=CARTESIAN_POINT('',(36.6300004127528,53.2700024180952,8.));
#13453=CARTESIAN_POINT('',(36.6300004127528,53.2700024180952,0.));
#13454=CARTESIAN_POINT('',(36.6300004127528,53.2700024180952,8.));
#13455=CARTESIAN_POINT('Origin',(36.6300004127528,53.9099988477677,0.));
#13456=CARTESIAN_POINT('',(36.6300004127528,53.9099988477677,2.5));
#13457=CARTESIAN_POINT('',(34.5667709533085,53.9099988477677,2.5));
#13458=CARTESIAN_POINT('',(36.6300004127528,53.9099988477677,8.));
#13459=CARTESIAN_POINT('',(35.9899998200685,53.9099988477677,8.));
#13460=CARTESIAN_POINT('',(36.6300004127528,53.9099988477677,0.));
#13461=CARTESIAN_POINT('Origin',(36.6300004127528,53.2700024180952,0.));
#13462=CARTESIAN_POINT('',(36.6300004127528,52.8850016002031,2.5));
#13463=CARTESIAN_POINT('',(36.6300004127528,53.9099988477677,8.));
#13464=CARTESIAN_POINT('Origin',(36.3100001164107,53.5900006329315,8.));
#13465=CARTESIAN_POINT('Origin',(46.1499998200685,51.5499988477677,0.));
#13466=CARTESIAN_POINT('',(46.1499998200685,50.9100024180952,2.5));
#13467=CARTESIAN_POINT('',(46.1499998200685,51.5499988477677,2.5));
#13468=CARTESIAN_POINT('',(46.1499998200685,52.0249998150393,2.5));
#13469=CARTESIAN_POINT('',(46.1499998200685,50.9100024180952,8.));
#13470=CARTESIAN_POINT('',(46.1499998200685,50.9100024180952,0.));
#13471=CARTESIAN_POINT('',(46.1499998200685,51.5499988477677,8.));
#13472=CARTESIAN_POINT('',(46.1499998200685,50.9100024180952,8.));
#13473=CARTESIAN_POINT('',(46.1499998200685,51.5499988477677,0.));
#13474=CARTESIAN_POINT('Origin',(46.1499998200685,50.9100024180952,0.));
#13475=CARTESIAN_POINT('',(46.7900004127529,50.9100024180952,2.5));
#13476=CARTESIAN_POINT('',(39.3267706569663,50.9100024180952,2.5));
#13477=CARTESIAN_POINT('',(46.7900004127529,50.9100024180952,8.));
#13478=CARTESIAN_POINT('',(46.7900004127529,50.9100024180952,0.));
#13479=CARTESIAN_POINT('',(46.7900004127529,50.9100024180952,8.));
#13480=CARTESIAN_POINT('Origin',(46.7900004127529,51.5499988477677,0.));
#13481=CARTESIAN_POINT('',(46.7900004127529,51.5499988477677,2.5));
#13482=CARTESIAN_POINT('',(39.6467709533085,51.5499988477677,2.5));
#13483=CARTESIAN_POINT('',(46.7900004127529,51.5499988477677,8.));
#13484=CARTESIAN_POINT('',(46.1499998200685,51.5499988477677,8.));
#13485=CARTESIAN_POINT('',(46.7900004127529,51.5499988477677,0.));
#13486=CARTESIAN_POINT('Origin',(46.7900004127529,50.9100024180952,0.));
#13487=CARTESIAN_POINT('',(46.7900004127529,51.7050016002031,2.5));
#13488=CARTESIAN_POINT('',(46.7900004127529,51.5499988477677,8.));
#13489=CARTESIAN_POINT('Origin',(46.4700001164107,51.2300006329315,8.));
#13490=CARTESIAN_POINT('Origin',(41.0699998200685,53.9099988477677,0.));
#13491=CARTESIAN_POINT('',(41.0699998200685,53.2700024180952,2.5));
#13492=CARTESIAN_POINT('',(41.0699998200685,53.9099988477677,2.5));
#13493=CARTESIAN_POINT('',(41.0699998200685,53.2049998150393,2.5));
#13494=CARTESIAN_POINT('',(41.0699998200685,53.2700024180952,8.));
#13495=CARTESIAN_POINT('',(41.0699998200685,53.2700024180952,0.));
#13496=CARTESIAN_POINT('',(41.0699998200685,53.9099988477677,8.));
#13497=CARTESIAN_POINT('',(41.0699998200685,53.2700024180952,8.));
#13498=CARTESIAN_POINT('',(41.0699998200685,53.9099988477677,0.));
#13499=CARTESIAN_POINT('Origin',(41.0699998200685,53.2700024180952,0.));
#13500=CARTESIAN_POINT('',(41.7100004127528,53.2700024180952,2.5));
#13501=CARTESIAN_POINT('',(36.7867706569663,53.2700024180953,2.5));
#13502=CARTESIAN_POINT('',(41.7100004127528,53.2700024180952,8.));
#13503=CARTESIAN_POINT('',(41.7100004127528,53.2700024180952,0.));
#13504=CARTESIAN_POINT('',(41.7100004127528,53.2700024180952,8.));
#13505=CARTESIAN_POINT('Origin',(41.7100004127528,53.9099988477677,0.));
#13506=CARTESIAN_POINT('',(41.7100004127528,53.9099988477677,2.5));
#13507=CARTESIAN_POINT('',(37.1067709533085,53.9099988477677,2.5));
#13508=CARTESIAN_POINT('',(41.7100004127528,53.9099988477677,8.));
#13509=CARTESIAN_POINT('',(41.0699998200685,53.9099988477677,8.));
#13510=CARTESIAN_POINT('',(41.7100004127528,53.9099988477677,0.));
#13511=CARTESIAN_POINT('Origin',(41.7100004127528,53.2700024180952,0.));
#13512=CARTESIAN_POINT('',(41.7100004127528,52.8850016002031,2.5));
#13513=CARTESIAN_POINT('',(41.7100004127528,53.9099988477677,8.));
#13514=CARTESIAN_POINT('Origin',(41.3900001164107,53.5900006329315,8.));
#13515=CARTESIAN_POINT('Origin',(51.2299998200685,53.9099988477677,0.));
#13516=CARTESIAN_POINT('',(51.2299998200685,53.2700024180952,2.5));
#13517=CARTESIAN_POINT('',(51.2299998200685,53.9099988477677,2.5));
#13518=CARTESIAN_POINT('',(51.2299998200685,53.2049998150393,2.5));
#13519=CARTESIAN_POINT('',(51.2299998200685,53.2700024180952,8.));
#13520=CARTESIAN_POINT('',(51.2299998200685,53.2700024180952,0.));
#13521=CARTESIAN_POINT('',(51.2299998200685,53.9099988477677,8.));
#13522=CARTESIAN_POINT('',(51.2299998200685,53.2700024180952,8.));
#13523=CARTESIAN_POINT('',(51.2299998200685,53.9099988477677,0.));
#13524=CARTESIAN_POINT('Origin',(51.2299998200685,53.2700024180952,0.));
#13525=CARTESIAN_POINT('',(51.8700004127528,53.2700024180952,2.5));
#13526=CARTESIAN_POINT('',(41.8667706569663,53.2700024180953,2.5));
#13527=CARTESIAN_POINT('',(51.8700004127528,53.2700024180952,8.));
#13528=CARTESIAN_POINT('',(51.8700004127528,53.2700024180952,0.));
#13529=CARTESIAN_POINT('',(51.8700004127528,53.2700024180952,8.));
#13530=CARTESIAN_POINT('Origin',(51.8700004127528,53.9099988477677,0.));
#13531=CARTESIAN_POINT('',(51.8700004127528,53.9099988477677,2.5));
#13532=CARTESIAN_POINT('',(42.1867709533085,53.9099988477677,2.5));
#13533=CARTESIAN_POINT('',(51.8700004127528,53.9099988477677,8.));
#13534=CARTESIAN_POINT('',(51.2299998200685,53.9099988477677,8.));
#13535=CARTESIAN_POINT('',(51.8700004127528,53.9099988477677,0.));
#13536=CARTESIAN_POINT('Origin',(51.8700004127528,53.2700024180952,0.));
#13537=CARTESIAN_POINT('',(51.8700004127528,52.8850016002031,2.5));
#13538=CARTESIAN_POINT('',(51.8700004127528,53.9099988477677,8.));
#13539=CARTESIAN_POINT('Origin',(51.5500001164107,53.5900006329315,8.));
#13540=CARTESIAN_POINT('Origin',(56.3099998200685,53.9099988477677,0.));
#13541=CARTESIAN_POINT('',(56.3099998200685,53.2700024180952,2.5));
#13542=CARTESIAN_POINT('',(56.3099998200685,53.9099988477677,2.5));
#13543=CARTESIAN_POINT('',(56.3099998200685,53.2049998150393,2.5));
#13544=CARTESIAN_POINT('',(56.3099998200685,53.2700024180952,8.));
#13545=CARTESIAN_POINT('',(56.3099998200685,53.2700024180952,0.));
#13546=CARTESIAN_POINT('',(56.3099998200685,53.9099988477677,8.));
#13547=CARTESIAN_POINT('',(56.3099998200685,53.2700024180952,8.));
#13548=CARTESIAN_POINT('',(56.3099998200685,53.9099988477677,0.));
#13549=CARTESIAN_POINT('Origin',(56.3099998200685,53.2700024180952,0.));
#13550=CARTESIAN_POINT('',(56.9500004127529,53.2700024180952,2.5));
#13551=CARTESIAN_POINT('',(44.4067706569663,53.2700024180953,2.5));
#13552=CARTESIAN_POINT('',(56.9500004127529,53.2700024180952,8.));
#13553=CARTESIAN_POINT('',(56.9500004127529,53.2700024180952,0.));
#13554=CARTESIAN_POINT('',(56.9500004127529,53.2700024180952,8.));
#13555=CARTESIAN_POINT('Origin',(56.9500004127529,53.9099988477677,0.));
#13556=CARTESIAN_POINT('',(56.9500004127529,53.9099988477677,2.5));
#13557=CARTESIAN_POINT('',(44.7267709533085,53.9099988477677,2.5));
#13558=CARTESIAN_POINT('',(56.9500004127529,53.9099988477677,8.));
#13559=CARTESIAN_POINT('',(56.3099998200685,53.9099988477677,8.));
#13560=CARTESIAN_POINT('',(56.9500004127529,53.9099988477677,0.));
#13561=CARTESIAN_POINT('Origin',(56.9500004127529,53.2700024180952,0.));
#13562=CARTESIAN_POINT('',(56.9500004127529,52.8850016002031,2.5));
#13563=CARTESIAN_POINT('',(56.9500004127529,53.9099988477677,8.));
#13564=CARTESIAN_POINT('Origin',(56.6300001164107,53.5900006329315,8.));
#13565=CARTESIAN_POINT('Origin',(46.1499998200685,53.9099988477677,0.));
#13566=CARTESIAN_POINT('',(46.1499998200685,53.2700024180952,2.5));
#13567=CARTESIAN_POINT('',(46.1499998200685,53.9099988477677,2.5));
#13568=CARTESIAN_POINT('',(46.1499998200685,53.2049998150393,2.5));
#13569=CARTESIAN_POINT('',(46.1499998200685,53.2700024180952,8.));
#13570=CARTESIAN_POINT('',(46.1499998200685,53.2700024180952,0.));
#13571=CARTESIAN_POINT('',(46.1499998200685,53.9099988477677,8.));
#13572=CARTESIAN_POINT('',(46.1499998200685,53.2700024180952,8.));
#13573=CARTESIAN_POINT('',(46.1499998200685,53.9099988477677,0.));
#13574=CARTESIAN_POINT('Origin',(46.1499998200685,53.2700024180952,0.));
#13575=CARTESIAN_POINT('',(46.7900004127529,53.2700024180952,2.5));
#13576=CARTESIAN_POINT('',(39.3267706569663,53.2700024180953,2.5));
#13577=CARTESIAN_POINT('',(46.7900004127529,53.2700024180952,8.));
#13578=CARTESIAN_POINT('',(46.7900004127529,53.2700024180952,0.));
#13579=CARTESIAN_POINT('',(46.7900004127529,53.2700024180952,8.));
#13580=CARTESIAN_POINT('Origin',(46.7900004127529,53.9099988477677,0.));
#13581=CARTESIAN_POINT('',(46.7900004127529,53.9099988477677,2.5));
#13582=CARTESIAN_POINT('',(39.6467709533085,53.9099988477677,2.5));
#13583=CARTESIAN_POINT('',(46.7900004127529,53.9099988477677,8.));
#13584=CARTESIAN_POINT('',(46.1499998200685,53.9099988477677,8.));
#13585=CARTESIAN_POINT('',(46.7900004127529,53.9099988477677,0.));
#13586=CARTESIAN_POINT('Origin',(46.7900004127529,53.2700024180952,0.));
#13587=CARTESIAN_POINT('',(46.7900004127529,52.8850016002031,2.5));
#13588=CARTESIAN_POINT('',(46.7900004127529,53.9099988477677,8.));
#13589=CARTESIAN_POINT('Origin',(46.4700001164107,53.5900006329315,8.));
#13590=CARTESIAN_POINT('Origin',(51.2299998200685,51.5499988477677,0.));
#13591=CARTESIAN_POINT('',(51.2299998200685,50.9100024180952,2.5));
#13592=CARTESIAN_POINT('',(51.2299998200685,51.5499988477677,2.5));
#13593=CARTESIAN_POINT('',(51.2299998200685,52.0249998150393,2.5));
#13594=CARTESIAN_POINT('',(51.2299998200685,50.9100024180952,8.));
#13595=CARTESIAN_POINT('',(51.2299998200685,50.9100024180952,0.));
#13596=CARTESIAN_POINT('',(51.2299998200685,51.5499988477677,8.));
#13597=CARTESIAN_POINT('',(51.2299998200685,50.9100024180952,8.));
#13598=CARTESIAN_POINT('',(51.2299998200685,51.5499988477677,0.));
#13599=CARTESIAN_POINT('Origin',(51.2299998200685,50.9100024180952,0.));
#13600=CARTESIAN_POINT('',(51.8700004127528,50.9100024180952,2.5));
#13601=CARTESIAN_POINT('',(41.8667706569663,50.9100024180952,2.5));
#13602=CARTESIAN_POINT('',(51.8700004127528,50.9100024180952,8.));
#13603=CARTESIAN_POINT('',(51.8700004127528,50.9100024180952,0.));
#13604=CARTESIAN_POINT('',(51.8700004127528,50.9100024180952,8.));
#13605=CARTESIAN_POINT('Origin',(51.8700004127528,51.5499988477677,0.));
#13606=CARTESIAN_POINT('',(51.8700004127528,51.5499988477677,2.5));
#13607=CARTESIAN_POINT('',(42.1867709533085,51.5499988477677,2.5));
#13608=CARTESIAN_POINT('',(51.8700004127528,51.5499988477677,8.));
#13609=CARTESIAN_POINT('',(51.2299998200685,51.5499988477677,8.));
#13610=CARTESIAN_POINT('',(51.8700004127528,51.5499988477677,0.));
#13611=CARTESIAN_POINT('Origin',(51.8700004127528,50.9100024180952,0.));
#13612=CARTESIAN_POINT('',(51.8700004127528,51.7050016002031,2.5));
#13613=CARTESIAN_POINT('',(51.8700004127528,51.5499988477677,8.));
#13614=CARTESIAN_POINT('Origin',(51.5500001164107,51.2300006329315,8.));
#13615=CARTESIAN_POINT('Origin',(41.0699998200685,51.5499988477677,0.));
#13616=CARTESIAN_POINT('',(41.0699998200685,50.9100024180952,2.5));
#13617=CARTESIAN_POINT('',(41.0699998200685,51.5499988477677,2.5));
#13618=CARTESIAN_POINT('',(41.0699998200685,52.0249998150393,2.5));
#13619=CARTESIAN_POINT('',(41.0699998200685,50.9100024180952,8.));
#13620=CARTESIAN_POINT('',(41.0699998200685,50.9100024180952,0.));
#13621=CARTESIAN_POINT('',(41.0699998200685,51.5499988477677,8.));
#13622=CARTESIAN_POINT('',(41.0699998200685,50.9100024180952,8.));
#13623=CARTESIAN_POINT('',(41.0699998200685,51.5499988477677,0.));
#13624=CARTESIAN_POINT('Origin',(41.0699998200685,50.9100024180952,0.));
#13625=CARTESIAN_POINT('',(41.7100004127528,50.9100024180952,2.5));
#13626=CARTESIAN_POINT('',(36.7867706569663,50.9100024180952,2.5));
#13627=CARTESIAN_POINT('',(41.7100004127528,50.9100024180952,8.));
#13628=CARTESIAN_POINT('',(41.7100004127528,50.9100024180952,0.));
#13629=CARTESIAN_POINT('',(41.7100004127528,50.9100024180952,8.));
#13630=CARTESIAN_POINT('Origin',(41.7100004127528,51.5499988477677,0.));
#13631=CARTESIAN_POINT('',(41.7100004127528,51.5499988477677,2.5));
#13632=CARTESIAN_POINT('',(37.1067709533085,51.5499988477677,2.5));
#13633=CARTESIAN_POINT('',(41.7100004127528,51.5499988477677,8.));
#13634=CARTESIAN_POINT('',(41.0699998200685,51.5499988477677,8.));
#13635=CARTESIAN_POINT('',(41.7100004127528,51.5499988477677,0.));
#13636=CARTESIAN_POINT('Origin',(41.7100004127528,50.9100024180952,0.));
#13637=CARTESIAN_POINT('',(41.7100004127528,51.7050016002031,2.5));
#13638=CARTESIAN_POINT('',(41.7100004127528,51.5499988477677,8.));
#13639=CARTESIAN_POINT('Origin',(41.3900001164107,51.2300006329315,8.));
#13640=CARTESIAN_POINT('Origin',(30.9099998200685,53.9099988477677,0.));
#13641=CARTESIAN_POINT('',(30.9099998200685,53.2700024180952,2.5));
#13642=CARTESIAN_POINT('',(30.9099998200685,53.9099988477677,2.5));
#13643=CARTESIAN_POINT('',(30.9099998200685,53.2049998150393,2.5));
#13644=CARTESIAN_POINT('',(30.9099998200685,53.2700024180952,8.));
#13645=CARTESIAN_POINT('',(30.9099998200685,53.2700024180952,0.));
#13646=CARTESIAN_POINT('',(30.9099998200685,53.9099988477677,8.));
#13647=CARTESIAN_POINT('',(30.9099998200685,53.2700024180952,8.));
#13648=CARTESIAN_POINT('',(30.9099998200685,53.9099988477677,0.));
#13649=CARTESIAN_POINT('Origin',(30.9099998200685,53.2700024180952,0.));
#13650=CARTESIAN_POINT('',(31.5500004127529,53.2700024180952,2.5));
#13651=CARTESIAN_POINT('',(31.7067706569663,53.2700024180953,2.5));
#13652=CARTESIAN_POINT('',(31.5500004127529,53.2700024180952,8.));
#13653=CARTESIAN_POINT('',(31.5500004127529,53.2700024180952,0.));
#13654=CARTESIAN_POINT('',(31.5500004127529,53.2700024180952,8.));
#13655=CARTESIAN_POINT('Origin',(31.5500004127529,53.9099988477677,0.));
#13656=CARTESIAN_POINT('',(31.5500004127529,53.9099988477677,2.5));
#13657=CARTESIAN_POINT('',(32.0267709533085,53.9099988477677,2.5));
#13658=CARTESIAN_POINT('',(31.5500004127529,53.9099988477677,8.));
#13659=CARTESIAN_POINT('',(30.9099998200685,53.9099988477677,8.));
#13660=CARTESIAN_POINT('',(31.5500004127529,53.9099988477677,0.));
#13661=CARTESIAN_POINT('Origin',(31.5500004127529,53.2700024180952,0.));
#13662=CARTESIAN_POINT('',(31.5500004127529,52.8850016002031,2.5));
#13663=CARTESIAN_POINT('',(31.5500004127529,53.9099988477677,8.));
#13664=CARTESIAN_POINT('Origin',(31.2300001164107,53.5900006329315,8.));
#13665=CARTESIAN_POINT('Origin',(33.4499998200685,51.5499988477677,0.));
#13666=CARTESIAN_POINT('',(33.4499998200685,50.9100024180952,2.5));
#13667=CARTESIAN_POINT('',(33.4499998200685,51.5499988477677,2.5));
#13668=CARTESIAN_POINT('',(33.4499998200685,52.0249998150393,2.5));
#13669=CARTESIAN_POINT('',(33.4499998200685,50.9100024180952,8.));
#13670=CARTESIAN_POINT('',(33.4499998200685,50.9100024180952,0.));
#13671=CARTESIAN_POINT('',(33.4499998200685,51.5499988477677,8.));
#13672=CARTESIAN_POINT('',(33.4499998200685,50.9100024180952,8.));
#13673=CARTESIAN_POINT('',(33.4499998200685,51.5499988477677,0.));
#13674=CARTESIAN_POINT('Origin',(33.4499998200685,50.9100024180952,0.));
#13675=CARTESIAN_POINT('',(34.0900004127529,50.9100024180952,2.5));
#13676=CARTESIAN_POINT('',(32.9767706569664,50.9100024180952,2.5));
#13677=CARTESIAN_POINT('',(34.0900004127529,50.9100024180952,8.));
#13678=CARTESIAN_POINT('',(34.0900004127529,50.9100024180952,0.));
#13679=CARTESIAN_POINT('',(34.0900004127529,50.9100024180952,8.));
#13680=CARTESIAN_POINT('Origin',(34.0900004127529,51.5499988477677,0.));
#13681=CARTESIAN_POINT('',(34.0900004127529,51.5499988477677,2.5));
#13682=CARTESIAN_POINT('',(33.2967709533085,51.5499988477677,2.5));
#13683=CARTESIAN_POINT('',(34.0900004127529,51.5499988477677,8.));
#13684=CARTESIAN_POINT('',(33.4499998200685,51.5499988477677,8.));
#13685=CARTESIAN_POINT('',(34.0900004127529,51.5499988477677,0.));
#13686=CARTESIAN_POINT('Origin',(34.0900004127529,50.9100024180952,0.));
#13687=CARTESIAN_POINT('',(34.0900004127529,51.7050016002031,2.5));
#13688=CARTESIAN_POINT('',(34.0900004127529,51.5499988477677,8.));
#13689=CARTESIAN_POINT('Origin',(33.7700001164107,51.2300006329315,8.));
#13690=CARTESIAN_POINT('Origin',(23.2899998200685,53.9099988477677,0.));
#13691=CARTESIAN_POINT('',(23.2899998200685,53.2700024180952,2.5));
#13692=CARTESIAN_POINT('',(23.2899998200685,53.9099988477677,2.5));
#13693=CARTESIAN_POINT('',(23.2899998200685,53.2049998150393,2.5));
#13694=CARTESIAN_POINT('',(23.2899998200685,53.2700024180952,8.));
#13695=CARTESIAN_POINT('',(23.2899998200685,53.2700024180952,0.));
#13696=CARTESIAN_POINT('',(23.2899998200685,53.9099988477677,8.));
#13697=CARTESIAN_POINT('',(23.2899998200685,53.2700024180952,8.));
#13698=CARTESIAN_POINT('',(23.2899998200685,53.9099988477677,0.));
#13699=CARTESIAN_POINT('Origin',(23.2899998200685,53.2700024180952,0.));
#13700=CARTESIAN_POINT('',(23.9300004127529,53.2700024180952,2.5));
#13701=CARTESIAN_POINT('',(27.8967706569663,53.2700024180953,2.5));
#13702=CARTESIAN_POINT('',(23.9300004127529,53.2700024180952,8.));
#13703=CARTESIAN_POINT('',(23.9300004127529,53.2700024180952,0.));
#13704=CARTESIAN_POINT('',(23.9300004127529,53.2700024180952,8.));
#13705=CARTESIAN_POINT('Origin',(23.9300004127529,53.9099988477677,0.));
#13706=CARTESIAN_POINT('',(23.9300004127529,53.9099988477677,2.5));
#13707=CARTESIAN_POINT('',(28.2167709533085,53.9099988477677,2.5));
#13708=CARTESIAN_POINT('',(23.9300004127529,53.9099988477677,8.));
#13709=CARTESIAN_POINT('',(23.2899998200685,53.9099988477677,8.));
#13710=CARTESIAN_POINT('',(23.9300004127529,53.9099988477677,0.));
#13711=CARTESIAN_POINT('Origin',(23.9300004127529,53.2700024180952,0.));
#13712=CARTESIAN_POINT('',(23.9300004127529,52.8850016002031,2.5));
#13713=CARTESIAN_POINT('',(23.9300004127529,53.9099988477677,8.));
#13714=CARTESIAN_POINT('Origin',(23.6100001164107,53.5900006329315,8.));
#13715=CARTESIAN_POINT('Origin',(20.7499998200685,51.5499988477677,0.));
#13716=CARTESIAN_POINT('',(20.7499998200685,50.9100024180952,2.5));
#13717=CARTESIAN_POINT('',(20.7499998200685,51.5499988477677,2.5));
#13718=CARTESIAN_POINT('',(20.7499998200685,52.0249998150393,2.5));
#13719=CARTESIAN_POINT('',(20.7499998200685,50.9100024180952,8.));
#13720=CARTESIAN_POINT('',(20.7499998200685,50.9100024180952,0.));
#13721=CARTESIAN_POINT('',(20.7499998200685,51.5499988477677,8.));
#13722=CARTESIAN_POINT('',(20.7499998200685,50.9100024180952,8.));
#13723=CARTESIAN_POINT('',(20.7499998200685,51.5499988477677,0.));
#13724=CARTESIAN_POINT('Origin',(20.7499998200685,50.9100024180952,0.));
#13725=CARTESIAN_POINT('',(21.3900004127529,50.9100024180952,2.5));
#13726=CARTESIAN_POINT('',(26.6267706569663,50.9100024180952,2.5));
#13727=CARTESIAN_POINT('',(21.3900004127529,50.9100024180952,8.));
#13728=CARTESIAN_POINT('',(21.3900004127529,50.9100024180952,0.));
#13729=CARTESIAN_POINT('',(21.3900004127529,50.9100024180952,8.));
#13730=CARTESIAN_POINT('Origin',(21.3900004127529,51.5499988477677,0.));
#13731=CARTESIAN_POINT('',(21.3900004127529,51.5499988477677,2.5));
#13732=CARTESIAN_POINT('',(26.9467709533085,51.5499988477677,2.5));
#13733=CARTESIAN_POINT('',(21.3900004127529,51.5499988477677,8.));
#13734=CARTESIAN_POINT('',(20.7499998200685,51.5499988477677,8.));
#13735=CARTESIAN_POINT('',(21.3900004127529,51.5499988477677,0.));
#13736=CARTESIAN_POINT('Origin',(21.3900004127529,50.9100024180952,0.));
#13737=CARTESIAN_POINT('',(21.3900004127529,51.7050016002031,2.5));
#13738=CARTESIAN_POINT('',(21.3900004127529,51.5499988477677,8.));
#13739=CARTESIAN_POINT('Origin',(21.0700001164107,51.2300006329315,8.));
#13740=CARTESIAN_POINT('Origin',(15.6699998200685,51.5499988477677,0.));
#13741=CARTESIAN_POINT('',(15.6699998200685,50.9100024180952,2.5));
#13742=CARTESIAN_POINT('',(15.6699998200685,51.5499988477677,2.5));
#13743=CARTESIAN_POINT('',(15.6699998200685,52.0249998150393,2.5));
#13744=CARTESIAN_POINT('',(15.6699998200685,50.9100024180952,8.));
#13745=CARTESIAN_POINT('',(15.6699998200685,50.9100024180952,0.));
#13746=CARTESIAN_POINT('',(15.6699998200685,51.5499988477677,8.));
#13747=CARTESIAN_POINT('',(15.6699998200685,50.9100024180952,8.));
#13748=CARTESIAN_POINT('',(15.6699998200685,51.5499988477677,0.));
#13749=CARTESIAN_POINT('Origin',(15.6699998200685,50.9100024180952,0.));
#13750=CARTESIAN_POINT('',(16.3100004127529,50.9100024180952,2.5));
#13751=CARTESIAN_POINT('',(24.0867706569663,50.9100024180952,2.5));
#13752=CARTESIAN_POINT('',(16.3100004127529,50.9100024180952,8.));
#13753=CARTESIAN_POINT('',(16.3100004127529,50.9100024180952,0.));
#13754=CARTESIAN_POINT('',(16.3100004127529,50.9100024180952,8.));
#13755=CARTESIAN_POINT('Origin',(16.3100004127529,51.5499988477677,0.));
#13756=CARTESIAN_POINT('',(16.3100004127529,51.5499988477677,2.5));
#13757=CARTESIAN_POINT('',(24.4067709533085,51.5499988477677,2.5));
#13758=CARTESIAN_POINT('',(16.3100004127529,51.5499988477677,8.));
#13759=CARTESIAN_POINT('',(15.6699998200685,51.5499988477677,8.));
#13760=CARTESIAN_POINT('',(16.3100004127529,51.5499988477677,0.));
#13761=CARTESIAN_POINT('Origin',(16.3100004127529,50.9100024180952,0.));
#13762=CARTESIAN_POINT('',(16.3100004127529,51.7050016002031,2.5));
#13763=CARTESIAN_POINT('',(16.3100004127529,51.5499988477677,8.));
#13764=CARTESIAN_POINT('Origin',(15.9900001164107,51.2300006329315,8.));
#13765=CARTESIAN_POINT('Origin',(10.5899998200685,51.5499988477677,0.));
#13766=CARTESIAN_POINT('',(10.5899998200685,50.9100024180952,2.5));
#13767=CARTESIAN_POINT('',(10.5899998200685,51.5499988477677,2.5));
#13768=CARTESIAN_POINT('',(10.5899998200685,52.0249998150393,2.5));
#13769=CARTESIAN_POINT('',(10.5899998200685,50.9100024180952,8.));
#13770=CARTESIAN_POINT('',(10.5899998200685,50.9100024180952,0.));
#13771=CARTESIAN_POINT('',(10.5899998200685,51.5499988477677,8.));
#13772=CARTESIAN_POINT('',(10.5899998200685,50.9100024180952,8.));
#13773=CARTESIAN_POINT('',(10.5899998200685,51.5499988477677,0.));
#13774=CARTESIAN_POINT('Origin',(10.5899998200685,50.9100024180952,0.));
#13775=CARTESIAN_POINT('',(11.2300004127529,50.9100024180952,2.5));
#13776=CARTESIAN_POINT('',(21.5467706569663,50.9100024180952,2.5));
#13777=CARTESIAN_POINT('',(11.2300004127529,50.9100024180952,8.));
#13778=CARTESIAN_POINT('',(11.2300004127529,50.9100024180952,0.));
#13779=CARTESIAN_POINT('',(11.2300004127529,50.9100024180952,8.));
#13780=CARTESIAN_POINT('Origin',(11.2300004127529,51.5499988477677,0.));
#13781=CARTESIAN_POINT('',(11.2300004127529,51.5499988477677,2.5));
#13782=CARTESIAN_POINT('',(21.8667709533085,51.5499988477677,2.5));
#13783=CARTESIAN_POINT('',(11.2300004127529,51.5499988477677,8.));
#13784=CARTESIAN_POINT('',(10.5899998200685,51.5499988477677,8.));
#13785=CARTESIAN_POINT('',(11.2300004127529,51.5499988477677,0.));
#13786=CARTESIAN_POINT('Origin',(11.2300004127529,50.9100024180952,0.));
#13787=CARTESIAN_POINT('',(11.2300004127529,51.7050016002031,2.5));
#13788=CARTESIAN_POINT('',(11.2300004127529,51.5499988477677,8.));
#13789=CARTESIAN_POINT('Origin',(10.9100001164107,51.2300006329315,8.));
#13790=CARTESIAN_POINT('Origin',(8.04999982006848,53.9099988477677,0.));
#13791=CARTESIAN_POINT('',(8.04999982006848,53.2700024180952,2.5));
#13792=CARTESIAN_POINT('',(8.04999982006848,53.9099988477677,2.5));
#13793=CARTESIAN_POINT('',(8.04999982006848,53.2049998150393,2.5));
#13794=CARTESIAN_POINT('',(8.04999982006848,53.2700024180952,8.));
#13795=CARTESIAN_POINT('',(8.04999982006848,53.2700024180952,0.));
#13796=CARTESIAN_POINT('',(8.04999982006848,53.9099988477677,8.));
#13797=CARTESIAN_POINT('',(8.04999982006848,53.2700024180952,8.));
#13798=CARTESIAN_POINT('',(8.04999982006848,53.9099988477677,0.));
#13799=CARTESIAN_POINT('Origin',(8.04999982006848,53.2700024180952,0.));
#13800=CARTESIAN_POINT('',(8.69000041275285,53.2700024180952,2.5));
#13801=CARTESIAN_POINT('',(20.2767706569663,53.2700024180953,2.5));
#13802=CARTESIAN_POINT('',(8.69000041275285,53.2700024180952,8.));
#13803=CARTESIAN_POINT('',(8.69000041275285,53.2700024180952,0.));
#13804=CARTESIAN_POINT('',(8.69000041275285,53.2700024180952,8.));
#13805=CARTESIAN_POINT('Origin',(8.69000041275285,53.9099988477677,0.));
#13806=CARTESIAN_POINT('',(8.69000041275285,53.9099988477677,2.5));
#13807=CARTESIAN_POINT('',(20.5967709533085,53.9099988477677,2.5));
#13808=CARTESIAN_POINT('',(8.69000041275285,53.9099988477677,8.));
#13809=CARTESIAN_POINT('',(8.04999982006848,53.9099988477677,8.));
#13810=CARTESIAN_POINT('',(8.69000041275285,53.9099988477677,0.));
#13811=CARTESIAN_POINT('Origin',(8.69000041275285,53.2700024180952,0.));
#13812=CARTESIAN_POINT('',(8.69000041275285,52.8850016002031,2.5));
#13813=CARTESIAN_POINT('',(8.69000041275285,53.9099988477677,8.));
#13814=CARTESIAN_POINT('Origin',(8.37000011641067,53.5900006329315,8.));
#13815=CARTESIAN_POINT('Origin',(13.1299998200685,53.9099988477677,0.));
#13816=CARTESIAN_POINT('',(13.1299998200685,53.2700024180952,2.5));
#13817=CARTESIAN_POINT('',(13.1299998200685,53.9099988477677,2.5));
#13818=CARTESIAN_POINT('',(13.1299998200685,53.2049998150393,2.5));
#13819=CARTESIAN_POINT('',(13.1299998200685,53.2700024180952,8.));
#13820=CARTESIAN_POINT('',(13.1299998200685,53.2700024180952,0.));
#13821=CARTESIAN_POINT('',(13.1299998200685,53.9099988477677,8.));
#13822=CARTESIAN_POINT('',(13.1299998200685,53.2700024180952,8.));
#13823=CARTESIAN_POINT('',(13.1299998200685,53.9099988477677,0.));
#13824=CARTESIAN_POINT('Origin',(13.1299998200685,53.2700024180952,0.));
#13825=CARTESIAN_POINT('',(13.7700004127529,53.2700024180952,2.5));
#13826=CARTESIAN_POINT('',(22.8167706569663,53.2700024180953,2.5));
#13827=CARTESIAN_POINT('',(13.7700004127529,53.2700024180952,8.));
#13828=CARTESIAN_POINT('',(13.7700004127529,53.2700024180952,0.));
#13829=CARTESIAN_POINT('',(13.7700004127529,53.2700024180952,8.));
#13830=CARTESIAN_POINT('Origin',(13.7700004127529,53.9099988477677,0.));
#13831=CARTESIAN_POINT('',(13.7700004127529,53.9099988477677,2.5));
#13832=CARTESIAN_POINT('',(23.1367709533085,53.9099988477677,2.5));
#13833=CARTESIAN_POINT('',(13.7700004127529,53.9099988477677,8.));
#13834=CARTESIAN_POINT('',(13.1299998200685,53.9099988477677,8.));
#13835=CARTESIAN_POINT('',(13.7700004127529,53.9099988477677,0.));
#13836=CARTESIAN_POINT('Origin',(13.7700004127529,53.2700024180952,0.));
#13837=CARTESIAN_POINT('',(13.7700004127529,52.8850016002031,2.5));
#13838=CARTESIAN_POINT('',(13.7700004127529,53.9099988477677,8.));
#13839=CARTESIAN_POINT('Origin',(13.4500001164107,53.5900006329315,8.));
#13840=CARTESIAN_POINT('Origin',(18.2099998200685,53.9099988477677,0.));
#13841=CARTESIAN_POINT('',(18.2099998200685,53.2700024180952,2.5));
#13842=CARTESIAN_POINT('',(18.2099998200685,53.9099988477677,2.5));
#13843=CARTESIAN_POINT('',(18.2099998200685,53.2049998150393,2.5));
#13844=CARTESIAN_POINT('',(18.2099998200685,53.2700024180952,8.));
#13845=CARTESIAN_POINT('',(18.2099998200685,53.2700024180952,0.));
#13846=CARTESIAN_POINT('',(18.2099998200685,53.9099988477677,8.));
#13847=CARTESIAN_POINT('',(18.2099998200685,53.2700024180952,8.));
#13848=CARTESIAN_POINT('',(18.2099998200685,53.9099988477677,0.));
#13849=CARTESIAN_POINT('Origin',(18.2099998200685,53.2700024180952,0.));
#13850=CARTESIAN_POINT('',(18.8500004127529,53.2700024180952,2.5));
#13851=CARTESIAN_POINT('',(25.3567706569663,53.2700024180953,2.5));
#13852=CARTESIAN_POINT('',(18.8500004127529,53.2700024180952,8.));
#13853=CARTESIAN_POINT('',(18.8500004127529,53.2700024180952,0.));
#13854=CARTESIAN_POINT('',(18.8500004127529,53.2700024180952,8.));
#13855=CARTESIAN_POINT('Origin',(18.8500004127529,53.9099988477677,0.));
#13856=CARTESIAN_POINT('',(18.8500004127529,53.9099988477677,2.5));
#13857=CARTESIAN_POINT('',(25.6767709533085,53.9099988477677,2.5));
#13858=CARTESIAN_POINT('',(18.8500004127529,53.9099988477677,8.));
#13859=CARTESIAN_POINT('',(18.2099998200685,53.9099988477677,8.));
#13860=CARTESIAN_POINT('',(18.8500004127529,53.9099988477677,0.));
#13861=CARTESIAN_POINT('Origin',(18.8500004127529,53.2700024180952,0.));
#13862=CARTESIAN_POINT('',(18.8500004127528,52.8850016002031,2.5));
#13863=CARTESIAN_POINT('',(18.8500004127529,53.9099988477677,8.));
#13864=CARTESIAN_POINT('Origin',(18.5300001164107,53.5900006329315,8.));
#13865=CARTESIAN_POINT('Origin',(20.7499998200685,53.9099988477677,0.));
#13866=CARTESIAN_POINT('',(20.7499998200685,53.2700024180952,2.5));
#13867=CARTESIAN_POINT('',(20.7499998200685,53.9099988477677,2.5));
#13868=CARTESIAN_POINT('',(20.7499998200685,53.2049998150393,2.5));
#13869=CARTESIAN_POINT('',(20.7499998200685,53.2700024180952,8.));
#13870=CARTESIAN_POINT('',(20.7499998200685,53.2700024180952,0.));
#13871=CARTESIAN_POINT('',(20.7499998200685,53.9099988477677,8.));
#13872=CARTESIAN_POINT('',(20.7499998200685,53.2700024180952,8.));
#13873=CARTESIAN_POINT('',(20.7499998200685,53.9099988477677,0.));
#13874=CARTESIAN_POINT('Origin',(20.7499998200685,53.2700024180952,0.));
#13875=CARTESIAN_POINT('',(21.3900004127529,53.2700024180952,2.5));
#13876=CARTESIAN_POINT('',(26.6267706569663,53.2700024180953,2.5));
#13877=CARTESIAN_POINT('',(21.3900004127529,53.2700024180952,8.));
#13878=CARTESIAN_POINT('',(21.3900004127529,53.2700024180952,0.));
#13879=CARTESIAN_POINT('',(21.3900004127529,53.2700024180952,8.));
#13880=CARTESIAN_POINT('Origin',(21.3900004127529,53.9099988477677,0.));
#13881=CARTESIAN_POINT('',(21.3900004127529,53.9099988477677,2.5));
#13882=CARTESIAN_POINT('',(26.9467709533085,53.9099988477677,2.5));
#13883=CARTESIAN_POINT('',(21.3900004127529,53.9099988477677,8.));
#13884=CARTESIAN_POINT('',(20.7499998200685,53.9099988477677,8.));
#13885=CARTESIAN_POINT('',(21.3900004127529,53.9099988477677,0.));
#13886=CARTESIAN_POINT('Origin',(21.3900004127529,53.2700024180952,0.));
#13887=CARTESIAN_POINT('',(21.3900004127529,52.8850016002031,2.5));
#13888=CARTESIAN_POINT('',(21.3900004127529,53.9099988477677,8.));
#13889=CARTESIAN_POINT('Origin',(21.0700001164107,53.5900006329315,8.));
#13890=CARTESIAN_POINT('Origin',(30.9099998200685,51.5499988477677,0.));
#13891=CARTESIAN_POINT('',(30.9099998200685,50.9100024180952,2.5));
#13892=CARTESIAN_POINT('',(30.9099998200685,51.5499988477677,2.5));
#13893=CARTESIAN_POINT('',(30.9099998200685,52.0249998150393,2.5));
#13894=CARTESIAN_POINT('',(30.9099998200685,50.9100024180952,8.));
#13895=CARTESIAN_POINT('',(30.9099998200685,50.9100024180952,0.));
#13896=CARTESIAN_POINT('',(30.9099998200685,51.5499988477677,8.));
#13897=CARTESIAN_POINT('',(30.9099998200685,50.9100024180952,8.));
#13898=CARTESIAN_POINT('',(30.9099998200685,51.5499988477677,0.));
#13899=CARTESIAN_POINT('Origin',(30.9099998200685,50.9100024180952,0.));
#13900=CARTESIAN_POINT('',(31.5500004127529,50.9100024180952,2.5));
#13901=CARTESIAN_POINT('',(31.7067706569663,50.9100024180952,2.5));
#13902=CARTESIAN_POINT('',(31.5500004127529,50.9100024180952,8.));
#13903=CARTESIAN_POINT('',(31.5500004127529,50.9100024180952,0.));
#13904=CARTESIAN_POINT('',(31.5500004127529,50.9100024180952,8.));
#13905=CARTESIAN_POINT('Origin',(31.5500004127529,51.5499988477677,0.));
#13906=CARTESIAN_POINT('',(31.5500004127529,51.5499988477677,2.5));
#13907=CARTESIAN_POINT('',(32.0267709533085,51.5499988477677,2.5));
#13908=CARTESIAN_POINT('',(31.5500004127529,51.5499988477677,8.));
#13909=CARTESIAN_POINT('',(30.9099998200685,51.5499988477677,8.));
#13910=CARTESIAN_POINT('',(31.5500004127529,51.5499988477677,0.));
#13911=CARTESIAN_POINT('Origin',(31.5500004127529,50.9100024180952,0.));
#13912=CARTESIAN_POINT('',(31.5500004127529,51.7050016002031,2.5));
#13913=CARTESIAN_POINT('',(31.5500004127529,51.5499988477677,8.));
#13914=CARTESIAN_POINT('Origin',(31.2300001164107,51.2300006329315,8.));
#13915=CARTESIAN_POINT('Origin',(28.3699998200685,53.9099988477677,0.));
#13916=CARTESIAN_POINT('',(28.3699998200685,53.2700024180952,2.5));
#13917=CARTESIAN_POINT('',(28.3699998200685,53.9099988477677,2.5));
#13918=CARTESIAN_POINT('',(28.3699998200685,53.2049998150393,2.5));
#13919=CARTESIAN_POINT('',(28.3699998200685,53.2700024180952,8.));
#13920=CARTESIAN_POINT('',(28.3699998200685,53.2700024180952,0.));
#13921=CARTESIAN_POINT('',(28.3699998200685,53.9099988477677,8.));
#13922=CARTESIAN_POINT('',(28.3699998200685,53.2700024180952,8.));
#13923=CARTESIAN_POINT('',(28.3699998200685,53.9099988477677,0.));
#13924=CARTESIAN_POINT('Origin',(28.3699998200685,53.2700024180952,0.));
#13925=CARTESIAN_POINT('',(29.0100004127529,53.2700024180952,2.5));
#13926=CARTESIAN_POINT('',(30.4367706569663,53.2700024180953,2.5));
#13927=CARTESIAN_POINT('',(29.0100004127529,53.2700024180952,8.));
#13928=CARTESIAN_POINT('',(29.0100004127529,53.2700024180952,0.));
#13929=CARTESIAN_POINT('',(29.0100004127529,53.2700024180952,8.));
#13930=CARTESIAN_POINT('Origin',(29.0100004127529,53.9099988477677,0.));
#13931=CARTESIAN_POINT('',(29.0100004127529,53.9099988477677,2.5));
#13932=CARTESIAN_POINT('',(30.7567709533085,53.9099988477677,2.5));
#13933=CARTESIAN_POINT('',(29.0100004127529,53.9099988477677,8.));
#13934=CARTESIAN_POINT('',(28.3699998200685,53.9099988477677,8.));
#13935=CARTESIAN_POINT('',(29.0100004127529,53.9099988477677,0.));
#13936=CARTESIAN_POINT('Origin',(29.0100004127529,53.2700024180952,0.));
#13937=CARTESIAN_POINT('',(29.0100004127529,52.8850016002031,2.5));
#13938=CARTESIAN_POINT('',(29.0100004127529,53.9099988477677,8.));
#13939=CARTESIAN_POINT('Origin',(28.6900001164107,53.5900006329315,8.));
#13940=CARTESIAN_POINT('Origin',(38.5299998200685,53.9099988477677,0.));
#13941=CARTESIAN_POINT('',(38.5299998200685,53.2700024180952,2.5));
#13942=CARTESIAN_POINT('',(38.5299998200685,53.9099988477677,2.5));
#13943=CARTESIAN_POINT('',(38.5299998200685,53.2049998150393,2.5));
#13944=CARTESIAN_POINT('',(38.5299998200685,53.2700024180952,8.));
#13945=CARTESIAN_POINT('',(38.5299998200685,53.2700024180952,0.));
#13946=CARTESIAN_POINT('',(38.5299998200685,53.9099988477677,8.));
#13947=CARTESIAN_POINT('',(38.5299998200685,53.2700024180952,8.));
#13948=CARTESIAN_POINT('',(38.5299998200685,53.9099988477677,0.));
#13949=CARTESIAN_POINT('Origin',(38.5299998200685,53.2700024180952,0.));
#13950=CARTESIAN_POINT('',(39.1700004127529,53.2700024180952,2.5));
#13951=CARTESIAN_POINT('',(35.5167706569663,53.2700024180953,2.5));
#13952=CARTESIAN_POINT('',(39.1700004127529,53.2700024180952,8.));
#13953=CARTESIAN_POINT('',(39.1700004127529,53.2700024180952,0.));
#13954=CARTESIAN_POINT('',(39.1700004127529,53.2700024180952,8.));
#13955=CARTESIAN_POINT('Origin',(39.1700004127529,53.9099988477677,0.));
#13956=CARTESIAN_POINT('',(39.1700004127529,53.9099988477677,2.5));
#13957=CARTESIAN_POINT('',(35.8367709533085,53.9099988477677,2.5));
#13958=CARTESIAN_POINT('',(39.1700004127529,53.9099988477677,8.));
#13959=CARTESIAN_POINT('',(38.5299998200685,53.9099988477677,8.));
#13960=CARTESIAN_POINT('',(39.1700004127529,53.9099988477677,0.));
#13961=CARTESIAN_POINT('Origin',(39.1700004127529,53.2700024180952,0.));
#13962=CARTESIAN_POINT('',(39.1700004127529,52.8850016002031,2.5));
#13963=CARTESIAN_POINT('',(39.1700004127529,53.9099988477677,8.));
#13964=CARTESIAN_POINT('Origin',(38.8500001164107,53.5900006329315,8.));
#13965=CARTESIAN_POINT('Origin',(48.6899998200685,51.5499988477677,0.));
#13966=CARTESIAN_POINT('',(48.6899998200685,50.9100024180952,2.5));
#13967=CARTESIAN_POINT('',(48.6899998200685,51.5499988477677,2.5));
#13968=CARTESIAN_POINT('',(48.6899998200685,52.0249998150393,2.5));
#13969=CARTESIAN_POINT('',(48.6899998200685,50.9100024180952,8.));
#13970=CARTESIAN_POINT('',(48.6899998200685,50.9100024180952,0.));
#13971=CARTESIAN_POINT('',(48.6899998200685,51.5499988477677,8.));
#13972=CARTESIAN_POINT('',(48.6899998200685,50.9100024180952,8.));
#13973=CARTESIAN_POINT('',(48.6899998200685,51.5499988477677,0.));
#13974=CARTESIAN_POINT('Origin',(48.6899998200685,50.9100024180952,0.));
#13975=CARTESIAN_POINT('',(49.3300004127529,50.9100024180952,2.5));
#13976=CARTESIAN_POINT('',(40.5967706569663,50.9100024180952,2.5));
#13977=CARTESIAN_POINT('',(49.3300004127529,50.9100024180952,8.));
#13978=CARTESIAN_POINT('',(49.3300004127529,50.9100024180952,0.));
#13979=CARTESIAN_POINT('',(49.3300004127529,50.9100024180952,8.));
#13980=CARTESIAN_POINT('Origin',(49.3300004127529,51.5499988477677,0.));
#13981=CARTESIAN_POINT('',(49.3300004127529,51.5499988477677,2.5));
#13982=CARTESIAN_POINT('',(40.9167709533085,51.5499988477677,2.5));
#13983=CARTESIAN_POINT('',(49.3300004127529,51.5499988477677,8.));
#13984=CARTESIAN_POINT('',(48.6899998200685,51.5499988477677,8.));
#13985=CARTESIAN_POINT('',(49.3300004127529,51.5499988477677,0.));
#13986=CARTESIAN_POINT('Origin',(49.3300004127529,50.9100024180952,0.));
#13987=CARTESIAN_POINT('',(49.3300004127529,51.7050016002031,2.5));
#13988=CARTESIAN_POINT('',(49.3300004127529,51.5499988477677,8.));
#13989=CARTESIAN_POINT('Origin',(49.0100001164107,51.2300006329315,8.));
#13990=CARTESIAN_POINT('Origin',(43.6099998200685,53.9099988477677,0.));
#13991=CARTESIAN_POINT('',(43.6099998200685,53.2700024180952,2.5));
#13992=CARTESIAN_POINT('',(43.6099998200685,53.9099988477677,2.5));
#13993=CARTESIAN_POINT('',(43.6099998200685,53.2049998150393,2.5));
#13994=CARTESIAN_POINT('',(43.6099998200685,53.2700024180952,8.));
#13995=CARTESIAN_POINT('',(43.6099998200685,53.2700024180952,0.));
#13996=CARTESIAN_POINT('',(43.6099998200685,53.9099988477677,8.));
#13997=CARTESIAN_POINT('',(43.6099998200685,53.2700024180952,8.));
#13998=CARTESIAN_POINT('',(43.6099998200685,53.9099988477677,0.));
#13999=CARTESIAN_POINT('Origin',(43.6099998200685,53.2700024180952,0.));
#14000=CARTESIAN_POINT('',(44.2500004127529,53.2700024180952,2.5));
#14001=CARTESIAN_POINT('',(38.0567706569663,53.2700024180953,2.5));
#14002=CARTESIAN_POINT('',(44.2500004127529,53.2700024180952,8.));
#14003=CARTESIAN_POINT('',(44.2500004127529,53.2700024180952,0.));
#14004=CARTESIAN_POINT('',(44.2500004127529,53.2700024180952,8.));
#14005=CARTESIAN_POINT('Origin',(44.2500004127529,53.9099988477677,0.));
#14006=CARTESIAN_POINT('',(44.2500004127529,53.9099988477677,2.5));
#14007=CARTESIAN_POINT('',(38.3767709533085,53.9099988477677,2.5));
#14008=CARTESIAN_POINT('',(44.2500004127529,53.9099988477677,8.));
#14009=CARTESIAN_POINT('',(43.6099998200685,53.9099988477677,8.));
#14010=CARTESIAN_POINT('',(44.2500004127529,53.9099988477677,0.));
#14011=CARTESIAN_POINT('Origin',(44.2500004127529,53.2700024180952,0.));
#14012=CARTESIAN_POINT('',(44.2500004127529,52.8850016002031,2.5));
#14013=CARTESIAN_POINT('',(44.2500004127529,53.9099988477677,8.));
#14014=CARTESIAN_POINT('Origin',(43.9300001164107,53.5900006329315,8.));
#14015=CARTESIAN_POINT('Origin',(53.7699998200685,53.9099988477677,0.));
#14016=CARTESIAN_POINT('',(53.7699998200685,53.2700024180952,2.5));
#14017=CARTESIAN_POINT('',(53.7699998200685,53.9099988477677,2.5));
#14018=CARTESIAN_POINT('',(53.7699998200685,53.2049998150393,2.5));
#14019=CARTESIAN_POINT('',(53.7699998200685,53.2700024180952,8.));
#14020=CARTESIAN_POINT('',(53.7699998200685,53.2700024180952,0.));
#14021=CARTESIAN_POINT('',(53.7699998200685,53.9099988477677,8.));
#14022=CARTESIAN_POINT('',(53.7699998200685,53.2700024180952,8.));
#14023=CARTESIAN_POINT('',(53.7699998200685,53.9099988477677,0.));
#14024=CARTESIAN_POINT('Origin',(53.7699998200685,53.2700024180952,0.));
#14025=CARTESIAN_POINT('',(54.4100004127529,53.2700024180952,2.5));
#14026=CARTESIAN_POINT('',(43.1367706569663,53.2700024180953,2.5));
#14027=CARTESIAN_POINT('',(54.4100004127529,53.2700024180952,8.));
#14028=CARTESIAN_POINT('',(54.4100004127529,53.2700024180952,0.));
#14029=CARTESIAN_POINT('',(54.4100004127529,53.2700024180952,8.));
#14030=CARTESIAN_POINT('Origin',(54.4100004127529,53.9099988477677,0.));
#14031=CARTESIAN_POINT('',(54.4100004127529,53.9099988477677,2.5));
#14032=CARTESIAN_POINT('',(43.4567709533085,53.9099988477677,2.5));
#14033=CARTESIAN_POINT('',(54.4100004127529,53.9099988477677,8.));
#14034=CARTESIAN_POINT('',(53.7699998200685,53.9099988477677,8.));
#14035=CARTESIAN_POINT('',(54.4100004127529,53.9099988477677,0.));
#14036=CARTESIAN_POINT('Origin',(54.4100004127529,53.2700024180952,0.));
#14037=CARTESIAN_POINT('',(54.4100004127529,52.8850016002031,2.5));
#14038=CARTESIAN_POINT('',(54.4100004127529,53.9099988477677,8.));
#14039=CARTESIAN_POINT('Origin',(54.0900001164107,53.5900006329315,8.));
#14040=CARTESIAN_POINT('Origin',(1.28359176894789,39.289729626798,0.));
#14041=CARTESIAN_POINT('',(1.28359176894789,16.8899025477937,0.));
#14042=CARTESIAN_POINT('',(1.28359176894789,39.289729626798,0.));
#14043=CARTESIAN_POINT('',(1.28359176894789,33.644864813399,0.));
#14044=CARTESIAN_POINT('',(1.28359176894789,16.8899025477937,5.5));
#14045=CARTESIAN_POINT('',(1.28359176894789,16.8899025477937,0.));
#14046=CARTESIAN_POINT('',(1.28359176894789,39.289729626798,5.5));
#14047=CARTESIAN_POINT('',(1.28359176894789,16.8899025477937,5.5));
#14048=CARTESIAN_POINT('',(1.28359176894789,39.289729626798,0.));
#14049=CARTESIAN_POINT('Origin',(5.18565549912461,39.289729626798,0.));
#14050=CARTESIAN_POINT('',(5.18565549912461,39.289729626798,0.));
#14051=CARTESIAN_POINT('',(23.8428277495623,39.289729626798,0.));
#14052=CARTESIAN_POINT('',(5.18565549912461,39.289729626798,5.5));
#14053=CARTESIAN_POINT('',(1.28359176894789,39.289729626798,5.5));
#14054=CARTESIAN_POINT('',(5.18565549912461,39.289729626798,0.));
#14055=CARTESIAN_POINT('Origin',(5.18565549912461,16.8899025477937,0.));
#14056=CARTESIAN_POINT('',(5.18565549912461,16.8899025477937,0.));
#14057=CARTESIAN_POINT('',(5.18565549912461,22.4449512738968,0.));
#14058=CARTESIAN_POINT('',(5.18565549912461,16.8899025477937,5.5));
#14059=CARTESIAN_POINT('',(5.18565549912461,39.289729626798,5.5));
#14060=CARTESIAN_POINT('',(5.18565549912461,16.8899025477937,0.));
#14061=CARTESIAN_POINT('Origin',(1.28359176894789,16.8899025477937,0.));
#14062=CARTESIAN_POINT('',(21.8917958844739,16.8899025477937,0.));
#14063=CARTESIAN_POINT('',(5.18565549912461,16.8899025477937,5.5));
#14064=CARTESIAN_POINT('Origin',(3.23462363403625,28.0898160872958,5.5));
#14065=CARTESIAN_POINT('Origin',(0.404994675342911,48.3734604071005,0.));
#14066=CARTESIAN_POINT('',(0.404994675342911,42.2601621659878,0.));
#14067=CARTESIAN_POINT('',(0.404994675342911,48.3734604071005,0.));
#14068=CARTESIAN_POINT('',(0.404994675342909,38.1867302035502,0.));
#14069=CARTESIAN_POINT('',(0.404994675342911,42.2601621659878,1.5));
#14070=CARTESIAN_POINT('',(0.404994675342911,42.2601621659878,0.));
#14071=CARTESIAN_POINT('',(0.404994675342911,48.3734604071005,1.5));
#14072=CARTESIAN_POINT('',(0.404994675342911,42.2601621659878,1.5));
#14073=CARTESIAN_POINT('',(0.404994675342911,48.3734604071005,0.));
#14074=CARTESIAN_POINT('Origin',(2.63058634763683,48.3734604071005,0.));
#14075=CARTESIAN_POINT('',(2.63058634763683,48.3734604071005,0.));
#14076=CARTESIAN_POINT('',(22.5652931738184,48.3734604071005,0.));
#14077=CARTESIAN_POINT('',(2.63058634763683,48.3734604071005,1.5));
#14078=CARTESIAN_POINT('',(0.404994675342911,48.3734604071005,1.5));
#14079=CARTESIAN_POINT('',(2.63058634763683,48.3734604071005,0.));
#14080=CARTESIAN_POINT('Origin',(2.63058634763683,42.2601621659878,0.));
#14081=CARTESIAN_POINT('',(2.63058634763683,42.2601621659878,0.));
#14082=CARTESIAN_POINT('',(2.63058634763683,35.1300810829939,0.));
#14083=CARTESIAN_POINT('',(2.63058634763683,42.2601621659878,1.5));
#14084=CARTESIAN_POINT('',(2.63058634763683,48.3734604071005,1.5));
#14085=CARTESIAN_POINT('',(2.63058634763683,42.2601621659878,0.));
#14086=CARTESIAN_POINT('Origin',(0.404994675342911,42.2601621659878,0.));
#14087=CARTESIAN_POINT('',(21.4524973376715,42.2601621659878,0.));
#14088=CARTESIAN_POINT('',(2.63058634763683,42.2601621659878,1.5));
#14089=CARTESIAN_POINT('Origin',(1.51779051148987,45.3168112865441,1.5));
#14090=CARTESIAN_POINT('Origin',(7.09718727036913,55.0000008195639,0.));
#14091=CARTESIAN_POINT('',(7.09718727036913,50.0000007450581,0.));
#14092=CARTESIAN_POINT('',(7.09718727036913,55.0000008195639,0.));
#14093=CARTESIAN_POINT('',(7.09718727036913,41.5000004097819,0.));
#14094=CARTESIAN_POINT('',(7.09718727036913,50.0000007450581,2.5));
#14095=CARTESIAN_POINT('',(7.09718727036913,50.0000007450581,0.));
#14096=CARTESIAN_POINT('',(7.09718727036913,55.0000008195639,2.5));
#14097=CARTESIAN_POINT('',(7.09718727036913,50.0000007450581,2.5));
#14098=CARTESIAN_POINT('',(7.09718727036913,55.0000008195639,0.));
#14099=CARTESIAN_POINT('Origin',(57.9098957173593,55.0000008195639,0.));
#14100=CARTESIAN_POINT('',(57.9098957173593,55.0000008195639,0.));
#14101=CARTESIAN_POINT('',(50.2049478586797,55.0000008195639,0.));
#14102=CARTESIAN_POINT('',(57.9098957173593,55.0000008195639,2.5));
#14103=CARTESIAN_POINT('',(7.09718727036913,55.0000008195639,2.5));
#14104=CARTESIAN_POINT('',(57.9098957173593,55.0000008195639,0.));
#14105=CARTESIAN_POINT('Origin',(57.9098957173593,50.0000007450581,0.));
#14106=CARTESIAN_POINT('',(57.9098957173593,50.0000007450581,0.));
#14107=CARTESIAN_POINT('',(57.9098957173593,39.000000372529,0.));
#14108=CARTESIAN_POINT('',(57.9098957173593,50.0000007450581,2.5));
#14109=CARTESIAN_POINT('',(57.9098957173593,55.0000008195639,2.5));
#14110=CARTESIAN_POINT('',(57.9098957173593,50.0000007450581,0.));
#14111=CARTESIAN_POINT('Origin',(7.09718727036913,50.0000007450581,0.));
#14112=CARTESIAN_POINT('',(24.7985936351846,50.0000007450581,0.));
#14113=CARTESIAN_POINT('',(57.9098957173593,50.0000007450581,2.5));
#14114=CARTESIAN_POINT('Origin',(32.5035414938642,52.500000782311,2.5));
#14115=CARTESIAN_POINT('Origin',(43.0480528931464,22.6993189164976,0.));
#14116=CARTESIAN_POINT('',(43.0480528931464,0.296159761956333,0.));
#14117=CARTESIAN_POINT('',(43.0480528931464,22.6993189164976,0.));
#14118=CARTESIAN_POINT('',(43.0480528931464,25.3496594582488,0.));
#14119=CARTESIAN_POINT('',(43.0480528931464,0.296159761956333,5.5));
#14120=CARTESIAN_POINT('',(43.0480528931464,0.296159761956333,0.));
#14121=CARTESIAN_POINT('',(43.0480528931464,22.6993189164976,5.5));
#14122=CARTESIAN_POINT('',(43.0480528931464,0.296159761956333,5.5));
#14123=CARTESIAN_POINT('',(43.0480528931464,22.6993189164976,0.));
#14124=CARTESIAN_POINT('Origin',(46.9523469490531,22.6993189164976,0.));
#14125=CARTESIAN_POINT('',(46.9523469490531,22.6993189164976,0.));
#14126=CARTESIAN_POINT('',(44.7261734745266,22.6993189164976,0.));
#14127=CARTESIAN_POINT('',(46.9523469490531,22.6993189164976,5.5));
#14128=CARTESIAN_POINT('',(43.0480528931464,22.6993189164976,5.5));
#14129=CARTESIAN_POINT('',(46.9523469490531,22.6993189164976,0.));
#14130=CARTESIAN_POINT('Origin',(46.9523469490531,0.296159761956329,0.));
#14131=CARTESIAN_POINT('',(46.9523469490531,0.296159761956331,0.));
#14132=CARTESIAN_POINT('',(46.9523469490531,14.1480798809782,0.));
#14133=CARTESIAN_POINT('',(46.9523469490531,0.296159761956331,5.5));
#14134=CARTESIAN_POINT('',(46.9523469490531,22.6993189164976,5.5));
#14135=CARTESIAN_POINT('',(46.9523469490531,0.296159761956331,0.));
#14136=CARTESIAN_POINT('Origin',(43.0480528931464,0.296159761956333,0.));
#14137=CARTESIAN_POINT('',(42.7740264465732,0.296159761956334,0.));
#14138=CARTESIAN_POINT('',(46.9523469490531,0.296159761956331,5.5));
#14139=CARTESIAN_POINT('Origin',(45.0001999210997,11.4977393392269,5.5));
#14140=CARTESIAN_POINT('Origin',(6.55556850306468,5.21153041510281,0.));
#14141=CARTESIAN_POINT('',(6.55556850306468,-0.229455146110207,0.));
#14142=CARTESIAN_POINT('',(6.55556850306468,0.,0.));
#14143=CARTESIAN_POINT('',(6.55556850306468,-0.229455146110207,0.));
#14144=CARTESIAN_POINT('',(6.55556850306468,-0.229455146110207,2.5));
#14145=CARTESIAN_POINT('',(6.55556850306468,-0.229455146110207,0.));
#14146=CARTESIAN_POINT('',(6.55556850306468,5.21153041510281,2.5));
#14147=CARTESIAN_POINT('',(6.55556850306468,-0.229455146110207,2.5));
#14148=CARTESIAN_POINT('',(6.55556850306468,5.21153041510281,0.));
#14149=CARTESIAN_POINT('',(6.55556850306468,5.21153041510281,0.));
#14150=CARTESIAN_POINT('',(6.55556850306468,16.6057652075514,0.));
#14151=CARTESIAN_POINT('Origin',(14.5275244668123,5.21153041510281,0.));
#14152=CARTESIAN_POINT('',(14.5275244668123,5.21153041510281,0.));
#14153=CARTESIAN_POINT('',(28.5137622334061,5.21153041510281,0.));
#14154=CARTESIAN_POINT('',(14.5275244668123,5.21153041510281,2.5));
#14155=CARTESIAN_POINT('',(6.55556850306468,5.21153041510281,2.5));
#14156=CARTESIAN_POINT('',(14.5275244668123,5.21153041510281,0.));
#14157=CARTESIAN_POINT('Origin',(14.5275244668123,-0.229455146110208,0.));
#14158=CARTESIAN_POINT('',(14.5275244668123,0.,0.));
#14159=CARTESIAN_POINT('',(14.5275244668123,13.8852724269449,0.));
#14160=CARTESIAN_POINT('',(14.5275244668123,-0.229455146110208,2.5));
#14161=CARTESIAN_POINT('',(14.5275244668123,5.21153041510281,2.5));
#14162=CARTESIAN_POINT('',(14.5275244668123,-0.229455146110208,0.));
#14163=CARTESIAN_POINT('',(14.5275244668123,-0.229455146110208,0.));
#14164=CARTESIAN_POINT('',(14.5275244668123,5.21153041510281,0.));
#14165=CARTESIAN_POINT('Origin',(6.55556850306468,-0.229455146110207,0.));
#14166=CARTESIAN_POINT('',(14.5275244668123,-0.229455146110208,0.));
#14167=CARTESIAN_POINT('',(14.5275244668123,-0.229455146110208,2.5));
#14168=CARTESIAN_POINT('Origin',(10.5415464849385,2.4910376344963,2.5));
#14169=CARTESIAN_POINT('Origin',(10.5415464849385,2.4910376344963,0.));
#14170=CARTESIAN_POINT('',(3.,0.,0.));
#14171=CARTESIAN_POINT('Origin',(39.4474321368468,10.8716807151626,0.));
#14172=CARTESIAN_POINT('',(24.4404413348986,10.8716807151626,0.));
#14173=CARTESIAN_POINT('',(39.4474321368468,10.8716807151626,0.));
#14174=CARTESIAN_POINT('',(40.9737160684234,10.8716807151626,0.));
#14175=CARTESIAN_POINT('',(24.4404413348986,10.8716807151626,5.9));
#14176=CARTESIAN_POINT('',(24.4404413348986,10.8716807151626,0.));
#14177=CARTESIAN_POINT('',(39.4474321368468,10.8716807151626,5.9));
#14178=CARTESIAN_POINT('',(39.4474321368468,10.8716807151626,5.9));
#14179=CARTESIAN_POINT('',(39.4474321368468,10.8716807151626,0.));
#14180=CARTESIAN_POINT('Origin',(39.4474321368468,-1.28693929809772,0.));
#14181=CARTESIAN_POINT('',(39.4474321368468,-1.28693929809772,0.));
#14182=CARTESIAN_POINT('',(39.4474321368468,0.,0.));
#14183=CARTESIAN_POINT('',(39.4474321368468,-1.28693929809772,0.));
#14184=CARTESIAN_POINT('',(39.4474321368468,13.3565303509511,0.));
#14185=CARTESIAN_POINT('',(39.4474321368468,-1.28693929809772,5.9));
#14186=CARTESIAN_POINT('',(39.4474321368468,-1.28693929809772,5.9));
#14187=CARTESIAN_POINT('',(39.4474321368468,-1.28693929809772,0.));
#14188=CARTESIAN_POINT('Origin',(24.4404413348986,-1.28693929809772,0.));
#14189=CARTESIAN_POINT('',(24.4404413348986,-1.28693929809772,0.));
#14190=CARTESIAN_POINT('',(24.4404413348986,-1.28693929809772,0.));
#14191=CARTESIAN_POINT('',(24.4404413348986,-1.28693929809772,5.9));
#14192=CARTESIAN_POINT('',(24.4404413348986,-1.28693929809772,5.9));
#14193=CARTESIAN_POINT('',(24.4404413348986,-1.28693929809772,0.));
#14194=CARTESIAN_POINT('Origin',(24.4404413348986,10.8716807151626,0.));
#14195=CARTESIAN_POINT('',(24.4404413348986,0.,0.));
#14196=CARTESIAN_POINT('',(24.4404413348986,19.4358403575813,0.));
#14197=CARTESIAN_POINT('',(24.4404413348986,10.8716807151626,0.));
#14198=CARTESIAN_POINT('',(24.4404413348986,10.8716807151626,5.9));
#14199=CARTESIAN_POINT('Origin',(31.9439367358727,4.79237070853244,5.9));
#14200=CARTESIAN_POINT('Origin',(31.9439367358727,4.79237070853244,0.));
#14201=CARTESIAN_POINT('',(3.,0.,0.));
#14202=CARTESIAN_POINT('Origin',(50.0427614705382,13.6891473613927,0.));
#14203=CARTESIAN_POINT('',(50.0427614705382,-1.31067539052223,0.));
#14204=CARTESIAN_POINT('',(50.0427614705382,0.,0.));
#14205=CARTESIAN_POINT('',(50.0427614705382,-1.31067539052223,0.));
#14206=CARTESIAN_POINT('',(50.0427614705382,-1.31067539052223,5.8));
#14207=CARTESIAN_POINT('',(50.0427614705382,-1.31067539052223,0.));
#14208=CARTESIAN_POINT('',(50.0427614705382,13.6891473613927,5.8));
#14209=CARTESIAN_POINT('',(50.0427614705382,-1.31067539052223,5.8));
#14210=CARTESIAN_POINT('',(50.0427614705382,13.6891473613927,0.));
#14211=CARTESIAN_POINT('',(50.0427614705382,13.6891473613927,0.));
#14212=CARTESIAN_POINT('',(50.0427614705382,20.8445736806964,0.));
#14213=CARTESIAN_POINT('Origin',(57.0440082038118,13.6891473613927,0.));
#14214=CARTESIAN_POINT('',(57.0440082038118,13.6891473613927,0.));
#14215=CARTESIAN_POINT('',(49.7720041019059,13.6891473613927,0.));
#14216=CARTESIAN_POINT('',(57.0440082038118,13.6891473613927,5.8));
#14217=CARTESIAN_POINT('',(50.0427614705382,13.6891473613927,5.8));
#14218=CARTESIAN_POINT('',(57.0440082038118,13.6891473613927,0.));
#14219=CARTESIAN_POINT('Origin',(57.0440082038118,-1.31067539052223,0.));
#14220=CARTESIAN_POINT('',(57.0440082038118,0.,0.));
#14221=CARTESIAN_POINT('',(57.0440082038118,13.3446623047389,0.));
#14222=CARTESIAN_POINT('',(57.0440082038118,-1.31067539052223,5.8));
#14223=CARTESIAN_POINT('',(57.0440082038118,13.6891473613927,5.8));
#14224=CARTESIAN_POINT('',(57.0440082038118,-1.31067539052223,0.));
#14225=CARTESIAN_POINT('',(57.0440082038118,-1.31067539052223,0.));
#14226=CARTESIAN_POINT('',(57.0440082038118,13.6891473613927,0.));
#14227=CARTESIAN_POINT('Origin',(50.0427614705382,-1.31067539052223,0.));
#14228=CARTESIAN_POINT('',(57.0440082038118,-1.31067539052223,0.));
#14229=CARTESIAN_POINT('',(57.0440082038118,-1.31067539052223,5.8));
#14230=CARTESIAN_POINT('Origin',(53.543384837175,6.18923598543525,5.8));
#14231=CARTESIAN_POINT('Origin',(53.543384837175,6.18923598543525,0.));
#14232=CARTESIAN_POINT('',(3.,0.,0.));
#14233=CARTESIAN_POINT('Origin',(69.4523282325691,54.6420691573453,0.));
#14234=CARTESIAN_POINT('',(69.4523282325691,39.5385821230468,0.));
#14235=CARTESIAN_POINT('',(69.4523282325691,54.6420691573453,0.));
#14236=CARTESIAN_POINT('',(69.4523282325691,41.3210345786727,0.));
#14237=CARTESIAN_POINT('',(69.4523282325691,39.5385821230468,15.5));
#14238=CARTESIAN_POINT('',(69.4523282325691,39.5385821230468,0.));
#14239=CARTESIAN_POINT('',(69.4523282325691,54.6420691573453,15.5));
#14240=CARTESIAN_POINT('',(69.4523282325691,39.5385821230468,15.5));
#14241=CARTESIAN_POINT('',(69.4523282325691,54.6420691573453,0.));
#14242=CARTESIAN_POINT('Origin',(87.3712339513141,54.6420691573453,0.));
#14243=CARTESIAN_POINT('',(84.5106988832784,54.6420691573453,0.));
#14244=CARTESIAN_POINT('',(64.935616975657,54.6420691573453,0.));
#14245=CARTESIAN_POINT('',(87.3712339513141,54.6420691573453,15.5));
#14246=CARTESIAN_POINT('',(69.4523282325691,54.6420691573453,15.5));
#14247=CARTESIAN_POINT('',(87.3712339513141,54.6420691573453,0.));
#14248=CARTESIAN_POINT('',(87.3712339513141,54.6420691573453,0.));
#14249=CARTESIAN_POINT('',(69.4523282325691,54.6420691573453,0.));
#14250=CARTESIAN_POINT('Origin',(87.3712339513141,39.5385821230468,0.));
#14251=CARTESIAN_POINT('',(87.3712339513141,39.5385821230468,0.));
#14252=CARTESIAN_POINT('',(87.3712339513141,54.6420691573453,0.));
#14253=CARTESIAN_POINT('',(87.3712339513141,39.5385821230468,15.5));
#14254=CARTESIAN_POINT('',(87.3712339513141,54.6420691573453,15.5));
#14255=CARTESIAN_POINT('',(87.3712339513141,39.5385821230468,0.));
#14256=CARTESIAN_POINT('Origin',(69.4523282325691,39.5385821230468,0.));
#14257=CARTESIAN_POINT('',(85.,39.5385821230468,0.));
#14258=CARTESIAN_POINT('',(87.3712339513141,39.5385821230468,0.));
#14259=CARTESIAN_POINT('',(87.3712339513141,39.5385821230468,15.5));
#14260=CARTESIAN_POINT('',(55.9761641162845,39.5385821230468,0.));
#14261=CARTESIAN_POINT('Origin',(78.4117810919416,47.090325640196,15.5));
#14262=CARTESIAN_POINT('Origin',(78.4117810919416,47.090325640196,0.));
#14263=CARTESIAN_POINT('',(85.,53.,0.));
#14264=CARTESIAN_POINT('Origin',(82.,53.,0.));
#14265=CARTESIAN_POINT('',(85.,3.,0.));
#14266=CARTESIAN_POINT('Origin',(69.4523282325691,36.6391912408307,0.));
#14267=CARTESIAN_POINT('',(69.4523282325691,21.5357042065322,0.));
#14268=CARTESIAN_POINT('',(69.4523282325691,36.6391912408307,0.));
#14269=CARTESIAN_POINT('',(69.4523282325691,32.3195956204154,0.));
#14270=CARTESIAN_POINT('',(69.4523282325691,21.5357042065322,15.5));
#14271=CARTESIAN_POINT('',(69.4523282325691,21.5357042065322,0.));
#14272=CARTESIAN_POINT('',(69.4523282325691,36.6391912408307,15.5));
#14273=CARTESIAN_POINT('',(69.4523282325691,21.5357042065322,15.5));
#14274=CARTESIAN_POINT('',(69.4523282325691,36.6391912408307,0.));
#14275=CARTESIAN_POINT('Origin',(87.3712339513141,36.6391912408307,0.));
#14276=CARTESIAN_POINT('',(85.,36.6391912408307,0.));
#14277=CARTESIAN_POINT('',(64.935616975657,36.6391912408307,0.));
#14278=CARTESIAN_POINT('',(87.3712339513141,36.6391912408307,15.5));
#14279=CARTESIAN_POINT('',(69.4523282325691,36.6391912408307,15.5));
#14280=CARTESIAN_POINT('',(87.3712339513141,36.6391912408307,0.));
#14281=CARTESIAN_POINT('',(87.3712339513141,36.6391912408307,0.));
#14282=CARTESIAN_POINT('',(69.4523282325691,36.6391912408307,0.));
#14283=CARTESIAN_POINT('Origin',(87.3712339513141,21.5357042065322,0.));
#14284=CARTESIAN_POINT('',(87.3712339513141,21.5357042065322,0.));
#14285=CARTESIAN_POINT('',(87.3712339513141,36.6391912408307,0.));
#14286=CARTESIAN_POINT('',(87.3712339513141,21.5357042065322,15.5));
#14287=CARTESIAN_POINT('',(87.3712339513141,36.6391912408307,15.5));
#14288=CARTESIAN_POINT('',(87.3712339513141,21.5357042065322,0.));
#14289=CARTESIAN_POINT('Origin',(69.4523282325691,21.5357042065322,0.));
#14290=CARTESIAN_POINT('',(85.,21.5357042065322,0.));
#14291=CARTESIAN_POINT('',(87.3712339513141,21.5357042065322,0.));
#14292=CARTESIAN_POINT('',(87.3712339513141,21.5357042065322,15.5));
#14293=CARTESIAN_POINT('',(55.9761641162845,21.5357042065322,0.));
#14294=CARTESIAN_POINT('Origin',(78.4117810919416,29.0874477236815,15.5));
#14295=CARTESIAN_POINT('Origin',(78.4117810919416,29.0874477236815,0.));
#14296=CARTESIAN_POINT('',(85.,3.,0.));
#14297=CARTESIAN_POINT('Origin',(19.8825770832466,38.9133752080992,0.));
#14298=CARTESIAN_POINT('',(19.8825770832466,24.8014863337225,0.));
#14299=CARTESIAN_POINT('',(19.8825770832466,38.9133752080992,0.));
#14300=CARTESIAN_POINT('',(19.8825770832466,33.4566876040496,0.));
#14301=CARTESIAN_POINT('',(19.8825770832466,24.8014863337225,1.));
#14302=CARTESIAN_POINT('',(19.8825770832466,24.8014863337225,0.));
#14303=CARTESIAN_POINT('',(19.8825770832466,38.9133752080992,1.));
#14304=CARTESIAN_POINT('',(19.8825770832466,24.8014863337225,1.));
#14305=CARTESIAN_POINT('',(19.8825770832466,38.9133752080992,0.));
#14306=CARTESIAN_POINT('Origin',(33.855825515288,38.9133752080992,0.));
#14307=CARTESIAN_POINT('',(33.855825515288,38.9133752080992,0.));
#14308=CARTESIAN_POINT('',(38.177912757644,38.9133752080992,0.));
#14309=CARTESIAN_POINT('',(33.855825515288,38.9133752080992,1.));
#14310=CARTESIAN_POINT('',(19.8825770832466,38.9133752080992,1.));
#14311=CARTESIAN_POINT('',(33.855825515288,38.9133752080992,0.));
#14312=CARTESIAN_POINT('Origin',(33.855825515288,24.8014863337225,0.));
#14313=CARTESIAN_POINT('',(33.855825515288,24.8014863337225,0.));
#14314=CARTESIAN_POINT('',(33.855825515288,26.4007431668612,0.));
#14315=CARTESIAN_POINT('',(33.855825515288,24.8014863337225,1.));
#14316=CARTESIAN_POINT('',(33.855825515288,38.9133752080992,1.));
#14317=CARTESIAN_POINT('',(33.855825515288,24.8014863337225,0.));
#14318=CARTESIAN_POINT('Origin',(19.8825770832466,24.8014863337225,0.));
#14319=CARTESIAN_POINT('',(31.1912885416233,24.8014863337225,0.));
#14320=CARTESIAN_POINT('',(33.855825515288,24.8014863337225,1.));
#14321=CARTESIAN_POINT('Origin',(26.8692012992673,31.8574307709108,1.));
#14322=CARTESIAN_POINT('Origin',(55.0577052541386,38.7420864329553,0.));
#14323=CARTESIAN_POINT('',(55.0577052541386,29.0935781569835,0.));
#14324=CARTESIAN_POINT('',(55.0577052541386,38.7420864329553,0.));
#14325=CARTESIAN_POINT('',(55.0577052541386,33.3710432164776,0.));
#14326=CARTESIAN_POINT('',(55.0577052541386,29.0935781569835,1.));
#14327=CARTESIAN_POINT('',(55.0577052541386,29.0935781569835,0.));
#14328=CARTESIAN_POINT('',(55.0577052541386,38.7420864329553,1.));
#14329=CARTESIAN_POINT('',(55.0577052541386,29.0935781569835,1.));
#14330=CARTESIAN_POINT('',(55.0577052541386,38.7420864329553,0.));
#14331=CARTESIAN_POINT('Origin',(64.6060752548176,38.7420864329553,0.));
#14332=CARTESIAN_POINT('',(64.6060752548176,38.7420864329553,0.));
#14333=CARTESIAN_POINT('',(53.5530376274088,38.7420864329553,0.));
#14334=CARTESIAN_POINT('',(64.6060752548176,38.7420864329553,1.));
#14335=CARTESIAN_POINT('',(55.0577052541386,38.7420864329553,1.));
#14336=CARTESIAN_POINT('',(64.6060752548176,38.7420864329553,0.));
#14337=CARTESIAN_POINT('Origin',(64.6060752548176,29.0935781569835,0.));
#14338=CARTESIAN_POINT('',(64.6060752548176,29.0935781569835,0.));
#14339=CARTESIAN_POINT('',(64.6060752548176,28.5467890784918,0.));
#14340=CARTESIAN_POINT('',(64.6060752548176,29.0935781569835,1.));
#14341=CARTESIAN_POINT('',(64.6060752548176,38.7420864329553,1.));
#14342=CARTESIAN_POINT('',(64.6060752548176,29.0935781569835,0.));
#14343=CARTESIAN_POINT('Origin',(55.0577052541386,29.0935781569835,0.));
#14344=CARTESIAN_POINT('',(48.7788526270693,29.0935781569835,0.));
#14345=CARTESIAN_POINT('',(64.6060752548176,29.0935781569835,1.));
#14346=CARTESIAN_POINT('Origin',(59.8318902544781,33.9178322949694,1.));
#14347=CARTESIAN_POINT('Origin',(65.9750061985219,18.2785971924935,0.));
#14348=CARTESIAN_POINT('',(65.9750061985219,2.39947766501662,0.));
#14349=CARTESIAN_POINT('',(65.9750061985219,18.2785971924935,0.));
#14350=CARTESIAN_POINT('',(65.9750061985219,23.1392985962467,0.));
#14351=CARTESIAN_POINT('',(65.9750061985219,2.39947766501662,13.5));
#14352=CARTESIAN_POINT('',(65.9750061985219,2.39947766501662,0.));
#14353=CARTESIAN_POINT('',(65.9750061985219,18.2785971924935,13.5));
#14354=CARTESIAN_POINT('',(65.9750061985219,2.39947766501662,13.5));
#14355=CARTESIAN_POINT('',(65.9750061985219,18.2785971924935,0.));
#14356=CARTESIAN_POINT('Origin',(87.3721843729567,18.2785971924935,0.));
#14357=CARTESIAN_POINT('',(85.,18.2785971924935,0.));
#14358=CARTESIAN_POINT('',(64.9360921864784,18.2785971924935,0.));
#14359=CARTESIAN_POINT('',(87.3721843729567,18.2785971924935,13.5));
#14360=CARTESIAN_POINT('',(65.9750061985219,18.2785971924935,13.5));
#14361=CARTESIAN_POINT('',(87.3721843729567,18.2785971924935,0.));
#14362=CARTESIAN_POINT('',(87.3721843729567,18.2785971924935,0.));
#14363=CARTESIAN_POINT('',(65.9750061985219,18.2785971924935,0.));
#14364=CARTESIAN_POINT('Origin',(87.3721843729567,2.39947766501662,0.));
#14365=CARTESIAN_POINT('',(87.3721843729567,2.39947766501662,0.));
#14366=CARTESIAN_POINT('',(87.3721843729567,18.2785971924935,0.));
#14367=CARTESIAN_POINT('',(87.3721843729567,2.39947766501662,13.5));
#14368=CARTESIAN_POINT('',(87.3721843729567,18.2785971924935,13.5));
#14369=CARTESIAN_POINT('',(87.3721843729567,2.39947766501662,0.));
#14370=CARTESIAN_POINT('Origin',(65.9750061985219,2.39947766501662,0.));
#14371=CARTESIAN_POINT('',(84.9392810218123,2.39947766501662,0.));
#14372=CARTESIAN_POINT('',(87.3721843729567,2.39947766501662,0.));
#14373=CARTESIAN_POINT('',(87.3721843729567,2.39947766501662,13.5));
#14374=CARTESIAN_POINT('',(54.237503099261,2.39947766501662,0.));
#14375=CARTESIAN_POINT('Origin',(76.6735952857393,10.3390374287551,13.5));
#14376=CARTESIAN_POINT('Origin',(76.6735952857393,10.3390374287551,0.));
#14377=CARTESIAN_POINT('',(85.,3.,0.));
#14378=CARTESIAN_POINT('',(85.,3.,0.));
#14379=CARTESIAN_POINT('Origin',(82.,3.00000000000002,0.));
#14380=CARTESIAN_POINT('Origin',(3.50000005215406,3.50000005215406,0.));
#14381=CARTESIAN_POINT('',(2.15000005215407,3.50000005215406,-1.3));
#14382=CARTESIAN_POINT('Origin',(3.50000005215406,3.50000005215406,-1.3));
#14383=CARTESIAN_POINT('',(2.15000005215406,3.50000005215406,0.));
#14384=CARTESIAN_POINT('',(2.15000005215406,3.50000005215406,0.));
#14385=CARTESIAN_POINT('Origin',(3.50000005215406,3.50000005215406,0.));
#14386=CARTESIAN_POINT('Origin',(3.50000005215406,52.5000000521541,0.));
#14387=CARTESIAN_POINT('',(2.15000005215407,52.5000000521541,-1.3));
#14388=CARTESIAN_POINT('Origin',(3.50000005215406,52.5000000521541,-1.3));
#14389=CARTESIAN_POINT('',(2.15000005215406,52.5000000521541,0.));
#14390=CARTESIAN_POINT('',(2.15000005215406,52.5000000521541,0.));
#14391=CARTESIAN_POINT('Origin',(3.50000005215406,52.5000000521541,0.));
#14392=CARTESIAN_POINT('Origin',(61.5000000521541,3.50000005215406,0.));
#14393=CARTESIAN_POINT('',(60.1500000521541,3.50000005215406,-1.3));
#14394=CARTESIAN_POINT('Origin',(61.5000000521541,3.50000005215406,-1.3));
#14395=CARTESIAN_POINT('',(60.1500000521541,3.50000005215406,0.));
#14396=CARTESIAN_POINT('',(60.1500000521541,3.50000005215406,0.));
#14397=CARTESIAN_POINT('Origin',(61.5000000521541,3.50000005215406,0.));
#14398=CARTESIAN_POINT('Origin',(61.5000000521541,52.5000000521541,0.));
#14399=CARTESIAN_POINT('',(60.1500000521541,52.5000000521541,-1.3));
#14400=CARTESIAN_POINT('Origin',(61.5000000521541,52.5000000521541,-1.3));
#14401=CARTESIAN_POINT('',(60.1500000521541,52.5000000521541,0.));
#14402=CARTESIAN_POINT('',(60.1500000521541,52.5000000521541,0.));
#14403=CARTESIAN_POINT('Origin',(61.5000000521541,52.5000000521541,0.));
#14404=CARTESIAN_POINT('Origin',(3.00000000000002,56.,0.));
#14405=CARTESIAN_POINT('',(82.,56.,0.));
#14406=CARTESIAN_POINT('',(3.00000000000002,56.,0.));
#14407=CARTESIAN_POINT('',(82.,56.,0.));
#14408=CARTESIAN_POINT('',(82.,56.,-1.3));
#14409=CARTESIAN_POINT('',(82.,56.,0.));
#14410=CARTESIAN_POINT('',(3.00000000000002,56.,-1.3));
#14411=CARTESIAN_POINT('',(82.,56.,-1.3));
#14412=CARTESIAN_POINT('',(3.00000000000002,56.,0.));
#14413=CARTESIAN_POINT('Origin',(3.00000000000001,53.,0.));
#14414=CARTESIAN_POINT('',(-1.66533453693773E-15,53.,0.));
#14415=CARTESIAN_POINT('Origin',(3.00000000000001,53.,0.));
#14416=CARTESIAN_POINT('',(0.,53.,-1.3));
#14417=CARTESIAN_POINT('Origin',(3.00000000000001,53.,-1.3));
#14418=CARTESIAN_POINT('',(-1.66533453693773E-15,53.,0.));
#14419=CARTESIAN_POINT('Origin',(5.55111512312578E-16,3.,0.));
#14420=CARTESIAN_POINT('',(5.55111512312578E-16,3.,0.));
#14421=CARTESIAN_POINT('',(-1.66533453693773E-15,53.,0.));
#14422=CARTESIAN_POINT('',(-1.66533453693773E-15,53.,-1.3));
#14423=CARTESIAN_POINT('',(0.,3.,-1.3));
#14424=CARTESIAN_POINT('',(-1.66533453693773E-15,53.,-1.3));
#14425=CARTESIAN_POINT('',(5.55111512312578E-16,3.,0.));
#14426=CARTESIAN_POINT('Origin',(3.,3.,0.));
#14427=CARTESIAN_POINT('',(3.,0.,0.));
#14428=CARTESIAN_POINT('Origin',(3.,3.,0.));
#14429=CARTESIAN_POINT('',(3.,0.,-1.3));
#14430=CARTESIAN_POINT('Origin',(3.,3.,-1.3));
#14431=CARTESIAN_POINT('',(3.,0.,0.));
#14432=CARTESIAN_POINT('Origin',(82.,0.,0.));
#14433=CARTESIAN_POINT('',(3.,0.,0.));
#14434=CARTESIAN_POINT('',(82.,0.,-1.3));
#14435=CARTESIAN_POINT('',(3.,0.,-1.3));
#14436=CARTESIAN_POINT('',(82.,0.,0.));
#14437=CARTESIAN_POINT('',(82.,0.,0.));
#14438=CARTESIAN_POINT('',(3.,0.,0.));
#14439=CARTESIAN_POINT('',(3.,0.,0.));
#14440=CARTESIAN_POINT('',(3.,0.,0.));
#14441=CARTESIAN_POINT('Origin',(82.,3.00000000000002,0.));
#14442=CARTESIAN_POINT('Origin',(82.,3.00000000000002,0.));
#14443=CARTESIAN_POINT('',(85.,3.,-1.3));
#14444=CARTESIAN_POINT('Origin',(82.,3.00000000000002,-1.3));
#14445=CARTESIAN_POINT('',(85.,3.,0.));
#14446=CARTESIAN_POINT('Origin',(85.,53.,0.));
#14447=CARTESIAN_POINT('',(85.,53.,-1.3));
#14448=CARTESIAN_POINT('',(85.,3.,-1.3));
#14449=CARTESIAN_POINT('',(85.,53.,0.));
#14450=CARTESIAN_POINT('',(85.,3.,0.));
#14451=CARTESIAN_POINT('',(85.,3.,0.));
#14452=CARTESIAN_POINT('Origin',(82.,53.,0.));
#14453=CARTESIAN_POINT('Origin',(82.,53.,-1.3));
#14454=CARTESIAN_POINT('Origin',(82.,53.,0.));
#14455=CARTESIAN_POINT('Origin',(42.5,28.,0.));
#14456=CARTESIAN_POINT('Origin',(42.5,28.,-1.3));
#14457=CARTESIAN_POINT('',(0.,0.,0.));
#14458=UNCERTAINTY_MEASURE_WITH_UNIT(LENGTH_MEASURE(0.01),#14464,
'DISTANCE_ACCURACY_VALUE',
'Maximum model space distance between geometric entities at asserted c
onnectivities');
#14459=UNCERTAINTY_MEASURE_WITH_UNIT(LENGTH_MEASURE(0.01),#14464,
'DISTANCE_ACCURACY_VALUE',
'Maximum model space distance between geometric entities at asserted c
onnectivities');
#14460=UNCERTAINTY_MEASURE_WITH_UNIT(LENGTH_MEASURE(0.01),#14464,
'DISTANCE_ACCURACY_VALUE',
'Maximum model space distance between geometric entities at asserted c
onnectivities');
#14461=(
GEOMETRIC_REPRESENTATION_CONTEXT(3)
GLOBAL_UNCERTAINTY_ASSIGNED_CONTEXT((#14458))
GLOBAL_UNIT_ASSIGNED_CONTEXT((#14464,#14466,#14467))
REPRESENTATION_CONTEXT('','3D')
);
#14462=(
GEOMETRIC_REPRESENTATION_CONTEXT(3)
GLOBAL_UNCERTAINTY_ASSIGNED_CONTEXT((#14459))
GLOBAL_UNIT_ASSIGNED_CONTEXT((#14464,#14466,#14467))
REPRESENTATION_CONTEXT('','3D')
);
#14463=(
GEOMETRIC_REPRESENTATION_CONTEXT(3)
GLOBAL_UNCERTAINTY_ASSIGNED_CONTEXT((#14460))
GLOBAL_UNIT_ASSIGNED_CONTEXT((#14464,#14466,#14467))
REPRESENTATION_CONTEXT('','3D')
);
#14464=(
LENGTH_UNIT()
NAMED_UNIT(*)
SI_UNIT(.MILLI.,.METRE.)
);
#14465=(
LENGTH_UNIT()
NAMED_UNIT(*)
SI_UNIT($,.METRE.)
);
#14466=(
NAMED_UNIT(*)
PLANE_ANGLE_UNIT()
SI_UNIT($,.RADIAN.)
);
#14467=(
NAMED_UNIT(*)
SI_UNIT($,.STERADIAN.)
SOLID_ANGLE_UNIT()
);
#14468=SHAPE_DEFINITION_REPRESENTATION(#14470,#14473);
#14469=SHAPE_DEFINITION_REPRESENTATION(#14471,#14474);
#14470=PRODUCT_DEFINITION_SHAPE('',$,#14476);
#14471=PRODUCT_DEFINITION_SHAPE('',$,#14477);
#14472=PRODUCT_DEFINITION_SHAPE($,$,#14);
#14473=SHAPE_REPRESENTATION('',(#9136,#9663),#14461);
#14474=SHAPE_REPRESENTATION('',(#9137),#14462);
#14475=PRODUCT_DEFINITION_CONTEXT('part definition',#14483,'design');
#14476=PRODUCT_DEFINITION('2025-11-01-21-08-53-637','RPi3B',#14478,#14475);
#14477=PRODUCT_DEFINITION('2025-11-01-21-09-07-400','RPi3B one body',#14479,
#14475);
#14478=PRODUCT_DEFINITION_FORMATION('',$,#14485);
#14479=PRODUCT_DEFINITION_FORMATION('',$,#14486);
#14480=PRODUCT_RELATED_PRODUCT_CATEGORY('RPi3B','RPi3B',(#14485));
#14481=PRODUCT_RELATED_PRODUCT_CATEGORY('RPi3B one body',
'RPi3B one body',(#14486));
#14482=APPLICATION_PROTOCOL_DEFINITION('international standard',
'automotive_design',2009,#14483);
#14483=APPLICATION_CONTEXT(
'Core Data for Automotive Mechanical Design Process');
#14484=PRODUCT_CONTEXT('part definition',#14483,'mechanical');
#14485=PRODUCT('2025-11-01-21-08-53-637','RPi3B',$,(#14484));
#14486=PRODUCT('2025-11-01-21-09-07-400','RPi3B one body',$,(#14484));
#14487=PRESENTATION_STYLE_ASSIGNMENT((#14488));
#14488=SURFACE_STYLE_USAGE(.BOTH.,#14489);
#14489=SURFACE_SIDE_STYLE('',(#14490));
#14490=SURFACE_STYLE_FILL_AREA(#14491);
#14491=FILL_AREA_STYLE('\X2\92FC\X0\ - \X2\30B530C630F3\X0\',(#14492));
#14492=FILL_AREA_STYLE_COLOUR('\X2\92FC\X0\ - \X2\30B530C630F3\X0\',#14493);
#14493=COLOUR_RGB('\X2\92FC\X0\ - \X2\30B530C630F3\X0\',0.627450980392157,
0.627450980392157,0.627450980392157);
ENDSEC;
END-ISO-10303-21;
