solid ASCII
  facet normal 0.000000e+00 1.000000e+00 -0.000000e+00
    outer loop
      vertex   5.694215e+01 2.811000e+01 2.500000e+00
      vertex   5.630220e+01 2.811000e+01 2.500000e+00
      vertex   5.694215e+01 2.811000e+01 8.500000e+00
    endloop
  endfacet
  facet normal 0.000000e+00 1.000000e+00 0.000000e+00
    outer loop
      vertex   5.694215e+01 2.811000e+01 8.500000e+00
      vertex   5.630220e+01 2.811000e+01 2.500000e+00
      vertex   5.630220e+01 2.811000e+01 8.500000e+00
    endloop
  endfacet
  facet normal 1.000000e+00 0.000000e+00 0.000000e+00
    outer loop
      vertex   5.694215e+01 2.747000e+01 2.500000e+00
      vertex   5.694215e+01 2.811000e+01 2.500000e+00
      vertex   5.694215e+01 2.747000e+01 8.500000e+00
    endloop
  endfacet
  facet normal 1.000000e+00 -0.000000e+00 0.000000e+00
    outer loop
      vertex   5.694215e+01 2.747000e+01 8.500000e+00
      vertex   5.694215e+01 2.811000e+01 2.500000e+00
      vertex   5.694215e+01 2.811000e+01 8.500000e+00
    endloop
  endfacet
  facet normal 0.000000e+00 -1.000000e+00 0.000000e+00
    outer loop
      vertex   5.630220e+01 2.747000e+01 2.500000e+00
      vertex   5.694215e+01 2.747000e+01 2.500000e+00
      vertex   5.630220e+01 2.747000e+01 8.500000e+00
    endloop
  endfacet
  facet normal 0.000000e+00 -1.000000e+00 0.000000e+00
    outer loop
      vertex   5.630220e+01 2.747000e+01 8.500000e+00
      vertex   5.694215e+01 2.747000e+01 2.500000e+00
      vertex   5.694215e+01 2.747000e+01 8.500000e+00
    endloop
  endfacet
  facet normal -1.000000e+00 0.000000e+00 0.000000e+00
    outer loop
      vertex   5.630220e+01 2.811000e+01 2.500000e+00
      vertex   5.630220e+01 2.747000e+01 2.500000e+00
      vertex   5.630220e+01 2.811000e+01 8.500000e+00
    endloop
  endfacet
  facet normal -1.000000e+00 -0.000000e+00 0.000000e+00
    outer loop
      vertex   5.630220e+01 2.811000e+01 8.500000e+00
      vertex   5.630220e+01 2.747000e+01 2.500000e+00
      vertex   5.630220e+01 2.747000e+01 8.500000e+00
    endloop
  endfacet
  facet normal 0.000000e+00 0.000000e+00 1.000000e+00
    outer loop
      vertex   5.630220e+01 2.747000e+01 8.500000e+00
      vertex   5.694215e+01 2.747000e+01 8.500000e+00
      vertex   5.630220e+01 2.811000e+01 8.500000e+00
    endloop
  endfacet
  facet normal -0.000000e+00 0.000000e+00 1.000000e+00
    outer loop
      vertex   5.630220e+01 2.811000e+01 8.500000e+00
      vertex   5.694215e+01 2.747000e+01 8.500000e+00
      vertex   5.694215e+01 2.811000e+01 8.500000e+00
    endloop
  endfacet
  facet normal 0.000000e+00 1.000000e+00 -0.000000e+00
    outer loop
      vertex   5.440215e+01 2.811000e+01 2.500000e+00
      vertex   5.376220e+01 2.811000e+01 2.500000e+00
      vertex   5.440215e+01 2.811000e+01 8.500000e+00
    endloop
  endfacet
  facet normal 0.000000e+00 1.000000e+00 0.000000e+00
    outer loop
      vertex   5.440215e+01 2.811000e+01 8.500000e+00
      vertex   5.376220e+01 2.811000e+01 2.500000e+00
      vertex   5.376220e+01 2.811000e+01 8.500000e+00
    endloop
  endfacet
  facet normal 1.000000e+00 0.000000e+00 0.000000e+00
    outer loop
      vertex   5.440215e+01 2.747000e+01 2.500000e+00
      vertex   5.440215e+01 2.811000e+01 2.500000e+00
      vertex   5.440215e+01 2.747000e+01 8.500000e+00
    endloop
  endfacet
  facet normal 1.000000e+00 -0.000000e+00 0.000000e+00
    outer loop
      vertex   5.440215e+01 2.747000e+01 8.500000e+00
      vertex   5.440215e+01 2.811000e+01 2.500000e+00
      vertex   5.440215e+01 2.811000e+01 8.500000e+00
    endloop
  endfacet
  facet normal 0.000000e+00 -1.000000e+00 0.000000e+00
    outer loop
      vertex   5.376220e+01 2.747000e+01 2.500000e+00
      vertex   5.440215e+01 2.747000e+01 2.500000e+00
      vertex   5.376220e+01 2.747000e+01 8.500000e+00
    endloop
  endfacet
  facet normal 0.000000e+00 -1.000000e+00 0.000000e+00
    outer loop
      vertex   5.376220e+01 2.747000e+01 8.500000e+00
      vertex   5.440215e+01 2.747000e+01 2.500000e+00
      vertex   5.440215e+01 2.747000e+01 8.500000e+00
    endloop
  endfacet
  facet normal -1.000000e+00 0.000000e+00 0.000000e+00
    outer loop
      vertex   5.376220e+01 2.811000e+01 2.500000e+00
      vertex   5.376220e+01 2.747000e+01 2.500000e+00
      vertex   5.376220e+01 2.811000e+01 8.500000e+00
    endloop
  endfacet
  facet normal -1.000000e+00 -0.000000e+00 0.000000e+00
    outer loop
      vertex   5.376220e+01 2.811000e+01 8.500000e+00
      vertex   5.376220e+01 2.747000e+01 2.500000e+00
      vertex   5.376220e+01 2.747000e+01 8.500000e+00
    endloop
  endfacet
  facet normal 0.000000e+00 0.000000e+00 1.000000e+00
    outer loop
      vertex   5.376220e+01 2.747000e+01 8.500000e+00
      vertex   5.440215e+01 2.747000e+01 8.500000e+00
      vertex   5.376220e+01 2.811000e+01 8.500000e+00
    endloop
  endfacet
  facet normal -0.000000e+00 0.000000e+00 1.000000e+00
    outer loop
      vertex   5.376220e+01 2.811000e+01 8.500000e+00
      vertex   5.440215e+01 2.747000e+01 8.500000e+00
      vertex   5.440215e+01 2.811000e+01 8.500000e+00
    endloop
  endfacet
  facet normal 0.000000e+00 1.000000e+00 -0.000000e+00
    outer loop
      vertex   5.186215e+01 2.811000e+01 2.500000e+00
      vertex   5.122220e+01 2.811000e+01 2.500000e+00
      vertex   5.186215e+01 2.811000e+01 8.500000e+00
    endloop
  endfacet
  facet normal 0.000000e+00 1.000000e+00 0.000000e+00
    outer loop
      vertex   5.186215e+01 2.811000e+01 8.500000e+00
      vertex   5.122220e+01 2.811000e+01 2.500000e+00
      vertex   5.122220e+01 2.811000e+01 8.500000e+00
    endloop
  endfacet
  facet normal 1.000000e+00 0.000000e+00 0.000000e+00
    outer loop
      vertex   5.186215e+01 2.747000e+01 2.500000e+00
      vertex   5.186215e+01 2.811000e+01 2.500000e+00
      vertex   5.186215e+01 2.747000e+01 8.500000e+00
    endloop
  endfacet
  facet normal 1.000000e+00 -0.000000e+00 0.000000e+00
    outer loop
      vertex   5.186215e+01 2.747000e+01 8.500000e+00
      vertex   5.186215e+01 2.811000e+01 2.500000e+00
      vertex   5.186215e+01 2.811000e+01 8.500000e+00
    endloop
  endfacet
  facet normal 0.000000e+00 -1.000000e+00 0.000000e+00
    outer loop
      vertex   5.122220e+01 2.747000e+01 2.500000e+00
      vertex   5.186215e+01 2.747000e+01 2.500000e+00
      vertex   5.122220e+01 2.747000e+01 8.500000e+00
    endloop
  endfacet
  facet normal 0.000000e+00 -1.000000e+00 0.000000e+00
    outer loop
      vertex   5.122220e+01 2.747000e+01 8.500000e+00
      vertex   5.186215e+01 2.747000e+01 2.500000e+00
      vertex   5.186215e+01 2.747000e+01 8.500000e+00
    endloop
  endfacet
  facet normal -1.000000e+00 0.000000e+00 0.000000e+00
    outer loop
      vertex   5.122220e+01 2.811000e+01 2.500000e+00
      vertex   5.122220e+01 2.747000e+01 2.500000e+00
      vertex   5.122220e+01 2.811000e+01 8.500000e+00
    endloop
  endfacet
  facet normal -1.000000e+00 -0.000000e+00 0.000000e+00
    outer loop
      vertex   5.122220e+01 2.811000e+01 8.500000e+00
      vertex   5.122220e+01 2.747000e+01 2.500000e+00
      vertex   5.122220e+01 2.747000e+01 8.500000e+00
    endloop
  endfacet
  facet normal 0.000000e+00 0.000000e+00 1.000000e+00
    outer loop
      vertex   5.122220e+01 2.747000e+01 8.500000e+00
      vertex   5.186215e+01 2.747000e+01 8.500000e+00
      vertex   5.122220e+01 2.811000e+01 8.500000e+00
    endloop
  endfacet
  facet normal -0.000000e+00 0.000000e+00 1.000000e+00
    outer loop
      vertex   5.122220e+01 2.811000e+01 8.500000e+00
      vertex   5.186215e+01 2.747000e+01 8.500000e+00
      vertex   5.186215e+01 2.811000e+01 8.500000e+00
    endloop
  endfacet
  facet normal 0.000000e+00 1.000000e+00 -0.000000e+00
    outer loop
      vertex   4.932215e+01 2.811000e+01 2.500000e+00
      vertex   4.868220e+01 2.811000e+01 2.500000e+00
      vertex   4.932215e+01 2.811000e+01 8.500000e+00
    endloop
  endfacet
  facet normal 0.000000e+00 1.000000e+00 0.000000e+00
    outer loop
      vertex   4.932215e+01 2.811000e+01 8.500000e+00
      vertex   4.868220e+01 2.811000e+01 2.500000e+00
      vertex   4.868220e+01 2.811000e+01 8.500000e+00
    endloop
  endfacet
  facet normal 1.000000e+00 0.000000e+00 0.000000e+00
    outer loop
      vertex   4.932215e+01 2.747000e+01 2.500000e+00
      vertex   4.932215e+01 2.811000e+01 2.500000e+00
      vertex   4.932215e+01 2.747000e+01 8.500000e+00
    endloop
  endfacet
  facet normal 1.000000e+00 -0.000000e+00 0.000000e+00
    outer loop
      vertex   4.932215e+01 2.747000e+01 8.500000e+00
      vertex   4.932215e+01 2.811000e+01 2.500000e+00
      vertex   4.932215e+01 2.811000e+01 8.500000e+00
    endloop
  endfacet
  facet normal 0.000000e+00 -1.000000e+00 0.000000e+00
    outer loop
      vertex   4.868220e+01 2.747000e+01 2.500000e+00
      vertex   4.932215e+01 2.747000e+01 2.500000e+00
      vertex   4.868220e+01 2.747000e+01 8.500000e+00
    endloop
  endfacet
  facet normal 0.000000e+00 -1.000000e+00 0.000000e+00
    outer loop
      vertex   4.868220e+01 2.747000e+01 8.500000e+00
      vertex   4.932215e+01 2.747000e+01 2.500000e+00
      vertex   4.932215e+01 2.747000e+01 8.500000e+00
    endloop
  endfacet
  facet normal -1.000000e+00 0.000000e+00 0.000000e+00
    outer loop
      vertex   4.868220e+01 2.811000e+01 2.500000e+00
      vertex   4.868220e+01 2.747000e+01 2.500000e+00
      vertex   4.868220e+01 2.811000e+01 8.500000e+00
    endloop
  endfacet
  facet normal -1.000000e+00 -0.000000e+00 0.000000e+00
    outer loop
      vertex   4.868220e+01 2.811000e+01 8.500000e+00
      vertex   4.868220e+01 2.747000e+01 2.500000e+00
      vertex   4.868220e+01 2.747000e+01 8.500000e+00
    endloop
  endfacet
  facet normal 0.000000e+00 0.000000e+00 1.000000e+00
    outer loop
      vertex   4.868220e+01 2.747000e+01 8.500000e+00
      vertex   4.932215e+01 2.747000e+01 8.500000e+00
      vertex   4.868220e+01 2.811000e+01 8.500000e+00
    endloop
  endfacet
  facet normal -0.000000e+00 0.000000e+00 1.000000e+00
    outer loop
      vertex   4.868220e+01 2.811000e+01 8.500000e+00
      vertex   4.932215e+01 2.747000e+01 8.500000e+00
      vertex   4.932215e+01 2.811000e+01 8.500000e+00
    endloop
  endfacet
  facet normal 0.000000e+00 1.000000e+00 -0.000000e+00
    outer loop
      vertex   4.678215e+01 2.811000e+01 2.500000e+00
      vertex   4.614220e+01 2.811000e+01 2.500000e+00
      vertex   4.678215e+01 2.811000e+01 8.500000e+00
    endloop
  endfacet
  facet normal 0.000000e+00 1.000000e+00 0.000000e+00
    outer loop
      vertex   4.678215e+01 2.811000e+01 8.500000e+00
      vertex   4.614220e+01 2.811000e+01 2.500000e+00
      vertex   4.614220e+01 2.811000e+01 8.500000e+00
    endloop
  endfacet
  facet normal 1.000000e+00 0.000000e+00 0.000000e+00
    outer loop
      vertex   4.678215e+01 2.747000e+01 2.500000e+00
      vertex   4.678215e+01 2.811000e+01 2.500000e+00
      vertex   4.678215e+01 2.747000e+01 8.500000e+00
    endloop
  endfacet
  facet normal 1.000000e+00 -0.000000e+00 0.000000e+00
    outer loop
      vertex   4.678215e+01 2.747000e+01 8.500000e+00
      vertex   4.678215e+01 2.811000e+01 2.500000e+00
      vertex   4.678215e+01 2.811000e+01 8.500000e+00
    endloop
  endfacet
  facet normal 0.000000e+00 -1.000000e+00 0.000000e+00
    outer loop
      vertex   4.614220e+01 2.747000e+01 2.500000e+00
      vertex   4.678215e+01 2.747000e+01 2.500000e+00
      vertex   4.614220e+01 2.747000e+01 8.500000e+00
    endloop
  endfacet
  facet normal 0.000000e+00 -1.000000e+00 0.000000e+00
    outer loop
      vertex   4.614220e+01 2.747000e+01 8.500000e+00
      vertex   4.678215e+01 2.747000e+01 2.500000e+00
      vertex   4.678215e+01 2.747000e+01 8.500000e+00
    endloop
  endfacet
  facet normal -1.000000e+00 0.000000e+00 0.000000e+00
    outer loop
      vertex   4.614220e+01 2.811000e+01 2.500000e+00
      vertex   4.614220e+01 2.747000e+01 2.500000e+00
      vertex   4.614220e+01 2.811000e+01 8.500000e+00
    endloop
  endfacet
  facet normal -1.000000e+00 -0.000000e+00 0.000000e+00
    outer loop
      vertex   4.614220e+01 2.811000e+01 8.500000e+00
      vertex   4.614220e+01 2.747000e+01 2.500000e+00
      vertex   4.614220e+01 2.747000e+01 8.500000e+00
    endloop
  endfacet
  facet normal 0.000000e+00 0.000000e+00 1.000000e+00
    outer loop
      vertex   4.614220e+01 2.747000e+01 8.500000e+00
      vertex   4.678215e+01 2.747000e+01 8.500000e+00
      vertex   4.614220e+01 2.811000e+01 8.500000e+00
    endloop
  endfacet
  facet normal -0.000000e+00 0.000000e+00 1.000000e+00
    outer loop
      vertex   4.614220e+01 2.811000e+01 8.500000e+00
      vertex   4.678215e+01 2.747000e+01 8.500000e+00
      vertex   4.678215e+01 2.811000e+01 8.500000e+00
    endloop
  endfacet
  facet normal 0.000000e+00 1.000000e+00 -0.000000e+00
    outer loop
      vertex   4.424215e+01 2.811000e+01 2.500000e+00
      vertex   4.360220e+01 2.811000e+01 2.500000e+00
      vertex   4.424215e+01 2.811000e+01 8.500000e+00
    endloop
  endfacet
  facet normal 0.000000e+00 1.000000e+00 0.000000e+00
    outer loop
      vertex   4.424215e+01 2.811000e+01 8.500000e+00
      vertex   4.360220e+01 2.811000e+01 2.500000e+00
      vertex   4.360220e+01 2.811000e+01 8.500000e+00
    endloop
  endfacet
  facet normal 1.000000e+00 0.000000e+00 0.000000e+00
    outer loop
      vertex   4.424215e+01 2.747000e+01 2.500000e+00
      vertex   4.424215e+01 2.811000e+01 2.500000e+00
      vertex   4.424215e+01 2.747000e+01 8.500000e+00
    endloop
  endfacet
  facet normal 1.000000e+00 -0.000000e+00 0.000000e+00
    outer loop
      vertex   4.424215e+01 2.747000e+01 8.500000e+00
      vertex   4.424215e+01 2.811000e+01 2.500000e+00
      vertex   4.424215e+01 2.811000e+01 8.500000e+00
    endloop
  endfacet
  facet normal 0.000000e+00 -1.000000e+00 0.000000e+00
    outer loop
      vertex   4.360220e+01 2.747000e+01 2.500000e+00
      vertex   4.424215e+01 2.747000e+01 2.500000e+00
      vertex   4.360220e+01 2.747000e+01 8.500000e+00
    endloop
  endfacet
  facet normal 0.000000e+00 -1.000000e+00 0.000000e+00
    outer loop
      vertex   4.360220e+01 2.747000e+01 8.500000e+00
      vertex   4.424215e+01 2.747000e+01 2.500000e+00
      vertex   4.424215e+01 2.747000e+01 8.500000e+00
    endloop
  endfacet
  facet normal -1.000000e+00 0.000000e+00 0.000000e+00
    outer loop
      vertex   4.360220e+01 2.811000e+01 2.500000e+00
      vertex   4.360220e+01 2.747000e+01 2.500000e+00
      vertex   4.360220e+01 2.811000e+01 8.500000e+00
    endloop
  endfacet
  facet normal -1.000000e+00 -0.000000e+00 0.000000e+00
    outer loop
      vertex   4.360220e+01 2.811000e+01 8.500000e+00
      vertex   4.360220e+01 2.747000e+01 2.500000e+00
      vertex   4.360220e+01 2.747000e+01 8.500000e+00
    endloop
  endfacet
  facet normal 0.000000e+00 0.000000e+00 1.000000e+00
    outer loop
      vertex   4.360220e+01 2.747000e+01 8.500000e+00
      vertex   4.424215e+01 2.747000e+01 8.500000e+00
      vertex   4.360220e+01 2.811000e+01 8.500000e+00
    endloop
  endfacet
  facet normal -0.000000e+00 0.000000e+00 1.000000e+00
    outer loop
      vertex   4.360220e+01 2.811000e+01 8.500000e+00
      vertex   4.424215e+01 2.747000e+01 8.500000e+00
      vertex   4.424215e+01 2.811000e+01 8.500000e+00
    endloop
  endfacet
  facet normal 0.000000e+00 1.000000e+00 -0.000000e+00
    outer loop
      vertex   4.170215e+01 2.811000e+01 2.500000e+00
      vertex   4.106220e+01 2.811000e+01 2.500000e+00
      vertex   4.170215e+01 2.811000e+01 8.500000e+00
    endloop
  endfacet
  facet normal 0.000000e+00 1.000000e+00 0.000000e+00
    outer loop
      vertex   4.170215e+01 2.811000e+01 8.500000e+00
      vertex   4.106220e+01 2.811000e+01 2.500000e+00
      vertex   4.106220e+01 2.811000e+01 8.500000e+00
    endloop
  endfacet
  facet normal 1.000000e+00 0.000000e+00 0.000000e+00
    outer loop
      vertex   4.170215e+01 2.747000e+01 2.500000e+00
      vertex   4.170215e+01 2.811000e+01 2.500000e+00
      vertex   4.170215e+01 2.747000e+01 8.500000e+00
    endloop
  endfacet
  facet normal 1.000000e+00 -0.000000e+00 0.000000e+00
    outer loop
      vertex   4.170215e+01 2.747000e+01 8.500000e+00
      vertex   4.170215e+01 2.811000e+01 2.500000e+00
      vertex   4.170215e+01 2.811000e+01 8.500000e+00
    endloop
  endfacet
  facet normal 0.000000e+00 -1.000000e+00 0.000000e+00
    outer loop
      vertex   4.106220e+01 2.747000e+01 2.500000e+00
      vertex   4.170215e+01 2.747000e+01 2.500000e+00
      vertex   4.106220e+01 2.747000e+01 8.500000e+00
    endloop
  endfacet
  facet normal 0.000000e+00 -1.000000e+00 0.000000e+00
    outer loop
      vertex   4.106220e+01 2.747000e+01 8.500000e+00
      vertex   4.170215e+01 2.747000e+01 2.500000e+00
      vertex   4.170215e+01 2.747000e+01 8.500000e+00
    endloop
  endfacet
  facet normal -1.000000e+00 0.000000e+00 0.000000e+00
    outer loop
      vertex   4.106220e+01 2.811000e+01 2.500000e+00
      vertex   4.106220e+01 2.747000e+01 2.500000e+00
      vertex   4.106220e+01 2.811000e+01 8.500000e+00
    endloop
  endfacet
  facet normal -1.000000e+00 -0.000000e+00 0.000000e+00
    outer loop
      vertex   4.106220e+01 2.811000e+01 8.500000e+00
      vertex   4.106220e+01 2.747000e+01 2.500000e+00
      vertex   4.106220e+01 2.747000e+01 8.500000e+00
    endloop
  endfacet
  facet normal 0.000000e+00 0.000000e+00 1.000000e+00
    outer loop
      vertex   4.106220e+01 2.747000e+01 8.500000e+00
      vertex   4.170215e+01 2.747000e+01 8.500000e+00
      vertex   4.106220e+01 2.811000e+01 8.500000e+00
    endloop
  endfacet
  facet normal -0.000000e+00 0.000000e+00 1.000000e+00
    outer loop
      vertex   4.106220e+01 2.811000e+01 8.500000e+00
      vertex   4.170215e+01 2.747000e+01 8.500000e+00
      vertex   4.170215e+01 2.811000e+01 8.500000e+00
    endloop
  endfacet
  facet normal 0.000000e+00 1.000000e+00 -0.000000e+00
    outer loop
      vertex   3.916215e+01 2.811000e+01 2.500000e+00
      vertex   3.852220e+01 2.811000e+01 2.500000e+00
      vertex   3.916215e+01 2.811000e+01 8.500000e+00
    endloop
  endfacet
  facet normal 0.000000e+00 1.000000e+00 0.000000e+00
    outer loop
      vertex   3.916215e+01 2.811000e+01 8.500000e+00
      vertex   3.852220e+01 2.811000e+01 2.500000e+00
      vertex   3.852220e+01 2.811000e+01 8.500000e+00
    endloop
  endfacet
  facet normal 1.000000e+00 0.000000e+00 0.000000e+00
    outer loop
      vertex   3.916215e+01 2.747000e+01 2.500000e+00
      vertex   3.916215e+01 2.811000e+01 2.500000e+00
      vertex   3.916215e+01 2.747000e+01 8.500000e+00
    endloop
  endfacet
  facet normal 1.000000e+00 -0.000000e+00 0.000000e+00
    outer loop
      vertex   3.916215e+01 2.747000e+01 8.500000e+00
      vertex   3.916215e+01 2.811000e+01 2.500000e+00
      vertex   3.916215e+01 2.811000e+01 8.500000e+00
    endloop
  endfacet
  facet normal 0.000000e+00 -1.000000e+00 0.000000e+00
    outer loop
      vertex   3.852220e+01 2.747000e+01 2.500000e+00
      vertex   3.916215e+01 2.747000e+01 2.500000e+00
      vertex   3.852220e+01 2.747000e+01 8.500000e+00
    endloop
  endfacet
  facet normal 0.000000e+00 -1.000000e+00 0.000000e+00
    outer loop
      vertex   3.852220e+01 2.747000e+01 8.500000e+00
      vertex   3.916215e+01 2.747000e+01 2.500000e+00
      vertex   3.916215e+01 2.747000e+01 8.500000e+00
    endloop
  endfacet
  facet normal -1.000000e+00 0.000000e+00 0.000000e+00
    outer loop
      vertex   3.852220e+01 2.811000e+01 2.500000e+00
      vertex   3.852220e+01 2.747000e+01 2.500000e+00
      vertex   3.852220e+01 2.811000e+01 8.500000e+00
    endloop
  endfacet
  facet normal -1.000000e+00 -0.000000e+00 0.000000e+00
    outer loop
      vertex   3.852220e+01 2.811000e+01 8.500000e+00
      vertex   3.852220e+01 2.747000e+01 2.500000e+00
      vertex   3.852220e+01 2.747000e+01 8.500000e+00
    endloop
  endfacet
  facet normal 0.000000e+00 0.000000e+00 1.000000e+00
    outer loop
      vertex   3.852220e+01 2.747000e+01 8.500000e+00
      vertex   3.916215e+01 2.747000e+01 8.500000e+00
      vertex   3.852220e+01 2.811000e+01 8.500000e+00
    endloop
  endfacet
  facet normal -0.000000e+00 0.000000e+00 1.000000e+00
    outer loop
      vertex   3.852220e+01 2.811000e+01 8.500000e+00
      vertex   3.916215e+01 2.747000e+01 8.500000e+00
      vertex   3.916215e+01 2.811000e+01 8.500000e+00
    endloop
  endfacet
  facet normal 0.000000e+00 1.000000e+00 -0.000000e+00
    outer loop
      vertex   3.662215e+01 2.811000e+01 2.500000e+00
      vertex   3.598220e+01 2.811000e+01 2.500000e+00
      vertex   3.662215e+01 2.811000e+01 8.500000e+00
    endloop
  endfacet
  facet normal 0.000000e+00 1.000000e+00 0.000000e+00
    outer loop
      vertex   3.662215e+01 2.811000e+01 8.500000e+00
      vertex   3.598220e+01 2.811000e+01 2.500000e+00
      vertex   3.598220e+01 2.811000e+01 8.500000e+00
    endloop
  endfacet
  facet normal 1.000000e+00 0.000000e+00 0.000000e+00
    outer loop
      vertex   3.662215e+01 2.747000e+01 2.500000e+00
      vertex   3.662215e+01 2.811000e+01 2.500000e+00
      vertex   3.662215e+01 2.747000e+01 8.500000e+00
    endloop
  endfacet
  facet normal 1.000000e+00 -0.000000e+00 0.000000e+00
    outer loop
      vertex   3.662215e+01 2.747000e+01 8.500000e+00
      vertex   3.662215e+01 2.811000e+01 2.500000e+00
      vertex   3.662215e+01 2.811000e+01 8.500000e+00
    endloop
  endfacet
  facet normal 0.000000e+00 -1.000000e+00 0.000000e+00
    outer loop
      vertex   3.598220e+01 2.747000e+01 2.500000e+00
      vertex   3.662215e+01 2.747000e+01 2.500000e+00
      vertex   3.598220e+01 2.747000e+01 8.500000e+00
    endloop
  endfacet
  facet normal 0.000000e+00 -1.000000e+00 0.000000e+00
    outer loop
      vertex   3.598220e+01 2.747000e+01 8.500000e+00
      vertex   3.662215e+01 2.747000e+01 2.500000e+00
      vertex   3.662215e+01 2.747000e+01 8.500000e+00
    endloop
  endfacet
  facet normal -1.000000e+00 0.000000e+00 0.000000e+00
    outer loop
      vertex   3.598220e+01 2.811000e+01 2.500000e+00
      vertex   3.598220e+01 2.747000e+01 2.500000e+00
      vertex   3.598220e+01 2.811000e+01 8.500000e+00
    endloop
  endfacet
  facet normal -1.000000e+00 -0.000000e+00 0.000000e+00
    outer loop
      vertex   3.598220e+01 2.811000e+01 8.500000e+00
      vertex   3.598220e+01 2.747000e+01 2.500000e+00
      vertex   3.598220e+01 2.747000e+01 8.500000e+00
    endloop
  endfacet
  facet normal 0.000000e+00 0.000000e+00 1.000000e+00
    outer loop
      vertex   3.598220e+01 2.747000e+01 8.500000e+00
      vertex   3.662215e+01 2.747000e+01 8.500000e+00
      vertex   3.598220e+01 2.811000e+01 8.500000e+00
    endloop
  endfacet
  facet normal -0.000000e+00 0.000000e+00 1.000000e+00
    outer loop
      vertex   3.598220e+01 2.811000e+01 8.500000e+00
      vertex   3.662215e+01 2.747000e+01 8.500000e+00
      vertex   3.662215e+01 2.811000e+01 8.500000e+00
    endloop
  endfacet
  facet normal 0.000000e+00 1.000000e+00 -0.000000e+00
    outer loop
      vertex   3.408215e+01 2.811000e+01 2.500000e+00
      vertex   3.344220e+01 2.811000e+01 2.500000e+00
      vertex   3.408215e+01 2.811000e+01 8.500000e+00
    endloop
  endfacet
  facet normal 0.000000e+00 1.000000e+00 0.000000e+00
    outer loop
      vertex   3.408215e+01 2.811000e+01 8.500000e+00
      vertex   3.344220e+01 2.811000e+01 2.500000e+00
      vertex   3.344220e+01 2.811000e+01 8.500000e+00
    endloop
  endfacet
  facet normal 1.000000e+00 0.000000e+00 0.000000e+00
    outer loop
      vertex   3.408215e+01 2.747000e+01 2.500000e+00
      vertex   3.408215e+01 2.811000e+01 2.500000e+00
      vertex   3.408215e+01 2.747000e+01 8.500000e+00
    endloop
  endfacet
  facet normal 1.000000e+00 -0.000000e+00 0.000000e+00
    outer loop
      vertex   3.408215e+01 2.747000e+01 8.500000e+00
      vertex   3.408215e+01 2.811000e+01 2.500000e+00
      vertex   3.408215e+01 2.811000e+01 8.500000e+00
    endloop
  endfacet
  facet normal 0.000000e+00 -1.000000e+00 0.000000e+00
    outer loop
      vertex   3.344220e+01 2.747000e+01 2.500000e+00
      vertex   3.408215e+01 2.747000e+01 2.500000e+00
      vertex   3.344220e+01 2.747000e+01 8.500000e+00
    endloop
  endfacet
  facet normal 0.000000e+00 -1.000000e+00 0.000000e+00
    outer loop
      vertex   3.344220e+01 2.747000e+01 8.500000e+00
      vertex   3.408215e+01 2.747000e+01 2.500000e+00
      vertex   3.408215e+01 2.747000e+01 8.500000e+00
    endloop
  endfacet
  facet normal -1.000000e+00 0.000000e+00 0.000000e+00
    outer loop
      vertex   3.344220e+01 2.811000e+01 2.500000e+00
      vertex   3.344220e+01 2.747000e+01 2.500000e+00
      vertex   3.344220e+01 2.811000e+01 8.500000e+00
    endloop
  endfacet
  facet normal -1.000000e+00 -0.000000e+00 0.000000e+00
    outer loop
      vertex   3.344220e+01 2.811000e+01 8.500000e+00
      vertex   3.344220e+01 2.747000e+01 2.500000e+00
      vertex   3.344220e+01 2.747000e+01 8.500000e+00
    endloop
  endfacet
  facet normal 0.000000e+00 0.000000e+00 1.000000e+00
    outer loop
      vertex   3.344220e+01 2.747000e+01 8.500000e+00
      vertex   3.408215e+01 2.747000e+01 8.500000e+00
      vertex   3.344220e+01 2.811000e+01 8.500000e+00
    endloop
  endfacet
  facet normal -0.000000e+00 0.000000e+00 1.000000e+00
    outer loop
      vertex   3.344220e+01 2.811000e+01 8.500000e+00
      vertex   3.408215e+01 2.747000e+01 8.500000e+00
      vertex   3.408215e+01 2.811000e+01 8.500000e+00
    endloop
  endfacet
  facet normal 0.000000e+00 1.000000e+00 -0.000000e+00
    outer loop
      vertex   3.154215e+01 2.811000e+01 2.500000e+00
      vertex   3.090220e+01 2.811000e+01 2.500000e+00
      vertex   3.154215e+01 2.811000e+01 8.500000e+00
    endloop
  endfacet
  facet normal 0.000000e+00 1.000000e+00 0.000000e+00
    outer loop
      vertex   3.154215e+01 2.811000e+01 8.500000e+00
      vertex   3.090220e+01 2.811000e+01 2.500000e+00
      vertex   3.090220e+01 2.811000e+01 8.500000e+00
    endloop
  endfacet
  facet normal 1.000000e+00 0.000000e+00 0.000000e+00
    outer loop
      vertex   3.154215e+01 2.747000e+01 2.500000e+00
      vertex   3.154215e+01 2.811000e+01 2.500000e+00
      vertex   3.154215e+01 2.747000e+01 8.500000e+00
    endloop
  endfacet
  facet normal 1.000000e+00 -0.000000e+00 0.000000e+00
    outer loop
      vertex   3.154215e+01 2.747000e+01 8.500000e+00
      vertex   3.154215e+01 2.811000e+01 2.500000e+00
      vertex   3.154215e+01 2.811000e+01 8.500000e+00
    endloop
  endfacet
  facet normal 0.000000e+00 -1.000000e+00 0.000000e+00
    outer loop
      vertex   3.090220e+01 2.747000e+01 2.500000e+00
      vertex   3.154215e+01 2.747000e+01 2.500000e+00
      vertex   3.090220e+01 2.747000e+01 8.500000e+00
    endloop
  endfacet
  facet normal 0.000000e+00 -1.000000e+00 0.000000e+00
    outer loop
      vertex   3.090220e+01 2.747000e+01 8.500000e+00
      vertex   3.154215e+01 2.747000e+01 2.500000e+00
      vertex   3.154215e+01 2.747000e+01 8.500000e+00
    endloop
  endfacet
  facet normal -1.000000e+00 0.000000e+00 0.000000e+00
    outer loop
      vertex   3.090220e+01 2.811000e+01 2.500000e+00
      vertex   3.090220e+01 2.747000e+01 2.500000e+00
      vertex   3.090220e+01 2.811000e+01 8.500000e+00
    endloop
  endfacet
  facet normal -1.000000e+00 -0.000000e+00 0.000000e+00
    outer loop
      vertex   3.090220e+01 2.811000e+01 8.500000e+00
      vertex   3.090220e+01 2.747000e+01 2.500000e+00
      vertex   3.090220e+01 2.747000e+01 8.500000e+00
    endloop
  endfacet
  facet normal 0.000000e+00 0.000000e+00 1.000000e+00
    outer loop
      vertex   3.090220e+01 2.747000e+01 8.500000e+00
      vertex   3.154215e+01 2.747000e+01 8.500000e+00
      vertex   3.090220e+01 2.811000e+01 8.500000e+00
    endloop
  endfacet
  facet normal -0.000000e+00 0.000000e+00 1.000000e+00
    outer loop
      vertex   3.090220e+01 2.811000e+01 8.500000e+00
      vertex   3.154215e+01 2.747000e+01 8.500000e+00
      vertex   3.154215e+01 2.811000e+01 8.500000e+00
    endloop
  endfacet
  facet normal 0.000000e+00 1.000000e+00 -0.000000e+00
    outer loop
      vertex   2.900215e+01 2.811000e+01 2.500000e+00
      vertex   2.836220e+01 2.811000e+01 2.500000e+00
      vertex   2.900215e+01 2.811000e+01 8.500000e+00
    endloop
  endfacet
  facet normal 0.000000e+00 1.000000e+00 0.000000e+00
    outer loop
      vertex   2.900215e+01 2.811000e+01 8.500000e+00
      vertex   2.836220e+01 2.811000e+01 2.500000e+00
      vertex   2.836220e+01 2.811000e+01 8.500000e+00
    endloop
  endfacet
  facet normal 1.000000e+00 0.000000e+00 0.000000e+00
    outer loop
      vertex   2.900215e+01 2.747000e+01 2.500000e+00
      vertex   2.900215e+01 2.811000e+01 2.500000e+00
      vertex   2.900215e+01 2.747000e+01 8.500000e+00
    endloop
  endfacet
  facet normal 1.000000e+00 -0.000000e+00 0.000000e+00
    outer loop
      vertex   2.900215e+01 2.747000e+01 8.500000e+00
      vertex   2.900215e+01 2.811000e+01 2.500000e+00
      vertex   2.900215e+01 2.811000e+01 8.500000e+00
    endloop
  endfacet
  facet normal 0.000000e+00 -1.000000e+00 0.000000e+00
    outer loop
      vertex   2.836220e+01 2.747000e+01 2.500000e+00
      vertex   2.900215e+01 2.747000e+01 2.500000e+00
      vertex   2.836220e+01 2.747000e+01 8.500000e+00
    endloop
  endfacet
  facet normal 0.000000e+00 -1.000000e+00 0.000000e+00
    outer loop
      vertex   2.836220e+01 2.747000e+01 8.500000e+00
      vertex   2.900215e+01 2.747000e+01 2.500000e+00
      vertex   2.900215e+01 2.747000e+01 8.500000e+00
    endloop
  endfacet
  facet normal -1.000000e+00 0.000000e+00 0.000000e+00
    outer loop
      vertex   2.836220e+01 2.811000e+01 2.500000e+00
      vertex   2.836220e+01 2.747000e+01 2.500000e+00
      vertex   2.836220e+01 2.811000e+01 8.500000e+00
    endloop
  endfacet
  facet normal -1.000000e+00 -0.000000e+00 0.000000e+00
    outer loop
      vertex   2.836220e+01 2.811000e+01 8.500000e+00
      vertex   2.836220e+01 2.747000e+01 2.500000e+00
      vertex   2.836220e+01 2.747000e+01 8.500000e+00
    endloop
  endfacet
  facet normal 0.000000e+00 0.000000e+00 1.000000e+00
    outer loop
      vertex   2.836220e+01 2.747000e+01 8.500000e+00
      vertex   2.900215e+01 2.747000e+01 8.500000e+00
      vertex   2.836220e+01 2.811000e+01 8.500000e+00
    endloop
  endfacet
  facet normal -0.000000e+00 0.000000e+00 1.000000e+00
    outer loop
      vertex   2.836220e+01 2.811000e+01 8.500000e+00
      vertex   2.900215e+01 2.747000e+01 8.500000e+00
      vertex   2.900215e+01 2.811000e+01 8.500000e+00
    endloop
  endfacet
  facet normal 0.000000e+00 1.000000e+00 -0.000000e+00
    outer loop
      vertex   2.646215e+01 2.811000e+01 2.500000e+00
      vertex   2.582220e+01 2.811000e+01 2.500000e+00
      vertex   2.646215e+01 2.811000e+01 8.500000e+00
    endloop
  endfacet
  facet normal 0.000000e+00 1.000000e+00 0.000000e+00
    outer loop
      vertex   2.646215e+01 2.811000e+01 8.500000e+00
      vertex   2.582220e+01 2.811000e+01 2.500000e+00
      vertex   2.582220e+01 2.811000e+01 8.500000e+00
    endloop
  endfacet
  facet normal 1.000000e+00 0.000000e+00 0.000000e+00
    outer loop
      vertex   2.646215e+01 2.747000e+01 2.500000e+00
      vertex   2.646215e+01 2.811000e+01 2.500000e+00
      vertex   2.646215e+01 2.747000e+01 8.500000e+00
    endloop
  endfacet
  facet normal 1.000000e+00 -0.000000e+00 0.000000e+00
    outer loop
      vertex   2.646215e+01 2.747000e+01 8.500000e+00
      vertex   2.646215e+01 2.811000e+01 2.500000e+00
      vertex   2.646215e+01 2.811000e+01 8.500000e+00
    endloop
  endfacet
  facet normal 0.000000e+00 -1.000000e+00 0.000000e+00
    outer loop
      vertex   2.582220e+01 2.747000e+01 2.500000e+00
      vertex   2.646215e+01 2.747000e+01 2.500000e+00
      vertex   2.582220e+01 2.747000e+01 8.500000e+00
    endloop
  endfacet
  facet normal 0.000000e+00 -1.000000e+00 0.000000e+00
    outer loop
      vertex   2.582220e+01 2.747000e+01 8.500000e+00
      vertex   2.646215e+01 2.747000e+01 2.500000e+00
      vertex   2.646215e+01 2.747000e+01 8.500000e+00
    endloop
  endfacet
  facet normal -1.000000e+00 0.000000e+00 0.000000e+00
    outer loop
      vertex   2.582220e+01 2.811000e+01 2.500000e+00
      vertex   2.582220e+01 2.747000e+01 2.500000e+00
      vertex   2.582220e+01 2.811000e+01 8.500000e+00
    endloop
  endfacet
  facet normal -1.000000e+00 -0.000000e+00 0.000000e+00
    outer loop
      vertex   2.582220e+01 2.811000e+01 8.500000e+00
      vertex   2.582220e+01 2.747000e+01 2.500000e+00
      vertex   2.582220e+01 2.747000e+01 8.500000e+00
    endloop
  endfacet
  facet normal 0.000000e+00 0.000000e+00 1.000000e+00
    outer loop
      vertex   2.582220e+01 2.747000e+01 8.500000e+00
      vertex   2.646215e+01 2.747000e+01 8.500000e+00
      vertex   2.582220e+01 2.811000e+01 8.500000e+00
    endloop
  endfacet
  facet normal -0.000000e+00 0.000000e+00 1.000000e+00
    outer loop
      vertex   2.582220e+01 2.811000e+01 8.500000e+00
      vertex   2.646215e+01 2.747000e+01 8.500000e+00
      vertex   2.646215e+01 2.811000e+01 8.500000e+00
    endloop
  endfacet
  facet normal 0.000000e+00 1.000000e+00 -0.000000e+00
    outer loop
      vertex   2.392215e+01 2.811000e+01 2.500000e+00
      vertex   2.328220e+01 2.811000e+01 2.500000e+00
      vertex   2.392215e+01 2.811000e+01 8.500000e+00
    endloop
  endfacet
  facet normal 0.000000e+00 1.000000e+00 0.000000e+00
    outer loop
      vertex   2.392215e+01 2.811000e+01 8.500000e+00
      vertex   2.328220e+01 2.811000e+01 2.500000e+00
      vertex   2.328220e+01 2.811000e+01 8.500000e+00
    endloop
  endfacet
  facet normal 1.000000e+00 0.000000e+00 0.000000e+00
    outer loop
      vertex   2.392215e+01 2.747000e+01 2.500000e+00
      vertex   2.392215e+01 2.811000e+01 2.500000e+00
      vertex   2.392215e+01 2.747000e+01 8.500000e+00
    endloop
  endfacet
  facet normal 1.000000e+00 -0.000000e+00 0.000000e+00
    outer loop
      vertex   2.392215e+01 2.747000e+01 8.500000e+00
      vertex   2.392215e+01 2.811000e+01 2.500000e+00
      vertex   2.392215e+01 2.811000e+01 8.500000e+00
    endloop
  endfacet
  facet normal 0.000000e+00 -1.000000e+00 0.000000e+00
    outer loop
      vertex   2.328220e+01 2.747000e+01 2.500000e+00
      vertex   2.392215e+01 2.747000e+01 2.500000e+00
      vertex   2.328220e+01 2.747000e+01 8.500000e+00
    endloop
  endfacet
  facet normal 0.000000e+00 -1.000000e+00 0.000000e+00
    outer loop
      vertex   2.328220e+01 2.747000e+01 8.500000e+00
      vertex   2.392215e+01 2.747000e+01 2.500000e+00
      vertex   2.392215e+01 2.747000e+01 8.500000e+00
    endloop
  endfacet
  facet normal -1.000000e+00 0.000000e+00 0.000000e+00
    outer loop
      vertex   2.328220e+01 2.811000e+01 2.500000e+00
      vertex   2.328220e+01 2.747000e+01 2.500000e+00
      vertex   2.328220e+01 2.811000e+01 8.500000e+00
    endloop
  endfacet
  facet normal -1.000000e+00 -0.000000e+00 0.000000e+00
    outer loop
      vertex   2.328220e+01 2.811000e+01 8.500000e+00
      vertex   2.328220e+01 2.747000e+01 2.500000e+00
      vertex   2.328220e+01 2.747000e+01 8.500000e+00
    endloop
  endfacet
  facet normal 0.000000e+00 0.000000e+00 1.000000e+00
    outer loop
      vertex   2.328220e+01 2.747000e+01 8.500000e+00
      vertex   2.392215e+01 2.747000e+01 8.500000e+00
      vertex   2.328220e+01 2.811000e+01 8.500000e+00
    endloop
  endfacet
  facet normal -0.000000e+00 0.000000e+00 1.000000e+00
    outer loop
      vertex   2.328220e+01 2.811000e+01 8.500000e+00
      vertex   2.392215e+01 2.747000e+01 8.500000e+00
      vertex   2.392215e+01 2.811000e+01 8.500000e+00
    endloop
  endfacet
  facet normal 0.000000e+00 1.000000e+00 -0.000000e+00
    outer loop
      vertex   2.138215e+01 2.811000e+01 2.500000e+00
      vertex   2.074220e+01 2.811000e+01 2.500000e+00
      vertex   2.138215e+01 2.811000e+01 8.500000e+00
    endloop
  endfacet
  facet normal 0.000000e+00 1.000000e+00 0.000000e+00
    outer loop
      vertex   2.138215e+01 2.811000e+01 8.500000e+00
      vertex   2.074220e+01 2.811000e+01 2.500000e+00
      vertex   2.074220e+01 2.811000e+01 8.500000e+00
    endloop
  endfacet
  facet normal 1.000000e+00 0.000000e+00 0.000000e+00
    outer loop
      vertex   2.138215e+01 2.747000e+01 2.500000e+00
      vertex   2.138215e+01 2.811000e+01 2.500000e+00
      vertex   2.138215e+01 2.747000e+01 8.500000e+00
    endloop
  endfacet
  facet normal 1.000000e+00 -0.000000e+00 0.000000e+00
    outer loop
      vertex   2.138215e+01 2.747000e+01 8.500000e+00
      vertex   2.138215e+01 2.811000e+01 2.500000e+00
      vertex   2.138215e+01 2.811000e+01 8.500000e+00
    endloop
  endfacet
  facet normal 0.000000e+00 -1.000000e+00 0.000000e+00
    outer loop
      vertex   2.074220e+01 2.747000e+01 2.500000e+00
      vertex   2.138215e+01 2.747000e+01 2.500000e+00
      vertex   2.074220e+01 2.747000e+01 8.500000e+00
    endloop
  endfacet
  facet normal 0.000000e+00 -1.000000e+00 0.000000e+00
    outer loop
      vertex   2.074220e+01 2.747000e+01 8.500000e+00
      vertex   2.138215e+01 2.747000e+01 2.500000e+00
      vertex   2.138215e+01 2.747000e+01 8.500000e+00
    endloop
  endfacet
  facet normal -1.000000e+00 0.000000e+00 0.000000e+00
    outer loop
      vertex   2.074220e+01 2.811000e+01 2.500000e+00
      vertex   2.074220e+01 2.747000e+01 2.500000e+00
      vertex   2.074220e+01 2.811000e+01 8.500000e+00
    endloop
  endfacet
  facet normal -1.000000e+00 -0.000000e+00 0.000000e+00
    outer loop
      vertex   2.074220e+01 2.811000e+01 8.500000e+00
      vertex   2.074220e+01 2.747000e+01 2.500000e+00
      vertex   2.074220e+01 2.747000e+01 8.500000e+00
    endloop
  endfacet
  facet normal 0.000000e+00 0.000000e+00 1.000000e+00
    outer loop
      vertex   2.074220e+01 2.747000e+01 8.500000e+00
      vertex   2.138215e+01 2.747000e+01 8.500000e+00
      vertex   2.074220e+01 2.811000e+01 8.500000e+00
    endloop
  endfacet
  facet normal -0.000000e+00 0.000000e+00 1.000000e+00
    outer loop
      vertex   2.074220e+01 2.811000e+01 8.500000e+00
      vertex   2.138215e+01 2.747000e+01 8.500000e+00
      vertex   2.138215e+01 2.811000e+01 8.500000e+00
    endloop
  endfacet
  facet normal 0.000000e+00 1.000000e+00 -0.000000e+00
    outer loop
      vertex   1.884215e+01 2.811000e+01 2.500000e+00
      vertex   1.820220e+01 2.811000e+01 2.500000e+00
      vertex   1.884215e+01 2.811000e+01 8.500000e+00
    endloop
  endfacet
  facet normal 0.000000e+00 1.000000e+00 0.000000e+00
    outer loop
      vertex   1.884215e+01 2.811000e+01 8.500000e+00
      vertex   1.820220e+01 2.811000e+01 2.500000e+00
      vertex   1.820220e+01 2.811000e+01 8.500000e+00
    endloop
  endfacet
  facet normal 1.000000e+00 0.000000e+00 0.000000e+00
    outer loop
      vertex   1.884215e+01 2.747000e+01 2.500000e+00
      vertex   1.884215e+01 2.811000e+01 2.500000e+00
      vertex   1.884215e+01 2.747000e+01 8.500000e+00
    endloop
  endfacet
  facet normal 1.000000e+00 -0.000000e+00 0.000000e+00
    outer loop
      vertex   1.884215e+01 2.747000e+01 8.500000e+00
      vertex   1.884215e+01 2.811000e+01 2.500000e+00
      vertex   1.884215e+01 2.811000e+01 8.500000e+00
    endloop
  endfacet
  facet normal 0.000000e+00 -1.000000e+00 0.000000e+00
    outer loop
      vertex   1.820220e+01 2.747000e+01 2.500000e+00
      vertex   1.884215e+01 2.747000e+01 2.500000e+00
      vertex   1.820220e+01 2.747000e+01 8.500000e+00
    endloop
  endfacet
  facet normal 0.000000e+00 -1.000000e+00 0.000000e+00
    outer loop
      vertex   1.820220e+01 2.747000e+01 8.500000e+00
      vertex   1.884215e+01 2.747000e+01 2.500000e+00
      vertex   1.884215e+01 2.747000e+01 8.500000e+00
    endloop
  endfacet
  facet normal -1.000000e+00 0.000000e+00 0.000000e+00
    outer loop
      vertex   1.820220e+01 2.811000e+01 2.500000e+00
      vertex   1.820220e+01 2.747000e+01 2.500000e+00
      vertex   1.820220e+01 2.811000e+01 8.500000e+00
    endloop
  endfacet
  facet normal -1.000000e+00 -0.000000e+00 0.000000e+00
    outer loop
      vertex   1.820220e+01 2.811000e+01 8.500000e+00
      vertex   1.820220e+01 2.747000e+01 2.500000e+00
      vertex   1.820220e+01 2.747000e+01 8.500000e+00
    endloop
  endfacet
  facet normal 0.000000e+00 0.000000e+00 1.000000e+00
    outer loop
      vertex   1.820220e+01 2.747000e+01 8.500000e+00
      vertex   1.884215e+01 2.747000e+01 8.500000e+00
      vertex   1.820220e+01 2.811000e+01 8.500000e+00
    endloop
  endfacet
  facet normal -0.000000e+00 0.000000e+00 1.000000e+00
    outer loop
      vertex   1.820220e+01 2.811000e+01 8.500000e+00
      vertex   1.884215e+01 2.747000e+01 8.500000e+00
      vertex   1.884215e+01 2.811000e+01 8.500000e+00
    endloop
  endfacet
  facet normal 0.000000e+00 1.000000e+00 -0.000000e+00
    outer loop
      vertex   1.630215e+01 2.811000e+01 2.500000e+00
      vertex   1.566220e+01 2.811000e+01 2.500000e+00
      vertex   1.630215e+01 2.811000e+01 8.500000e+00
    endloop
  endfacet
  facet normal 0.000000e+00 1.000000e+00 0.000000e+00
    outer loop
      vertex   1.630215e+01 2.811000e+01 8.500000e+00
      vertex   1.566220e+01 2.811000e+01 2.500000e+00
      vertex   1.566220e+01 2.811000e+01 8.500000e+00
    endloop
  endfacet
  facet normal 1.000000e+00 0.000000e+00 0.000000e+00
    outer loop
      vertex   1.630215e+01 2.747000e+01 2.500000e+00
      vertex   1.630215e+01 2.811000e+01 2.500000e+00
      vertex   1.630215e+01 2.747000e+01 8.500000e+00
    endloop
  endfacet
  facet normal 1.000000e+00 -0.000000e+00 0.000000e+00
    outer loop
      vertex   1.630215e+01 2.747000e+01 8.500000e+00
      vertex   1.630215e+01 2.811000e+01 2.500000e+00
      vertex   1.630215e+01 2.811000e+01 8.500000e+00
    endloop
  endfacet
  facet normal 0.000000e+00 -1.000000e+00 0.000000e+00
    outer loop
      vertex   1.566220e+01 2.747000e+01 2.500000e+00
      vertex   1.630215e+01 2.747000e+01 2.500000e+00
      vertex   1.566220e+01 2.747000e+01 8.500000e+00
    endloop
  endfacet
  facet normal 0.000000e+00 -1.000000e+00 0.000000e+00
    outer loop
      vertex   1.566220e+01 2.747000e+01 8.500000e+00
      vertex   1.630215e+01 2.747000e+01 2.500000e+00
      vertex   1.630215e+01 2.747000e+01 8.500000e+00
    endloop
  endfacet
  facet normal -1.000000e+00 0.000000e+00 0.000000e+00
    outer loop
      vertex   1.566220e+01 2.811000e+01 2.500000e+00
      vertex   1.566220e+01 2.747000e+01 2.500000e+00
      vertex   1.566220e+01 2.811000e+01 8.500000e+00
    endloop
  endfacet
  facet normal -1.000000e+00 -0.000000e+00 0.000000e+00
    outer loop
      vertex   1.566220e+01 2.811000e+01 8.500000e+00
      vertex   1.566220e+01 2.747000e+01 2.500000e+00
      vertex   1.566220e+01 2.747000e+01 8.500000e+00
    endloop
  endfacet
  facet normal 0.000000e+00 0.000000e+00 1.000000e+00
    outer loop
      vertex   1.566220e+01 2.747000e+01 8.500000e+00
      vertex   1.630215e+01 2.747000e+01 8.500000e+00
      vertex   1.566220e+01 2.811000e+01 8.500000e+00
    endloop
  endfacet
  facet normal -0.000000e+00 0.000000e+00 1.000000e+00
    outer loop
      vertex   1.566220e+01 2.811000e+01 8.500000e+00
      vertex   1.630215e+01 2.747000e+01 8.500000e+00
      vertex   1.630215e+01 2.811000e+01 8.500000e+00
    endloop
  endfacet
  facet normal 0.000000e+00 1.000000e+00 -0.000000e+00
    outer loop
      vertex   1.376215e+01 2.811000e+01 2.500000e+00
      vertex   1.312220e+01 2.811000e+01 2.500000e+00
      vertex   1.376215e+01 2.811000e+01 8.500000e+00
    endloop
  endfacet
  facet normal 0.000000e+00 1.000000e+00 0.000000e+00
    outer loop
      vertex   1.376215e+01 2.811000e+01 8.500000e+00
      vertex   1.312220e+01 2.811000e+01 2.500000e+00
      vertex   1.312220e+01 2.811000e+01 8.500000e+00
    endloop
  endfacet
  facet normal 1.000000e+00 0.000000e+00 0.000000e+00
    outer loop
      vertex   1.376215e+01 2.747000e+01 2.500000e+00
      vertex   1.376215e+01 2.811000e+01 2.500000e+00
      vertex   1.376215e+01 2.747000e+01 8.500000e+00
    endloop
  endfacet
  facet normal 1.000000e+00 -0.000000e+00 0.000000e+00
    outer loop
      vertex   1.376215e+01 2.747000e+01 8.500000e+00
      vertex   1.376215e+01 2.811000e+01 2.500000e+00
      vertex   1.376215e+01 2.811000e+01 8.500000e+00
    endloop
  endfacet
  facet normal 0.000000e+00 -1.000000e+00 0.000000e+00
    outer loop
      vertex   1.312220e+01 2.747000e+01 2.500000e+00
      vertex   1.376215e+01 2.747000e+01 2.500000e+00
      vertex   1.312220e+01 2.747000e+01 8.500000e+00
    endloop
  endfacet
  facet normal 0.000000e+00 -1.000000e+00 0.000000e+00
    outer loop
      vertex   1.312220e+01 2.747000e+01 8.500000e+00
      vertex   1.376215e+01 2.747000e+01 2.500000e+00
      vertex   1.376215e+01 2.747000e+01 8.500000e+00
    endloop
  endfacet
  facet normal -1.000000e+00 0.000000e+00 0.000000e+00
    outer loop
      vertex   1.312220e+01 2.811000e+01 2.500000e+00
      vertex   1.312220e+01 2.747000e+01 2.500000e+00
      vertex   1.312220e+01 2.811000e+01 8.500000e+00
    endloop
  endfacet
  facet normal -1.000000e+00 -0.000000e+00 0.000000e+00
    outer loop
      vertex   1.312220e+01 2.811000e+01 8.500000e+00
      vertex   1.312220e+01 2.747000e+01 2.500000e+00
      vertex   1.312220e+01 2.747000e+01 8.500000e+00
    endloop
  endfacet
  facet normal 0.000000e+00 0.000000e+00 1.000000e+00
    outer loop
      vertex   1.312220e+01 2.747000e+01 8.500000e+00
      vertex   1.376215e+01 2.747000e+01 8.500000e+00
      vertex   1.312220e+01 2.811000e+01 8.500000e+00
    endloop
  endfacet
  facet normal -0.000000e+00 0.000000e+00 1.000000e+00
    outer loop
      vertex   1.312220e+01 2.811000e+01 8.500000e+00
      vertex   1.376215e+01 2.747000e+01 8.500000e+00
      vertex   1.376215e+01 2.811000e+01 8.500000e+00
    endloop
  endfacet
  facet normal 0.000000e+00 1.000000e+00 -0.000000e+00
    outer loop
      vertex   1.122215e+01 2.811000e+01 2.500000e+00
      vertex   1.058220e+01 2.811000e+01 2.500000e+00
      vertex   1.122215e+01 2.811000e+01 8.500000e+00
    endloop
  endfacet
  facet normal 0.000000e+00 1.000000e+00 0.000000e+00
    outer loop
      vertex   1.122215e+01 2.811000e+01 8.500000e+00
      vertex   1.058220e+01 2.811000e+01 2.500000e+00
      vertex   1.058220e+01 2.811000e+01 8.500000e+00
    endloop
  endfacet
  facet normal 1.000000e+00 0.000000e+00 0.000000e+00
    outer loop
      vertex   1.122215e+01 2.747000e+01 2.500000e+00
      vertex   1.122215e+01 2.811000e+01 2.500000e+00
      vertex   1.122215e+01 2.747000e+01 8.500000e+00
    endloop
  endfacet
  facet normal 1.000000e+00 -0.000000e+00 0.000000e+00
    outer loop
      vertex   1.122215e+01 2.747000e+01 8.500000e+00
      vertex   1.122215e+01 2.811000e+01 2.500000e+00
      vertex   1.122215e+01 2.811000e+01 8.500000e+00
    endloop
  endfacet
  facet normal 0.000000e+00 -1.000000e+00 0.000000e+00
    outer loop
      vertex   1.058220e+01 2.747000e+01 2.500000e+00
      vertex   1.122215e+01 2.747000e+01 2.500000e+00
      vertex   1.058220e+01 2.747000e+01 8.500000e+00
    endloop
  endfacet
  facet normal 0.000000e+00 -1.000000e+00 0.000000e+00
    outer loop
      vertex   1.058220e+01 2.747000e+01 8.500000e+00
      vertex   1.122215e+01 2.747000e+01 2.500000e+00
      vertex   1.122215e+01 2.747000e+01 8.500000e+00
    endloop
  endfacet
  facet normal -1.000000e+00 0.000000e+00 0.000000e+00
    outer loop
      vertex   1.058220e+01 2.811000e+01 2.500000e+00
      vertex   1.058220e+01 2.747000e+01 2.500000e+00
      vertex   1.058220e+01 2.811000e+01 8.500000e+00
    endloop
  endfacet
  facet normal -1.000000e+00 -0.000000e+00 0.000000e+00
    outer loop
      vertex   1.058220e+01 2.811000e+01 8.500000e+00
      vertex   1.058220e+01 2.747000e+01 2.500000e+00
      vertex   1.058220e+01 2.747000e+01 8.500000e+00
    endloop
  endfacet
  facet normal 0.000000e+00 0.000000e+00 1.000000e+00
    outer loop
      vertex   1.058220e+01 2.747000e+01 8.500000e+00
      vertex   1.122215e+01 2.747000e+01 8.500000e+00
      vertex   1.058220e+01 2.811000e+01 8.500000e+00
    endloop
  endfacet
  facet normal -0.000000e+00 0.000000e+00 1.000000e+00
    outer loop
      vertex   1.058220e+01 2.811000e+01 8.500000e+00
      vertex   1.122215e+01 2.747000e+01 8.500000e+00
      vertex   1.122215e+01 2.811000e+01 8.500000e+00
    endloop
  endfacet
  facet normal 0.000000e+00 1.000000e+00 -0.000000e+00
    outer loop
      vertex   8.682150e+00 2.811000e+01 2.500000e+00
      vertex   8.042200e+00 2.811000e+01 2.500000e+00
      vertex   8.682150e+00 2.811000e+01 8.500000e+00
    endloop
  endfacet
  facet normal 0.000000e+00 1.000000e+00 0.000000e+00
    outer loop
      vertex   8.682150e+00 2.811000e+01 8.500000e+00
      vertex   8.042200e+00 2.811000e+01 2.500000e+00
      vertex   8.042200e+00 2.811000e+01 8.500000e+00
    endloop
  endfacet
  facet normal 1.000000e+00 0.000000e+00 0.000000e+00
    outer loop
      vertex   8.682150e+00 2.747000e+01 2.500000e+00
      vertex   8.682150e+00 2.811000e+01 2.500000e+00
      vertex   8.682150e+00 2.747000e+01 8.500000e+00
    endloop
  endfacet
  facet normal 1.000000e+00 -0.000000e+00 0.000000e+00
    outer loop
      vertex   8.682150e+00 2.747000e+01 8.500000e+00
      vertex   8.682150e+00 2.811000e+01 2.500000e+00
      vertex   8.682150e+00 2.811000e+01 8.500000e+00
    endloop
  endfacet
  facet normal 0.000000e+00 -1.000000e+00 0.000000e+00
    outer loop
      vertex   8.042200e+00 2.747000e+01 2.500000e+00
      vertex   8.682150e+00 2.747000e+01 2.500000e+00
      vertex   8.042200e+00 2.747000e+01 8.500000e+00
    endloop
  endfacet
  facet normal 0.000000e+00 -1.000000e+00 0.000000e+00
    outer loop
      vertex   8.042200e+00 2.747000e+01 8.500000e+00
      vertex   8.682150e+00 2.747000e+01 2.500000e+00
      vertex   8.682150e+00 2.747000e+01 8.500000e+00
    endloop
  endfacet
  facet normal -1.000000e+00 0.000000e+00 0.000000e+00
    outer loop
      vertex   8.042200e+00 2.811000e+01 2.500000e+00
      vertex   8.042200e+00 2.747000e+01 2.500000e+00
      vertex   8.042200e+00 2.811000e+01 8.500000e+00
    endloop
  endfacet
  facet normal -1.000000e+00 -0.000000e+00 0.000000e+00
    outer loop
      vertex   8.042200e+00 2.811000e+01 8.500000e+00
      vertex   8.042200e+00 2.747000e+01 2.500000e+00
      vertex   8.042200e+00 2.747000e+01 8.500000e+00
    endloop
  endfacet
  facet normal 0.000000e+00 0.000000e+00 1.000000e+00
    outer loop
      vertex   8.042200e+00 2.747000e+01 8.500000e+00
      vertex   8.682150e+00 2.747000e+01 8.500000e+00
      vertex   8.042200e+00 2.811000e+01 8.500000e+00
    endloop
  endfacet
  facet normal -0.000000e+00 0.000000e+00 1.000000e+00
    outer loop
      vertex   8.042200e+00 2.811000e+01 8.500000e+00
      vertex   8.682150e+00 2.747000e+01 8.500000e+00
      vertex   8.682150e+00 2.811000e+01 8.500000e+00
    endloop
  endfacet
  facet normal 0.000000e+00 1.000000e+00 -0.000000e+00
    outer loop
      vertex   5.694215e+01 2.557000e+01 2.500000e+00
      vertex   5.630220e+01 2.557000e+01 2.500000e+00
      vertex   5.694215e+01 2.557000e+01 8.500000e+00
    endloop
  endfacet
  facet normal 0.000000e+00 1.000000e+00 0.000000e+00
    outer loop
      vertex   5.694215e+01 2.557000e+01 8.500000e+00
      vertex   5.630220e+01 2.557000e+01 2.500000e+00
      vertex   5.630220e+01 2.557000e+01 8.500000e+00
    endloop
  endfacet
  facet normal 1.000000e+00 0.000000e+00 0.000000e+00
    outer loop
      vertex   5.694215e+01 2.493000e+01 2.500000e+00
      vertex   5.694215e+01 2.557000e+01 2.500000e+00
      vertex   5.694215e+01 2.493000e+01 8.500000e+00
    endloop
  endfacet
  facet normal 1.000000e+00 -0.000000e+00 0.000000e+00
    outer loop
      vertex   5.694215e+01 2.493000e+01 8.500000e+00
      vertex   5.694215e+01 2.557000e+01 2.500000e+00
      vertex   5.694215e+01 2.557000e+01 8.500000e+00
    endloop
  endfacet
  facet normal 0.000000e+00 -1.000000e+00 0.000000e+00
    outer loop
      vertex   5.630220e+01 2.493000e+01 2.500000e+00
      vertex   5.694215e+01 2.493000e+01 2.500000e+00
      vertex   5.630220e+01 2.493000e+01 8.500000e+00
    endloop
  endfacet
  facet normal 0.000000e+00 -1.000000e+00 0.000000e+00
    outer loop
      vertex   5.630220e+01 2.493000e+01 8.500000e+00
      vertex   5.694215e+01 2.493000e+01 2.500000e+00
      vertex   5.694215e+01 2.493000e+01 8.500000e+00
    endloop
  endfacet
  facet normal -1.000000e+00 0.000000e+00 0.000000e+00
    outer loop
      vertex   5.630220e+01 2.557000e+01 2.500000e+00
      vertex   5.630220e+01 2.493000e+01 2.500000e+00
      vertex   5.630220e+01 2.557000e+01 8.500000e+00
    endloop
  endfacet
  facet normal -1.000000e+00 -0.000000e+00 0.000000e+00
    outer loop
      vertex   5.630220e+01 2.557000e+01 8.500000e+00
      vertex   5.630220e+01 2.493000e+01 2.500000e+00
      vertex   5.630220e+01 2.493000e+01 8.500000e+00
    endloop
  endfacet
  facet normal 0.000000e+00 0.000000e+00 1.000000e+00
    outer loop
      vertex   5.630220e+01 2.493000e+01 8.500000e+00
      vertex   5.694215e+01 2.493000e+01 8.500000e+00
      vertex   5.630220e+01 2.557000e+01 8.500000e+00
    endloop
  endfacet
  facet normal -0.000000e+00 0.000000e+00 1.000000e+00
    outer loop
      vertex   5.630220e+01 2.557000e+01 8.500000e+00
      vertex   5.694215e+01 2.493000e+01 8.500000e+00
      vertex   5.694215e+01 2.557000e+01 8.500000e+00
    endloop
  endfacet
  facet normal 0.000000e+00 1.000000e+00 -0.000000e+00
    outer loop
      vertex   5.440215e+01 2.557000e+01 2.500000e+00
      vertex   5.376220e+01 2.557000e+01 2.500000e+00
      vertex   5.440215e+01 2.557000e+01 8.500000e+00
    endloop
  endfacet
  facet normal 0.000000e+00 1.000000e+00 0.000000e+00
    outer loop
      vertex   5.440215e+01 2.557000e+01 8.500000e+00
      vertex   5.376220e+01 2.557000e+01 2.500000e+00
      vertex   5.376220e+01 2.557000e+01 8.500000e+00
    endloop
  endfacet
  facet normal 1.000000e+00 0.000000e+00 0.000000e+00
    outer loop
      vertex   5.440215e+01 2.493000e+01 2.500000e+00
      vertex   5.440215e+01 2.557000e+01 2.500000e+00
      vertex   5.440215e+01 2.493000e+01 8.500000e+00
    endloop
  endfacet
  facet normal 1.000000e+00 -0.000000e+00 0.000000e+00
    outer loop
      vertex   5.440215e+01 2.493000e+01 8.500000e+00
      vertex   5.440215e+01 2.557000e+01 2.500000e+00
      vertex   5.440215e+01 2.557000e+01 8.500000e+00
    endloop
  endfacet
  facet normal 0.000000e+00 -1.000000e+00 0.000000e+00
    outer loop
      vertex   5.376220e+01 2.493000e+01 2.500000e+00
      vertex   5.440215e+01 2.493000e+01 2.500000e+00
      vertex   5.376220e+01 2.493000e+01 8.500000e+00
    endloop
  endfacet
  facet normal 0.000000e+00 -1.000000e+00 0.000000e+00
    outer loop
      vertex   5.376220e+01 2.493000e+01 8.500000e+00
      vertex   5.440215e+01 2.493000e+01 2.500000e+00
      vertex   5.440215e+01 2.493000e+01 8.500000e+00
    endloop
  endfacet
  facet normal -1.000000e+00 0.000000e+00 0.000000e+00
    outer loop
      vertex   5.376220e+01 2.557000e+01 2.500000e+00
      vertex   5.376220e+01 2.493000e+01 2.500000e+00
      vertex   5.376220e+01 2.557000e+01 8.500000e+00
    endloop
  endfacet
  facet normal -1.000000e+00 -0.000000e+00 0.000000e+00
    outer loop
      vertex   5.376220e+01 2.557000e+01 8.500000e+00
      vertex   5.376220e+01 2.493000e+01 2.500000e+00
      vertex   5.376220e+01 2.493000e+01 8.500000e+00
    endloop
  endfacet
  facet normal 0.000000e+00 0.000000e+00 1.000000e+00
    outer loop
      vertex   5.376220e+01 2.493000e+01 8.500000e+00
      vertex   5.440215e+01 2.493000e+01 8.500000e+00
      vertex   5.376220e+01 2.557000e+01 8.500000e+00
    endloop
  endfacet
  facet normal -0.000000e+00 0.000000e+00 1.000000e+00
    outer loop
      vertex   5.376220e+01 2.557000e+01 8.500000e+00
      vertex   5.440215e+01 2.493000e+01 8.500000e+00
      vertex   5.440215e+01 2.557000e+01 8.500000e+00
    endloop
  endfacet
  facet normal 0.000000e+00 1.000000e+00 -0.000000e+00
    outer loop
      vertex   5.186215e+01 2.557000e+01 2.500000e+00
      vertex   5.122220e+01 2.557000e+01 2.500000e+00
      vertex   5.186215e+01 2.557000e+01 8.500000e+00
    endloop
  endfacet
  facet normal 0.000000e+00 1.000000e+00 0.000000e+00
    outer loop
      vertex   5.186215e+01 2.557000e+01 8.500000e+00
      vertex   5.122220e+01 2.557000e+01 2.500000e+00
      vertex   5.122220e+01 2.557000e+01 8.500000e+00
    endloop
  endfacet
  facet normal 1.000000e+00 0.000000e+00 0.000000e+00
    outer loop
      vertex   5.186215e+01 2.493000e+01 2.500000e+00
      vertex   5.186215e+01 2.557000e+01 2.500000e+00
      vertex   5.186215e+01 2.493000e+01 8.500000e+00
    endloop
  endfacet
  facet normal 1.000000e+00 -0.000000e+00 0.000000e+00
    outer loop
      vertex   5.186215e+01 2.493000e+01 8.500000e+00
      vertex   5.186215e+01 2.557000e+01 2.500000e+00
      vertex   5.186215e+01 2.557000e+01 8.500000e+00
    endloop
  endfacet
  facet normal 0.000000e+00 -1.000000e+00 0.000000e+00
    outer loop
      vertex   5.122220e+01 2.493000e+01 2.500000e+00
      vertex   5.186215e+01 2.493000e+01 2.500000e+00
      vertex   5.122220e+01 2.493000e+01 8.500000e+00
    endloop
  endfacet
  facet normal 0.000000e+00 -1.000000e+00 0.000000e+00
    outer loop
      vertex   5.122220e+01 2.493000e+01 8.500000e+00
      vertex   5.186215e+01 2.493000e+01 2.500000e+00
      vertex   5.186215e+01 2.493000e+01 8.500000e+00
    endloop
  endfacet
  facet normal -1.000000e+00 0.000000e+00 0.000000e+00
    outer loop
      vertex   5.122220e+01 2.557000e+01 2.500000e+00
      vertex   5.122220e+01 2.493000e+01 2.500000e+00
      vertex   5.122220e+01 2.557000e+01 8.500000e+00
    endloop
  endfacet
  facet normal -1.000000e+00 -0.000000e+00 0.000000e+00
    outer loop
      vertex   5.122220e+01 2.557000e+01 8.500000e+00
      vertex   5.122220e+01 2.493000e+01 2.500000e+00
      vertex   5.122220e+01 2.493000e+01 8.500000e+00
    endloop
  endfacet
  facet normal 0.000000e+00 0.000000e+00 1.000000e+00
    outer loop
      vertex   5.122220e+01 2.493000e+01 8.500000e+00
      vertex   5.186215e+01 2.493000e+01 8.500000e+00
      vertex   5.122220e+01 2.557000e+01 8.500000e+00
    endloop
  endfacet
  facet normal -0.000000e+00 0.000000e+00 1.000000e+00
    outer loop
      vertex   5.122220e+01 2.557000e+01 8.500000e+00
      vertex   5.186215e+01 2.493000e+01 8.500000e+00
      vertex   5.186215e+01 2.557000e+01 8.500000e+00
    endloop
  endfacet
  facet normal 0.000000e+00 1.000000e+00 -0.000000e+00
    outer loop
      vertex   4.932215e+01 2.557000e+01 2.500000e+00
      vertex   4.868220e+01 2.557000e+01 2.500000e+00
      vertex   4.932215e+01 2.557000e+01 8.500000e+00
    endloop
  endfacet
  facet normal 0.000000e+00 1.000000e+00 0.000000e+00
    outer loop
      vertex   4.932215e+01 2.557000e+01 8.500000e+00
      vertex   4.868220e+01 2.557000e+01 2.500000e+00
      vertex   4.868220e+01 2.557000e+01 8.500000e+00
    endloop
  endfacet
  facet normal 1.000000e+00 0.000000e+00 0.000000e+00
    outer loop
      vertex   4.932215e+01 2.493000e+01 2.500000e+00
      vertex   4.932215e+01 2.557000e+01 2.500000e+00
      vertex   4.932215e+01 2.493000e+01 8.500000e+00
    endloop
  endfacet
  facet normal 1.000000e+00 -0.000000e+00 0.000000e+00
    outer loop
      vertex   4.932215e+01 2.493000e+01 8.500000e+00
      vertex   4.932215e+01 2.557000e+01 2.500000e+00
      vertex   4.932215e+01 2.557000e+01 8.500000e+00
    endloop
  endfacet
  facet normal 0.000000e+00 -1.000000e+00 0.000000e+00
    outer loop
      vertex   4.868220e+01 2.493000e+01 2.500000e+00
      vertex   4.932215e+01 2.493000e+01 2.500000e+00
      vertex   4.868220e+01 2.493000e+01 8.500000e+00
    endloop
  endfacet
  facet normal 0.000000e+00 -1.000000e+00 0.000000e+00
    outer loop
      vertex   4.868220e+01 2.493000e+01 8.500000e+00
      vertex   4.932215e+01 2.493000e+01 2.500000e+00
      vertex   4.932215e+01 2.493000e+01 8.500000e+00
    endloop
  endfacet
  facet normal -1.000000e+00 0.000000e+00 0.000000e+00
    outer loop
      vertex   4.868220e+01 2.557000e+01 2.500000e+00
      vertex   4.868220e+01 2.493000e+01 2.500000e+00
      vertex   4.868220e+01 2.557000e+01 8.500000e+00
    endloop
  endfacet
  facet normal -1.000000e+00 -0.000000e+00 0.000000e+00
    outer loop
      vertex   4.868220e+01 2.557000e+01 8.500000e+00
      vertex   4.868220e+01 2.493000e+01 2.500000e+00
      vertex   4.868220e+01 2.493000e+01 8.500000e+00
    endloop
  endfacet
  facet normal 0.000000e+00 0.000000e+00 1.000000e+00
    outer loop
      vertex   4.868220e+01 2.493000e+01 8.500000e+00
      vertex   4.932215e+01 2.493000e+01 8.500000e+00
      vertex   4.868220e+01 2.557000e+01 8.500000e+00
    endloop
  endfacet
  facet normal -0.000000e+00 0.000000e+00 1.000000e+00
    outer loop
      vertex   4.868220e+01 2.557000e+01 8.500000e+00
      vertex   4.932215e+01 2.493000e+01 8.500000e+00
      vertex   4.932215e+01 2.557000e+01 8.500000e+00
    endloop
  endfacet
  facet normal 0.000000e+00 1.000000e+00 -0.000000e+00
    outer loop
      vertex   4.678215e+01 2.557000e+01 2.500000e+00
      vertex   4.614220e+01 2.557000e+01 2.500000e+00
      vertex   4.678215e+01 2.557000e+01 8.500000e+00
    endloop
  endfacet
  facet normal 0.000000e+00 1.000000e+00 0.000000e+00
    outer loop
      vertex   4.678215e+01 2.557000e+01 8.500000e+00
      vertex   4.614220e+01 2.557000e+01 2.500000e+00
      vertex   4.614220e+01 2.557000e+01 8.500000e+00
    endloop
  endfacet
  facet normal 1.000000e+00 0.000000e+00 0.000000e+00
    outer loop
      vertex   4.678215e+01 2.493000e+01 2.500000e+00
      vertex   4.678215e+01 2.557000e+01 2.500000e+00
      vertex   4.678215e+01 2.493000e+01 8.500000e+00
    endloop
  endfacet
  facet normal 1.000000e+00 -0.000000e+00 0.000000e+00
    outer loop
      vertex   4.678215e+01 2.493000e+01 8.500000e+00
      vertex   4.678215e+01 2.557000e+01 2.500000e+00
      vertex   4.678215e+01 2.557000e+01 8.500000e+00
    endloop
  endfacet
  facet normal 0.000000e+00 -1.000000e+00 0.000000e+00
    outer loop
      vertex   4.614220e+01 2.493000e+01 2.500000e+00
      vertex   4.678215e+01 2.493000e+01 2.500000e+00
      vertex   4.614220e+01 2.493000e+01 8.500000e+00
    endloop
  endfacet
  facet normal 0.000000e+00 -1.000000e+00 0.000000e+00
    outer loop
      vertex   4.614220e+01 2.493000e+01 8.500000e+00
      vertex   4.678215e+01 2.493000e+01 2.500000e+00
      vertex   4.678215e+01 2.493000e+01 8.500000e+00
    endloop
  endfacet
  facet normal -1.000000e+00 0.000000e+00 0.000000e+00
    outer loop
      vertex   4.614220e+01 2.557000e+01 2.500000e+00
      vertex   4.614220e+01 2.493000e+01 2.500000e+00
      vertex   4.614220e+01 2.557000e+01 8.500000e+00
    endloop
  endfacet
  facet normal -1.000000e+00 -0.000000e+00 0.000000e+00
    outer loop
      vertex   4.614220e+01 2.557000e+01 8.500000e+00
      vertex   4.614220e+01 2.493000e+01 2.500000e+00
      vertex   4.614220e+01 2.493000e+01 8.500000e+00
    endloop
  endfacet
  facet normal 0.000000e+00 0.000000e+00 1.000000e+00
    outer loop
      vertex   4.614220e+01 2.493000e+01 8.500000e+00
      vertex   4.678215e+01 2.493000e+01 8.500000e+00
      vertex   4.614220e+01 2.557000e+01 8.500000e+00
    endloop
  endfacet
  facet normal -0.000000e+00 0.000000e+00 1.000000e+00
    outer loop
      vertex   4.614220e+01 2.557000e+01 8.500000e+00
      vertex   4.678215e+01 2.493000e+01 8.500000e+00
      vertex   4.678215e+01 2.557000e+01 8.500000e+00
    endloop
  endfacet
  facet normal 0.000000e+00 1.000000e+00 -0.000000e+00
    outer loop
      vertex   4.424215e+01 2.557000e+01 2.500000e+00
      vertex   4.360220e+01 2.557000e+01 2.500000e+00
      vertex   4.424215e+01 2.557000e+01 8.500000e+00
    endloop
  endfacet
  facet normal 0.000000e+00 1.000000e+00 0.000000e+00
    outer loop
      vertex   4.424215e+01 2.557000e+01 8.500000e+00
      vertex   4.360220e+01 2.557000e+01 2.500000e+00
      vertex   4.360220e+01 2.557000e+01 8.500000e+00
    endloop
  endfacet
  facet normal 1.000000e+00 0.000000e+00 0.000000e+00
    outer loop
      vertex   4.424215e+01 2.493000e+01 2.500000e+00
      vertex   4.424215e+01 2.557000e+01 2.500000e+00
      vertex   4.424215e+01 2.493000e+01 8.500000e+00
    endloop
  endfacet
  facet normal 1.000000e+00 -0.000000e+00 0.000000e+00
    outer loop
      vertex   4.424215e+01 2.493000e+01 8.500000e+00
      vertex   4.424215e+01 2.557000e+01 2.500000e+00
      vertex   4.424215e+01 2.557000e+01 8.500000e+00
    endloop
  endfacet
  facet normal 0.000000e+00 -1.000000e+00 0.000000e+00
    outer loop
      vertex   4.360220e+01 2.493000e+01 2.500000e+00
      vertex   4.424215e+01 2.493000e+01 2.500000e+00
      vertex   4.360220e+01 2.493000e+01 8.500000e+00
    endloop
  endfacet
  facet normal 0.000000e+00 -1.000000e+00 0.000000e+00
    outer loop
      vertex   4.360220e+01 2.493000e+01 8.500000e+00
      vertex   4.424215e+01 2.493000e+01 2.500000e+00
      vertex   4.424215e+01 2.493000e+01 8.500000e+00
    endloop
  endfacet
  facet normal -1.000000e+00 0.000000e+00 0.000000e+00
    outer loop
      vertex   4.360220e+01 2.557000e+01 2.500000e+00
      vertex   4.360220e+01 2.493000e+01 2.500000e+00
      vertex   4.360220e+01 2.557000e+01 8.500000e+00
    endloop
  endfacet
  facet normal -1.000000e+00 -0.000000e+00 0.000000e+00
    outer loop
      vertex   4.360220e+01 2.557000e+01 8.500000e+00
      vertex   4.360220e+01 2.493000e+01 2.500000e+00
      vertex   4.360220e+01 2.493000e+01 8.500000e+00
    endloop
  endfacet
  facet normal 0.000000e+00 0.000000e+00 1.000000e+00
    outer loop
      vertex   4.360220e+01 2.493000e+01 8.500000e+00
      vertex   4.424215e+01 2.493000e+01 8.500000e+00
      vertex   4.360220e+01 2.557000e+01 8.500000e+00
    endloop
  endfacet
  facet normal -0.000000e+00 0.000000e+00 1.000000e+00
    outer loop
      vertex   4.360220e+01 2.557000e+01 8.500000e+00
      vertex   4.424215e+01 2.493000e+01 8.500000e+00
      vertex   4.424215e+01 2.557000e+01 8.500000e+00
    endloop
  endfacet
  facet normal 0.000000e+00 1.000000e+00 -0.000000e+00
    outer loop
      vertex   4.170215e+01 2.557000e+01 2.500000e+00
      vertex   4.106220e+01 2.557000e+01 2.500000e+00
      vertex   4.170215e+01 2.557000e+01 8.500000e+00
    endloop
  endfacet
  facet normal 0.000000e+00 1.000000e+00 0.000000e+00
    outer loop
      vertex   4.170215e+01 2.557000e+01 8.500000e+00
      vertex   4.106220e+01 2.557000e+01 2.500000e+00
      vertex   4.106220e+01 2.557000e+01 8.500000e+00
    endloop
  endfacet
  facet normal 1.000000e+00 0.000000e+00 0.000000e+00
    outer loop
      vertex   4.170215e+01 2.493000e+01 2.500000e+00
      vertex   4.170215e+01 2.557000e+01 2.500000e+00
      vertex   4.170215e+01 2.493000e+01 8.500000e+00
    endloop
  endfacet
  facet normal 1.000000e+00 -0.000000e+00 0.000000e+00
    outer loop
      vertex   4.170215e+01 2.493000e+01 8.500000e+00
      vertex   4.170215e+01 2.557000e+01 2.500000e+00
      vertex   4.170215e+01 2.557000e+01 8.500000e+00
    endloop
  endfacet
  facet normal 0.000000e+00 -1.000000e+00 0.000000e+00
    outer loop
      vertex   4.106220e+01 2.493000e+01 2.500000e+00
      vertex   4.170215e+01 2.493000e+01 2.500000e+00
      vertex   4.106220e+01 2.493000e+01 8.500000e+00
    endloop
  endfacet
  facet normal 0.000000e+00 -1.000000e+00 0.000000e+00
    outer loop
      vertex   4.106220e+01 2.493000e+01 8.500000e+00
      vertex   4.170215e+01 2.493000e+01 2.500000e+00
      vertex   4.170215e+01 2.493000e+01 8.500000e+00
    endloop
  endfacet
  facet normal -1.000000e+00 0.000000e+00 0.000000e+00
    outer loop
      vertex   4.106220e+01 2.557000e+01 2.500000e+00
      vertex   4.106220e+01 2.493000e+01 2.500000e+00
      vertex   4.106220e+01 2.557000e+01 8.500000e+00
    endloop
  endfacet
  facet normal -1.000000e+00 -0.000000e+00 0.000000e+00
    outer loop
      vertex   4.106220e+01 2.557000e+01 8.500000e+00
      vertex   4.106220e+01 2.493000e+01 2.500000e+00
      vertex   4.106220e+01 2.493000e+01 8.500000e+00
    endloop
  endfacet
  facet normal 0.000000e+00 0.000000e+00 1.000000e+00
    outer loop
      vertex   4.106220e+01 2.493000e+01 8.500000e+00
      vertex   4.170215e+01 2.493000e+01 8.500000e+00
      vertex   4.106220e+01 2.557000e+01 8.500000e+00
    endloop
  endfacet
  facet normal -0.000000e+00 0.000000e+00 1.000000e+00
    outer loop
      vertex   4.106220e+01 2.557000e+01 8.500000e+00
      vertex   4.170215e+01 2.493000e+01 8.500000e+00
      vertex   4.170215e+01 2.557000e+01 8.500000e+00
    endloop
  endfacet
  facet normal 0.000000e+00 1.000000e+00 -0.000000e+00
    outer loop
      vertex   3.916215e+01 2.557000e+01 2.500000e+00
      vertex   3.852220e+01 2.557000e+01 2.500000e+00
      vertex   3.916215e+01 2.557000e+01 8.500000e+00
    endloop
  endfacet
  facet normal 0.000000e+00 1.000000e+00 0.000000e+00
    outer loop
      vertex   3.916215e+01 2.557000e+01 8.500000e+00
      vertex   3.852220e+01 2.557000e+01 2.500000e+00
      vertex   3.852220e+01 2.557000e+01 8.500000e+00
    endloop
  endfacet
  facet normal 1.000000e+00 0.000000e+00 0.000000e+00
    outer loop
      vertex   3.916215e+01 2.493000e+01 2.500000e+00
      vertex   3.916215e+01 2.557000e+01 2.500000e+00
      vertex   3.916215e+01 2.493000e+01 8.500000e+00
    endloop
  endfacet
  facet normal 1.000000e+00 -0.000000e+00 0.000000e+00
    outer loop
      vertex   3.916215e+01 2.493000e+01 8.500000e+00
      vertex   3.916215e+01 2.557000e+01 2.500000e+00
      vertex   3.916215e+01 2.557000e+01 8.500000e+00
    endloop
  endfacet
  facet normal 0.000000e+00 -1.000000e+00 0.000000e+00
    outer loop
      vertex   3.852220e+01 2.493000e+01 2.500000e+00
      vertex   3.916215e+01 2.493000e+01 2.500000e+00
      vertex   3.852220e+01 2.493000e+01 8.500000e+00
    endloop
  endfacet
  facet normal 0.000000e+00 -1.000000e+00 0.000000e+00
    outer loop
      vertex   3.852220e+01 2.493000e+01 8.500000e+00
      vertex   3.916215e+01 2.493000e+01 2.500000e+00
      vertex   3.916215e+01 2.493000e+01 8.500000e+00
    endloop
  endfacet
  facet normal -1.000000e+00 0.000000e+00 0.000000e+00
    outer loop
      vertex   3.852220e+01 2.557000e+01 2.500000e+00
      vertex   3.852220e+01 2.493000e+01 2.500000e+00
      vertex   3.852220e+01 2.557000e+01 8.500000e+00
    endloop
  endfacet
  facet normal -1.000000e+00 -0.000000e+00 0.000000e+00
    outer loop
      vertex   3.852220e+01 2.557000e+01 8.500000e+00
      vertex   3.852220e+01 2.493000e+01 2.500000e+00
      vertex   3.852220e+01 2.493000e+01 8.500000e+00
    endloop
  endfacet
  facet normal 0.000000e+00 0.000000e+00 1.000000e+00
    outer loop
      vertex   3.852220e+01 2.493000e+01 8.500000e+00
      vertex   3.916215e+01 2.493000e+01 8.500000e+00
      vertex   3.852220e+01 2.557000e+01 8.500000e+00
    endloop
  endfacet
  facet normal -0.000000e+00 0.000000e+00 1.000000e+00
    outer loop
      vertex   3.852220e+01 2.557000e+01 8.500000e+00
      vertex   3.916215e+01 2.493000e+01 8.500000e+00
      vertex   3.916215e+01 2.557000e+01 8.500000e+00
    endloop
  endfacet
  facet normal 0.000000e+00 1.000000e+00 -0.000000e+00
    outer loop
      vertex   3.662215e+01 2.557000e+01 2.500000e+00
      vertex   3.598220e+01 2.557000e+01 2.500000e+00
      vertex   3.662215e+01 2.557000e+01 8.500000e+00
    endloop
  endfacet
  facet normal 0.000000e+00 1.000000e+00 0.000000e+00
    outer loop
      vertex   3.662215e+01 2.557000e+01 8.500000e+00
      vertex   3.598220e+01 2.557000e+01 2.500000e+00
      vertex   3.598220e+01 2.557000e+01 8.500000e+00
    endloop
  endfacet
  facet normal 1.000000e+00 0.000000e+00 0.000000e+00
    outer loop
      vertex   3.662215e+01 2.493000e+01 2.500000e+00
      vertex   3.662215e+01 2.557000e+01 2.500000e+00
      vertex   3.662215e+01 2.493000e+01 8.500000e+00
    endloop
  endfacet
  facet normal 1.000000e+00 -0.000000e+00 0.000000e+00
    outer loop
      vertex   3.662215e+01 2.493000e+01 8.500000e+00
      vertex   3.662215e+01 2.557000e+01 2.500000e+00
      vertex   3.662215e+01 2.557000e+01 8.500000e+00
    endloop
  endfacet
  facet normal 0.000000e+00 -1.000000e+00 0.000000e+00
    outer loop
      vertex   3.598220e+01 2.493000e+01 2.500000e+00
      vertex   3.662215e+01 2.493000e+01 2.500000e+00
      vertex   3.598220e+01 2.493000e+01 8.500000e+00
    endloop
  endfacet
  facet normal 0.000000e+00 -1.000000e+00 0.000000e+00
    outer loop
      vertex   3.598220e+01 2.493000e+01 8.500000e+00
      vertex   3.662215e+01 2.493000e+01 2.500000e+00
      vertex   3.662215e+01 2.493000e+01 8.500000e+00
    endloop
  endfacet
  facet normal -1.000000e+00 0.000000e+00 0.000000e+00
    outer loop
      vertex   3.598220e+01 2.557000e+01 2.500000e+00
      vertex   3.598220e+01 2.493000e+01 2.500000e+00
      vertex   3.598220e+01 2.557000e+01 8.500000e+00
    endloop
  endfacet
  facet normal -1.000000e+00 -0.000000e+00 0.000000e+00
    outer loop
      vertex   3.598220e+01 2.557000e+01 8.500000e+00
      vertex   3.598220e+01 2.493000e+01 2.500000e+00
      vertex   3.598220e+01 2.493000e+01 8.500000e+00
    endloop
  endfacet
  facet normal 0.000000e+00 0.000000e+00 1.000000e+00
    outer loop
      vertex   3.598220e+01 2.493000e+01 8.500000e+00
      vertex   3.662215e+01 2.493000e+01 8.500000e+00
      vertex   3.598220e+01 2.557000e+01 8.500000e+00
    endloop
  endfacet
  facet normal -0.000000e+00 0.000000e+00 1.000000e+00
    outer loop
      vertex   3.598220e+01 2.557000e+01 8.500000e+00
      vertex   3.662215e+01 2.493000e+01 8.500000e+00
      vertex   3.662215e+01 2.557000e+01 8.500000e+00
    endloop
  endfacet
  facet normal 0.000000e+00 1.000000e+00 -0.000000e+00
    outer loop
      vertex   3.408215e+01 2.557000e+01 2.500000e+00
      vertex   3.344220e+01 2.557000e+01 2.500000e+00
      vertex   3.408215e+01 2.557000e+01 8.500000e+00
    endloop
  endfacet
  facet normal 0.000000e+00 1.000000e+00 0.000000e+00
    outer loop
      vertex   3.408215e+01 2.557000e+01 8.500000e+00
      vertex   3.344220e+01 2.557000e+01 2.500000e+00
      vertex   3.344220e+01 2.557000e+01 8.500000e+00
    endloop
  endfacet
  facet normal 1.000000e+00 0.000000e+00 0.000000e+00
    outer loop
      vertex   3.408215e+01 2.493000e+01 2.500000e+00
      vertex   3.408215e+01 2.557000e+01 2.500000e+00
      vertex   3.408215e+01 2.493000e+01 8.500000e+00
    endloop
  endfacet
  facet normal 1.000000e+00 -0.000000e+00 0.000000e+00
    outer loop
      vertex   3.408215e+01 2.493000e+01 8.500000e+00
      vertex   3.408215e+01 2.557000e+01 2.500000e+00
      vertex   3.408215e+01 2.557000e+01 8.500000e+00
    endloop
  endfacet
  facet normal 0.000000e+00 -1.000000e+00 0.000000e+00
    outer loop
      vertex   3.344220e+01 2.493000e+01 2.500000e+00
      vertex   3.408215e+01 2.493000e+01 2.500000e+00
      vertex   3.344220e+01 2.493000e+01 8.500000e+00
    endloop
  endfacet
  facet normal 0.000000e+00 -1.000000e+00 0.000000e+00
    outer loop
      vertex   3.344220e+01 2.493000e+01 8.500000e+00
      vertex   3.408215e+01 2.493000e+01 2.500000e+00
      vertex   3.408215e+01 2.493000e+01 8.500000e+00
    endloop
  endfacet
  facet normal -1.000000e+00 0.000000e+00 0.000000e+00
    outer loop
      vertex   3.344220e+01 2.557000e+01 2.500000e+00
      vertex   3.344220e+01 2.493000e+01 2.500000e+00
      vertex   3.344220e+01 2.557000e+01 8.500000e+00
    endloop
  endfacet
  facet normal -1.000000e+00 -0.000000e+00 0.000000e+00
    outer loop
      vertex   3.344220e+01 2.557000e+01 8.500000e+00
      vertex   3.344220e+01 2.493000e+01 2.500000e+00
      vertex   3.344220e+01 2.493000e+01 8.500000e+00
    endloop
  endfacet
  facet normal 0.000000e+00 0.000000e+00 1.000000e+00
    outer loop
      vertex   3.344220e+01 2.493000e+01 8.500000e+00
      vertex   3.408215e+01 2.493000e+01 8.500000e+00
      vertex   3.344220e+01 2.557000e+01 8.500000e+00
    endloop
  endfacet
  facet normal -0.000000e+00 0.000000e+00 1.000000e+00
    outer loop
      vertex   3.344220e+01 2.557000e+01 8.500000e+00
      vertex   3.408215e+01 2.493000e+01 8.500000e+00
      vertex   3.408215e+01 2.557000e+01 8.500000e+00
    endloop
  endfacet
  facet normal 0.000000e+00 1.000000e+00 -0.000000e+00
    outer loop
      vertex   3.154215e+01 2.557000e+01 2.500000e+00
      vertex   3.090220e+01 2.557000e+01 2.500000e+00
      vertex   3.154215e+01 2.557000e+01 8.500000e+00
    endloop
  endfacet
  facet normal 0.000000e+00 1.000000e+00 0.000000e+00
    outer loop
      vertex   3.154215e+01 2.557000e+01 8.500000e+00
      vertex   3.090220e+01 2.557000e+01 2.500000e+00
      vertex   3.090220e+01 2.557000e+01 8.500000e+00
    endloop
  endfacet
  facet normal 1.000000e+00 0.000000e+00 0.000000e+00
    outer loop
      vertex   3.154215e+01 2.493000e+01 2.500000e+00
      vertex   3.154215e+01 2.557000e+01 2.500000e+00
      vertex   3.154215e+01 2.493000e+01 8.500000e+00
    endloop
  endfacet
  facet normal 1.000000e+00 -0.000000e+00 0.000000e+00
    outer loop
      vertex   3.154215e+01 2.493000e+01 8.500000e+00
      vertex   3.154215e+01 2.557000e+01 2.500000e+00
      vertex   3.154215e+01 2.557000e+01 8.500000e+00
    endloop
  endfacet
  facet normal 0.000000e+00 -1.000000e+00 0.000000e+00
    outer loop
      vertex   3.090220e+01 2.493000e+01 2.500000e+00
      vertex   3.154215e+01 2.493000e+01 2.500000e+00
      vertex   3.090220e+01 2.493000e+01 8.500000e+00
    endloop
  endfacet
  facet normal 0.000000e+00 -1.000000e+00 0.000000e+00
    outer loop
      vertex   3.090220e+01 2.493000e+01 8.500000e+00
      vertex   3.154215e+01 2.493000e+01 2.500000e+00
      vertex   3.154215e+01 2.493000e+01 8.500000e+00
    endloop
  endfacet
  facet normal -1.000000e+00 0.000000e+00 0.000000e+00
    outer loop
      vertex   3.090220e+01 2.557000e+01 2.500000e+00
      vertex   3.090220e+01 2.493000e+01 2.500000e+00
      vertex   3.090220e+01 2.557000e+01 8.500000e+00
    endloop
  endfacet
  facet normal -1.000000e+00 -0.000000e+00 0.000000e+00
    outer loop
      vertex   3.090220e+01 2.557000e+01 8.500000e+00
      vertex   3.090220e+01 2.493000e+01 2.500000e+00
      vertex   3.090220e+01 2.493000e+01 8.500000e+00
    endloop
  endfacet
  facet normal 0.000000e+00 0.000000e+00 1.000000e+00
    outer loop
      vertex   3.090220e+01 2.493000e+01 8.500000e+00
      vertex   3.154215e+01 2.493000e+01 8.500000e+00
      vertex   3.090220e+01 2.557000e+01 8.500000e+00
    endloop
  endfacet
  facet normal -0.000000e+00 0.000000e+00 1.000000e+00
    outer loop
      vertex   3.090220e+01 2.557000e+01 8.500000e+00
      vertex   3.154215e+01 2.493000e+01 8.500000e+00
      vertex   3.154215e+01 2.557000e+01 8.500000e+00
    endloop
  endfacet
  facet normal 0.000000e+00 1.000000e+00 -0.000000e+00
    outer loop
      vertex   2.900215e+01 2.557000e+01 2.500000e+00
      vertex   2.836220e+01 2.557000e+01 2.500000e+00
      vertex   2.900215e+01 2.557000e+01 8.500000e+00
    endloop
  endfacet
  facet normal 0.000000e+00 1.000000e+00 0.000000e+00
    outer loop
      vertex   2.900215e+01 2.557000e+01 8.500000e+00
      vertex   2.836220e+01 2.557000e+01 2.500000e+00
      vertex   2.836220e+01 2.557000e+01 8.500000e+00
    endloop
  endfacet
  facet normal 1.000000e+00 0.000000e+00 0.000000e+00
    outer loop
      vertex   2.900215e+01 2.493000e+01 2.500000e+00
      vertex   2.900215e+01 2.557000e+01 2.500000e+00
      vertex   2.900215e+01 2.493000e+01 8.500000e+00
    endloop
  endfacet
  facet normal 1.000000e+00 -0.000000e+00 0.000000e+00
    outer loop
      vertex   2.900215e+01 2.493000e+01 8.500000e+00
      vertex   2.900215e+01 2.557000e+01 2.500000e+00
      vertex   2.900215e+01 2.557000e+01 8.500000e+00
    endloop
  endfacet
  facet normal 0.000000e+00 -1.000000e+00 0.000000e+00
    outer loop
      vertex   2.836220e+01 2.493000e+01 2.500000e+00
      vertex   2.900215e+01 2.493000e+01 2.500000e+00
      vertex   2.836220e+01 2.493000e+01 8.500000e+00
    endloop
  endfacet
  facet normal 0.000000e+00 -1.000000e+00 0.000000e+00
    outer loop
      vertex   2.836220e+01 2.493000e+01 8.500000e+00
      vertex   2.900215e+01 2.493000e+01 2.500000e+00
      vertex   2.900215e+01 2.493000e+01 8.500000e+00
    endloop
  endfacet
  facet normal -1.000000e+00 0.000000e+00 0.000000e+00
    outer loop
      vertex   2.836220e+01 2.557000e+01 2.500000e+00
      vertex   2.836220e+01 2.493000e+01 2.500000e+00
      vertex   2.836220e+01 2.557000e+01 8.500000e+00
    endloop
  endfacet
  facet normal -1.000000e+00 -0.000000e+00 0.000000e+00
    outer loop
      vertex   2.836220e+01 2.557000e+01 8.500000e+00
      vertex   2.836220e+01 2.493000e+01 2.500000e+00
      vertex   2.836220e+01 2.493000e+01 8.500000e+00
    endloop
  endfacet
  facet normal 0.000000e+00 0.000000e+00 1.000000e+00
    outer loop
      vertex   2.836220e+01 2.493000e+01 8.500000e+00
      vertex   2.900215e+01 2.493000e+01 8.500000e+00
      vertex   2.836220e+01 2.557000e+01 8.500000e+00
    endloop
  endfacet
  facet normal -0.000000e+00 0.000000e+00 1.000000e+00
    outer loop
      vertex   2.836220e+01 2.557000e+01 8.500000e+00
      vertex   2.900215e+01 2.493000e+01 8.500000e+00
      vertex   2.900215e+01 2.557000e+01 8.500000e+00
    endloop
  endfacet
  facet normal 0.000000e+00 1.000000e+00 -0.000000e+00
    outer loop
      vertex   2.646215e+01 2.557000e+01 2.500000e+00
      vertex   2.582220e+01 2.557000e+01 2.500000e+00
      vertex   2.646215e+01 2.557000e+01 8.500000e+00
    endloop
  endfacet
  facet normal 0.000000e+00 1.000000e+00 0.000000e+00
    outer loop
      vertex   2.646215e+01 2.557000e+01 8.500000e+00
      vertex   2.582220e+01 2.557000e+01 2.500000e+00
      vertex   2.582220e+01 2.557000e+01 8.500000e+00
    endloop
  endfacet
  facet normal 1.000000e+00 0.000000e+00 0.000000e+00
    outer loop
      vertex   2.646215e+01 2.493000e+01 2.500000e+00
      vertex   2.646215e+01 2.557000e+01 2.500000e+00
      vertex   2.646215e+01 2.493000e+01 8.500000e+00
    endloop
  endfacet
  facet normal 1.000000e+00 -0.000000e+00 0.000000e+00
    outer loop
      vertex   2.646215e+01 2.493000e+01 8.500000e+00
      vertex   2.646215e+01 2.557000e+01 2.500000e+00
      vertex   2.646215e+01 2.557000e+01 8.500000e+00
    endloop
  endfacet
  facet normal 0.000000e+00 -1.000000e+00 0.000000e+00
    outer loop
      vertex   2.582220e+01 2.493000e+01 2.500000e+00
      vertex   2.646215e+01 2.493000e+01 2.500000e+00
      vertex   2.582220e+01 2.493000e+01 8.500000e+00
    endloop
  endfacet
  facet normal 0.000000e+00 -1.000000e+00 0.000000e+00
    outer loop
      vertex   2.582220e+01 2.493000e+01 8.500000e+00
      vertex   2.646215e+01 2.493000e+01 2.500000e+00
      vertex   2.646215e+01 2.493000e+01 8.500000e+00
    endloop
  endfacet
  facet normal -1.000000e+00 0.000000e+00 0.000000e+00
    outer loop
      vertex   2.582220e+01 2.557000e+01 2.500000e+00
      vertex   2.582220e+01 2.493000e+01 2.500000e+00
      vertex   2.582220e+01 2.557000e+01 8.500000e+00
    endloop
  endfacet
  facet normal -1.000000e+00 -0.000000e+00 0.000000e+00
    outer loop
      vertex   2.582220e+01 2.557000e+01 8.500000e+00
      vertex   2.582220e+01 2.493000e+01 2.500000e+00
      vertex   2.582220e+01 2.493000e+01 8.500000e+00
    endloop
  endfacet
  facet normal 0.000000e+00 0.000000e+00 1.000000e+00
    outer loop
      vertex   2.582220e+01 2.493000e+01 8.500000e+00
      vertex   2.646215e+01 2.493000e+01 8.500000e+00
      vertex   2.582220e+01 2.557000e+01 8.500000e+00
    endloop
  endfacet
  facet normal -0.000000e+00 0.000000e+00 1.000000e+00
    outer loop
      vertex   2.582220e+01 2.557000e+01 8.500000e+00
      vertex   2.646215e+01 2.493000e+01 8.500000e+00
      vertex   2.646215e+01 2.557000e+01 8.500000e+00
    endloop
  endfacet
  facet normal 0.000000e+00 1.000000e+00 -0.000000e+00
    outer loop
      vertex   2.392215e+01 2.557000e+01 2.500000e+00
      vertex   2.328220e+01 2.557000e+01 2.500000e+00
      vertex   2.392215e+01 2.557000e+01 8.500000e+00
    endloop
  endfacet
  facet normal 0.000000e+00 1.000000e+00 0.000000e+00
    outer loop
      vertex   2.392215e+01 2.557000e+01 8.500000e+00
      vertex   2.328220e+01 2.557000e+01 2.500000e+00
      vertex   2.328220e+01 2.557000e+01 8.500000e+00
    endloop
  endfacet
  facet normal 1.000000e+00 0.000000e+00 0.000000e+00
    outer loop
      vertex   2.392215e+01 2.493000e+01 2.500000e+00
      vertex   2.392215e+01 2.557000e+01 2.500000e+00
      vertex   2.392215e+01 2.493000e+01 8.500000e+00
    endloop
  endfacet
  facet normal 1.000000e+00 -0.000000e+00 0.000000e+00
    outer loop
      vertex   2.392215e+01 2.493000e+01 8.500000e+00
      vertex   2.392215e+01 2.557000e+01 2.500000e+00
      vertex   2.392215e+01 2.557000e+01 8.500000e+00
    endloop
  endfacet
  facet normal 0.000000e+00 -1.000000e+00 0.000000e+00
    outer loop
      vertex   2.328220e+01 2.493000e+01 2.500000e+00
      vertex   2.392215e+01 2.493000e+01 2.500000e+00
      vertex   2.328220e+01 2.493000e+01 8.500000e+00
    endloop
  endfacet
  facet normal 0.000000e+00 -1.000000e+00 0.000000e+00
    outer loop
      vertex   2.328220e+01 2.493000e+01 8.500000e+00
      vertex   2.392215e+01 2.493000e+01 2.500000e+00
      vertex   2.392215e+01 2.493000e+01 8.500000e+00
    endloop
  endfacet
  facet normal -1.000000e+00 0.000000e+00 0.000000e+00
    outer loop
      vertex   2.328220e+01 2.557000e+01 2.500000e+00
      vertex   2.328220e+01 2.493000e+01 2.500000e+00
      vertex   2.328220e+01 2.557000e+01 8.500000e+00
    endloop
  endfacet
  facet normal -1.000000e+00 -0.000000e+00 0.000000e+00
    outer loop
      vertex   2.328220e+01 2.557000e+01 8.500000e+00
      vertex   2.328220e+01 2.493000e+01 2.500000e+00
      vertex   2.328220e+01 2.493000e+01 8.500000e+00
    endloop
  endfacet
  facet normal 0.000000e+00 0.000000e+00 1.000000e+00
    outer loop
      vertex   2.328220e+01 2.493000e+01 8.500000e+00
      vertex   2.392215e+01 2.493000e+01 8.500000e+00
      vertex   2.328220e+01 2.557000e+01 8.500000e+00
    endloop
  endfacet
  facet normal -0.000000e+00 0.000000e+00 1.000000e+00
    outer loop
      vertex   2.328220e+01 2.557000e+01 8.500000e+00
      vertex   2.392215e+01 2.493000e+01 8.500000e+00
      vertex   2.392215e+01 2.557000e+01 8.500000e+00
    endloop
  endfacet
  facet normal 0.000000e+00 1.000000e+00 -0.000000e+00
    outer loop
      vertex   2.138215e+01 2.557000e+01 2.500000e+00
      vertex   2.074220e+01 2.557000e+01 2.500000e+00
      vertex   2.138215e+01 2.557000e+01 8.500000e+00
    endloop
  endfacet
  facet normal 0.000000e+00 1.000000e+00 0.000000e+00
    outer loop
      vertex   2.138215e+01 2.557000e+01 8.500000e+00
      vertex   2.074220e+01 2.557000e+01 2.500000e+00
      vertex   2.074220e+01 2.557000e+01 8.500000e+00
    endloop
  endfacet
  facet normal 1.000000e+00 0.000000e+00 0.000000e+00
    outer loop
      vertex   2.138215e+01 2.493000e+01 2.500000e+00
      vertex   2.138215e+01 2.557000e+01 2.500000e+00
      vertex   2.138215e+01 2.493000e+01 8.500000e+00
    endloop
  endfacet
  facet normal 1.000000e+00 -0.000000e+00 0.000000e+00
    outer loop
      vertex   2.138215e+01 2.493000e+01 8.500000e+00
      vertex   2.138215e+01 2.557000e+01 2.500000e+00
      vertex   2.138215e+01 2.557000e+01 8.500000e+00
    endloop
  endfacet
  facet normal 0.000000e+00 -1.000000e+00 0.000000e+00
    outer loop
      vertex   2.074220e+01 2.493000e+01 2.500000e+00
      vertex   2.138215e+01 2.493000e+01 2.500000e+00
      vertex   2.074220e+01 2.493000e+01 8.500000e+00
    endloop
  endfacet
  facet normal 0.000000e+00 -1.000000e+00 0.000000e+00
    outer loop
      vertex   2.074220e+01 2.493000e+01 8.500000e+00
      vertex   2.138215e+01 2.493000e+01 2.500000e+00
      vertex   2.138215e+01 2.493000e+01 8.500000e+00
    endloop
  endfacet
  facet normal -1.000000e+00 0.000000e+00 0.000000e+00
    outer loop
      vertex   2.074220e+01 2.557000e+01 2.500000e+00
      vertex   2.074220e+01 2.493000e+01 2.500000e+00
      vertex   2.074220e+01 2.557000e+01 8.500000e+00
    endloop
  endfacet
  facet normal -1.000000e+00 -0.000000e+00 0.000000e+00
    outer loop
      vertex   2.074220e+01 2.557000e+01 8.500000e+00
      vertex   2.074220e+01 2.493000e+01 2.500000e+00
      vertex   2.074220e+01 2.493000e+01 8.500000e+00
    endloop
  endfacet
  facet normal 0.000000e+00 0.000000e+00 1.000000e+00
    outer loop
      vertex   2.074220e+01 2.493000e+01 8.500000e+00
      vertex   2.138215e+01 2.493000e+01 8.500000e+00
      vertex   2.074220e+01 2.557000e+01 8.500000e+00
    endloop
  endfacet
  facet normal -0.000000e+00 0.000000e+00 1.000000e+00
    outer loop
      vertex   2.074220e+01 2.557000e+01 8.500000e+00
      vertex   2.138215e+01 2.493000e+01 8.500000e+00
      vertex   2.138215e+01 2.557000e+01 8.500000e+00
    endloop
  endfacet
  facet normal 0.000000e+00 1.000000e+00 -0.000000e+00
    outer loop
      vertex   1.884215e+01 2.557000e+01 2.500000e+00
      vertex   1.820220e+01 2.557000e+01 2.500000e+00
      vertex   1.884215e+01 2.557000e+01 8.500000e+00
    endloop
  endfacet
  facet normal 0.000000e+00 1.000000e+00 0.000000e+00
    outer loop
      vertex   1.884215e+01 2.557000e+01 8.500000e+00
      vertex   1.820220e+01 2.557000e+01 2.500000e+00
      vertex   1.820220e+01 2.557000e+01 8.500000e+00
    endloop
  endfacet
  facet normal 1.000000e+00 0.000000e+00 0.000000e+00
    outer loop
      vertex   1.884215e+01 2.493000e+01 2.500000e+00
      vertex   1.884215e+01 2.557000e+01 2.500000e+00
      vertex   1.884215e+01 2.493000e+01 8.500000e+00
    endloop
  endfacet
  facet normal 1.000000e+00 -0.000000e+00 0.000000e+00
    outer loop
      vertex   1.884215e+01 2.493000e+01 8.500000e+00
      vertex   1.884215e+01 2.557000e+01 2.500000e+00
      vertex   1.884215e+01 2.557000e+01 8.500000e+00
    endloop
  endfacet
  facet normal 0.000000e+00 -1.000000e+00 0.000000e+00
    outer loop
      vertex   1.820220e+01 2.493000e+01 2.500000e+00
      vertex   1.884215e+01 2.493000e+01 2.500000e+00
      vertex   1.820220e+01 2.493000e+01 8.500000e+00
    endloop
  endfacet
  facet normal 0.000000e+00 -1.000000e+00 0.000000e+00
    outer loop
      vertex   1.820220e+01 2.493000e+01 8.500000e+00
      vertex   1.884215e+01 2.493000e+01 2.500000e+00
      vertex   1.884215e+01 2.493000e+01 8.500000e+00
    endloop
  endfacet
  facet normal -1.000000e+00 0.000000e+00 0.000000e+00
    outer loop
      vertex   1.820220e+01 2.557000e+01 2.500000e+00
      vertex   1.820220e+01 2.493000e+01 2.500000e+00
      vertex   1.820220e+01 2.557000e+01 8.500000e+00
    endloop
  endfacet
  facet normal -1.000000e+00 -0.000000e+00 0.000000e+00
    outer loop
      vertex   1.820220e+01 2.557000e+01 8.500000e+00
      vertex   1.820220e+01 2.493000e+01 2.500000e+00
      vertex   1.820220e+01 2.493000e+01 8.500000e+00
    endloop
  endfacet
  facet normal 0.000000e+00 0.000000e+00 1.000000e+00
    outer loop
      vertex   1.820220e+01 2.493000e+01 8.500000e+00
      vertex   1.884215e+01 2.493000e+01 8.500000e+00
      vertex   1.820220e+01 2.557000e+01 8.500000e+00
    endloop
  endfacet
  facet normal -0.000000e+00 0.000000e+00 1.000000e+00
    outer loop
      vertex   1.820220e+01 2.557000e+01 8.500000e+00
      vertex   1.884215e+01 2.493000e+01 8.500000e+00
      vertex   1.884215e+01 2.557000e+01 8.500000e+00
    endloop
  endfacet
  facet normal 0.000000e+00 1.000000e+00 -0.000000e+00
    outer loop
      vertex   1.630215e+01 2.557000e+01 2.500000e+00
      vertex   1.566220e+01 2.557000e+01 2.500000e+00
      vertex   1.630215e+01 2.557000e+01 8.500000e+00
    endloop
  endfacet
  facet normal 0.000000e+00 1.000000e+00 0.000000e+00
    outer loop
      vertex   1.630215e+01 2.557000e+01 8.500000e+00
      vertex   1.566220e+01 2.557000e+01 2.500000e+00
      vertex   1.566220e+01 2.557000e+01 8.500000e+00
    endloop
  endfacet
  facet normal 1.000000e+00 0.000000e+00 0.000000e+00
    outer loop
      vertex   1.630215e+01 2.493000e+01 2.500000e+00
      vertex   1.630215e+01 2.557000e+01 2.500000e+00
      vertex   1.630215e+01 2.493000e+01 8.500000e+00
    endloop
  endfacet
  facet normal 1.000000e+00 -0.000000e+00 0.000000e+00
    outer loop
      vertex   1.630215e+01 2.493000e+01 8.500000e+00
      vertex   1.630215e+01 2.557000e+01 2.500000e+00
      vertex   1.630215e+01 2.557000e+01 8.500000e+00
    endloop
  endfacet
  facet normal 0.000000e+00 -1.000000e+00 0.000000e+00
    outer loop
      vertex   1.566220e+01 2.493000e+01 2.500000e+00
      vertex   1.630215e+01 2.493000e+01 2.500000e+00
      vertex   1.566220e+01 2.493000e+01 8.500000e+00
    endloop
  endfacet
  facet normal 0.000000e+00 -1.000000e+00 0.000000e+00
    outer loop
      vertex   1.566220e+01 2.493000e+01 8.500000e+00
      vertex   1.630215e+01 2.493000e+01 2.500000e+00
      vertex   1.630215e+01 2.493000e+01 8.500000e+00
    endloop
  endfacet
  facet normal -1.000000e+00 0.000000e+00 0.000000e+00
    outer loop
      vertex   1.566220e+01 2.557000e+01 2.500000e+00
      vertex   1.566220e+01 2.493000e+01 2.500000e+00
      vertex   1.566220e+01 2.557000e+01 8.500000e+00
    endloop
  endfacet
  facet normal -1.000000e+00 -0.000000e+00 0.000000e+00
    outer loop
      vertex   1.566220e+01 2.557000e+01 8.500000e+00
      vertex   1.566220e+01 2.493000e+01 2.500000e+00
      vertex   1.566220e+01 2.493000e+01 8.500000e+00
    endloop
  endfacet
  facet normal 0.000000e+00 0.000000e+00 1.000000e+00
    outer loop
      vertex   1.566220e+01 2.493000e+01 8.500000e+00
      vertex   1.630215e+01 2.493000e+01 8.500000e+00
      vertex   1.566220e+01 2.557000e+01 8.500000e+00
    endloop
  endfacet
  facet normal -0.000000e+00 0.000000e+00 1.000000e+00
    outer loop
      vertex   1.566220e+01 2.557000e+01 8.500000e+00
      vertex   1.630215e+01 2.493000e+01 8.500000e+00
      vertex   1.630215e+01 2.557000e+01 8.500000e+00
    endloop
  endfacet
  facet normal 0.000000e+00 1.000000e+00 -0.000000e+00
    outer loop
      vertex   1.376215e+01 2.557000e+01 2.500000e+00
      vertex   1.312220e+01 2.557000e+01 2.500000e+00
      vertex   1.376215e+01 2.557000e+01 8.500000e+00
    endloop
  endfacet
  facet normal 0.000000e+00 1.000000e+00 0.000000e+00
    outer loop
      vertex   1.376215e+01 2.557000e+01 8.500000e+00
      vertex   1.312220e+01 2.557000e+01 2.500000e+00
      vertex   1.312220e+01 2.557000e+01 8.500000e+00
    endloop
  endfacet
  facet normal 1.000000e+00 0.000000e+00 0.000000e+00
    outer loop
      vertex   1.376215e+01 2.493000e+01 2.500000e+00
      vertex   1.376215e+01 2.557000e+01 2.500000e+00
      vertex   1.376215e+01 2.493000e+01 8.500000e+00
    endloop
  endfacet
  facet normal 1.000000e+00 -0.000000e+00 0.000000e+00
    outer loop
      vertex   1.376215e+01 2.493000e+01 8.500000e+00
      vertex   1.376215e+01 2.557000e+01 2.500000e+00
      vertex   1.376215e+01 2.557000e+01 8.500000e+00
    endloop
  endfacet
  facet normal 0.000000e+00 -1.000000e+00 0.000000e+00
    outer loop
      vertex   1.312220e+01 2.493000e+01 2.500000e+00
      vertex   1.376215e+01 2.493000e+01 2.500000e+00
      vertex   1.312220e+01 2.493000e+01 8.500000e+00
    endloop
  endfacet
  facet normal 0.000000e+00 -1.000000e+00 0.000000e+00
    outer loop
      vertex   1.312220e+01 2.493000e+01 8.500000e+00
      vertex   1.376215e+01 2.493000e+01 2.500000e+00
      vertex   1.376215e+01 2.493000e+01 8.500000e+00
    endloop
  endfacet
  facet normal -1.000000e+00 0.000000e+00 0.000000e+00
    outer loop
      vertex   1.312220e+01 2.557000e+01 2.500000e+00
      vertex   1.312220e+01 2.493000e+01 2.500000e+00
      vertex   1.312220e+01 2.557000e+01 8.500000e+00
    endloop
  endfacet
  facet normal -1.000000e+00 -0.000000e+00 0.000000e+00
    outer loop
      vertex   1.312220e+01 2.557000e+01 8.500000e+00
      vertex   1.312220e+01 2.493000e+01 2.500000e+00
      vertex   1.312220e+01 2.493000e+01 8.500000e+00
    endloop
  endfacet
  facet normal 0.000000e+00 0.000000e+00 1.000000e+00
    outer loop
      vertex   1.312220e+01 2.493000e+01 8.500000e+00
      vertex   1.376215e+01 2.493000e+01 8.500000e+00
      vertex   1.312220e+01 2.557000e+01 8.500000e+00
    endloop
  endfacet
  facet normal -0.000000e+00 0.000000e+00 1.000000e+00
    outer loop
      vertex   1.312220e+01 2.557000e+01 8.500000e+00
      vertex   1.376215e+01 2.493000e+01 8.500000e+00
      vertex   1.376215e+01 2.557000e+01 8.500000e+00
    endloop
  endfacet
  facet normal 0.000000e+00 1.000000e+00 -0.000000e+00
    outer loop
      vertex   1.122215e+01 2.557000e+01 2.500000e+00
      vertex   1.058220e+01 2.557000e+01 2.500000e+00
      vertex   1.122215e+01 2.557000e+01 8.500000e+00
    endloop
  endfacet
  facet normal 0.000000e+00 1.000000e+00 0.000000e+00
    outer loop
      vertex   1.122215e+01 2.557000e+01 8.500000e+00
      vertex   1.058220e+01 2.557000e+01 2.500000e+00
      vertex   1.058220e+01 2.557000e+01 8.500000e+00
    endloop
  endfacet
  facet normal 1.000000e+00 0.000000e+00 0.000000e+00
    outer loop
      vertex   1.122215e+01 2.493000e+01 2.500000e+00
      vertex   1.122215e+01 2.557000e+01 2.500000e+00
      vertex   1.122215e+01 2.493000e+01 8.500000e+00
    endloop
  endfacet
  facet normal 1.000000e+00 -0.000000e+00 0.000000e+00
    outer loop
      vertex   1.122215e+01 2.493000e+01 8.500000e+00
      vertex   1.122215e+01 2.557000e+01 2.500000e+00
      vertex   1.122215e+01 2.557000e+01 8.500000e+00
    endloop
  endfacet
  facet normal 0.000000e+00 -1.000000e+00 0.000000e+00
    outer loop
      vertex   1.058220e+01 2.493000e+01 2.500000e+00
      vertex   1.122215e+01 2.493000e+01 2.500000e+00
      vertex   1.058220e+01 2.493000e+01 8.500000e+00
    endloop
  endfacet
  facet normal 0.000000e+00 -1.000000e+00 0.000000e+00
    outer loop
      vertex   1.058220e+01 2.493000e+01 8.500000e+00
      vertex   1.122215e+01 2.493000e+01 2.500000e+00
      vertex   1.122215e+01 2.493000e+01 8.500000e+00
    endloop
  endfacet
  facet normal -1.000000e+00 0.000000e+00 0.000000e+00
    outer loop
      vertex   1.058220e+01 2.557000e+01 2.500000e+00
      vertex   1.058220e+01 2.493000e+01 2.500000e+00
      vertex   1.058220e+01 2.557000e+01 8.500000e+00
    endloop
  endfacet
  facet normal -1.000000e+00 -0.000000e+00 0.000000e+00
    outer loop
      vertex   1.058220e+01 2.557000e+01 8.500000e+00
      vertex   1.058220e+01 2.493000e+01 2.500000e+00
      vertex   1.058220e+01 2.493000e+01 8.500000e+00
    endloop
  endfacet
  facet normal 0.000000e+00 0.000000e+00 1.000000e+00
    outer loop
      vertex   1.058220e+01 2.493000e+01 8.500000e+00
      vertex   1.122215e+01 2.493000e+01 8.500000e+00
      vertex   1.058220e+01 2.557000e+01 8.500000e+00
    endloop
  endfacet
  facet normal -0.000000e+00 0.000000e+00 1.000000e+00
    outer loop
      vertex   1.058220e+01 2.557000e+01 8.500000e+00
      vertex   1.122215e+01 2.493000e+01 8.500000e+00
      vertex   1.122215e+01 2.557000e+01 8.500000e+00
    endloop
  endfacet
  facet normal 0.000000e+00 1.000000e+00 -0.000000e+00
    outer loop
      vertex   8.682150e+00 2.557000e+01 2.500000e+00
      vertex   8.042200e+00 2.557000e+01 2.500000e+00
      vertex   8.682150e+00 2.557000e+01 8.500000e+00
    endloop
  endfacet
  facet normal 0.000000e+00 1.000000e+00 0.000000e+00
    outer loop
      vertex   8.682150e+00 2.557000e+01 8.500000e+00
      vertex   8.042200e+00 2.557000e+01 2.500000e+00
      vertex   8.042200e+00 2.557000e+01 8.500000e+00
    endloop
  endfacet
  facet normal 1.000000e+00 0.000000e+00 0.000000e+00
    outer loop
      vertex   8.682150e+00 2.493000e+01 2.500000e+00
      vertex   8.682150e+00 2.557000e+01 2.500000e+00
      vertex   8.682150e+00 2.493000e+01 8.500000e+00
    endloop
  endfacet
  facet normal 1.000000e+00 -0.000000e+00 0.000000e+00
    outer loop
      vertex   8.682150e+00 2.493000e+01 8.500000e+00
      vertex   8.682150e+00 2.557000e+01 2.500000e+00
      vertex   8.682150e+00 2.557000e+01 8.500000e+00
    endloop
  endfacet
  facet normal 0.000000e+00 -1.000000e+00 0.000000e+00
    outer loop
      vertex   8.042200e+00 2.493000e+01 2.500000e+00
      vertex   8.682150e+00 2.493000e+01 2.500000e+00
      vertex   8.042200e+00 2.493000e+01 8.500000e+00
    endloop
  endfacet
  facet normal 0.000000e+00 -1.000000e+00 0.000000e+00
    outer loop
      vertex   8.042200e+00 2.493000e+01 8.500000e+00
      vertex   8.682150e+00 2.493000e+01 2.500000e+00
      vertex   8.682150e+00 2.493000e+01 8.500000e+00
    endloop
  endfacet
  facet normal -1.000000e+00 0.000000e+00 0.000000e+00
    outer loop
      vertex   8.042200e+00 2.557000e+01 2.500000e+00
      vertex   8.042200e+00 2.493000e+01 2.500000e+00
      vertex   8.042200e+00 2.557000e+01 8.500000e+00
    endloop
  endfacet
  facet normal -1.000000e+00 -0.000000e+00 0.000000e+00
    outer loop
      vertex   8.042200e+00 2.557000e+01 8.500000e+00
      vertex   8.042200e+00 2.493000e+01 2.500000e+00
      vertex   8.042200e+00 2.493000e+01 8.500000e+00
    endloop
  endfacet
  facet normal 0.000000e+00 0.000000e+00 1.000000e+00
    outer loop
      vertex   8.042200e+00 2.493000e+01 8.500000e+00
      vertex   8.682150e+00 2.493000e+01 8.500000e+00
      vertex   8.042200e+00 2.557000e+01 8.500000e+00
    endloop
  endfacet
  facet normal -0.000000e+00 0.000000e+00 1.000000e+00
    outer loop
      vertex   8.042200e+00 2.557000e+01 8.500000e+00
      vertex   8.682150e+00 2.493000e+01 8.500000e+00
      vertex   8.682150e+00 2.557000e+01 8.500000e+00
    endloop
  endfacet
  facet normal 0.000000e+00 1.000000e+00 -0.000000e+00
    outer loop
      vertex   5.789173e+01 2.905980e+01 0.000000e+00
      vertex   7.092071e+00 2.905980e+01 0.000000e+00
      vertex   5.789173e+01 2.905980e+01 2.500000e+00
    endloop
  endfacet
  facet normal 0.000000e+00 1.000000e+00 0.000000e+00
    outer loop
      vertex   5.789173e+01 2.905980e+01 2.500000e+00
      vertex   7.092071e+00 2.905980e+01 0.000000e+00
      vertex   7.092071e+00 2.905980e+01 2.500000e+00
    endloop
  endfacet
  facet normal 1.000000e+00 0.000000e+00 0.000000e+00
    outer loop
      vertex   5.789173e+01 2.397970e+01 0.000000e+00
      vertex   5.789173e+01 2.905980e+01 0.000000e+00
      vertex   5.789173e+01 2.397970e+01 2.500000e+00
    endloop
  endfacet
  facet normal 1.000000e+00 -0.000000e+00 0.000000e+00
    outer loop
      vertex   5.789173e+01 2.397970e+01 2.500000e+00
      vertex   5.789173e+01 2.905980e+01 0.000000e+00
      vertex   5.789173e+01 2.905980e+01 2.500000e+00
    endloop
  endfacet
  facet normal 0.000000e+00 -1.000000e+00 0.000000e+00
    outer loop
      vertex   7.092071e+00 2.397970e+01 0.000000e+00
      vertex   5.789173e+01 2.397970e+01 0.000000e+00
      vertex   7.092071e+00 2.397970e+01 2.500000e+00
    endloop
  endfacet
  facet normal 0.000000e+00 -1.000000e+00 0.000000e+00
    outer loop
      vertex   7.092071e+00 2.397970e+01 2.500000e+00
      vertex   5.789173e+01 2.397970e+01 0.000000e+00
      vertex   5.789173e+01 2.397970e+01 2.500000e+00
    endloop
  endfacet
  facet normal -1.000000e+00 0.000000e+00 0.000000e+00
    outer loop
      vertex   7.092071e+00 2.905980e+01 0.000000e+00
      vertex   7.092071e+00 2.397970e+01 0.000000e+00
      vertex   7.092071e+00 2.905980e+01 2.500000e+00
    endloop
  endfacet
  facet normal -1.000000e+00 -0.000000e+00 0.000000e+00
    outer loop
      vertex   7.092071e+00 2.905980e+01 2.500000e+00
      vertex   7.092071e+00 2.397970e+01 0.000000e+00
      vertex   7.092071e+00 2.397970e+01 2.500000e+00
    endloop
  endfacet
  facet normal 0.000000e+00 -0.000000e+00 1.000000e+00
    outer loop
      vertex   5.694215e+01 2.811000e+01 2.500000e+00
      vertex   5.789173e+01 2.905980e+01 2.500000e+00
      vertex   5.630220e+01 2.811000e+01 2.500000e+00
    endloop
  endfacet
  facet normal 0.000000e+00 -0.000000e+00 1.000000e+00
    outer loop
      vertex   5.630220e+01 2.811000e+01 2.500000e+00
      vertex   5.789173e+01 2.905980e+01 2.500000e+00
      vertex   5.440215e+01 2.811000e+01 2.500000e+00
    endloop
  endfacet
  facet normal 0.000000e+00 0.000000e+00 1.000000e+00
    outer loop
      vertex   5.630220e+01 2.811000e+01 2.500000e+00
      vertex   5.440215e+01 2.811000e+01 2.500000e+00
      vertex   5.630220e+01 2.747000e+01 2.500000e+00
    endloop
  endfacet
  facet normal 0.000000e+00 0.000000e+00 1.000000e+00
    outer loop
      vertex   5.630220e+01 2.747000e+01 2.500000e+00
      vertex   5.440215e+01 2.811000e+01 2.500000e+00
      vertex   5.440215e+01 2.747000e+01 2.500000e+00
    endloop
  endfacet
  facet normal 0.000000e+00 0.000000e+00 1.000000e+00
    outer loop
      vertex   5.630220e+01 2.747000e+01 2.500000e+00
      vertex   5.440215e+01 2.747000e+01 2.500000e+00
      vertex   5.630220e+01 2.557000e+01 2.500000e+00
    endloop
  endfacet
  facet normal 0.000000e+00 0.000000e+00 1.000000e+00
    outer loop
      vertex   5.630220e+01 2.557000e+01 2.500000e+00
      vertex   5.440215e+01 2.747000e+01 2.500000e+00
      vertex   5.440215e+01 2.557000e+01 2.500000e+00
    endloop
  endfacet
  facet normal 0.000000e+00 0.000000e+00 1.000000e+00
    outer loop
      vertex   5.630220e+01 2.557000e+01 2.500000e+00
      vertex   5.440215e+01 2.557000e+01 2.500000e+00
      vertex   5.630220e+01 2.493000e+01 2.500000e+00
    endloop
  endfacet
  facet normal 0.000000e+00 0.000000e+00 1.000000e+00
    outer loop
      vertex   5.630220e+01 2.493000e+01 2.500000e+00
      vertex   5.440215e+01 2.557000e+01 2.500000e+00
      vertex   5.440215e+01 2.493000e+01 2.500000e+00
    endloop
  endfacet
  facet normal 0.000000e+00 0.000000e+00 1.000000e+00
    outer loop
      vertex   5.630220e+01 2.493000e+01 2.500000e+00
      vertex   5.440215e+01 2.493000e+01 2.500000e+00
      vertex   5.789173e+01 2.397970e+01 2.500000e+00
    endloop
  endfacet
  facet normal 0.000000e+00 0.000000e+00 1.000000e+00
    outer loop
      vertex   5.789173e+01 2.397970e+01 2.500000e+00
      vertex   5.440215e+01 2.493000e+01 2.500000e+00
      vertex   5.376220e+01 2.493000e+01 2.500000e+00
    endloop
  endfacet
  facet normal 0.000000e+00 0.000000e+00 1.000000e+00
    outer loop
      vertex   5.789173e+01 2.397970e+01 2.500000e+00
      vertex   5.376220e+01 2.493000e+01 2.500000e+00
      vertex   5.186215e+01 2.493000e+01 2.500000e+00
    endloop
  endfacet
  facet normal 0.000000e+00 0.000000e+00 1.000000e+00
    outer loop
      vertex   5.186215e+01 2.493000e+01 2.500000e+00
      vertex   5.376220e+01 2.493000e+01 2.500000e+00
      vertex   5.186215e+01 2.557000e+01 2.500000e+00
    endloop
  endfacet
  facet normal -0.000000e+00 0.000000e+00 1.000000e+00
    outer loop
      vertex   5.186215e+01 2.557000e+01 2.500000e+00
      vertex   5.376220e+01 2.493000e+01 2.500000e+00
      vertex   5.376220e+01 2.557000e+01 2.500000e+00
    endloop
  endfacet
  facet normal 0.000000e+00 0.000000e+00 1.000000e+00
    outer loop
      vertex   5.186215e+01 2.557000e+01 2.500000e+00
      vertex   5.376220e+01 2.557000e+01 2.500000e+00
      vertex   5.186215e+01 2.747000e+01 2.500000e+00
    endloop
  endfacet
  facet normal -0.000000e+00 0.000000e+00 1.000000e+00
    outer loop
      vertex   5.186215e+01 2.747000e+01 2.500000e+00
      vertex   5.376220e+01 2.557000e+01 2.500000e+00
      vertex   5.376220e+01 2.747000e+01 2.500000e+00
    endloop
  endfacet
  facet normal 0.000000e+00 0.000000e+00 1.000000e+00
    outer loop
      vertex   5.186215e+01 2.747000e+01 2.500000e+00
      vertex   5.376220e+01 2.747000e+01 2.500000e+00
      vertex   5.186215e+01 2.811000e+01 2.500000e+00
    endloop
  endfacet
  facet normal -0.000000e+00 0.000000e+00 1.000000e+00
    outer loop
      vertex   5.186215e+01 2.811000e+01 2.500000e+00
      vertex   5.376220e+01 2.747000e+01 2.500000e+00
      vertex   5.376220e+01 2.811000e+01 2.500000e+00
    endloop
  endfacet
  facet normal 0.000000e+00 0.000000e+00 1.000000e+00
    outer loop
      vertex   5.186215e+01 2.811000e+01 2.500000e+00
      vertex   5.376220e+01 2.811000e+01 2.500000e+00
      vertex   5.789173e+01 2.905980e+01 2.500000e+00
    endloop
  endfacet
  facet normal 0.000000e+00 0.000000e+00 1.000000e+00
    outer loop
      vertex   5.789173e+01 2.905980e+01 2.500000e+00
      vertex   5.376220e+01 2.811000e+01 2.500000e+00
      vertex   5.440215e+01 2.811000e+01 2.500000e+00
    endloop
  endfacet
  facet normal -0.000000e+00 0.000000e+00 1.000000e+00
    outer loop
      vertex   5.694215e+01 2.811000e+01 2.500000e+00
      vertex   5.694215e+01 2.747000e+01 2.500000e+00
      vertex   5.789173e+01 2.905980e+01 2.500000e+00
    endloop
  endfacet
  facet normal 0.000000e+00 0.000000e+00 1.000000e+00
    outer loop
      vertex   5.789173e+01 2.905980e+01 2.500000e+00
      vertex   5.694215e+01 2.747000e+01 2.500000e+00
      vertex   5.694215e+01 2.557000e+01 2.500000e+00
    endloop
  endfacet
  facet normal 0.000000e+00 0.000000e+00 1.000000e+00
    outer loop
      vertex   5.789173e+01 2.905980e+01 2.500000e+00
      vertex   5.694215e+01 2.557000e+01 2.500000e+00
      vertex   5.789173e+01 2.397970e+01 2.500000e+00
    endloop
  endfacet
  facet normal 0.000000e+00 0.000000e+00 1.000000e+00
    outer loop
      vertex   5.789173e+01 2.397970e+01 2.500000e+00
      vertex   5.694215e+01 2.557000e+01 2.500000e+00
      vertex   5.694215e+01 2.493000e+01 2.500000e+00
    endloop
  endfacet
  facet normal 0.000000e+00 0.000000e+00 1.000000e+00
    outer loop
      vertex   5.789173e+01 2.397970e+01 2.500000e+00
      vertex   5.694215e+01 2.493000e+01 2.500000e+00
      vertex   5.630220e+01 2.493000e+01 2.500000e+00
    endloop
  endfacet
  facet normal 0.000000e+00 0.000000e+00 1.000000e+00
    outer loop
      vertex   5.694215e+01 2.747000e+01 2.500000e+00
      vertex   5.630220e+01 2.747000e+01 2.500000e+00
      vertex   5.694215e+01 2.557000e+01 2.500000e+00
    endloop
  endfacet
  facet normal 0.000000e+00 0.000000e+00 1.000000e+00
    outer loop
      vertex   5.694215e+01 2.557000e+01 2.500000e+00
      vertex   5.630220e+01 2.747000e+01 2.500000e+00
      vertex   5.630220e+01 2.557000e+01 2.500000e+00
    endloop
  endfacet
  facet normal 0.000000e+00 0.000000e+00 1.000000e+00
    outer loop
      vertex   5.440215e+01 2.747000e+01 2.500000e+00
      vertex   5.376220e+01 2.747000e+01 2.500000e+00
      vertex   5.440215e+01 2.557000e+01 2.500000e+00
    endloop
  endfacet
  facet normal 0.000000e+00 0.000000e+00 1.000000e+00
    outer loop
      vertex   5.440215e+01 2.557000e+01 2.500000e+00
      vertex   5.376220e+01 2.747000e+01 2.500000e+00
      vertex   5.376220e+01 2.557000e+01 2.500000e+00
    endloop
  endfacet
  facet normal 0.000000e+00 -0.000000e+00 1.000000e+00
    outer loop
      vertex   5.186215e+01 2.811000e+01 2.500000e+00
      vertex   5.789173e+01 2.905980e+01 2.500000e+00
      vertex   5.122220e+01 2.811000e+01 2.500000e+00
    endloop
  endfacet
  facet normal 0.000000e+00 -0.000000e+00 1.000000e+00
    outer loop
      vertex   5.122220e+01 2.811000e+01 2.500000e+00
      vertex   5.789173e+01 2.905980e+01 2.500000e+00
      vertex   4.932215e+01 2.811000e+01 2.500000e+00
    endloop
  endfacet
  facet normal 0.000000e+00 0.000000e+00 1.000000e+00
    outer loop
      vertex   5.122220e+01 2.811000e+01 2.500000e+00
      vertex   4.932215e+01 2.811000e+01 2.500000e+00
      vertex   5.122220e+01 2.747000e+01 2.500000e+00
    endloop
  endfacet
  facet normal 0.000000e+00 0.000000e+00 1.000000e+00
    outer loop
      vertex   5.122220e+01 2.747000e+01 2.500000e+00
      vertex   4.932215e+01 2.811000e+01 2.500000e+00
      vertex   4.932215e+01 2.747000e+01 2.500000e+00
    endloop
  endfacet
  facet normal 0.000000e+00 0.000000e+00 1.000000e+00
    outer loop
      vertex   5.122220e+01 2.747000e+01 2.500000e+00
      vertex   4.932215e+01 2.747000e+01 2.500000e+00
      vertex   5.122220e+01 2.557000e+01 2.500000e+00
    endloop
  endfacet
  facet normal 0.000000e+00 0.000000e+00 1.000000e+00
    outer loop
      vertex   5.122220e+01 2.557000e+01 2.500000e+00
      vertex   4.932215e+01 2.747000e+01 2.500000e+00
      vertex   4.932215e+01 2.557000e+01 2.500000e+00
    endloop
  endfacet
  facet normal 0.000000e+00 0.000000e+00 1.000000e+00
    outer loop
      vertex   5.122220e+01 2.557000e+01 2.500000e+00
      vertex   4.932215e+01 2.557000e+01 2.500000e+00
      vertex   5.122220e+01 2.493000e+01 2.500000e+00
    endloop
  endfacet
  facet normal 0.000000e+00 0.000000e+00 1.000000e+00
    outer loop
      vertex   5.122220e+01 2.493000e+01 2.500000e+00
      vertex   4.932215e+01 2.557000e+01 2.500000e+00
      vertex   4.932215e+01 2.493000e+01 2.500000e+00
    endloop
  endfacet
  facet normal 0.000000e+00 0.000000e+00 1.000000e+00
    outer loop
      vertex   5.122220e+01 2.493000e+01 2.500000e+00
      vertex   4.932215e+01 2.493000e+01 2.500000e+00
      vertex   5.789173e+01 2.397970e+01 2.500000e+00
    endloop
  endfacet
  facet normal 0.000000e+00 0.000000e+00 1.000000e+00
    outer loop
      vertex   5.789173e+01 2.397970e+01 2.500000e+00
      vertex   4.932215e+01 2.493000e+01 2.500000e+00
      vertex   4.868220e+01 2.493000e+01 2.500000e+00
    endloop
  endfacet
  facet normal 0.000000e+00 0.000000e+00 1.000000e+00
    outer loop
      vertex   5.789173e+01 2.397970e+01 2.500000e+00
      vertex   4.868220e+01 2.493000e+01 2.500000e+00
      vertex   4.678215e+01 2.493000e+01 2.500000e+00
    endloop
  endfacet
  facet normal 0.000000e+00 0.000000e+00 1.000000e+00
    outer loop
      vertex   4.678215e+01 2.493000e+01 2.500000e+00
      vertex   4.868220e+01 2.493000e+01 2.500000e+00
      vertex   4.678215e+01 2.557000e+01 2.500000e+00
    endloop
  endfacet
  facet normal -0.000000e+00 0.000000e+00 1.000000e+00
    outer loop
      vertex   4.678215e+01 2.557000e+01 2.500000e+00
      vertex   4.868220e+01 2.493000e+01 2.500000e+00
      vertex   4.868220e+01 2.557000e+01 2.500000e+00
    endloop
  endfacet
  facet normal 0.000000e+00 0.000000e+00 1.000000e+00
    outer loop
      vertex   4.678215e+01 2.557000e+01 2.500000e+00
      vertex   4.868220e+01 2.557000e+01 2.500000e+00
      vertex   4.678215e+01 2.747000e+01 2.500000e+00
    endloop
  endfacet
  facet normal -0.000000e+00 0.000000e+00 1.000000e+00
    outer loop
      vertex   4.678215e+01 2.747000e+01 2.500000e+00
      vertex   4.868220e+01 2.557000e+01 2.500000e+00
      vertex   4.868220e+01 2.747000e+01 2.500000e+00
    endloop
  endfacet
  facet normal 0.000000e+00 0.000000e+00 1.000000e+00
    outer loop
      vertex   4.678215e+01 2.747000e+01 2.500000e+00
      vertex   4.868220e+01 2.747000e+01 2.500000e+00
      vertex   4.678215e+01 2.811000e+01 2.500000e+00
    endloop
  endfacet
  facet normal -0.000000e+00 0.000000e+00 1.000000e+00
    outer loop
      vertex   4.678215e+01 2.811000e+01 2.500000e+00
      vertex   4.868220e+01 2.747000e+01 2.500000e+00
      vertex   4.868220e+01 2.811000e+01 2.500000e+00
    endloop
  endfacet
  facet normal 0.000000e+00 0.000000e+00 1.000000e+00
    outer loop
      vertex   4.678215e+01 2.811000e+01 2.500000e+00
      vertex   4.868220e+01 2.811000e+01 2.500000e+00
      vertex   5.789173e+01 2.905980e+01 2.500000e+00
    endloop
  endfacet
  facet normal 0.000000e+00 0.000000e+00 1.000000e+00
    outer loop
      vertex   5.789173e+01 2.905980e+01 2.500000e+00
      vertex   4.868220e+01 2.811000e+01 2.500000e+00
      vertex   4.932215e+01 2.811000e+01 2.500000e+00
    endloop
  endfacet
  facet normal 0.000000e+00 0.000000e+00 1.000000e+00
    outer loop
      vertex   5.186215e+01 2.747000e+01 2.500000e+00
      vertex   5.122220e+01 2.747000e+01 2.500000e+00
      vertex   5.186215e+01 2.557000e+01 2.500000e+00
    endloop
  endfacet
  facet normal 0.000000e+00 0.000000e+00 1.000000e+00
    outer loop
      vertex   5.186215e+01 2.557000e+01 2.500000e+00
      vertex   5.122220e+01 2.747000e+01 2.500000e+00
      vertex   5.122220e+01 2.557000e+01 2.500000e+00
    endloop
  endfacet
  facet normal 0.000000e+00 0.000000e+00 1.000000e+00
    outer loop
      vertex   4.932215e+01 2.747000e+01 2.500000e+00
      vertex   4.868220e+01 2.747000e+01 2.500000e+00
      vertex   4.932215e+01 2.557000e+01 2.500000e+00
    endloop
  endfacet
  facet normal 0.000000e+00 0.000000e+00 1.000000e+00
    outer loop
      vertex   4.932215e+01 2.557000e+01 2.500000e+00
      vertex   4.868220e+01 2.747000e+01 2.500000e+00
      vertex   4.868220e+01 2.557000e+01 2.500000e+00
    endloop
  endfacet
  facet normal 0.000000e+00 -0.000000e+00 1.000000e+00
    outer loop
      vertex   4.678215e+01 2.811000e+01 2.500000e+00
      vertex   5.789173e+01 2.905980e+01 2.500000e+00
      vertex   4.614220e+01 2.811000e+01 2.500000e+00
    endloop
  endfacet
  facet normal 0.000000e+00 -0.000000e+00 1.000000e+00
    outer loop
      vertex   4.614220e+01 2.811000e+01 2.500000e+00
      vertex   5.789173e+01 2.905980e+01 2.500000e+00
      vertex   4.424215e+01 2.811000e+01 2.500000e+00
    endloop
  endfacet
  facet normal 0.000000e+00 0.000000e+00 1.000000e+00
    outer loop
      vertex   4.614220e+01 2.811000e+01 2.500000e+00
      vertex   4.424215e+01 2.811000e+01 2.500000e+00
      vertex   4.614220e+01 2.747000e+01 2.500000e+00
    endloop
  endfacet
  facet normal 0.000000e+00 0.000000e+00 1.000000e+00
    outer loop
      vertex   4.614220e+01 2.747000e+01 2.500000e+00
      vertex   4.424215e+01 2.811000e+01 2.500000e+00
      vertex   4.424215e+01 2.747000e+01 2.500000e+00
    endloop
  endfacet
  facet normal 0.000000e+00 0.000000e+00 1.000000e+00
    outer loop
      vertex   4.614220e+01 2.747000e+01 2.500000e+00
      vertex   4.424215e+01 2.747000e+01 2.500000e+00
      vertex   4.614220e+01 2.557000e+01 2.500000e+00
    endloop
  endfacet
  facet normal 0.000000e+00 0.000000e+00 1.000000e+00
    outer loop
      vertex   4.614220e+01 2.557000e+01 2.500000e+00
      vertex   4.424215e+01 2.747000e+01 2.500000e+00
      vertex   4.424215e+01 2.557000e+01 2.500000e+00
    endloop
  endfacet
  facet normal 0.000000e+00 0.000000e+00 1.000000e+00
    outer loop
      vertex   4.614220e+01 2.557000e+01 2.500000e+00
      vertex   4.424215e+01 2.557000e+01 2.500000e+00
      vertex   4.614220e+01 2.493000e+01 2.500000e+00
    endloop
  endfacet
  facet normal 0.000000e+00 0.000000e+00 1.000000e+00
    outer loop
      vertex   4.614220e+01 2.493000e+01 2.500000e+00
      vertex   4.424215e+01 2.557000e+01 2.500000e+00
      vertex   4.424215e+01 2.493000e+01 2.500000e+00
    endloop
  endfacet
  facet normal 0.000000e+00 0.000000e+00 1.000000e+00
    outer loop
      vertex   4.614220e+01 2.493000e+01 2.500000e+00
      vertex   4.424215e+01 2.493000e+01 2.500000e+00
      vertex   5.789173e+01 2.397970e+01 2.500000e+00
    endloop
  endfacet
  facet normal 0.000000e+00 0.000000e+00 1.000000e+00
    outer loop
      vertex   5.789173e+01 2.397970e+01 2.500000e+00
      vertex   4.424215e+01 2.493000e+01 2.500000e+00
      vertex   4.360220e+01 2.493000e+01 2.500000e+00
    endloop
  endfacet
  facet normal 0.000000e+00 0.000000e+00 1.000000e+00
    outer loop
      vertex   5.789173e+01 2.397970e+01 2.500000e+00
      vertex   4.360220e+01 2.493000e+01 2.500000e+00
      vertex   4.170215e+01 2.493000e+01 2.500000e+00
    endloop
  endfacet
  facet normal 0.000000e+00 0.000000e+00 1.000000e+00
    outer loop
      vertex   4.170215e+01 2.493000e+01 2.500000e+00
      vertex   4.360220e+01 2.493000e+01 2.500000e+00
      vertex   4.170215e+01 2.557000e+01 2.500000e+00
    endloop
  endfacet
  facet normal -0.000000e+00 0.000000e+00 1.000000e+00
    outer loop
      vertex   4.170215e+01 2.557000e+01 2.500000e+00
      vertex   4.360220e+01 2.493000e+01 2.500000e+00
      vertex   4.360220e+01 2.557000e+01 2.500000e+00
    endloop
  endfacet
  facet normal 0.000000e+00 0.000000e+00 1.000000e+00
    outer loop
      vertex   4.170215e+01 2.557000e+01 2.500000e+00
      vertex   4.360220e+01 2.557000e+01 2.500000e+00
      vertex   4.170215e+01 2.747000e+01 2.500000e+00
    endloop
  endfacet
  facet normal -0.000000e+00 0.000000e+00 1.000000e+00
    outer loop
      vertex   4.170215e+01 2.747000e+01 2.500000e+00
      vertex   4.360220e+01 2.557000e+01 2.500000e+00
      vertex   4.360220e+01 2.747000e+01 2.500000e+00
    endloop
  endfacet
  facet normal 0.000000e+00 0.000000e+00 1.000000e+00
    outer loop
      vertex   4.170215e+01 2.747000e+01 2.500000e+00
      vertex   4.360220e+01 2.747000e+01 2.500000e+00
      vertex   4.170215e+01 2.811000e+01 2.500000e+00
    endloop
  endfacet
  facet normal -0.000000e+00 0.000000e+00 1.000000e+00
    outer loop
      vertex   4.170215e+01 2.811000e+01 2.500000e+00
      vertex   4.360220e+01 2.747000e+01 2.500000e+00
      vertex   4.360220e+01 2.811000e+01 2.500000e+00
    endloop
  endfacet
  facet normal 0.000000e+00 0.000000e+00 1.000000e+00
    outer loop
      vertex   4.170215e+01 2.811000e+01 2.500000e+00
      vertex   4.360220e+01 2.811000e+01 2.500000e+00
      vertex   5.789173e+01 2.905980e+01 2.500000e+00
    endloop
  endfacet
  facet normal 0.000000e+00 0.000000e+00 1.000000e+00
    outer loop
      vertex   5.789173e+01 2.905980e+01 2.500000e+00
      vertex   4.360220e+01 2.811000e+01 2.500000e+00
      vertex   4.424215e+01 2.811000e+01 2.500000e+00
    endloop
  endfacet
  facet normal 0.000000e+00 0.000000e+00 1.000000e+00
    outer loop
      vertex   4.678215e+01 2.747000e+01 2.500000e+00
      vertex   4.614220e+01 2.747000e+01 2.500000e+00
      vertex   4.678215e+01 2.557000e+01 2.500000e+00
    endloop
  endfacet
  facet normal 0.000000e+00 0.000000e+00 1.000000e+00
    outer loop
      vertex   4.678215e+01 2.557000e+01 2.500000e+00
      vertex   4.614220e+01 2.747000e+01 2.500000e+00
      vertex   4.614220e+01 2.557000e+01 2.500000e+00
    endloop
  endfacet
  facet normal 0.000000e+00 0.000000e+00 1.000000e+00
    outer loop
      vertex   4.424215e+01 2.747000e+01 2.500000e+00
      vertex   4.360220e+01 2.747000e+01 2.500000e+00
      vertex   4.424215e+01 2.557000e+01 2.500000e+00
    endloop
  endfacet
  facet normal 0.000000e+00 0.000000e+00 1.000000e+00
    outer loop
      vertex   4.424215e+01 2.557000e+01 2.500000e+00
      vertex   4.360220e+01 2.747000e+01 2.500000e+00
      vertex   4.360220e+01 2.557000e+01 2.500000e+00
    endloop
  endfacet
  facet normal 0.000000e+00 -0.000000e+00 1.000000e+00
    outer loop
      vertex   4.170215e+01 2.811000e+01 2.500000e+00
      vertex   5.789173e+01 2.905980e+01 2.500000e+00
      vertex   4.106220e+01 2.811000e+01 2.500000e+00
    endloop
  endfacet
  facet normal 0.000000e+00 -0.000000e+00 1.000000e+00
    outer loop
      vertex   4.106220e+01 2.811000e+01 2.500000e+00
      vertex   5.789173e+01 2.905980e+01 2.500000e+00
      vertex   3.916215e+01 2.811000e+01 2.500000e+00
    endloop
  endfacet
  facet normal 0.000000e+00 0.000000e+00 1.000000e+00
    outer loop
      vertex   4.106220e+01 2.811000e+01 2.500000e+00
      vertex   3.916215e+01 2.811000e+01 2.500000e+00
      vertex   4.106220e+01 2.747000e+01 2.500000e+00
    endloop
  endfacet
  facet normal 0.000000e+00 0.000000e+00 1.000000e+00
    outer loop
      vertex   4.106220e+01 2.747000e+01 2.500000e+00
      vertex   3.916215e+01 2.811000e+01 2.500000e+00
      vertex   3.916215e+01 2.747000e+01 2.500000e+00
    endloop
  endfacet
  facet normal 0.000000e+00 0.000000e+00 1.000000e+00
    outer loop
      vertex   4.106220e+01 2.747000e+01 2.500000e+00
      vertex   3.916215e+01 2.747000e+01 2.500000e+00
      vertex   4.106220e+01 2.557000e+01 2.500000e+00
    endloop
  endfacet
  facet normal 0.000000e+00 0.000000e+00 1.000000e+00
    outer loop
      vertex   4.106220e+01 2.557000e+01 2.500000e+00
      vertex   3.916215e+01 2.747000e+01 2.500000e+00
      vertex   3.916215e+01 2.557000e+01 2.500000e+00
    endloop
  endfacet
  facet normal 0.000000e+00 0.000000e+00 1.000000e+00
    outer loop
      vertex   4.106220e+01 2.557000e+01 2.500000e+00
      vertex   3.916215e+01 2.557000e+01 2.500000e+00
      vertex   4.106220e+01 2.493000e+01 2.500000e+00
    endloop
  endfacet
  facet normal 0.000000e+00 0.000000e+00 1.000000e+00
    outer loop
      vertex   4.106220e+01 2.493000e+01 2.500000e+00
      vertex   3.916215e+01 2.557000e+01 2.500000e+00
      vertex   3.916215e+01 2.493000e+01 2.500000e+00
    endloop
  endfacet
  facet normal 0.000000e+00 0.000000e+00 1.000000e+00
    outer loop
      vertex   4.106220e+01 2.493000e+01 2.500000e+00
      vertex   3.916215e+01 2.493000e+01 2.500000e+00
      vertex   5.789173e+01 2.397970e+01 2.500000e+00
    endloop
  endfacet
  facet normal 0.000000e+00 0.000000e+00 1.000000e+00
    outer loop
      vertex   5.789173e+01 2.397970e+01 2.500000e+00
      vertex   3.916215e+01 2.493000e+01 2.500000e+00
      vertex   3.852220e+01 2.493000e+01 2.500000e+00
    endloop
  endfacet
  facet normal 0.000000e+00 0.000000e+00 1.000000e+00
    outer loop
      vertex   5.789173e+01 2.397970e+01 2.500000e+00
      vertex   3.852220e+01 2.493000e+01 2.500000e+00
      vertex   3.662215e+01 2.493000e+01 2.500000e+00
    endloop
  endfacet
  facet normal 0.000000e+00 0.000000e+00 1.000000e+00
    outer loop
      vertex   3.662215e+01 2.493000e+01 2.500000e+00
      vertex   3.852220e+01 2.493000e+01 2.500000e+00
      vertex   3.662215e+01 2.557000e+01 2.500000e+00
    endloop
  endfacet
  facet normal -0.000000e+00 0.000000e+00 1.000000e+00
    outer loop
      vertex   3.662215e+01 2.557000e+01 2.500000e+00
      vertex   3.852220e+01 2.493000e+01 2.500000e+00
      vertex   3.852220e+01 2.557000e+01 2.500000e+00
    endloop
  endfacet
  facet normal 0.000000e+00 0.000000e+00 1.000000e+00
    outer loop
      vertex   3.662215e+01 2.557000e+01 2.500000e+00
      vertex   3.852220e+01 2.557000e+01 2.500000e+00
      vertex   3.662215e+01 2.747000e+01 2.500000e+00
    endloop
  endfacet
  facet normal -0.000000e+00 0.000000e+00 1.000000e+00
    outer loop
      vertex   3.662215e+01 2.747000e+01 2.500000e+00
      vertex   3.852220e+01 2.557000e+01 2.500000e+00
      vertex   3.852220e+01 2.747000e+01 2.500000e+00
    endloop
  endfacet
  facet normal 0.000000e+00 0.000000e+00 1.000000e+00
    outer loop
      vertex   3.662215e+01 2.747000e+01 2.500000e+00
      vertex   3.852220e+01 2.747000e+01 2.500000e+00
      vertex   3.662215e+01 2.811000e+01 2.500000e+00
    endloop
  endfacet
  facet normal -0.000000e+00 0.000000e+00 1.000000e+00
    outer loop
      vertex   3.662215e+01 2.811000e+01 2.500000e+00
      vertex   3.852220e+01 2.747000e+01 2.500000e+00
      vertex   3.852220e+01 2.811000e+01 2.500000e+00
    endloop
  endfacet
  facet normal 0.000000e+00 0.000000e+00 1.000000e+00
    outer loop
      vertex   3.662215e+01 2.811000e+01 2.500000e+00
      vertex   3.852220e+01 2.811000e+01 2.500000e+00
      vertex   5.789173e+01 2.905980e+01 2.500000e+00
    endloop
  endfacet
  facet normal 0.000000e+00 0.000000e+00 1.000000e+00
    outer loop
      vertex   5.789173e+01 2.905980e+01 2.500000e+00
      vertex   3.852220e+01 2.811000e+01 2.500000e+00
      vertex   3.916215e+01 2.811000e+01 2.500000e+00
    endloop
  endfacet
  facet normal 0.000000e+00 0.000000e+00 1.000000e+00
    outer loop
      vertex   4.170215e+01 2.747000e+01 2.500000e+00
      vertex   4.106220e+01 2.747000e+01 2.500000e+00
      vertex   4.170215e+01 2.557000e+01 2.500000e+00
    endloop
  endfacet
  facet normal 0.000000e+00 0.000000e+00 1.000000e+00
    outer loop
      vertex   4.170215e+01 2.557000e+01 2.500000e+00
      vertex   4.106220e+01 2.747000e+01 2.500000e+00
      vertex   4.106220e+01 2.557000e+01 2.500000e+00
    endloop
  endfacet
  facet normal 0.000000e+00 0.000000e+00 1.000000e+00
    outer loop
      vertex   3.916215e+01 2.747000e+01 2.500000e+00
      vertex   3.852220e+01 2.747000e+01 2.500000e+00
      vertex   3.916215e+01 2.557000e+01 2.500000e+00
    endloop
  endfacet
  facet normal 0.000000e+00 0.000000e+00 1.000000e+00
    outer loop
      vertex   3.916215e+01 2.557000e+01 2.500000e+00
      vertex   3.852220e+01 2.747000e+01 2.500000e+00
      vertex   3.852220e+01 2.557000e+01 2.500000e+00
    endloop
  endfacet
  facet normal 0.000000e+00 -0.000000e+00 1.000000e+00
    outer loop
      vertex   3.662215e+01 2.811000e+01 2.500000e+00
      vertex   5.789173e+01 2.905980e+01 2.500000e+00
      vertex   3.598220e+01 2.811000e+01 2.500000e+00
    endloop
  endfacet
  facet normal 0.000000e+00 -0.000000e+00 1.000000e+00
    outer loop
      vertex   3.598220e+01 2.811000e+01 2.500000e+00
      vertex   5.789173e+01 2.905980e+01 2.500000e+00
      vertex   3.408215e+01 2.811000e+01 2.500000e+00
    endloop
  endfacet
  facet normal 0.000000e+00 0.000000e+00 1.000000e+00
    outer loop
      vertex   3.598220e+01 2.811000e+01 2.500000e+00
      vertex   3.408215e+01 2.811000e+01 2.500000e+00
      vertex   3.598220e+01 2.747000e+01 2.500000e+00
    endloop
  endfacet
  facet normal 0.000000e+00 0.000000e+00 1.000000e+00
    outer loop
      vertex   3.598220e+01 2.747000e+01 2.500000e+00
      vertex   3.408215e+01 2.811000e+01 2.500000e+00
      vertex   3.408215e+01 2.747000e+01 2.500000e+00
    endloop
  endfacet
  facet normal 0.000000e+00 0.000000e+00 1.000000e+00
    outer loop
      vertex   3.598220e+01 2.747000e+01 2.500000e+00
      vertex   3.408215e+01 2.747000e+01 2.500000e+00
      vertex   3.598220e+01 2.557000e+01 2.500000e+00
    endloop
  endfacet
  facet normal 0.000000e+00 0.000000e+00 1.000000e+00
    outer loop
      vertex   3.598220e+01 2.557000e+01 2.500000e+00
      vertex   3.408215e+01 2.747000e+01 2.500000e+00
      vertex   3.344220e+01 2.747000e+01 2.500000e+00
    endloop
  endfacet
  facet normal 0.000000e+00 0.000000e+00 1.000000e+00
    outer loop
      vertex   3.598220e+01 2.557000e+01 2.500000e+00
      vertex   3.344220e+01 2.747000e+01 2.500000e+00
      vertex   3.154215e+01 2.747000e+01 2.500000e+00
    endloop
  endfacet
  facet normal 0.000000e+00 0.000000e+00 1.000000e+00
    outer loop
      vertex   3.154215e+01 2.747000e+01 2.500000e+00
      vertex   3.344220e+01 2.747000e+01 2.500000e+00
      vertex   3.154215e+01 2.811000e+01 2.500000e+00
    endloop
  endfacet
  facet normal -0.000000e+00 0.000000e+00 1.000000e+00
    outer loop
      vertex   3.154215e+01 2.811000e+01 2.500000e+00
      vertex   3.344220e+01 2.747000e+01 2.500000e+00
      vertex   3.344220e+01 2.811000e+01 2.500000e+00
    endloop
  endfacet
  facet normal 0.000000e+00 0.000000e+00 1.000000e+00
    outer loop
      vertex   3.154215e+01 2.811000e+01 2.500000e+00
      vertex   3.344220e+01 2.811000e+01 2.500000e+00
      vertex   5.789173e+01 2.905980e+01 2.500000e+00
    endloop
  endfacet
  facet normal 0.000000e+00 0.000000e+00 1.000000e+00
    outer loop
      vertex   5.789173e+01 2.905980e+01 2.500000e+00
      vertex   3.344220e+01 2.811000e+01 2.500000e+00
      vertex   3.408215e+01 2.811000e+01 2.500000e+00
    endloop
  endfacet
  facet normal 0.000000e+00 0.000000e+00 1.000000e+00
    outer loop
      vertex   3.662215e+01 2.747000e+01 2.500000e+00
      vertex   3.598220e+01 2.747000e+01 2.500000e+00
      vertex   3.662215e+01 2.557000e+01 2.500000e+00
    endloop
  endfacet
  facet normal 0.000000e+00 0.000000e+00 1.000000e+00
    outer loop
      vertex   3.662215e+01 2.557000e+01 2.500000e+00
      vertex   3.598220e+01 2.747000e+01 2.500000e+00
      vertex   3.598220e+01 2.557000e+01 2.500000e+00
    endloop
  endfacet
  facet normal 0.000000e+00 0.000000e+00 1.000000e+00
    outer loop
      vertex   3.154215e+01 2.811000e+01 2.500000e+00
      vertex   7.092071e+00 2.905980e+01 2.500000e+00
      vertex   3.090220e+01 2.811000e+01 2.500000e+00
    endloop
  endfacet
  facet normal 0.000000e+00 0.000000e+00 1.000000e+00
    outer loop
      vertex   3.090220e+01 2.811000e+01 2.500000e+00
      vertex   7.092071e+00 2.905980e+01 2.500000e+00
      vertex   2.900215e+01 2.811000e+01 2.500000e+00
    endloop
  endfacet
  facet normal 0.000000e+00 0.000000e+00 1.000000e+00
    outer loop
      vertex   3.090220e+01 2.811000e+01 2.500000e+00
      vertex   2.900215e+01 2.811000e+01 2.500000e+00
      vertex   3.090220e+01 2.747000e+01 2.500000e+00
    endloop
  endfacet
  facet normal 0.000000e+00 0.000000e+00 1.000000e+00
    outer loop
      vertex   3.090220e+01 2.747000e+01 2.500000e+00
      vertex   2.900215e+01 2.811000e+01 2.500000e+00
      vertex   2.900215e+01 2.747000e+01 2.500000e+00
    endloop
  endfacet
  facet normal 0.000000e+00 0.000000e+00 1.000000e+00
    outer loop
      vertex   3.090220e+01 2.747000e+01 2.500000e+00
      vertex   2.900215e+01 2.747000e+01 2.500000e+00
      vertex   3.408215e+01 2.557000e+01 2.500000e+00
    endloop
  endfacet
  facet normal 0.000000e+00 0.000000e+00 1.000000e+00
    outer loop
      vertex   3.408215e+01 2.557000e+01 2.500000e+00
      vertex   2.900215e+01 2.747000e+01 2.500000e+00
      vertex   3.344220e+01 2.557000e+01 2.500000e+00
    endloop
  endfacet
  facet normal 0.000000e+00 0.000000e+00 1.000000e+00
    outer loop
      vertex   3.344220e+01 2.557000e+01 2.500000e+00
      vertex   2.900215e+01 2.747000e+01 2.500000e+00
      vertex   3.154215e+01 2.557000e+01 2.500000e+00
    endloop
  endfacet
  facet normal 0.000000e+00 0.000000e+00 1.000000e+00
    outer loop
      vertex   3.344220e+01 2.557000e+01 2.500000e+00
      vertex   3.154215e+01 2.557000e+01 2.500000e+00
      vertex   3.344220e+01 2.493000e+01 2.500000e+00
    endloop
  endfacet
  facet normal 0.000000e+00 0.000000e+00 1.000000e+00
    outer loop
      vertex   3.344220e+01 2.493000e+01 2.500000e+00
      vertex   3.154215e+01 2.557000e+01 2.500000e+00
      vertex   3.154215e+01 2.493000e+01 2.500000e+00
    endloop
  endfacet
  facet normal 0.000000e+00 0.000000e+00 1.000000e+00
    outer loop
      vertex   3.344220e+01 2.493000e+01 2.500000e+00
      vertex   3.154215e+01 2.493000e+01 2.500000e+00
      vertex   5.789173e+01 2.397970e+01 2.500000e+00
    endloop
  endfacet
  facet normal 0.000000e+00 0.000000e+00 1.000000e+00
    outer loop
      vertex   5.789173e+01 2.397970e+01 2.500000e+00
      vertex   3.154215e+01 2.493000e+01 2.500000e+00
      vertex   7.092071e+00 2.397970e+01 2.500000e+00
    endloop
  endfacet
  facet normal 0.000000e+00 0.000000e+00 1.000000e+00
    outer loop
      vertex   7.092071e+00 2.397970e+01 2.500000e+00
      vertex   3.154215e+01 2.493000e+01 2.500000e+00
      vertex   3.090220e+01 2.493000e+01 2.500000e+00
    endloop
  endfacet
  facet normal 0.000000e+00 0.000000e+00 1.000000e+00
    outer loop
      vertex   7.092071e+00 2.397970e+01 2.500000e+00
      vertex   3.090220e+01 2.493000e+01 2.500000e+00
      vertex   2.900215e+01 2.493000e+01 2.500000e+00
    endloop
  endfacet
  facet normal 0.000000e+00 0.000000e+00 1.000000e+00
    outer loop
      vertex   2.900215e+01 2.493000e+01 2.500000e+00
      vertex   3.090220e+01 2.493000e+01 2.500000e+00
      vertex   2.900215e+01 2.557000e+01 2.500000e+00
    endloop
  endfacet
  facet normal -0.000000e+00 0.000000e+00 1.000000e+00
    outer loop
      vertex   2.900215e+01 2.557000e+01 2.500000e+00
      vertex   3.090220e+01 2.493000e+01 2.500000e+00
      vertex   3.090220e+01 2.557000e+01 2.500000e+00
    endloop
  endfacet
  facet normal 0.000000e+00 0.000000e+00 1.000000e+00
    outer loop
      vertex   2.900215e+01 2.557000e+01 2.500000e+00
      vertex   3.090220e+01 2.557000e+01 2.500000e+00
      vertex   2.900215e+01 2.747000e+01 2.500000e+00
    endloop
  endfacet
  facet normal 0.000000e+00 0.000000e+00 1.000000e+00
    outer loop
      vertex   2.900215e+01 2.747000e+01 2.500000e+00
      vertex   3.090220e+01 2.557000e+01 2.500000e+00
      vertex   3.154215e+01 2.557000e+01 2.500000e+00
    endloop
  endfacet
  facet normal 0.000000e+00 0.000000e+00 1.000000e+00
    outer loop
      vertex   3.154215e+01 2.747000e+01 2.500000e+00
      vertex   3.090220e+01 2.747000e+01 2.500000e+00
      vertex   3.598220e+01 2.557000e+01 2.500000e+00
    endloop
  endfacet
  facet normal 0.000000e+00 0.000000e+00 1.000000e+00
    outer loop
      vertex   3.598220e+01 2.557000e+01 2.500000e+00
      vertex   3.090220e+01 2.747000e+01 2.500000e+00
      vertex   3.408215e+01 2.557000e+01 2.500000e+00
    endloop
  endfacet
  facet normal 0.000000e+00 0.000000e+00 1.000000e+00
    outer loop
      vertex   3.598220e+01 2.557000e+01 2.500000e+00
      vertex   3.408215e+01 2.557000e+01 2.500000e+00
      vertex   3.598220e+01 2.493000e+01 2.500000e+00
    endloop
  endfacet
  facet normal 0.000000e+00 0.000000e+00 1.000000e+00
    outer loop
      vertex   3.598220e+01 2.493000e+01 2.500000e+00
      vertex   3.408215e+01 2.557000e+01 2.500000e+00
      vertex   3.408215e+01 2.493000e+01 2.500000e+00
    endloop
  endfacet
  facet normal 0.000000e+00 0.000000e+00 1.000000e+00
    outer loop
      vertex   3.598220e+01 2.493000e+01 2.500000e+00
      vertex   3.408215e+01 2.493000e+01 2.500000e+00
      vertex   5.789173e+01 2.397970e+01 2.500000e+00
    endloop
  endfacet
  facet normal 0.000000e+00 0.000000e+00 1.000000e+00
    outer loop
      vertex   5.789173e+01 2.397970e+01 2.500000e+00
      vertex   3.408215e+01 2.493000e+01 2.500000e+00
      vertex   3.344220e+01 2.493000e+01 2.500000e+00
    endloop
  endfacet
  facet normal 0.000000e+00 0.000000e+00 1.000000e+00
    outer loop
      vertex   2.900215e+01 2.811000e+01 2.500000e+00
      vertex   7.092071e+00 2.905980e+01 2.500000e+00
      vertex   2.836220e+01 2.811000e+01 2.500000e+00
    endloop
  endfacet
  facet normal 0.000000e+00 0.000000e+00 1.000000e+00
    outer loop
      vertex   2.836220e+01 2.811000e+01 2.500000e+00
      vertex   7.092071e+00 2.905980e+01 2.500000e+00
      vertex   2.646215e+01 2.811000e+01 2.500000e+00
    endloop
  endfacet
  facet normal 0.000000e+00 0.000000e+00 1.000000e+00
    outer loop
      vertex   2.836220e+01 2.811000e+01 2.500000e+00
      vertex   2.646215e+01 2.811000e+01 2.500000e+00
      vertex   2.836220e+01 2.747000e+01 2.500000e+00
    endloop
  endfacet
  facet normal 0.000000e+00 0.000000e+00 1.000000e+00
    outer loop
      vertex   2.836220e+01 2.747000e+01 2.500000e+00
      vertex   2.646215e+01 2.811000e+01 2.500000e+00
      vertex   2.646215e+01 2.747000e+01 2.500000e+00
    endloop
  endfacet
  facet normal 0.000000e+00 0.000000e+00 1.000000e+00
    outer loop
      vertex   2.836220e+01 2.747000e+01 2.500000e+00
      vertex   2.646215e+01 2.747000e+01 2.500000e+00
      vertex   2.836220e+01 2.557000e+01 2.500000e+00
    endloop
  endfacet
  facet normal 0.000000e+00 0.000000e+00 1.000000e+00
    outer loop
      vertex   2.836220e+01 2.557000e+01 2.500000e+00
      vertex   2.646215e+01 2.747000e+01 2.500000e+00
      vertex   2.646215e+01 2.557000e+01 2.500000e+00
    endloop
  endfacet
  facet normal 0.000000e+00 0.000000e+00 1.000000e+00
    outer loop
      vertex   2.836220e+01 2.557000e+01 2.500000e+00
      vertex   2.646215e+01 2.557000e+01 2.500000e+00
      vertex   2.836220e+01 2.493000e+01 2.500000e+00
    endloop
  endfacet
  facet normal 0.000000e+00 0.000000e+00 1.000000e+00
    outer loop
      vertex   2.836220e+01 2.493000e+01 2.500000e+00
      vertex   2.646215e+01 2.557000e+01 2.500000e+00
      vertex   2.646215e+01 2.493000e+01 2.500000e+00
    endloop
  endfacet
  facet normal 0.000000e+00 0.000000e+00 1.000000e+00
    outer loop
      vertex   2.836220e+01 2.493000e+01 2.500000e+00
      vertex   2.646215e+01 2.493000e+01 2.500000e+00
      vertex   7.092071e+00 2.397970e+01 2.500000e+00
    endloop
  endfacet
  facet normal 0.000000e+00 0.000000e+00 1.000000e+00
    outer loop
      vertex   7.092071e+00 2.397970e+01 2.500000e+00
      vertex   2.646215e+01 2.493000e+01 2.500000e+00
      vertex   2.582220e+01 2.493000e+01 2.500000e+00
    endloop
  endfacet
  facet normal 0.000000e+00 0.000000e+00 1.000000e+00
    outer loop
      vertex   7.092071e+00 2.397970e+01 2.500000e+00
      vertex   2.582220e+01 2.493000e+01 2.500000e+00
      vertex   2.392215e+01 2.493000e+01 2.500000e+00
    endloop
  endfacet
  facet normal 0.000000e+00 0.000000e+00 1.000000e+00
    outer loop
      vertex   2.392215e+01 2.493000e+01 2.500000e+00
      vertex   2.582220e+01 2.493000e+01 2.500000e+00
      vertex   2.392215e+01 2.557000e+01 2.500000e+00
    endloop
  endfacet
  facet normal -0.000000e+00 0.000000e+00 1.000000e+00
    outer loop
      vertex   2.392215e+01 2.557000e+01 2.500000e+00
      vertex   2.582220e+01 2.493000e+01 2.500000e+00
      vertex   2.582220e+01 2.557000e+01 2.500000e+00
    endloop
  endfacet
  facet normal 0.000000e+00 0.000000e+00 1.000000e+00
    outer loop
      vertex   2.392215e+01 2.557000e+01 2.500000e+00
      vertex   2.582220e+01 2.557000e+01 2.500000e+00
      vertex   2.392215e+01 2.747000e+01 2.500000e+00
    endloop
  endfacet
  facet normal -0.000000e+00 0.000000e+00 1.000000e+00
    outer loop
      vertex   2.392215e+01 2.747000e+01 2.500000e+00
      vertex   2.582220e+01 2.557000e+01 2.500000e+00
      vertex   2.582220e+01 2.747000e+01 2.500000e+00
    endloop
  endfacet
  facet normal 0.000000e+00 0.000000e+00 1.000000e+00
    outer loop
      vertex   2.392215e+01 2.747000e+01 2.500000e+00
      vertex   2.582220e+01 2.747000e+01 2.500000e+00
      vertex   2.392215e+01 2.811000e+01 2.500000e+00
    endloop
  endfacet
  facet normal -0.000000e+00 0.000000e+00 1.000000e+00
    outer loop
      vertex   2.392215e+01 2.811000e+01 2.500000e+00
      vertex   2.582220e+01 2.747000e+01 2.500000e+00
      vertex   2.582220e+01 2.811000e+01 2.500000e+00
    endloop
  endfacet
  facet normal 0.000000e+00 -0.000000e+00 1.000000e+00
    outer loop
      vertex   2.392215e+01 2.811000e+01 2.500000e+00
      vertex   2.582220e+01 2.811000e+01 2.500000e+00
      vertex   7.092071e+00 2.905980e+01 2.500000e+00
    endloop
  endfacet
  facet normal 0.000000e+00 0.000000e+00 1.000000e+00
    outer loop
      vertex   7.092071e+00 2.905980e+01 2.500000e+00
      vertex   2.582220e+01 2.811000e+01 2.500000e+00
      vertex   2.646215e+01 2.811000e+01 2.500000e+00
    endloop
  endfacet
  facet normal 0.000000e+00 0.000000e+00 1.000000e+00
    outer loop
      vertex   2.900215e+01 2.747000e+01 2.500000e+00
      vertex   2.836220e+01 2.747000e+01 2.500000e+00
      vertex   2.900215e+01 2.557000e+01 2.500000e+00
    endloop
  endfacet
  facet normal 0.000000e+00 0.000000e+00 1.000000e+00
    outer loop
      vertex   2.900215e+01 2.557000e+01 2.500000e+00
      vertex   2.836220e+01 2.747000e+01 2.500000e+00
      vertex   2.836220e+01 2.557000e+01 2.500000e+00
    endloop
  endfacet
  facet normal 0.000000e+00 0.000000e+00 1.000000e+00
    outer loop
      vertex   2.646215e+01 2.747000e+01 2.500000e+00
      vertex   2.582220e+01 2.747000e+01 2.500000e+00
      vertex   2.646215e+01 2.557000e+01 2.500000e+00
    endloop
  endfacet
  facet normal 0.000000e+00 0.000000e+00 1.000000e+00
    outer loop
      vertex   2.646215e+01 2.557000e+01 2.500000e+00
      vertex   2.582220e+01 2.747000e+01 2.500000e+00
      vertex   2.582220e+01 2.557000e+01 2.500000e+00
    endloop
  endfacet
  facet normal 0.000000e+00 0.000000e+00 1.000000e+00
    outer loop
      vertex   2.392215e+01 2.811000e+01 2.500000e+00
      vertex   7.092071e+00 2.905980e+01 2.500000e+00
      vertex   2.328220e+01 2.811000e+01 2.500000e+00
    endloop
  endfacet
  facet normal 0.000000e+00 0.000000e+00 1.000000e+00
    outer loop
      vertex   2.328220e+01 2.811000e+01 2.500000e+00
      vertex   7.092071e+00 2.905980e+01 2.500000e+00
      vertex   2.138215e+01 2.811000e+01 2.500000e+00
    endloop
  endfacet
  facet normal 0.000000e+00 0.000000e+00 1.000000e+00
    outer loop
      vertex   2.328220e+01 2.811000e+01 2.500000e+00
      vertex   2.138215e+01 2.811000e+01 2.500000e+00
      vertex   2.328220e+01 2.747000e+01 2.500000e+00
    endloop
  endfacet
  facet normal 0.000000e+00 0.000000e+00 1.000000e+00
    outer loop
      vertex   2.328220e+01 2.747000e+01 2.500000e+00
      vertex   2.138215e+01 2.811000e+01 2.500000e+00
      vertex   2.138215e+01 2.747000e+01 2.500000e+00
    endloop
  endfacet
  facet normal 0.000000e+00 0.000000e+00 1.000000e+00
    outer loop
      vertex   2.328220e+01 2.747000e+01 2.500000e+00
      vertex   2.138215e+01 2.747000e+01 2.500000e+00
      vertex   2.328220e+01 2.557000e+01 2.500000e+00
    endloop
  endfacet
  facet normal 0.000000e+00 0.000000e+00 1.000000e+00
    outer loop
      vertex   2.328220e+01 2.557000e+01 2.500000e+00
      vertex   2.138215e+01 2.747000e+01 2.500000e+00
      vertex   2.138215e+01 2.557000e+01 2.500000e+00
    endloop
  endfacet
  facet normal 0.000000e+00 0.000000e+00 1.000000e+00
    outer loop
      vertex   2.328220e+01 2.557000e+01 2.500000e+00
      vertex   2.138215e+01 2.557000e+01 2.500000e+00
      vertex   2.328220e+01 2.493000e+01 2.500000e+00
    endloop
  endfacet
  facet normal 0.000000e+00 0.000000e+00 1.000000e+00
    outer loop
      vertex   2.328220e+01 2.493000e+01 2.500000e+00
      vertex   2.138215e+01 2.557000e+01 2.500000e+00
      vertex   2.138215e+01 2.493000e+01 2.500000e+00
    endloop
  endfacet
  facet normal 0.000000e+00 0.000000e+00 1.000000e+00
    outer loop
      vertex   2.328220e+01 2.493000e+01 2.500000e+00
      vertex   2.138215e+01 2.493000e+01 2.500000e+00
      vertex   7.092071e+00 2.397970e+01 2.500000e+00
    endloop
  endfacet
  facet normal 0.000000e+00 0.000000e+00 1.000000e+00
    outer loop
      vertex   7.092071e+00 2.397970e+01 2.500000e+00
      vertex   2.138215e+01 2.493000e+01 2.500000e+00
      vertex   2.074220e+01 2.493000e+01 2.500000e+00
    endloop
  endfacet
  facet normal 0.000000e+00 0.000000e+00 1.000000e+00
    outer loop
      vertex   7.092071e+00 2.397970e+01 2.500000e+00
      vertex   2.074220e+01 2.493000e+01 2.500000e+00
      vertex   1.884215e+01 2.493000e+01 2.500000e+00
    endloop
  endfacet
  facet normal 0.000000e+00 0.000000e+00 1.000000e+00
    outer loop
      vertex   1.884215e+01 2.493000e+01 2.500000e+00
      vertex   2.074220e+01 2.493000e+01 2.500000e+00
      vertex   1.884215e+01 2.557000e+01 2.500000e+00
    endloop
  endfacet
  facet normal -0.000000e+00 0.000000e+00 1.000000e+00
    outer loop
      vertex   1.884215e+01 2.557000e+01 2.500000e+00
      vertex   2.074220e+01 2.493000e+01 2.500000e+00
      vertex   2.074220e+01 2.557000e+01 2.500000e+00
    endloop
  endfacet
  facet normal 0.000000e+00 0.000000e+00 1.000000e+00
    outer loop
      vertex   1.884215e+01 2.557000e+01 2.500000e+00
      vertex   2.074220e+01 2.557000e+01 2.500000e+00
      vertex   1.884215e+01 2.747000e+01 2.500000e+00
    endloop
  endfacet
  facet normal -0.000000e+00 0.000000e+00 1.000000e+00
    outer loop
      vertex   1.884215e+01 2.747000e+01 2.500000e+00
      vertex   2.074220e+01 2.557000e+01 2.500000e+00
      vertex   2.074220e+01 2.747000e+01 2.500000e+00
    endloop
  endfacet
  facet normal 0.000000e+00 0.000000e+00 1.000000e+00
    outer loop
      vertex   1.884215e+01 2.747000e+01 2.500000e+00
      vertex   2.074220e+01 2.747000e+01 2.500000e+00
      vertex   1.884215e+01 2.811000e+01 2.500000e+00
    endloop
  endfacet
  facet normal -0.000000e+00 0.000000e+00 1.000000e+00
    outer loop
      vertex   1.884215e+01 2.811000e+01 2.500000e+00
      vertex   2.074220e+01 2.747000e+01 2.500000e+00
      vertex   2.074220e+01 2.811000e+01 2.500000e+00
    endloop
  endfacet
  facet normal 0.000000e+00 -0.000000e+00 1.000000e+00
    outer loop
      vertex   1.884215e+01 2.811000e+01 2.500000e+00
      vertex   2.074220e+01 2.811000e+01 2.500000e+00
      vertex   7.092071e+00 2.905980e+01 2.500000e+00
    endloop
  endfacet
  facet normal 0.000000e+00 0.000000e+00 1.000000e+00
    outer loop
      vertex   7.092071e+00 2.905980e+01 2.500000e+00
      vertex   2.074220e+01 2.811000e+01 2.500000e+00
      vertex   2.138215e+01 2.811000e+01 2.500000e+00
    endloop
  endfacet
  facet normal 0.000000e+00 0.000000e+00 1.000000e+00
    outer loop
      vertex   2.392215e+01 2.747000e+01 2.500000e+00
      vertex   2.328220e+01 2.747000e+01 2.500000e+00
      vertex   2.392215e+01 2.557000e+01 2.500000e+00
    endloop
  endfacet
  facet normal 0.000000e+00 0.000000e+00 1.000000e+00
    outer loop
      vertex   2.392215e+01 2.557000e+01 2.500000e+00
      vertex   2.328220e+01 2.747000e+01 2.500000e+00
      vertex   2.328220e+01 2.557000e+01 2.500000e+00
    endloop
  endfacet
  facet normal 0.000000e+00 0.000000e+00 1.000000e+00
    outer loop
      vertex   2.138215e+01 2.747000e+01 2.500000e+00
      vertex   2.074220e+01 2.747000e+01 2.500000e+00
      vertex   2.138215e+01 2.557000e+01 2.500000e+00
    endloop
  endfacet
  facet normal 0.000000e+00 0.000000e+00 1.000000e+00
    outer loop
      vertex   2.138215e+01 2.557000e+01 2.500000e+00
      vertex   2.074220e+01 2.747000e+01 2.500000e+00
      vertex   2.074220e+01 2.557000e+01 2.500000e+00
    endloop
  endfacet
  facet normal 0.000000e+00 0.000000e+00 1.000000e+00
    outer loop
      vertex   1.884215e+01 2.811000e+01 2.500000e+00
      vertex   7.092071e+00 2.905980e+01 2.500000e+00
      vertex   1.820220e+01 2.811000e+01 2.500000e+00
    endloop
  endfacet
  facet normal 0.000000e+00 0.000000e+00 1.000000e+00
    outer loop
      vertex   1.820220e+01 2.811000e+01 2.500000e+00
      vertex   7.092071e+00 2.905980e+01 2.500000e+00
      vertex   1.630215e+01 2.811000e+01 2.500000e+00
    endloop
  endfacet
  facet normal 0.000000e+00 0.000000e+00 1.000000e+00
    outer loop
      vertex   1.820220e+01 2.811000e+01 2.500000e+00
      vertex   1.630215e+01 2.811000e+01 2.500000e+00
      vertex   1.820220e+01 2.747000e+01 2.500000e+00
    endloop
  endfacet
  facet normal 0.000000e+00 0.000000e+00 1.000000e+00
    outer loop
      vertex   1.820220e+01 2.747000e+01 2.500000e+00
      vertex   1.630215e+01 2.811000e+01 2.500000e+00
      vertex   1.630215e+01 2.747000e+01 2.500000e+00
    endloop
  endfacet
  facet normal 0.000000e+00 0.000000e+00 1.000000e+00
    outer loop
      vertex   1.820220e+01 2.747000e+01 2.500000e+00
      vertex   1.630215e+01 2.747000e+01 2.500000e+00
      vertex   1.820220e+01 2.557000e+01 2.500000e+00
    endloop
  endfacet
  facet normal 0.000000e+00 0.000000e+00 1.000000e+00
    outer loop
      vertex   1.820220e+01 2.557000e+01 2.500000e+00
      vertex   1.630215e+01 2.747000e+01 2.500000e+00
      vertex   1.630215e+01 2.557000e+01 2.500000e+00
    endloop
  endfacet
  facet normal 0.000000e+00 0.000000e+00 1.000000e+00
    outer loop
      vertex   1.820220e+01 2.557000e+01 2.500000e+00
      vertex   1.630215e+01 2.557000e+01 2.500000e+00
      vertex   1.820220e+01 2.493000e+01 2.500000e+00
    endloop
  endfacet
  facet normal 0.000000e+00 0.000000e+00 1.000000e+00
    outer loop
      vertex   1.820220e+01 2.493000e+01 2.500000e+00
      vertex   1.630215e+01 2.557000e+01 2.500000e+00
      vertex   1.630215e+01 2.493000e+01 2.500000e+00
    endloop
  endfacet
  facet normal 0.000000e+00 0.000000e+00 1.000000e+00
    outer loop
      vertex   1.820220e+01 2.493000e+01 2.500000e+00
      vertex   1.630215e+01 2.493000e+01 2.500000e+00
      vertex   7.092071e+00 2.397970e+01 2.500000e+00
    endloop
  endfacet
  facet normal 0.000000e+00 0.000000e+00 1.000000e+00
    outer loop
      vertex   7.092071e+00 2.397970e+01 2.500000e+00
      vertex   1.630215e+01 2.493000e+01 2.500000e+00
      vertex   1.566220e+01 2.493000e+01 2.500000e+00
    endloop
  endfacet
  facet normal 0.000000e+00 0.000000e+00 1.000000e+00
    outer loop
      vertex   7.092071e+00 2.397970e+01 2.500000e+00
      vertex   1.566220e+01 2.493000e+01 2.500000e+00
      vertex   1.376215e+01 2.493000e+01 2.500000e+00
    endloop
  endfacet
  facet normal 0.000000e+00 0.000000e+00 1.000000e+00
    outer loop
      vertex   1.376215e+01 2.493000e+01 2.500000e+00
      vertex   1.566220e+01 2.493000e+01 2.500000e+00
      vertex   1.376215e+01 2.557000e+01 2.500000e+00
    endloop
  endfacet
  facet normal -0.000000e+00 0.000000e+00 1.000000e+00
    outer loop
      vertex   1.376215e+01 2.557000e+01 2.500000e+00
      vertex   1.566220e+01 2.493000e+01 2.500000e+00
      vertex   1.566220e+01 2.557000e+01 2.500000e+00
    endloop
  endfacet
  facet normal 0.000000e+00 0.000000e+00 1.000000e+00
    outer loop
      vertex   1.376215e+01 2.557000e+01 2.500000e+00
      vertex   1.566220e+01 2.557000e+01 2.500000e+00
      vertex   1.376215e+01 2.747000e+01 2.500000e+00
    endloop
  endfacet
  facet normal -0.000000e+00 0.000000e+00 1.000000e+00
    outer loop
      vertex   1.376215e+01 2.747000e+01 2.500000e+00
      vertex   1.566220e+01 2.557000e+01 2.500000e+00
      vertex   1.566220e+01 2.747000e+01 2.500000e+00
    endloop
  endfacet
  facet normal 0.000000e+00 0.000000e+00 1.000000e+00
    outer loop
      vertex   1.376215e+01 2.747000e+01 2.500000e+00
      vertex   1.566220e+01 2.747000e+01 2.500000e+00
      vertex   1.376215e+01 2.811000e+01 2.500000e+00
    endloop
  endfacet
  facet normal -0.000000e+00 0.000000e+00 1.000000e+00
    outer loop
      vertex   1.376215e+01 2.811000e+01 2.500000e+00
      vertex   1.566220e+01 2.747000e+01 2.500000e+00
      vertex   1.566220e+01 2.811000e+01 2.500000e+00
    endloop
  endfacet
  facet normal 0.000000e+00 -0.000000e+00 1.000000e+00
    outer loop
      vertex   1.376215e+01 2.811000e+01 2.500000e+00
      vertex   1.566220e+01 2.811000e+01 2.500000e+00
      vertex   7.092071e+00 2.905980e+01 2.500000e+00
    endloop
  endfacet
  facet normal 0.000000e+00 0.000000e+00 1.000000e+00
    outer loop
      vertex   7.092071e+00 2.905980e+01 2.500000e+00
      vertex   1.566220e+01 2.811000e+01 2.500000e+00
      vertex   1.630215e+01 2.811000e+01 2.500000e+00
    endloop
  endfacet
  facet normal 0.000000e+00 0.000000e+00 1.000000e+00
    outer loop
      vertex   1.884215e+01 2.747000e+01 2.500000e+00
      vertex   1.820220e+01 2.747000e+01 2.500000e+00
      vertex   1.884215e+01 2.557000e+01 2.500000e+00
    endloop
  endfacet
  facet normal 0.000000e+00 0.000000e+00 1.000000e+00
    outer loop
      vertex   1.884215e+01 2.557000e+01 2.500000e+00
      vertex   1.820220e+01 2.747000e+01 2.500000e+00
      vertex   1.820220e+01 2.557000e+01 2.500000e+00
    endloop
  endfacet
  facet normal 0.000000e+00 0.000000e+00 1.000000e+00
    outer loop
      vertex   1.630215e+01 2.747000e+01 2.500000e+00
      vertex   1.566220e+01 2.747000e+01 2.500000e+00
      vertex   1.630215e+01 2.557000e+01 2.500000e+00
    endloop
  endfacet
  facet normal 0.000000e+00 0.000000e+00 1.000000e+00
    outer loop
      vertex   1.630215e+01 2.557000e+01 2.500000e+00
      vertex   1.566220e+01 2.747000e+01 2.500000e+00
      vertex   1.566220e+01 2.557000e+01 2.500000e+00
    endloop
  endfacet
  facet normal 0.000000e+00 0.000000e+00 1.000000e+00
    outer loop
      vertex   1.376215e+01 2.811000e+01 2.500000e+00
      vertex   7.092071e+00 2.905980e+01 2.500000e+00
      vertex   1.312220e+01 2.811000e+01 2.500000e+00
    endloop
  endfacet
  facet normal 0.000000e+00 0.000000e+00 1.000000e+00
    outer loop
      vertex   1.312220e+01 2.811000e+01 2.500000e+00
      vertex   7.092071e+00 2.905980e+01 2.500000e+00
      vertex   1.122215e+01 2.811000e+01 2.500000e+00
    endloop
  endfacet
  facet normal 0.000000e+00 0.000000e+00 1.000000e+00
    outer loop
      vertex   1.312220e+01 2.811000e+01 2.500000e+00
      vertex   1.122215e+01 2.811000e+01 2.500000e+00
      vertex   1.312220e+01 2.747000e+01 2.500000e+00
    endloop
  endfacet
  facet normal 0.000000e+00 0.000000e+00 1.000000e+00
    outer loop
      vertex   1.312220e+01 2.747000e+01 2.500000e+00
      vertex   1.122215e+01 2.811000e+01 2.500000e+00
      vertex   1.122215e+01 2.747000e+01 2.500000e+00
    endloop
  endfacet
  facet normal 0.000000e+00 0.000000e+00 1.000000e+00
    outer loop
      vertex   1.312220e+01 2.747000e+01 2.500000e+00
      vertex   1.122215e+01 2.747000e+01 2.500000e+00
      vertex   1.312220e+01 2.557000e+01 2.500000e+00
    endloop
  endfacet
  facet normal 0.000000e+00 0.000000e+00 1.000000e+00
    outer loop
      vertex   1.312220e+01 2.557000e+01 2.500000e+00
      vertex   1.122215e+01 2.747000e+01 2.500000e+00
      vertex   1.122215e+01 2.557000e+01 2.500000e+00
    endloop
  endfacet
  facet normal 0.000000e+00 0.000000e+00 1.000000e+00
    outer loop
      vertex   1.312220e+01 2.557000e+01 2.500000e+00
      vertex   1.122215e+01 2.557000e+01 2.500000e+00
      vertex   1.312220e+01 2.493000e+01 2.500000e+00
    endloop
  endfacet
  facet normal 0.000000e+00 0.000000e+00 1.000000e+00
    outer loop
      vertex   1.312220e+01 2.493000e+01 2.500000e+00
      vertex   1.122215e+01 2.557000e+01 2.500000e+00
      vertex   1.122215e+01 2.493000e+01 2.500000e+00
    endloop
  endfacet
  facet normal 0.000000e+00 0.000000e+00 1.000000e+00
    outer loop
      vertex   1.312220e+01 2.493000e+01 2.500000e+00
      vertex   1.122215e+01 2.493000e+01 2.500000e+00
      vertex   7.092071e+00 2.397970e+01 2.500000e+00
    endloop
  endfacet
  facet normal 0.000000e+00 0.000000e+00 1.000000e+00
    outer loop
      vertex   7.092071e+00 2.397970e+01 2.500000e+00
      vertex   1.122215e+01 2.493000e+01 2.500000e+00
      vertex   1.058220e+01 2.493000e+01 2.500000e+00
    endloop
  endfacet
  facet normal 0.000000e+00 0.000000e+00 1.000000e+00
    outer loop
      vertex   7.092071e+00 2.397970e+01 2.500000e+00
      vertex   1.058220e+01 2.493000e+01 2.500000e+00
      vertex   8.682150e+00 2.493000e+01 2.500000e+00
    endloop
  endfacet
  facet normal 0.000000e+00 0.000000e+00 1.000000e+00
    outer loop
      vertex   8.682150e+00 2.493000e+01 2.500000e+00
      vertex   1.058220e+01 2.493000e+01 2.500000e+00
      vertex   8.682150e+00 2.557000e+01 2.500000e+00
    endloop
  endfacet
  facet normal -0.000000e+00 0.000000e+00 1.000000e+00
    outer loop
      vertex   8.682150e+00 2.557000e+01 2.500000e+00
      vertex   1.058220e+01 2.493000e+01 2.500000e+00
      vertex   1.058220e+01 2.557000e+01 2.500000e+00
    endloop
  endfacet
  facet normal 0.000000e+00 0.000000e+00 1.000000e+00
    outer loop
      vertex   8.682150e+00 2.557000e+01 2.500000e+00
      vertex   1.058220e+01 2.557000e+01 2.500000e+00
      vertex   8.682150e+00 2.747000e+01 2.500000e+00
    endloop
  endfacet
  facet normal -0.000000e+00 0.000000e+00 1.000000e+00
    outer loop
      vertex   8.682150e+00 2.747000e+01 2.500000e+00
      vertex   1.058220e+01 2.557000e+01 2.500000e+00
      vertex   1.058220e+01 2.747000e+01 2.500000e+00
    endloop
  endfacet
  facet normal 0.000000e+00 0.000000e+00 1.000000e+00
    outer loop
      vertex   8.682150e+00 2.747000e+01 2.500000e+00
      vertex   1.058220e+01 2.747000e+01 2.500000e+00
      vertex   8.682150e+00 2.811000e+01 2.500000e+00
    endloop
  endfacet
  facet normal -0.000000e+00 0.000000e+00 1.000000e+00
    outer loop
      vertex   8.682150e+00 2.811000e+01 2.500000e+00
      vertex   1.058220e+01 2.747000e+01 2.500000e+00
      vertex   1.058220e+01 2.811000e+01 2.500000e+00
    endloop
  endfacet
  facet normal 0.000000e+00 -0.000000e+00 1.000000e+00
    outer loop
      vertex   8.682150e+00 2.811000e+01 2.500000e+00
      vertex   1.058220e+01 2.811000e+01 2.500000e+00
      vertex   7.092071e+00 2.905980e+01 2.500000e+00
    endloop
  endfacet
  facet normal 0.000000e+00 0.000000e+00 1.000000e+00
    outer loop
      vertex   7.092071e+00 2.905980e+01 2.500000e+00
      vertex   1.058220e+01 2.811000e+01 2.500000e+00
      vertex   1.122215e+01 2.811000e+01 2.500000e+00
    endloop
  endfacet
  facet normal 0.000000e+00 0.000000e+00 1.000000e+00
    outer loop
      vertex   1.376215e+01 2.747000e+01 2.500000e+00
      vertex   1.312220e+01 2.747000e+01 2.500000e+00
      vertex   1.376215e+01 2.557000e+01 2.500000e+00
    endloop
  endfacet
  facet normal 0.000000e+00 0.000000e+00 1.000000e+00
    outer loop
      vertex   1.376215e+01 2.557000e+01 2.500000e+00
      vertex   1.312220e+01 2.747000e+01 2.500000e+00
      vertex   1.312220e+01 2.557000e+01 2.500000e+00
    endloop
  endfacet
  facet normal 0.000000e+00 0.000000e+00 1.000000e+00
    outer loop
      vertex   1.122215e+01 2.747000e+01 2.500000e+00
      vertex   1.058220e+01 2.747000e+01 2.500000e+00
      vertex   1.122215e+01 2.557000e+01 2.500000e+00
    endloop
  endfacet
  facet normal 0.000000e+00 0.000000e+00 1.000000e+00
    outer loop
      vertex   1.122215e+01 2.557000e+01 2.500000e+00
      vertex   1.058220e+01 2.747000e+01 2.500000e+00
      vertex   1.058220e+01 2.557000e+01 2.500000e+00
    endloop
  endfacet
  facet normal 0.000000e+00 -0.000000e+00 1.000000e+00
    outer loop
      vertex   8.042200e+00 2.747000e+01 2.500000e+00
      vertex   8.042200e+00 2.811000e+01 2.500000e+00
      vertex   7.092071e+00 2.905980e+01 2.500000e+00
    endloop
  endfacet
  facet normal 0.000000e+00 0.000000e+00 1.000000e+00
    outer loop
      vertex   7.092071e+00 2.905980e+01 2.500000e+00
      vertex   8.042200e+00 2.811000e+01 2.500000e+00
      vertex   8.682150e+00 2.811000e+01 2.500000e+00
    endloop
  endfacet
  facet normal 0.000000e+00 0.000000e+00 1.000000e+00
    outer loop
      vertex   8.682150e+00 2.747000e+01 2.500000e+00
      vertex   8.042200e+00 2.747000e+01 2.500000e+00
      vertex   8.682150e+00 2.557000e+01 2.500000e+00
    endloop
  endfacet
  facet normal 0.000000e+00 0.000000e+00 1.000000e+00
    outer loop
      vertex   8.682150e+00 2.557000e+01 2.500000e+00
      vertex   8.042200e+00 2.747000e+01 2.500000e+00
      vertex   8.042200e+00 2.557000e+01 2.500000e+00
    endloop
  endfacet
  facet normal 0.000000e+00 -0.000000e+00 1.000000e+00
    outer loop
      vertex   8.042200e+00 2.557000e+01 2.500000e+00
      vertex   8.042200e+00 2.747000e+01 2.500000e+00
      vertex   7.092071e+00 2.905980e+01 2.500000e+00
    endloop
  endfacet
  facet normal 0.000000e+00 0.000000e+00 1.000000e+00
    outer loop
      vertex   8.042200e+00 2.557000e+01 2.500000e+00
      vertex   7.092071e+00 2.905980e+01 2.500000e+00
      vertex   7.092071e+00 2.397970e+01 2.500000e+00
    endloop
  endfacet
  facet normal 0.000000e+00 0.000000e+00 1.000000e+00
    outer loop
      vertex   5.186215e+01 2.493000e+01 2.500000e+00
      vertex   5.122220e+01 2.493000e+01 2.500000e+00
      vertex   5.789173e+01 2.397970e+01 2.500000e+00
    endloop
  endfacet
  facet normal 0.000000e+00 0.000000e+00 1.000000e+00
    outer loop
      vertex   4.678215e+01 2.493000e+01 2.500000e+00
      vertex   4.614220e+01 2.493000e+01 2.500000e+00
      vertex   5.789173e+01 2.397970e+01 2.500000e+00
    endloop
  endfacet
  facet normal 0.000000e+00 0.000000e+00 1.000000e+00
    outer loop
      vertex   4.170215e+01 2.493000e+01 2.500000e+00
      vertex   4.106220e+01 2.493000e+01 2.500000e+00
      vertex   5.789173e+01 2.397970e+01 2.500000e+00
    endloop
  endfacet
  facet normal 0.000000e+00 0.000000e+00 1.000000e+00
    outer loop
      vertex   3.662215e+01 2.493000e+01 2.500000e+00
      vertex   3.598220e+01 2.493000e+01 2.500000e+00
      vertex   5.789173e+01 2.397970e+01 2.500000e+00
    endloop
  endfacet
  facet normal 0.000000e+00 0.000000e+00 1.000000e+00
    outer loop
      vertex   2.900215e+01 2.493000e+01 2.500000e+00
      vertex   2.836220e+01 2.493000e+01 2.500000e+00
      vertex   7.092071e+00 2.397970e+01 2.500000e+00
    endloop
  endfacet
  facet normal 0.000000e+00 0.000000e+00 1.000000e+00
    outer loop
      vertex   2.392215e+01 2.493000e+01 2.500000e+00
      vertex   2.328220e+01 2.493000e+01 2.500000e+00
      vertex   7.092071e+00 2.397970e+01 2.500000e+00
    endloop
  endfacet
  facet normal 0.000000e+00 0.000000e+00 1.000000e+00
    outer loop
      vertex   1.884215e+01 2.493000e+01 2.500000e+00
      vertex   1.820220e+01 2.493000e+01 2.500000e+00
      vertex   7.092071e+00 2.397970e+01 2.500000e+00
    endloop
  endfacet
  facet normal 0.000000e+00 0.000000e+00 1.000000e+00
    outer loop
      vertex   1.376215e+01 2.493000e+01 2.500000e+00
      vertex   1.312220e+01 2.493000e+01 2.500000e+00
      vertex   7.092071e+00 2.397970e+01 2.500000e+00
    endloop
  endfacet
  facet normal 0.000000e+00 0.000000e+00 1.000000e+00
    outer loop
      vertex   8.682150e+00 2.493000e+01 2.500000e+00
      vertex   8.042200e+00 2.493000e+01 2.500000e+00
      vertex   7.092071e+00 2.397970e+01 2.500000e+00
    endloop
  endfacet
  facet normal 0.000000e+00 0.000000e+00 1.000000e+00
    outer loop
      vertex   7.092071e+00 2.397970e+01 2.500000e+00
      vertex   8.042200e+00 2.493000e+01 2.500000e+00
      vertex   8.042200e+00 2.557000e+01 2.500000e+00
    endloop
  endfacet
  facet normal 0.000000e+00 0.000000e+00 1.000000e+00
    outer loop
      vertex   5.789173e+01 2.905980e+01 2.500000e+00
      vertex   7.092071e+00 2.905980e+01 2.500000e+00
      vertex   3.154215e+01 2.811000e+01 2.500000e+00
    endloop
  endfacet
  facet normal 0.000000e+00 0.000000e+00 -1.000000e+00
    outer loop
      vertex   -2.016852e+00 2.239163e+01 5.000000e-01
      vertex   1.700000e+00 2.239163e+01 5.000000e-01
      vertex   -2.016852e+00 1.140000e+01 5.000000e-01
    endloop
  endfacet
  facet normal 0.000000e+00 0.000000e+00 -1.000000e+00
    outer loop
      vertex   -2.016852e+00 1.140000e+01 5.000000e-01
      vertex   1.700000e+00 2.239163e+01 5.000000e-01
      vertex   1.700000e+00 1.140000e+01 5.000000e-01
    endloop
  endfacet
  facet normal 0.000000e+00 1.000000e+00 -0.000000e+00
    outer loop
      vertex   1.700000e+00 2.239163e+01 5.000000e-01
      vertex   -2.016852e+00 2.239163e+01 5.000000e-01
      vertex   1.700000e+00 2.239163e+01 1.500000e+00
    endloop
  endfacet
  facet normal 0.000000e+00 1.000000e+00 0.000000e+00
    outer loop
      vertex   1.700000e+00 2.239163e+01 1.500000e+00
      vertex   -2.016852e+00 2.239163e+01 5.000000e-01
      vertex   -2.016852e+00 2.239163e+01 1.500000e+00
    endloop
  endfacet
  facet normal -1.000000e+00 0.000000e+00 0.000000e+00
    outer loop
      vertex   -2.016852e+00 2.239163e+01 5.000000e-01
      vertex   -2.016852e+00 1.140000e+01 5.000000e-01
      vertex   -2.016852e+00 2.239163e+01 1.500000e+00
    endloop
  endfacet
  facet normal -1.000000e+00 -0.000000e+00 0.000000e+00
    outer loop
      vertex   -2.016852e+00 2.239163e+01 1.500000e+00
      vertex   -2.016852e+00 1.140000e+01 5.000000e-01
      vertex   -2.016852e+00 1.140000e+01 1.500000e+00
    endloop
  endfacet
  facet normal 0.000000e+00 -1.000000e+00 0.000000e+00
    outer loop
      vertex   -2.016852e+00 1.140000e+01 5.000000e-01
      vertex   1.700000e+00 1.140000e+01 5.000000e-01
      vertex   -2.016852e+00 1.140000e+01 1.500000e+00
    endloop
  endfacet
  facet normal 0.000000e+00 -1.000000e+00 0.000000e+00
    outer loop
      vertex   -2.016852e+00 1.140000e+01 1.500000e+00
      vertex   1.700000e+00 1.140000e+01 5.000000e-01
      vertex   1.700000e+00 1.140000e+01 1.500000e+00
    endloop
  endfacet
  facet normal 0.000000e+00 0.000000e+00 1.000000e+00
    outer loop
      vertex   -2.016852e+00 1.140000e+01 1.500000e+00
      vertex   1.700000e+00 1.140000e+01 1.500000e+00
      vertex   -2.016852e+00 2.239163e+01 1.500000e+00
    endloop
  endfacet
  facet normal -0.000000e+00 0.000000e+00 1.000000e+00
    outer loop
      vertex   -2.016852e+00 2.239163e+01 1.500000e+00
      vertex   1.700000e+00 1.140000e+01 1.500000e+00
      vertex   1.700000e+00 2.239163e+01 1.500000e+00
    endloop
  endfacet
  facet normal -1.000000e+00 0.000000e+00 0.000000e+00
    outer loop
      vertex   1.700000e+00 2.239163e+01 1.500000e+00
      vertex   1.700000e+00 2.281071e+01 1.550000e+00
      vertex   1.700000e+00 2.239163e+01 5.000000e-01
    endloop
  endfacet
  facet normal -1.000000e+00 0.000000e+00 0.000000e+00
    outer loop
      vertex   1.700000e+00 2.239163e+01 5.000000e-01
      vertex   1.700000e+00 2.281071e+01 1.550000e+00
      vertex   1.700000e+00 2.281071e+01 0.000000e+00
    endloop
  endfacet
  facet normal -1.000000e+00 -0.000000e+00 -0.000000e+00
    outer loop
      vertex   1.700000e+00 2.239163e+01 5.000000e-01
      vertex   1.700000e+00 2.281071e+01 0.000000e+00
      vertex   1.700000e+00 1.140000e+01 5.000000e-01
    endloop
  endfacet
  facet normal -1.000000e+00 0.000000e+00 -0.000000e+00
    outer loop
      vertex   1.700000e+00 1.140000e+01 5.000000e-01
      vertex   1.700000e+00 2.281071e+01 0.000000e+00
      vertex   1.700000e+00 1.086000e+01 0.000000e+00
    endloop
  endfacet
  facet normal -1.000000e+00 -0.000000e+00 0.000000e+00
    outer loop
      vertex   1.700000e+00 1.140000e+01 5.000000e-01
      vertex   1.700000e+00 1.086000e+01 0.000000e+00
      vertex   1.700000e+00 1.086000e+01 1.550000e+00
    endloop
  endfacet
  facet normal -1.000000e+00 0.000000e+00 0.000000e+00
    outer loop
      vertex   1.700000e+00 2.239163e+01 1.500000e+00
      vertex   1.700000e+00 1.140000e+01 1.500000e+00
      vertex   1.700000e+00 2.281071e+01 1.550000e+00
    endloop
  endfacet
  facet normal -1.000000e+00 -0.000000e+00 0.000000e+00
    outer loop
      vertex   1.700000e+00 2.281071e+01 1.550000e+00
      vertex   1.700000e+00 1.140000e+01 1.500000e+00
      vertex   1.700000e+00 1.086000e+01 1.550000e+00
    endloop
  endfacet
  facet normal -1.000000e+00 0.000000e+00 0.000000e+00
    outer loop
      vertex   1.700000e+00 1.086000e+01 1.550000e+00
      vertex   1.700000e+00 1.140000e+01 1.500000e+00
      vertex   1.700000e+00 1.140000e+01 5.000000e-01
    endloop
  endfacet
  facet normal 0.000000e+00 1.000000e+00 -0.000000e+00
    outer loop
      vertex   1.310245e+01 2.281071e+01 0.000000e+00
      vertex   1.700000e+00 2.281071e+01 0.000000e+00
      vertex   1.310245e+01 2.281071e+01 1.550000e+00
    endloop
  endfacet
  facet normal 0.000000e+00 1.000000e+00 0.000000e+00
    outer loop
      vertex   1.310245e+01 2.281071e+01 1.550000e+00
      vertex   1.700000e+00 2.281071e+01 0.000000e+00
      vertex   1.700000e+00 2.281071e+01 1.550000e+00
    endloop
  endfacet
  facet normal 1.000000e+00 0.000000e+00 0.000000e+00
    outer loop
      vertex   1.310245e+01 1.086000e+01 0.000000e+00
      vertex   1.310245e+01 2.281071e+01 0.000000e+00
      vertex   1.310245e+01 1.086000e+01 1.550000e+00
    endloop
  endfacet
  facet normal 1.000000e+00 -0.000000e+00 0.000000e+00
    outer loop
      vertex   1.310245e+01 1.086000e+01 1.550000e+00
      vertex   1.310245e+01 2.281071e+01 0.000000e+00
      vertex   1.310245e+01 2.281071e+01 1.550000e+00
    endloop
  endfacet
  facet normal 0.000000e+00 -1.000000e+00 0.000000e+00
    outer loop
      vertex   1.700000e+00 1.086000e+01 0.000000e+00
      vertex   1.310245e+01 1.086000e+01 0.000000e+00
      vertex   1.700000e+00 1.086000e+01 1.550000e+00
    endloop
  endfacet
  facet normal 0.000000e+00 -1.000000e+00 0.000000e+00
    outer loop
      vertex   1.700000e+00 1.086000e+01 1.550000e+00
      vertex   1.310245e+01 1.086000e+01 0.000000e+00
      vertex   1.310245e+01 1.086000e+01 1.550000e+00
    endloop
  endfacet
  facet normal 0.000000e+00 0.000000e+00 1.000000e+00
    outer loop
      vertex   1.700000e+00 1.086000e+01 1.550000e+00
      vertex   1.310245e+01 1.086000e+01 1.550000e+00
      vertex   1.700000e+00 2.281071e+01 1.550000e+00
    endloop
  endfacet
  facet normal -0.000000e+00 0.000000e+00 1.000000e+00
    outer loop
      vertex   1.700000e+00 2.281071e+01 1.550000e+00
      vertex   1.310245e+01 1.086000e+01 1.550000e+00
      vertex   1.310245e+01 2.281071e+01 1.550000e+00
    endloop
  endfacet
  facet normal 0.000000e+00 1.000000e+00 -0.000000e+00
    outer loop
      vertex   1.798000e+01 7.310000e+00 0.000000e+00
      vertex   6.780000e+00 7.310000e+00 0.000000e+00
      vertex   1.798000e+01 7.310000e+00 3.400000e+00
    endloop
  endfacet
  facet normal 0.000000e+00 1.000000e+00 0.000000e+00
    outer loop
      vertex   1.798000e+01 7.310000e+00 3.400000e+00
      vertex   6.780000e+00 7.310000e+00 0.000000e+00
      vertex   6.780000e+00 7.310000e+00 3.400000e+00
    endloop
  endfacet
  facet normal 1.000000e+00 0.000000e+00 0.000000e+00
    outer loop
      vertex   1.798000e+01 -2.887500e-01 0.000000e+00
      vertex   1.798000e+01 0.000000e+00 0.000000e+00
      vertex   1.798000e+01 -2.887500e-01 3.400000e+00
    endloop
  endfacet
  facet normal 1.000000e+00 -0.000000e+00 0.000000e+00
    outer loop
      vertex   1.798000e+01 -2.887500e-01 3.400000e+00
      vertex   1.798000e+01 0.000000e+00 0.000000e+00
      vertex   1.798000e+01 7.310000e+00 3.400000e+00
    endloop
  endfacet
  facet normal 1.000000e+00 0.000000e+00 0.000000e+00
    outer loop
      vertex   1.798000e+01 7.310000e+00 3.400000e+00
      vertex   1.798000e+01 0.000000e+00 0.000000e+00
      vertex   1.798000e+01 7.310000e+00 0.000000e+00
    endloop
  endfacet
  facet normal 0.000000e+00 -1.000000e+00 0.000000e+00
    outer loop
      vertex   6.780000e+00 -2.887500e-01 0.000000e+00
      vertex   1.798000e+01 -2.887500e-01 0.000000e+00
      vertex   6.780000e+00 -2.887500e-01 3.400000e+00
    endloop
  endfacet
  facet normal 0.000000e+00 -1.000000e+00 0.000000e+00
    outer loop
      vertex   6.780000e+00 -2.887500e-01 3.400000e+00
      vertex   1.798000e+01 -2.887500e-01 0.000000e+00
      vertex   1.798000e+01 -2.887500e-01 3.400000e+00
    endloop
  endfacet
  facet normal -1.000000e+00 0.000000e+00 0.000000e+00
    outer loop
      vertex   6.780000e+00 7.310000e+00 0.000000e+00
      vertex   6.780000e+00 0.000000e+00 0.000000e+00
      vertex   6.780000e+00 7.310000e+00 3.400000e+00
    endloop
  endfacet
  facet normal -1.000000e+00 -0.000000e+00 0.000000e+00
    outer loop
      vertex   6.780000e+00 7.310000e+00 3.400000e+00
      vertex   6.780000e+00 0.000000e+00 0.000000e+00
      vertex   6.780000e+00 -2.887500e-01 3.400000e+00
    endloop
  endfacet
  facet normal -1.000000e+00 0.000000e+00 0.000000e+00
    outer loop
      vertex   6.780000e+00 -2.887500e-01 3.400000e+00
      vertex   6.780000e+00 0.000000e+00 0.000000e+00
      vertex   6.780000e+00 -2.887500e-01 0.000000e+00
    endloop
  endfacet
  facet normal 0.000000e+00 0.000000e+00 1.000000e+00
    outer loop
      vertex   6.780000e+00 -2.887500e-01 3.400000e+00
      vertex   1.798000e+01 -2.887500e-01 3.400000e+00
      vertex   6.780000e+00 7.310000e+00 3.400000e+00
    endloop
  endfacet
  facet normal -0.000000e+00 0.000000e+00 1.000000e+00
    outer loop
      vertex   6.780000e+00 7.310000e+00 3.400000e+00
      vertex   1.798000e+01 -2.887500e-01 3.400000e+00
      vertex   1.798000e+01 7.310000e+00 3.400000e+00
    endloop
  endfacet
  facet normal 0.000000e+00 0.000000e+00 -1.000000e+00
    outer loop
      vertex   6.780000e+00 0.000000e+00 0.000000e+00
      vertex   1.798000e+01 0.000000e+00 0.000000e+00
      vertex   6.780000e+00 -2.887500e-01 0.000000e+00
    endloop
  endfacet
  facet normal 0.000000e+00 0.000000e+00 -1.000000e+00
    outer loop
      vertex   6.780000e+00 -2.887500e-01 0.000000e+00
      vertex   1.798000e+01 0.000000e+00 0.000000e+00
      vertex   1.798000e+01 -2.887500e-01 0.000000e+00
    endloop
  endfacet
  facet normal 0.000000e+00 1.000000e+00 -0.000000e+00
    outer loop
      vertex   4.562272e+01 4.464039e+00 0.000000e+00
      vertex   3.762277e+01 4.464039e+00 0.000000e+00
      vertex   4.562272e+01 4.464039e+00 3.000000e+00
    endloop
  endfacet
  facet normal 0.000000e+00 1.000000e+00 0.000000e+00
    outer loop
      vertex   4.562272e+01 4.464039e+00 3.000000e+00
      vertex   3.762277e+01 4.464039e+00 0.000000e+00
      vertex   3.762277e+01 4.464039e+00 3.000000e+00
    endloop
  endfacet
  facet normal 1.000000e+00 0.000000e+00 0.000000e+00
    outer loop
      vertex   4.562272e+01 -1.259164e+00 0.000000e+00
      vertex   4.562272e+01 0.000000e+00 0.000000e+00
      vertex   4.562272e+01 -1.259164e+00 3.000000e+00
    endloop
  endfacet
  facet normal 1.000000e+00 -0.000000e+00 0.000000e+00
    outer loop
      vertex   4.562272e+01 -1.259164e+00 3.000000e+00
      vertex   4.562272e+01 0.000000e+00 0.000000e+00
      vertex   4.562272e+01 4.464039e+00 3.000000e+00
    endloop
  endfacet
  facet normal 1.000000e+00 0.000000e+00 0.000000e+00
    outer loop
      vertex   4.562272e+01 4.464039e+00 3.000000e+00
      vertex   4.562272e+01 0.000000e+00 0.000000e+00
      vertex   4.562272e+01 4.464039e+00 0.000000e+00
    endloop
  endfacet
  facet normal 0.000000e+00 -1.000000e+00 0.000000e+00
    outer loop
      vertex   3.762277e+01 -1.259164e+00 0.000000e+00
      vertex   4.562272e+01 -1.259164e+00 0.000000e+00
      vertex   3.762277e+01 -1.259164e+00 3.000000e+00
    endloop
  endfacet
  facet normal 0.000000e+00 -1.000000e+00 0.000000e+00
    outer loop
      vertex   3.762277e+01 -1.259164e+00 3.000000e+00
      vertex   4.562272e+01 -1.259164e+00 0.000000e+00
      vertex   4.562272e+01 -1.259164e+00 3.000000e+00
    endloop
  endfacet
  facet normal -1.000000e+00 0.000000e+00 0.000000e+00
    outer loop
      vertex   3.762277e+01 4.464039e+00 0.000000e+00
      vertex   3.762277e+01 0.000000e+00 0.000000e+00
      vertex   3.762277e+01 4.464039e+00 3.000000e+00
    endloop
  endfacet
  facet normal -1.000000e+00 -0.000000e+00 0.000000e+00
    outer loop
      vertex   3.762277e+01 4.464039e+00 3.000000e+00
      vertex   3.762277e+01 0.000000e+00 0.000000e+00
      vertex   3.762277e+01 -1.259164e+00 3.000000e+00
    endloop
  endfacet
  facet normal -1.000000e+00 0.000000e+00 0.000000e+00
    outer loop
      vertex   3.762277e+01 -1.259164e+00 3.000000e+00
      vertex   3.762277e+01 0.000000e+00 0.000000e+00
      vertex   3.762277e+01 -1.259164e+00 0.000000e+00
    endloop
  endfacet
  facet normal 0.000000e+00 0.000000e+00 1.000000e+00
    outer loop
      vertex   3.762277e+01 -1.259164e+00 3.000000e+00
      vertex   4.562272e+01 -1.259164e+00 3.000000e+00
      vertex   3.762277e+01 4.464039e+00 3.000000e+00
    endloop
  endfacet
  facet normal -0.000000e+00 0.000000e+00 1.000000e+00
    outer loop
      vertex   3.762277e+01 4.464039e+00 3.000000e+00
      vertex   4.562272e+01 -1.259164e+00 3.000000e+00
      vertex   4.562272e+01 4.464039e+00 3.000000e+00
    endloop
  endfacet
  facet normal 0.000000e+00 0.000000e+00 -1.000000e+00
    outer loop
      vertex   3.762277e+01 0.000000e+00 0.000000e+00
      vertex   4.562272e+01 0.000000e+00 0.000000e+00
      vertex   3.762277e+01 -1.259164e+00 0.000000e+00
    endloop
  endfacet
  facet normal 0.000000e+00 0.000000e+00 -1.000000e+00
    outer loop
      vertex   3.762277e+01 -1.259164e+00 0.000000e+00
      vertex   4.562272e+01 0.000000e+00 0.000000e+00
      vertex   4.562272e+01 -1.259164e+00 0.000000e+00
    endloop
  endfacet
  facet normal 0.000000e+00 1.000000e+00 -0.000000e+00
    outer loop
      vertex   5.787272e+01 4.464039e+00 0.000000e+00
      vertex   4.987277e+01 4.464039e+00 0.000000e+00
      vertex   5.787272e+01 4.464039e+00 3.000000e+00
    endloop
  endfacet
  facet normal 0.000000e+00 1.000000e+00 0.000000e+00
    outer loop
      vertex   5.787272e+01 4.464039e+00 3.000000e+00
      vertex   4.987277e+01 4.464039e+00 0.000000e+00
      vertex   4.987277e+01 4.464039e+00 3.000000e+00
    endloop
  endfacet
  facet normal 1.000000e+00 0.000000e+00 0.000000e+00
    outer loop
      vertex   5.787272e+01 -1.259164e+00 0.000000e+00
      vertex   5.787272e+01 0.000000e+00 0.000000e+00
      vertex   5.787272e+01 -1.259164e+00 3.000000e+00
    endloop
  endfacet
  facet normal 1.000000e+00 -0.000000e+00 0.000000e+00
    outer loop
      vertex   5.787272e+01 -1.259164e+00 3.000000e+00
      vertex   5.787272e+01 0.000000e+00 0.000000e+00
      vertex   5.787272e+01 4.464039e+00 3.000000e+00
    endloop
  endfacet
  facet normal 1.000000e+00 0.000000e+00 0.000000e+00
    outer loop
      vertex   5.787272e+01 4.464039e+00 3.000000e+00
      vertex   5.787272e+01 0.000000e+00 0.000000e+00
      vertex   5.787272e+01 4.464039e+00 0.000000e+00
    endloop
  endfacet
  facet normal 0.000000e+00 -1.000000e+00 0.000000e+00
    outer loop
      vertex   4.987277e+01 -1.259164e+00 0.000000e+00
      vertex   5.787272e+01 -1.259164e+00 0.000000e+00
      vertex   4.987277e+01 -1.259164e+00 3.000000e+00
    endloop
  endfacet
  facet normal 0.000000e+00 -1.000000e+00 0.000000e+00
    outer loop
      vertex   4.987277e+01 -1.259164e+00 3.000000e+00
      vertex   5.787272e+01 -1.259164e+00 0.000000e+00
      vertex   5.787272e+01 -1.259164e+00 3.000000e+00
    endloop
  endfacet
  facet normal -1.000000e+00 0.000000e+00 0.000000e+00
    outer loop
      vertex   4.987277e+01 4.464039e+00 0.000000e+00
      vertex   4.987277e+01 0.000000e+00 0.000000e+00
      vertex   4.987277e+01 4.464039e+00 3.000000e+00
    endloop
  endfacet
  facet normal -1.000000e+00 -0.000000e+00 0.000000e+00
    outer loop
      vertex   4.987277e+01 4.464039e+00 3.000000e+00
      vertex   4.987277e+01 0.000000e+00 0.000000e+00
      vertex   4.987277e+01 -1.259164e+00 3.000000e+00
    endloop
  endfacet
  facet normal -1.000000e+00 0.000000e+00 0.000000e+00
    outer loop
      vertex   4.987277e+01 -1.259164e+00 3.000000e+00
      vertex   4.987277e+01 0.000000e+00 0.000000e+00
      vertex   4.987277e+01 -1.259164e+00 0.000000e+00
    endloop
  endfacet
  facet normal 0.000000e+00 0.000000e+00 1.000000e+00
    outer loop
      vertex   4.987277e+01 -1.259164e+00 3.000000e+00
      vertex   5.787272e+01 -1.259164e+00 3.000000e+00
      vertex   4.987277e+01 4.464039e+00 3.000000e+00
    endloop
  endfacet
  facet normal -0.000000e+00 0.000000e+00 1.000000e+00
    outer loop
      vertex   4.987277e+01 4.464039e+00 3.000000e+00
      vertex   5.787272e+01 -1.259164e+00 3.000000e+00
      vertex   5.787272e+01 4.464039e+00 3.000000e+00
    endloop
  endfacet
  facet normal 0.000000e+00 0.000000e+00 -1.000000e+00
    outer loop
      vertex   4.987277e+01 0.000000e+00 0.000000e+00
      vertex   5.787272e+01 0.000000e+00 0.000000e+00
      vertex   4.987277e+01 -1.259164e+00 0.000000e+00
    endloop
  endfacet
  facet normal 0.000000e+00 0.000000e+00 -1.000000e+00
    outer loop
      vertex   4.987277e+01 -1.259164e+00 0.000000e+00
      vertex   5.787272e+01 0.000000e+00 0.000000e+00
      vertex   5.787272e+01 -1.259164e+00 0.000000e+00
    endloop
  endfacet
  facet normal 0.000000e+00 1.000000e+00 -0.000000e+00
    outer loop
      vertex   6.600000e+01 2.350000e+01 0.000000e+00
      vertex   6.500000e+01 2.350000e+01 0.000000e+00
      vertex   6.600000e+01 2.350000e+01 1.000000e+00
    endloop
  endfacet
  facet normal 0.000000e+00 1.000000e+00 0.000000e+00
    outer loop
      vertex   6.600000e+01 2.350000e+01 1.000000e+00
      vertex   6.500000e+01 2.350000e+01 0.000000e+00
      vertex   6.200000e+01 2.350000e+01 1.000000e+00
    endloop
  endfacet
  facet normal 0.000000e+00 1.000000e+00 0.000000e+00
    outer loop
      vertex   6.200000e+01 2.350000e+01 1.000000e+00
      vertex   6.500000e+01 2.350000e+01 0.000000e+00
      vertex   6.200000e+01 2.350000e+01 0.000000e+00
    endloop
  endfacet
  facet normal 1.000000e+00 0.000000e+00 0.000000e+00
    outer loop
      vertex   6.600000e+01 6.500000e+00 0.000000e+00
      vertex   6.600000e+01 2.350000e+01 0.000000e+00
      vertex   6.600000e+01 6.500000e+00 1.000000e+00
    endloop
  endfacet
  facet normal 1.000000e+00 -0.000000e+00 0.000000e+00
    outer loop
      vertex   6.600000e+01 6.500000e+00 1.000000e+00
      vertex   6.600000e+01 2.350000e+01 0.000000e+00
      vertex   6.600000e+01 2.350000e+01 1.000000e+00
    endloop
  endfacet
  facet normal 0.000000e+00 -1.000000e+00 0.000000e+00
    outer loop
      vertex   6.200000e+01 6.500000e+00 0.000000e+00
      vertex   6.500000e+01 6.500000e+00 0.000000e+00
      vertex   6.200000e+01 6.500000e+00 1.000000e+00
    endloop
  endfacet
  facet normal 0.000000e+00 -1.000000e+00 0.000000e+00
    outer loop
      vertex   6.200000e+01 6.500000e+00 1.000000e+00
      vertex   6.500000e+01 6.500000e+00 0.000000e+00
      vertex   6.600000e+01 6.500000e+00 1.000000e+00
    endloop
  endfacet
  facet normal 0.000000e+00 -1.000000e+00 -0.000000e+00
    outer loop
      vertex   6.600000e+01 6.500000e+00 1.000000e+00
      vertex   6.500000e+01 6.500000e+00 0.000000e+00
      vertex   6.600000e+01 6.500000e+00 0.000000e+00
    endloop
  endfacet
  facet normal -1.000000e+00 0.000000e+00 0.000000e+00
    outer loop
      vertex   6.200000e+01 2.350000e+01 0.000000e+00
      vertex   6.200000e+01 6.500000e+00 0.000000e+00
      vertex   6.200000e+01 2.350000e+01 1.000000e+00
    endloop
  endfacet
  facet normal -1.000000e+00 -0.000000e+00 0.000000e+00
    outer loop
      vertex   6.200000e+01 2.350000e+01 1.000000e+00
      vertex   6.200000e+01 6.500000e+00 0.000000e+00
      vertex   6.200000e+01 6.500000e+00 1.000000e+00
    endloop
  endfacet
  facet normal 0.000000e+00 0.000000e+00 1.000000e+00
    outer loop
      vertex   6.200000e+01 6.500000e+00 1.000000e+00
      vertex   6.600000e+01 6.500000e+00 1.000000e+00
      vertex   6.200000e+01 2.350000e+01 1.000000e+00
    endloop
  endfacet
  facet normal -0.000000e+00 0.000000e+00 1.000000e+00
    outer loop
      vertex   6.200000e+01 2.350000e+01 1.000000e+00
      vertex   6.600000e+01 6.500000e+00 1.000000e+00
      vertex   6.600000e+01 2.350000e+01 1.000000e+00
    endloop
  endfacet
  facet normal 0.000000e+00 0.000000e+00 -1.000000e+00
    outer loop
      vertex   6.500000e+01 2.350000e+01 0.000000e+00
      vertex   6.600000e+01 2.350000e+01 0.000000e+00
      vertex   6.500000e+01 6.500000e+00 0.000000e+00
    endloop
  endfacet
  facet normal 0.000000e+00 0.000000e+00 -1.000000e+00
    outer loop
      vertex   6.500000e+01 6.500000e+00 0.000000e+00
      vertex   6.600000e+01 2.350000e+01 0.000000e+00
      vertex   6.600000e+01 6.500000e+00 0.000000e+00
    endloop
  endfacet
  facet normal -1.000000e+00 0.000000e+00 0.000000e+00
    outer loop
      vertex   2.375000e+01 1.900000e+01 0.000000e+00
      vertex   2.375000e+01 7.000000e+00 0.000000e+00
      vertex   2.375000e+01 1.900000e+01 1.000000e+00
    endloop
  endfacet
  facet normal -1.000000e+00 -0.000000e+00 0.000000e+00
    outer loop
      vertex   2.375000e+01 1.900000e+01 1.000000e+00
      vertex   2.375000e+01 7.000000e+00 0.000000e+00
      vertex   2.375000e+01 7.000000e+00 1.000000e+00
    endloop
  endfacet
  facet normal 0.000000e+00 1.000000e+00 -0.000000e+00
    outer loop
      vertex   3.575000e+01 1.900000e+01 0.000000e+00
      vertex   2.375000e+01 1.900000e+01 0.000000e+00
      vertex   3.575000e+01 1.900000e+01 1.000000e+00
    endloop
  endfacet
  facet normal 0.000000e+00 1.000000e+00 0.000000e+00
    outer loop
      vertex   3.575000e+01 1.900000e+01 1.000000e+00
      vertex   2.375000e+01 1.900000e+01 0.000000e+00
      vertex   2.375000e+01 1.900000e+01 1.000000e+00
    endloop
  endfacet
  facet normal 1.000000e+00 0.000000e+00 0.000000e+00
    outer loop
      vertex   3.575000e+01 7.000000e+00 0.000000e+00
      vertex   3.575000e+01 1.900000e+01 0.000000e+00
      vertex   3.575000e+01 7.000000e+00 1.000000e+00
    endloop
  endfacet
  facet normal 1.000000e+00 -0.000000e+00 0.000000e+00
    outer loop
      vertex   3.575000e+01 7.000000e+00 1.000000e+00
      vertex   3.575000e+01 1.900000e+01 0.000000e+00
      vertex   3.575000e+01 1.900000e+01 1.000000e+00
    endloop
  endfacet
  facet normal 0.000000e+00 -1.000000e+00 0.000000e+00
    outer loop
      vertex   2.375000e+01 7.000000e+00 0.000000e+00
      vertex   3.575000e+01 7.000000e+00 0.000000e+00
      vertex   2.375000e+01 7.000000e+00 1.000000e+00
    endloop
  endfacet
  facet normal 0.000000e+00 -1.000000e+00 0.000000e+00
    outer loop
      vertex   2.375000e+01 7.000000e+00 1.000000e+00
      vertex   3.575000e+01 7.000000e+00 0.000000e+00
      vertex   3.575000e+01 7.000000e+00 1.000000e+00
    endloop
  endfacet
  facet normal 0.000000e+00 0.000000e+00 1.000000e+00
    outer loop
      vertex   2.375000e+01 7.000000e+00 1.000000e+00
      vertex   3.575000e+01 7.000000e+00 1.000000e+00
      vertex   2.375000e+01 1.900000e+01 1.000000e+00
    endloop
  endfacet
  facet normal -0.000000e+00 0.000000e+00 1.000000e+00
    outer loop
      vertex   2.375000e+01 1.900000e+01 1.000000e+00
      vertex   3.575000e+01 7.000000e+00 1.000000e+00
      vertex   3.575000e+01 1.900000e+01 1.000000e+00
    endloop
  endfacet
  facet normal 9.914449e-01 -1.305262e-01 -5.796527e-17
    outer loop
      vertex   2.220148e+00 3.842935e+00 -1.000000e+00
      vertex   2.220148e+00 3.842935e+00 0.000000e+00
      vertex   2.175000e+00 3.500000e+00 -1.000000e+00
    endloop
  endfacet
  facet normal 9.914449e-01 -1.305262e-01 -2.641740e-15
    outer loop
      vertex   2.175000e+00 3.500000e+00 -1.000000e+00
      vertex   2.220148e+00 3.842935e+00 0.000000e+00
      vertex   2.175000e+00 3.500000e+00 0.000000e+00
    endloop
  endfacet
  facet normal 9.914449e-01 1.305262e-01 -2.641740e-15
    outer loop
      vertex   2.175000e+00 3.500000e+00 -1.000000e+00
      vertex   2.175000e+00 3.500000e+00 0.000000e+00
      vertex   2.220148e+00 3.157065e+00 -1.000000e+00
    endloop
  endfacet
  facet normal 9.914449e-01 1.305262e-01 5.796527e-17
    outer loop
      vertex   2.220148e+00 3.157065e+00 -1.000000e+00
      vertex   2.175000e+00 3.500000e+00 0.000000e+00
      vertex   2.220148e+00 3.157065e+00 0.000000e+00
    endloop
  endfacet
  facet normal 9.238795e-01 3.826834e-01 1.699456e-16
    outer loop
      vertex   2.220148e+00 3.157065e+00 -1.000000e+00
      vertex   2.220148e+00 3.157065e+00 0.000000e+00
      vertex   2.352516e+00 2.837500e+00 -1.000000e+00
    endloop
  endfacet
  facet normal 9.238795e-01 3.826834e-01 3.398912e-16
    outer loop
      vertex   2.352516e+00 2.837500e+00 -1.000000e+00
      vertex   2.220148e+00 3.157065e+00 0.000000e+00
      vertex   2.352516e+00 2.837500e+00 0.000000e+00
    endloop
  endfacet
  facet normal 7.933533e-01 6.087614e-01 5.406888e-16
    outer loop
      vertex   2.352516e+00 2.837500e+00 -1.000000e+00
      vertex   2.352516e+00 2.837500e+00 0.000000e+00
      vertex   2.563083e+00 2.563083e+00 -1.000000e+00
    endloop
  endfacet
  facet normal 7.933533e-01 6.087614e-01 -0.000000e+00
    outer loop
      vertex   2.563083e+00 2.563083e+00 -1.000000e+00
      vertex   2.352516e+00 2.837500e+00 0.000000e+00
      vertex   2.563083e+00 2.563083e+00 0.000000e+00
    endloop
  endfacet
  facet normal 6.087614e-01 7.933533e-01 -0.000000e+00
    outer loop
      vertex   2.563083e+00 2.563083e+00 -1.000000e+00
      vertex   2.563083e+00 2.563083e+00 0.000000e+00
      vertex   2.837500e+00 2.352516e+00 -1.000000e+00
    endloop
  endfacet
  facet normal 6.087614e-01 7.933533e-01 -4.587135e-16
    outer loop
      vertex   2.837500e+00 2.352516e+00 -1.000000e+00
      vertex   2.563083e+00 2.563083e+00 0.000000e+00
      vertex   2.837500e+00 2.352516e+00 0.000000e+00
    endloop
  endfacet
  facet normal 3.826834e-01 9.238795e-01 -9.955182e-17
    outer loop
      vertex   2.837500e+00 2.352516e+00 -1.000000e+00
      vertex   2.837500e+00 2.352516e+00 0.000000e+00
      vertex   3.157065e+00 2.220148e+00 -1.000000e+00
    endloop
  endfacet
  facet normal 3.826834e-01 9.238795e-01 -1.699456e-16
    outer loop
      vertex   3.157065e+00 2.220148e+00 -1.000000e+00
      vertex   2.837500e+00 2.352516e+00 0.000000e+00
      vertex   3.157065e+00 2.220148e+00 0.000000e+00
    endloop
  endfacet
  facet normal 1.305262e-01 9.914449e-01 -5.796527e-17
    outer loop
      vertex   3.157065e+00 2.220148e+00 -1.000000e+00
      vertex   3.157065e+00 2.220148e+00 0.000000e+00
      vertex   3.500000e+00 2.175000e+00 -1.000000e+00
    endloop
  endfacet
  facet normal 1.305262e-01 9.914449e-01 -0.000000e+00
    outer loop
      vertex   3.500000e+00 2.175000e+00 -1.000000e+00
      vertex   3.157065e+00 2.220148e+00 0.000000e+00
      vertex   3.500000e+00 2.175000e+00 0.000000e+00
    endloop
  endfacet
  facet normal -1.305262e-01 9.914449e-01 0.000000e+00
    outer loop
      vertex   3.500000e+00 2.175000e+00 -1.000000e+00
      vertex   3.500000e+00 2.175000e+00 0.000000e+00
      vertex   3.842935e+00 2.220148e+00 -1.000000e+00
    endloop
  endfacet
  facet normal -1.305262e-01 9.914449e-01 -2.663941e-16
    outer loop
      vertex   3.842935e+00 2.220148e+00 -1.000000e+00
      vertex   3.500000e+00 2.175000e+00 0.000000e+00
      vertex   3.842935e+00 2.220148e+00 0.000000e+00
    endloop
  endfacet
  facet normal -3.826834e-01 9.238795e-01 9.955182e-17
    outer loop
      vertex   3.842935e+00 2.220148e+00 -1.000000e+00
      vertex   3.842935e+00 2.220148e+00 0.000000e+00
      vertex   4.162500e+00 2.352516e+00 -1.000000e+00
    endloop
  endfacet
  facet normal -3.826834e-01 9.238795e-01 3.398912e-16
    outer loop
      vertex   4.162500e+00 2.352516e+00 -1.000000e+00
      vertex   3.842935e+00 2.220148e+00 0.000000e+00
      vertex   4.162500e+00 2.352516e+00 0.000000e+00
    endloop
  endfacet
  facet normal -6.087614e-01 7.933533e-01 5.406888e-16
    outer loop
      vertex   4.162500e+00 2.352516e+00 -1.000000e+00
      vertex   4.162500e+00 2.352516e+00 0.000000e+00
      vertex   4.436916e+00 2.563083e+00 -1.000000e+00
    endloop
  endfacet
  facet normal -6.087614e-01 7.933533e-01 -3.523197e-16
    outer loop
      vertex   4.436916e+00 2.563083e+00 -1.000000e+00
      vertex   4.162500e+00 2.352516e+00 0.000000e+00
      vertex   4.436916e+00 2.563083e+00 0.000000e+00
    endloop
  endfacet
  facet normal -7.933533e-01 6.087614e-01 -2.703444e-16
    outer loop
      vertex   4.436916e+00 2.563083e+00 -1.000000e+00
      vertex   4.436916e+00 2.563083e+00 0.000000e+00
      vertex   4.647484e+00 2.837500e+00 -1.000000e+00
    endloop
  endfacet
  facet normal -7.933533e-01 6.087614e-01 -5.406888e-16
    outer loop
      vertex   4.647484e+00 2.837500e+00 -1.000000e+00
      vertex   4.436916e+00 2.563083e+00 0.000000e+00
      vertex   4.647484e+00 2.837500e+00 0.000000e+00
    endloop
  endfacet
  facet normal -9.238795e-01 3.826834e-01 -3.398912e-16
    outer loop
      vertex   4.647484e+00 2.837500e+00 -1.000000e+00
      vertex   4.647484e+00 2.837500e+00 0.000000e+00
      vertex   4.779852e+00 3.157065e+00 -1.000000e+00
    endloop
  endfacet
  facet normal -9.238795e-01 3.826834e-01 -1.699456e-16
    outer loop
      vertex   4.779852e+00 3.157065e+00 -1.000000e+00
      vertex   4.647484e+00 2.837500e+00 0.000000e+00
      vertex   4.779852e+00 3.157065e+00 0.000000e+00
    endloop
  endfacet
  facet normal -9.914449e-01 1.305262e-01 -5.796527e-17
    outer loop
      vertex   4.779852e+00 3.157065e+00 -1.000000e+00
      vertex   4.779852e+00 3.157065e+00 0.000000e+00
      vertex   4.825000e+00 3.500000e+00 -1.000000e+00
    endloop
  endfacet
  facet normal -9.914449e-01 1.305262e-01 0.000000e+00
    outer loop
      vertex   4.825000e+00 3.500000e+00 -1.000000e+00
      vertex   4.779852e+00 3.157065e+00 0.000000e+00
      vertex   4.825000e+00 3.500000e+00 0.000000e+00
    endloop
  endfacet
  facet normal -9.914449e-01 -1.305262e-01 0.000000e+00
    outer loop
      vertex   4.825000e+00 3.500000e+00 -1.000000e+00
      vertex   4.825000e+00 3.500000e+00 0.000000e+00
      vertex   4.779852e+00 3.842935e+00 -1.000000e+00
    endloop
  endfacet
  facet normal -9.914449e-01 -1.305262e-01 5.796527e-17
    outer loop
      vertex   4.779852e+00 3.842935e+00 -1.000000e+00
      vertex   4.825000e+00 3.500000e+00 0.000000e+00
      vertex   4.779852e+00 3.842935e+00 0.000000e+00
    endloop
  endfacet
  facet normal -9.238795e-01 -3.826834e-01 1.699456e-16
    outer loop
      vertex   4.779852e+00 3.842935e+00 -1.000000e+00
      vertex   4.779852e+00 3.842935e+00 0.000000e+00
      vertex   4.647484e+00 4.162500e+00 -1.000000e+00
    endloop
  endfacet
  facet normal -9.238795e-01 -3.826834e-01 3.398912e-16
    outer loop
      vertex   4.647484e+00 4.162500e+00 -1.000000e+00
      vertex   4.779852e+00 3.842935e+00 0.000000e+00
      vertex   4.647484e+00 4.162500e+00 0.000000e+00
    endloop
  endfacet
  facet normal -7.933533e-01 -6.087614e-01 5.406888e-16
    outer loop
      vertex   4.647484e+00 4.162500e+00 -1.000000e+00
      vertex   4.647484e+00 4.162500e+00 0.000000e+00
      vertex   4.436916e+00 4.436916e+00 -1.000000e+00
    endloop
  endfacet
  facet normal -7.933533e-01 -6.087614e-01 0.000000e+00
    outer loop
      vertex   4.436916e+00 4.436916e+00 -1.000000e+00
      vertex   4.647484e+00 4.162500e+00 0.000000e+00
      vertex   4.436916e+00 4.436916e+00 0.000000e+00
    endloop
  endfacet
  facet normal -6.087614e-01 -7.933533e-01 0.000000e+00
    outer loop
      vertex   4.436916e+00 4.436916e+00 -1.000000e+00
      vertex   4.436916e+00 4.436916e+00 0.000000e+00
      vertex   4.162500e+00 4.647484e+00 -1.000000e+00
    endloop
  endfacet
  facet normal -6.087614e-01 -7.933533e-01 -5.406888e-16
    outer loop
      vertex   4.162500e+00 4.647484e+00 -1.000000e+00
      vertex   4.436916e+00 4.436916e+00 0.000000e+00
      vertex   4.162500e+00 4.647484e+00 0.000000e+00
    endloop
  endfacet
  facet normal -3.826834e-01 -9.238795e-01 -3.398912e-16
    outer loop
      vertex   4.162500e+00 4.647484e+00 -1.000000e+00
      vertex   4.162500e+00 4.647484e+00 0.000000e+00
      vertex   3.842935e+00 4.779852e+00 -1.000000e+00
    endloop
  endfacet
  facet normal -3.826834e-01 -9.238795e-01 -5.098367e-16
    outer loop
      vertex   3.842935e+00 4.779852e+00 -1.000000e+00
      vertex   4.162500e+00 4.647484e+00 0.000000e+00
      vertex   3.842935e+00 4.779852e+00 0.000000e+00
    endloop
  endfacet
  facet normal -1.305262e-01 -9.914449e-01 -1.738958e-16
    outer loop
      vertex   3.842935e+00 4.779852e+00 -1.000000e+00
      vertex   3.842935e+00 4.779852e+00 0.000000e+00
      vertex   3.500000e+00 4.825000e+00 -1.000000e+00
    endloop
  endfacet
  facet normal -1.305262e-01 -9.914449e-01 0.000000e+00
    outer loop
      vertex   3.500000e+00 4.825000e+00 -1.000000e+00
      vertex   3.842935e+00 4.779852e+00 0.000000e+00
      vertex   3.500000e+00 4.825000e+00 0.000000e+00
    endloop
  endfacet
  facet normal 1.305262e-01 -9.914449e-01 0.000000e+00
    outer loop
      vertex   3.500000e+00 4.825000e+00 -1.000000e+00
      vertex   3.500000e+00 4.825000e+00 0.000000e+00
      vertex   3.157065e+00 4.779852e+00 -1.000000e+00
    endloop
  endfacet
  facet normal 1.305262e-01 -9.914449e-01 5.796527e-17
    outer loop
      vertex   3.157065e+00 4.779852e+00 -1.000000e+00
      vertex   3.500000e+00 4.825000e+00 0.000000e+00
      vertex   3.157065e+00 4.779852e+00 0.000000e+00
    endloop
  endfacet
  facet normal 3.826834e-01 -9.238795e-01 1.699456e-16
    outer loop
      vertex   3.157065e+00 4.779852e+00 -1.000000e+00
      vertex   3.157065e+00 4.779852e+00 0.000000e+00
      vertex   2.837500e+00 4.647484e+00 -1.000000e+00
    endloop
  endfacet
  facet normal 3.826834e-01 -9.238795e-01 -3.107331e-16
    outer loop
      vertex   2.837500e+00 4.647484e+00 -1.000000e+00
      vertex   3.157065e+00 4.779852e+00 0.000000e+00
      vertex   2.837500e+00 4.647484e+00 0.000000e+00
    endloop
  endfacet
  facet normal 6.087614e-01 -7.933533e-01 1.063938e-16
    outer loop
      vertex   2.837500e+00 4.647484e+00 -1.000000e+00
      vertex   2.837500e+00 4.647484e+00 0.000000e+00
      vertex   2.563083e+00 4.436916e+00 -1.000000e+00
    endloop
  endfacet
  facet normal 6.087614e-01 -7.933533e-01 0.000000e+00
    outer loop
      vertex   2.563083e+00 4.436916e+00 -1.000000e+00
      vertex   2.837500e+00 4.647484e+00 0.000000e+00
      vertex   2.563083e+00 4.436916e+00 0.000000e+00
    endloop
  endfacet
  facet normal 7.933533e-01 -6.087614e-01 0.000000e+00
    outer loop
      vertex   2.563083e+00 4.436916e+00 -1.000000e+00
      vertex   2.563083e+00 4.436916e+00 0.000000e+00
      vertex   2.352516e+00 4.162500e+00 -1.000000e+00
    endloop
  endfacet
  facet normal 7.933533e-01 -6.087614e-01 -5.406888e-16
    outer loop
      vertex   2.352516e+00 4.162500e+00 -1.000000e+00
      vertex   2.563083e+00 4.436916e+00 0.000000e+00
      vertex   2.352516e+00 4.162500e+00 0.000000e+00
    endloop
  endfacet
  facet normal 9.238795e-01 -3.826834e-01 -3.398912e-16
    outer loop
      vertex   2.352516e+00 4.162500e+00 -1.000000e+00
      vertex   2.352516e+00 4.162500e+00 0.000000e+00
      vertex   2.220148e+00 3.842935e+00 -1.000000e+00
    endloop
  endfacet
  facet normal 9.238795e-01 -3.826834e-01 -1.699456e-16
    outer loop
      vertex   2.220148e+00 3.842935e+00 -1.000000e+00
      vertex   2.352516e+00 4.162500e+00 0.000000e+00
      vertex   2.220148e+00 3.842935e+00 0.000000e+00
    endloop
  endfacet
  facet normal 9.914449e-01 -1.305262e-01 -5.796527e-17
    outer loop
      vertex   6.022015e+01 3.842935e+00 -1.000000e+00
      vertex   6.022015e+01 3.842935e+00 0.000000e+00
      vertex   6.017500e+01 3.500000e+00 -1.000000e+00
    endloop
  endfacet
  facet normal 9.914449e-01 -1.305262e-01 0.000000e+00
    outer loop
      vertex   6.017500e+01 3.500000e+00 -1.000000e+00
      vertex   6.022015e+01 3.842935e+00 0.000000e+00
      vertex   6.017500e+01 3.500000e+00 0.000000e+00
    endloop
  endfacet
  facet normal 9.914449e-01 1.305262e-01 -0.000000e+00
    outer loop
      vertex   6.017500e+01 3.500000e+00 -1.000000e+00
      vertex   6.017500e+01 3.500000e+00 0.000000e+00
      vertex   6.022015e+01 3.157065e+00 -1.000000e+00
    endloop
  endfacet
  facet normal 9.914449e-01 1.305262e-01 5.796527e-17
    outer loop
      vertex   6.022015e+01 3.157065e+00 -1.000000e+00
      vertex   6.017500e+01 3.500000e+00 0.000000e+00
      vertex   6.022015e+01 3.157065e+00 0.000000e+00
    endloop
  endfacet
  facet normal 9.238795e-01 3.826834e-01 1.699456e-16
    outer loop
      vertex   6.022015e+01 3.157065e+00 -1.000000e+00
      vertex   6.022015e+01 3.157065e+00 0.000000e+00
      vertex   6.035252e+01 2.837500e+00 -1.000000e+00
    endloop
  endfacet
  facet normal 9.238795e-01 3.826834e-01 1.699456e-16
    outer loop
      vertex   6.035252e+01 2.837500e+00 -1.000000e+00
      vertex   6.022015e+01 3.157065e+00 0.000000e+00
      vertex   6.035252e+01 2.837500e+00 0.000000e+00
    endloop
  endfacet
  facet normal 7.933533e-01 6.087614e-01 2.703444e-16
    outer loop
      vertex   6.035252e+01 2.837500e+00 -1.000000e+00
      vertex   6.035252e+01 2.837500e+00 0.000000e+00
      vertex   6.056308e+01 2.563083e+00 -1.000000e+00
    endloop
  endfacet
  facet normal 7.933533e-01 6.087614e-01 -0.000000e+00
    outer loop
      vertex   6.056308e+01 2.563083e+00 -1.000000e+00
      vertex   6.035252e+01 2.837500e+00 0.000000e+00
      vertex   6.056308e+01 2.563083e+00 0.000000e+00
    endloop
  endfacet
  facet normal 6.087614e-01 7.933533e-01 -0.000000e+00
    outer loop
      vertex   6.056308e+01 2.563083e+00 -1.000000e+00
      vertex   6.056308e+01 2.563083e+00 0.000000e+00
      vertex   6.083750e+01 2.352516e+00 -1.000000e+00
    endloop
  endfacet
  facet normal 6.087614e-01 7.933533e-01 7.046393e-16
    outer loop
      vertex   6.083750e+01 2.352516e+00 -1.000000e+00
      vertex   6.056308e+01 2.563083e+00 0.000000e+00
      vertex   6.083750e+01 2.352516e+00 0.000000e+00
    endloop
  endfacet
  facet normal 3.826834e-01 9.238795e-01 8.205699e-16
    outer loop
      vertex   6.083750e+01 2.352516e+00 -1.000000e+00
      vertex   6.083750e+01 2.352516e+00 0.000000e+00
      vertex   6.115706e+01 2.220148e+00 -1.000000e+00
    endloop
  endfacet
  facet normal 3.826834e-01 9.238795e-01 -0.000000e+00
    outer loop
      vertex   6.115706e+01 2.220148e+00 -1.000000e+00
      vertex   6.083750e+01 2.352516e+00 0.000000e+00
      vertex   6.115706e+01 2.220148e+00 0.000000e+00
    endloop
  endfacet
  facet normal 1.305262e-01 9.914449e-01 -0.000000e+00
    outer loop
      vertex   6.115706e+01 2.220148e+00 -1.000000e+00
      vertex   6.115706e+01 2.220148e+00 0.000000e+00
      vertex   6.150000e+01 2.175000e+00 -1.000000e+00
    endloop
  endfacet
  facet normal 1.305262e-01 9.914449e-01 -0.000000e+00
    outer loop
      vertex   6.150000e+01 2.175000e+00 -1.000000e+00
      vertex   6.115706e+01 2.220148e+00 0.000000e+00
      vertex   6.150000e+01 2.175000e+00 0.000000e+00
    endloop
  endfacet
  facet normal -1.305262e-01 9.914449e-01 0.000000e+00
    outer loop
      vertex   6.150000e+01 2.175000e+00 -1.000000e+00
      vertex   6.150000e+01 2.175000e+00 0.000000e+00
      vertex   6.184294e+01 2.220148e+00 -1.000000e+00
    endloop
  endfacet
  facet normal -1.305262e-01 9.914449e-01 -4.402900e-16
    outer loop
      vertex   6.184294e+01 2.220148e+00 -1.000000e+00
      vertex   6.150000e+01 2.175000e+00 0.000000e+00
      vertex   6.184294e+01 2.220148e+00 0.000000e+00
    endloop
  endfacet
  facet normal -3.826834e-01 9.238795e-01 -4.102849e-16
    outer loop
      vertex   6.184294e+01 2.220148e+00 -1.000000e+00
      vertex   6.184294e+01 2.220148e+00 0.000000e+00
      vertex   6.216250e+01 2.352516e+00 -1.000000e+00
    endloop
  endfacet
  facet normal -3.826834e-01 9.238795e-01 -4.102849e-16
    outer loop
      vertex   6.216250e+01 2.352516e+00 -1.000000e+00
      vertex   6.184294e+01 2.220148e+00 0.000000e+00
      vertex   6.216250e+01 2.352516e+00 0.000000e+00
    endloop
  endfacet
  facet normal -6.087614e-01 7.933533e-01 -3.523197e-16
    outer loop
      vertex   6.216250e+01 2.352516e+00 -1.000000e+00
      vertex   6.216250e+01 2.352516e+00 0.000000e+00
      vertex   6.243692e+01 2.563083e+00 -1.000000e+00
    endloop
  endfacet
  facet normal -6.087614e-01 7.933533e-01 -7.046393e-16
    outer loop
      vertex   6.243692e+01 2.563083e+00 -1.000000e+00
      vertex   6.216250e+01 2.352516e+00 0.000000e+00
      vertex   6.243692e+01 2.563083e+00 0.000000e+00
    endloop
  endfacet
  facet normal -7.933533e-01 6.087614e-01 -5.406888e-16
    outer loop
      vertex   6.243692e+01 2.563083e+00 -1.000000e+00
      vertex   6.243692e+01 2.563083e+00 0.000000e+00
      vertex   6.264748e+01 2.837500e+00 -1.000000e+00
    endloop
  endfacet
  facet normal -7.933533e-01 6.087614e-01 0.000000e+00
    outer loop
      vertex   6.264748e+01 2.837500e+00 -1.000000e+00
      vertex   6.243692e+01 2.563083e+00 0.000000e+00
      vertex   6.264748e+01 2.837500e+00 0.000000e+00
    endloop
  endfacet
  facet normal -9.238795e-01 3.826834e-01 0.000000e+00
    outer loop
      vertex   6.264748e+01 2.837500e+00 -1.000000e+00
      vertex   6.264748e+01 2.837500e+00 0.000000e+00
      vertex   6.277985e+01 3.157065e+00 -1.000000e+00
    endloop
  endfacet
  facet normal -9.238795e-01 3.826834e-01 -1.699456e-16
    outer loop
      vertex   6.277985e+01 3.157065e+00 -1.000000e+00
      vertex   6.264748e+01 2.837500e+00 0.000000e+00
      vertex   6.277985e+01 3.157065e+00 0.000000e+00
    endloop
  endfacet
  facet normal -9.914449e-01 1.305262e-01 -5.796527e-17
    outer loop
      vertex   6.277985e+01 3.157065e+00 -1.000000e+00
      vertex   6.277985e+01 3.157065e+00 0.000000e+00
      vertex   6.282500e+01 3.500000e+00 -1.000000e+00
    endloop
  endfacet
  facet normal -9.914449e-01 1.305262e-01 0.000000e+00
    outer loop
      vertex   6.282500e+01 3.500000e+00 -1.000000e+00
      vertex   6.277985e+01 3.157065e+00 0.000000e+00
      vertex   6.282500e+01 3.500000e+00 0.000000e+00
    endloop
  endfacet
  facet normal -9.914449e-01 -1.305262e-01 0.000000e+00
    outer loop
      vertex   6.282500e+01 3.500000e+00 -1.000000e+00
      vertex   6.282500e+01 3.500000e+00 0.000000e+00
      vertex   6.277985e+01 3.842935e+00 -1.000000e+00
    endloop
  endfacet
  facet normal -9.914449e-01 -1.305262e-01 5.796527e-17
    outer loop
      vertex   6.277985e+01 3.842935e+00 -1.000000e+00
      vertex   6.282500e+01 3.500000e+00 0.000000e+00
      vertex   6.277985e+01 3.842935e+00 0.000000e+00
    endloop
  endfacet
  facet normal -9.238795e-01 -3.826834e-01 1.699456e-16
    outer loop
      vertex   6.277985e+01 3.842935e+00 -1.000000e+00
      vertex   6.277985e+01 3.842935e+00 0.000000e+00
      vertex   6.264748e+01 4.162500e+00 -1.000000e+00
    endloop
  endfacet
  facet normal -9.238795e-01 -3.826834e-01 0.000000e+00
    outer loop
      vertex   6.264748e+01 4.162500e+00 -1.000000e+00
      vertex   6.277985e+01 3.842935e+00 0.000000e+00
      vertex   6.264748e+01 4.162500e+00 0.000000e+00
    endloop
  endfacet
  facet normal -7.933533e-01 -6.087614e-01 0.000000e+00
    outer loop
      vertex   6.264748e+01 4.162500e+00 -1.000000e+00
      vertex   6.264748e+01 4.162500e+00 0.000000e+00
      vertex   6.243692e+01 4.436916e+00 -1.000000e+00
    endloop
  endfacet
  facet normal -7.933533e-01 -6.087614e-01 5.406888e-16
    outer loop
      vertex   6.243692e+01 4.436916e+00 -1.000000e+00
      vertex   6.264748e+01 4.162500e+00 0.000000e+00
      vertex   6.243692e+01 4.436916e+00 0.000000e+00
    endloop
  endfacet
  facet normal -6.087614e-01 -7.933533e-01 7.046393e-16
    outer loop
      vertex   6.243692e+01 4.436916e+00 -1.000000e+00
      vertex   6.243692e+01 4.436916e+00 0.000000e+00
      vertex   6.216250e+01 4.647484e+00 -1.000000e+00
    endloop
  endfacet
  facet normal -6.087614e-01 -7.933533e-01 0.000000e+00
    outer loop
      vertex   6.216250e+01 4.647484e+00 -1.000000e+00
      vertex   6.243692e+01 4.436916e+00 0.000000e+00
      vertex   6.216250e+01 4.647484e+00 0.000000e+00
    endloop
  endfacet
  facet normal -3.826834e-01 -9.238795e-01 0.000000e+00
    outer loop
      vertex   6.216250e+01 4.647484e+00 -1.000000e+00
      vertex   6.216250e+01 4.647484e+00 0.000000e+00
      vertex   6.184294e+01 4.779852e+00 -1.000000e+00
    endloop
  endfacet
  facet normal -3.826834e-01 -9.238795e-01 0.000000e+00
    outer loop
      vertex   6.184294e+01 4.779852e+00 -1.000000e+00
      vertex   6.216250e+01 4.647484e+00 0.000000e+00
      vertex   6.184294e+01 4.779852e+00 0.000000e+00
    endloop
  endfacet
  facet normal -1.305262e-01 -9.914449e-01 0.000000e+00
    outer loop
      vertex   6.184294e+01 4.779852e+00 -1.000000e+00
      vertex   6.184294e+01 4.779852e+00 0.000000e+00
      vertex   6.150000e+01 4.825000e+00 -1.000000e+00
    endloop
  endfacet
  facet normal -1.305262e-01 -9.914449e-01 0.000000e+00
    outer loop
      vertex   6.150000e+01 4.825000e+00 -1.000000e+00
      vertex   6.184294e+01 4.779852e+00 0.000000e+00
      vertex   6.150000e+01 4.825000e+00 0.000000e+00
    endloop
  endfacet
  facet normal 1.305262e-01 -9.914449e-01 0.000000e+00
    outer loop
      vertex   6.150000e+01 4.825000e+00 -1.000000e+00
      vertex   6.150000e+01 4.825000e+00 0.000000e+00
      vertex   6.115706e+01 4.779852e+00 -1.000000e+00
    endloop
  endfacet
  facet normal 1.305262e-01 -9.914449e-01 0.000000e+00
    outer loop
      vertex   6.115706e+01 4.779852e+00 -1.000000e+00
      vertex   6.150000e+01 4.825000e+00 0.000000e+00
      vertex   6.115706e+01 4.779852e+00 0.000000e+00
    endloop
  endfacet
  facet normal 3.826834e-01 -9.238795e-01 0.000000e+00
    outer loop
      vertex   6.115706e+01 4.779852e+00 -1.000000e+00
      vertex   6.115706e+01 4.779852e+00 0.000000e+00
      vertex   6.083750e+01 4.647484e+00 -1.000000e+00
    endloop
  endfacet
  facet normal 3.826834e-01 -9.238795e-01 -8.205699e-16
    outer loop
      vertex   6.083750e+01 4.647484e+00 -1.000000e+00
      vertex   6.115706e+01 4.779852e+00 0.000000e+00
      vertex   6.083750e+01 4.647484e+00 0.000000e+00
    endloop
  endfacet
  facet normal 6.087614e-01 -7.933533e-01 -7.046393e-16
    outer loop
      vertex   6.083750e+01 4.647484e+00 -1.000000e+00
      vertex   6.083750e+01 4.647484e+00 0.000000e+00
      vertex   6.056308e+01 4.436916e+00 -1.000000e+00
    endloop
  endfacet
  facet normal 6.087614e-01 -7.933533e-01 0.000000e+00
    outer loop
      vertex   6.056308e+01 4.436916e+00 -1.000000e+00
      vertex   6.083750e+01 4.647484e+00 0.000000e+00
      vertex   6.056308e+01 4.436916e+00 0.000000e+00
    endloop
  endfacet
  facet normal 7.933533e-01 -6.087614e-01 0.000000e+00
    outer loop
      vertex   6.056308e+01 4.436916e+00 -1.000000e+00
      vertex   6.056308e+01 4.436916e+00 0.000000e+00
      vertex   6.035252e+01 4.162500e+00 -1.000000e+00
    endloop
  endfacet
  facet normal 7.933533e-01 -6.087614e-01 -5.406888e-16
    outer loop
      vertex   6.035252e+01 4.162500e+00 -1.000000e+00
      vertex   6.056308e+01 4.436916e+00 0.000000e+00
      vertex   6.035252e+01 4.162500e+00 0.000000e+00
    endloop
  endfacet
  facet normal 9.238795e-01 -3.826834e-01 -3.398912e-16
    outer loop
      vertex   6.035252e+01 4.162500e+00 -1.000000e+00
      vertex   6.035252e+01 4.162500e+00 0.000000e+00
      vertex   6.022015e+01 3.842935e+00 -1.000000e+00
    endloop
  endfacet
  facet normal 9.238795e-01 -3.826834e-01 -1.699456e-16
    outer loop
      vertex   6.022015e+01 3.842935e+00 -1.000000e+00
      vertex   6.035252e+01 4.162500e+00 0.000000e+00
      vertex   6.022015e+01 3.842935e+00 0.000000e+00
    endloop
  endfacet
  facet normal 9.914449e-01 -1.305262e-01 0.000000e+00
    outer loop
      vertex   2.220148e+00 2.684294e+01 -1.000000e+00
      vertex   2.220148e+00 2.684294e+01 0.000000e+00
      vertex   2.175000e+00 2.650000e+01 -1.000000e+00
    endloop
  endfacet
  facet normal 9.914449e-01 -1.305262e-01 -2.641740e-15
    outer loop
      vertex   2.175000e+00 2.650000e+01 -1.000000e+00
      vertex   2.220148e+00 2.684294e+01 0.000000e+00
      vertex   2.175000e+00 2.650000e+01 0.000000e+00
    endloop
  endfacet
  facet normal 9.914449e-01 1.305262e-01 -2.641740e-15
    outer loop
      vertex   2.175000e+00 2.650000e+01 -1.000000e+00
      vertex   2.175000e+00 2.650000e+01 0.000000e+00
      vertex   2.220148e+00 2.615706e+01 -1.000000e+00
    endloop
  endfacet
  facet normal 9.914449e-01 1.305262e-01 -0.000000e+00
    outer loop
      vertex   2.220148e+00 2.615706e+01 -1.000000e+00
      vertex   2.175000e+00 2.650000e+01 0.000000e+00
      vertex   2.220148e+00 2.615706e+01 0.000000e+00
    endloop
  endfacet
  facet normal 9.238795e-01 3.826834e-01 -0.000000e+00
    outer loop
      vertex   2.220148e+00 2.615706e+01 -1.000000e+00
      vertex   2.220148e+00 2.615706e+01 0.000000e+00
      vertex   2.352516e+00 2.583750e+01 -1.000000e+00
    endloop
  endfacet
  facet normal 9.238795e-01 3.826834e-01 -0.000000e+00
    outer loop
      vertex   2.352516e+00 2.583750e+01 -1.000000e+00
      vertex   2.220148e+00 2.615706e+01 0.000000e+00
      vertex   2.352516e+00 2.583750e+01 0.000000e+00
    endloop
  endfacet
  facet normal 7.933533e-01 6.087614e-01 -0.000000e+00
    outer loop
      vertex   2.352516e+00 2.583750e+01 -1.000000e+00
      vertex   2.352516e+00 2.583750e+01 0.000000e+00
      vertex   2.563083e+00 2.556308e+01 -1.000000e+00
    endloop
  endfacet
  facet normal 7.933533e-01 6.087614e-01 -0.000000e+00
    outer loop
      vertex   2.563083e+00 2.556308e+01 -1.000000e+00
      vertex   2.352516e+00 2.583750e+01 0.000000e+00
      vertex   2.563083e+00 2.556308e+01 0.000000e+00
    endloop
  endfacet
  facet normal 6.087614e-01 7.933533e-01 -0.000000e+00
    outer loop
      vertex   2.563083e+00 2.556308e+01 -1.000000e+00
      vertex   2.563083e+00 2.556308e+01 0.000000e+00
      vertex   2.837500e+00 2.535252e+01 -1.000000e+00
    endloop
  endfacet
  facet normal 6.087614e-01 7.933533e-01 -8.110331e-16
    outer loop
      vertex   2.837500e+00 2.535252e+01 -1.000000e+00
      vertex   2.563083e+00 2.556308e+01 0.000000e+00
      vertex   2.837500e+00 2.535252e+01 0.000000e+00
    endloop
  endfacet
  facet normal 3.826834e-01 9.238795e-01 -5.098367e-16
    outer loop
      vertex   2.837500e+00 2.535252e+01 -1.000000e+00
      vertex   2.837500e+00 2.535252e+01 0.000000e+00
      vertex   3.157065e+00 2.522015e+01 -1.000000e+00
    endloop
  endfacet
  facet normal 3.826834e-01 9.238795e-01 -1.699456e-16
    outer loop
      vertex   3.157065e+00 2.522015e+01 -1.000000e+00
      vertex   2.837500e+00 2.535252e+01 0.000000e+00
      vertex   3.157065e+00 2.522015e+01 0.000000e+00
    endloop
  endfacet
  facet normal 1.305262e-01 9.914449e-01 -5.796527e-17
    outer loop
      vertex   3.157065e+00 2.522015e+01 -1.000000e+00
      vertex   3.157065e+00 2.522015e+01 0.000000e+00
      vertex   3.500000e+00 2.517500e+01 -1.000000e+00
    endloop
  endfacet
  facet normal 1.305262e-01 9.914449e-01 -0.000000e+00
    outer loop
      vertex   3.500000e+00 2.517500e+01 -1.000000e+00
      vertex   3.157065e+00 2.522015e+01 0.000000e+00
      vertex   3.500000e+00 2.517500e+01 0.000000e+00
    endloop
  endfacet
  facet normal -1.305262e-01 9.914449e-01 0.000000e+00
    outer loop
      vertex   3.500000e+00 2.517500e+01 -1.000000e+00
      vertex   3.500000e+00 2.517500e+01 0.000000e+00
      vertex   3.842935e+00 2.522015e+01 -1.000000e+00
    endloop
  endfacet
  facet normal -1.305262e-01 9.914449e-01 1.738958e-16
    outer loop
      vertex   3.842935e+00 2.522015e+01 -1.000000e+00
      vertex   3.500000e+00 2.517500e+01 0.000000e+00
      vertex   3.842935e+00 2.522015e+01 0.000000e+00
    endloop
  endfacet
  facet normal -3.826834e-01 9.238795e-01 5.098367e-16
    outer loop
      vertex   3.842935e+00 2.522015e+01 -1.000000e+00
      vertex   3.842935e+00 2.522015e+01 0.000000e+00
      vertex   4.162500e+00 2.535252e+01 -1.000000e+00
    endloop
  endfacet
  facet normal -3.826834e-01 9.238795e-01 3.398912e-16
    outer loop
      vertex   4.162500e+00 2.535252e+01 -1.000000e+00
      vertex   3.842935e+00 2.522015e+01 0.000000e+00
      vertex   4.162500e+00 2.535252e+01 0.000000e+00
    endloop
  endfacet
  facet normal -6.087614e-01 7.933533e-01 5.406888e-16
    outer loop
      vertex   4.162500e+00 2.535252e+01 -1.000000e+00
      vertex   4.162500e+00 2.535252e+01 0.000000e+00
      vertex   4.436916e+00 2.556308e+01 -1.000000e+00
    endloop
  endfacet
  facet normal -6.087614e-01 7.933533e-01 0.000000e+00
    outer loop
      vertex   4.436916e+00 2.556308e+01 -1.000000e+00
      vertex   4.162500e+00 2.535252e+01 0.000000e+00
      vertex   4.436916e+00 2.556308e+01 0.000000e+00
    endloop
  endfacet
  facet normal -7.933533e-01 6.087614e-01 0.000000e+00
    outer loop
      vertex   4.436916e+00 2.556308e+01 -1.000000e+00
      vertex   4.436916e+00 2.556308e+01 0.000000e+00
      vertex   4.647484e+00 2.583750e+01 -1.000000e+00
    endloop
  endfacet
  facet normal -7.933533e-01 6.087614e-01 0.000000e+00
    outer loop
      vertex   4.647484e+00 2.583750e+01 -1.000000e+00
      vertex   4.436916e+00 2.556308e+01 0.000000e+00
      vertex   4.647484e+00 2.583750e+01 0.000000e+00
    endloop
  endfacet
  facet normal -9.238795e-01 3.826834e-01 0.000000e+00
    outer loop
      vertex   4.647484e+00 2.583750e+01 -1.000000e+00
      vertex   4.647484e+00 2.583750e+01 0.000000e+00
      vertex   4.779852e+00 2.615706e+01 -1.000000e+00
    endloop
  endfacet
  facet normal -9.238795e-01 3.826834e-01 0.000000e+00
    outer loop
      vertex   4.779852e+00 2.615706e+01 -1.000000e+00
      vertex   4.647484e+00 2.583750e+01 0.000000e+00
      vertex   4.779852e+00 2.615706e+01 0.000000e+00
    endloop
  endfacet
  facet normal -9.914449e-01 1.305262e-01 0.000000e+00
    outer loop
      vertex   4.779852e+00 2.615706e+01 -1.000000e+00
      vertex   4.779852e+00 2.615706e+01 0.000000e+00
      vertex   4.825000e+00 2.650000e+01 -1.000000e+00
    endloop
  endfacet
  facet normal -9.914449e-01 1.305262e-01 0.000000e+00
    outer loop
      vertex   4.825000e+00 2.650000e+01 -1.000000e+00
      vertex   4.779852e+00 2.615706e+01 0.000000e+00
      vertex   4.825000e+00 2.650000e+01 0.000000e+00
    endloop
  endfacet
  facet normal -9.914449e-01 -1.305262e-01 0.000000e+00
    outer loop
      vertex   4.825000e+00 2.650000e+01 -1.000000e+00
      vertex   4.825000e+00 2.650000e+01 0.000000e+00
      vertex   4.779852e+00 2.684294e+01 -1.000000e+00
    endloop
  endfacet
  facet normal -9.914449e-01 -1.305262e-01 0.000000e+00
    outer loop
      vertex   4.779852e+00 2.684294e+01 -1.000000e+00
      vertex   4.825000e+00 2.650000e+01 0.000000e+00
      vertex   4.779852e+00 2.684294e+01 0.000000e+00
    endloop
  endfacet
  facet normal -9.238795e-01 -3.826834e-01 0.000000e+00
    outer loop
      vertex   4.779852e+00 2.684294e+01 -1.000000e+00
      vertex   4.779852e+00 2.684294e+01 0.000000e+00
      vertex   4.647484e+00 2.716250e+01 -1.000000e+00
    endloop
  endfacet
  facet normal -9.238795e-01 -3.826834e-01 0.000000e+00
    outer loop
      vertex   4.647484e+00 2.716250e+01 -1.000000e+00
      vertex   4.779852e+00 2.684294e+01 0.000000e+00
      vertex   4.647484e+00 2.716250e+01 0.000000e+00
    endloop
  endfacet
  facet normal -7.933533e-01 -6.087614e-01 0.000000e+00
    outer loop
      vertex   4.647484e+00 2.716250e+01 -1.000000e+00
      vertex   4.647484e+00 2.716250e+01 0.000000e+00
      vertex   4.436916e+00 2.743692e+01 -1.000000e+00
    endloop
  endfacet
  facet normal -7.933533e-01 -6.087614e-01 0.000000e+00
    outer loop
      vertex   4.436916e+00 2.743692e+01 -1.000000e+00
      vertex   4.647484e+00 2.716250e+01 0.000000e+00
      vertex   4.436916e+00 2.743692e+01 0.000000e+00
    endloop
  endfacet
  facet normal -6.087614e-01 -7.933533e-01 0.000000e+00
    outer loop
      vertex   4.436916e+00 2.743692e+01 -1.000000e+00
      vertex   4.436916e+00 2.743692e+01 0.000000e+00
      vertex   4.162500e+00 2.764748e+01 -1.000000e+00
    endloop
  endfacet
  facet normal -6.087614e-01 -7.933533e-01 -5.406888e-16
    outer loop
      vertex   4.162500e+00 2.764748e+01 -1.000000e+00
      vertex   4.436916e+00 2.743692e+01 0.000000e+00
      vertex   4.162500e+00 2.764748e+01 0.000000e+00
    endloop
  endfacet
  facet normal -3.826834e-01 -9.238795e-01 -3.398912e-16
    outer loop
      vertex   4.162500e+00 2.764748e+01 -1.000000e+00
      vertex   4.162500e+00 2.764748e+01 0.000000e+00
      vertex   3.842935e+00 2.777985e+01 -1.000000e+00
    endloop
  endfacet
  facet normal -3.826834e-01 -9.238795e-01 -5.098367e-16
    outer loop
      vertex   3.842935e+00 2.777985e+01 -1.000000e+00
      vertex   4.162500e+00 2.764748e+01 0.000000e+00
      vertex   3.842935e+00 2.777985e+01 0.000000e+00
    endloop
  endfacet
  facet normal -1.305262e-01 -9.914449e-01 -1.738958e-16
    outer loop
      vertex   3.842935e+00 2.777985e+01 -1.000000e+00
      vertex   3.842935e+00 2.777985e+01 0.000000e+00
      vertex   3.500000e+00 2.782500e+01 -1.000000e+00
    endloop
  endfacet
  facet normal -1.305262e-01 -9.914449e-01 0.000000e+00
    outer loop
      vertex   3.500000e+00 2.782500e+01 -1.000000e+00
      vertex   3.842935e+00 2.777985e+01 0.000000e+00
      vertex   3.500000e+00 2.782500e+01 0.000000e+00
    endloop
  endfacet
  facet normal 1.305262e-01 -9.914449e-01 0.000000e+00
    outer loop
      vertex   3.500000e+00 2.782500e+01 -1.000000e+00
      vertex   3.500000e+00 2.782500e+01 0.000000e+00
      vertex   3.157065e+00 2.777985e+01 -1.000000e+00
    endloop
  endfacet
  facet normal 1.305262e-01 -9.914449e-01 5.796527e-17
    outer loop
      vertex   3.157065e+00 2.777985e+01 -1.000000e+00
      vertex   3.500000e+00 2.782500e+01 0.000000e+00
      vertex   3.157065e+00 2.777985e+01 0.000000e+00
    endloop
  endfacet
  facet normal 3.826834e-01 -9.238795e-01 1.699456e-16
    outer loop
      vertex   3.157065e+00 2.777985e+01 -1.000000e+00
      vertex   3.157065e+00 2.777985e+01 0.000000e+00
      vertex   2.837500e+00 2.764748e+01 -1.000000e+00
    endloop
  endfacet
  facet normal 3.826834e-01 -9.238795e-01 5.098367e-16
    outer loop
      vertex   2.837500e+00 2.764748e+01 -1.000000e+00
      vertex   3.157065e+00 2.777985e+01 0.000000e+00
      vertex   2.837500e+00 2.764748e+01 0.000000e+00
    endloop
  endfacet
  facet normal 6.087614e-01 -7.933533e-01 8.110331e-16
    outer loop
      vertex   2.837500e+00 2.764748e+01 -1.000000e+00
      vertex   2.837500e+00 2.764748e+01 0.000000e+00
      vertex   2.563083e+00 2.743692e+01 -1.000000e+00
    endloop
  endfacet
  facet normal 6.087614e-01 -7.933533e-01 0.000000e+00
    outer loop
      vertex   2.563083e+00 2.743692e+01 -1.000000e+00
      vertex   2.837500e+00 2.764748e+01 0.000000e+00
      vertex   2.563083e+00 2.743692e+01 0.000000e+00
    endloop
  endfacet
  facet normal 7.933533e-01 -6.087614e-01 0.000000e+00
    outer loop
      vertex   2.563083e+00 2.743692e+01 -1.000000e+00
      vertex   2.563083e+00 2.743692e+01 0.000000e+00
      vertex   2.352516e+00 2.716250e+01 -1.000000e+00
    endloop
  endfacet
  facet normal 7.933533e-01 -6.087614e-01 0.000000e+00
    outer loop
      vertex   2.352516e+00 2.716250e+01 -1.000000e+00
      vertex   2.563083e+00 2.743692e+01 0.000000e+00
      vertex   2.352516e+00 2.716250e+01 0.000000e+00
    endloop
  endfacet
  facet normal 9.238795e-01 -3.826834e-01 0.000000e+00
    outer loop
      vertex   2.352516e+00 2.716250e+01 -1.000000e+00
      vertex   2.352516e+00 2.716250e+01 0.000000e+00
      vertex   2.220148e+00 2.684294e+01 -1.000000e+00
    endloop
  endfacet
  facet normal 9.238795e-01 -3.826834e-01 0.000000e+00
    outer loop
      vertex   2.220148e+00 2.684294e+01 -1.000000e+00
      vertex   2.352516e+00 2.716250e+01 0.000000e+00
      vertex   2.220148e+00 2.684294e+01 0.000000e+00
    endloop
  endfacet
  facet normal 9.914449e-01 -1.305262e-01 0.000000e+00
    outer loop
      vertex   6.022015e+01 2.684294e+01 -1.000000e+00
      vertex   6.022015e+01 2.684294e+01 0.000000e+00
      vertex   6.017500e+01 2.650000e+01 -1.000000e+00
    endloop
  endfacet
  facet normal 9.914449e-01 -1.305262e-01 0.000000e+00
    outer loop
      vertex   6.017500e+01 2.650000e+01 -1.000000e+00
      vertex   6.022015e+01 2.684294e+01 0.000000e+00
      vertex   6.017500e+01 2.650000e+01 0.000000e+00
    endloop
  endfacet
  facet normal 9.914449e-01 1.305262e-01 -0.000000e+00
    outer loop
      vertex   6.017500e+01 2.650000e+01 -1.000000e+00
      vertex   6.017500e+01 2.650000e+01 0.000000e+00
      vertex   6.022015e+01 2.615706e+01 -1.000000e+00
    endloop
  endfacet
  facet normal 9.914449e-01 1.305262e-01 -0.000000e+00
    outer loop
      vertex   6.022015e+01 2.615706e+01 -1.000000e+00
      vertex   6.017500e+01 2.650000e+01 0.000000e+00
      vertex   6.022015e+01 2.615706e+01 0.000000e+00
    endloop
  endfacet
  facet normal 9.238795e-01 3.826834e-01 -0.000000e+00
    outer loop
      vertex   6.022015e+01 2.615706e+01 -1.000000e+00
      vertex   6.022015e+01 2.615706e+01 0.000000e+00
      vertex   6.035252e+01 2.583750e+01 -1.000000e+00
    endloop
  endfacet
  facet normal 9.238795e-01 3.826834e-01 -0.000000e+00
    outer loop
      vertex   6.035252e+01 2.583750e+01 -1.000000e+00
      vertex   6.022015e+01 2.615706e+01 0.000000e+00
      vertex   6.035252e+01 2.583750e+01 0.000000e+00
    endloop
  endfacet
  facet normal 7.933533e-01 6.087614e-01 -0.000000e+00
    outer loop
      vertex   6.035252e+01 2.583750e+01 -1.000000e+00
      vertex   6.035252e+01 2.583750e+01 0.000000e+00
      vertex   6.056308e+01 2.556308e+01 -1.000000e+00
    endloop
  endfacet
  facet normal 7.933533e-01 6.087614e-01 -0.000000e+00
    outer loop
      vertex   6.056308e+01 2.556308e+01 -1.000000e+00
      vertex   6.035252e+01 2.583750e+01 0.000000e+00
      vertex   6.056308e+01 2.556308e+01 0.000000e+00
    endloop
  endfacet
  facet normal 6.087614e-01 7.933533e-01 -0.000000e+00
    outer loop
      vertex   6.056308e+01 2.556308e+01 -1.000000e+00
      vertex   6.056308e+01 2.556308e+01 0.000000e+00
      vertex   6.083750e+01 2.535252e+01 -1.000000e+00
    endloop
  endfacet
  facet normal 6.087614e-01 7.933533e-01 -0.000000e+00
    outer loop
      vertex   6.083750e+01 2.535252e+01 -1.000000e+00
      vertex   6.056308e+01 2.556308e+01 0.000000e+00
      vertex   6.083750e+01 2.535252e+01 0.000000e+00
    endloop
  endfacet
  facet normal 3.826834e-01 9.238795e-01 -0.000000e+00
    outer loop
      vertex   6.083750e+01 2.535252e+01 -1.000000e+00
      vertex   6.083750e+01 2.535252e+01 0.000000e+00
      vertex   6.115706e+01 2.522015e+01 -1.000000e+00
    endloop
  endfacet
  facet normal 3.826834e-01 9.238795e-01 -0.000000e+00
    outer loop
      vertex   6.115706e+01 2.522015e+01 -1.000000e+00
      vertex   6.083750e+01 2.535252e+01 0.000000e+00
      vertex   6.115706e+01 2.522015e+01 0.000000e+00
    endloop
  endfacet
  facet normal 1.305262e-01 9.914449e-01 -0.000000e+00
    outer loop
      vertex   6.115706e+01 2.522015e+01 -1.000000e+00
      vertex   6.115706e+01 2.522015e+01 0.000000e+00
      vertex   6.150000e+01 2.517500e+01 -1.000000e+00
    endloop
  endfacet
  facet normal 1.305262e-01 9.914449e-01 -0.000000e+00
    outer loop
      vertex   6.150000e+01 2.517500e+01 -1.000000e+00
      vertex   6.115706e+01 2.522015e+01 0.000000e+00
      vertex   6.150000e+01 2.517500e+01 0.000000e+00
    endloop
  endfacet
  facet normal -1.305262e-01 9.914449e-01 0.000000e+00
    outer loop
      vertex   6.150000e+01 2.517500e+01 -1.000000e+00
      vertex   6.150000e+01 2.517500e+01 0.000000e+00
      vertex   6.184294e+01 2.522015e+01 -1.000000e+00
    endloop
  endfacet
  facet normal -1.305262e-01 9.914449e-01 0.000000e+00
    outer loop
      vertex   6.184294e+01 2.522015e+01 -1.000000e+00
      vertex   6.150000e+01 2.517500e+01 0.000000e+00
      vertex   6.184294e+01 2.522015e+01 0.000000e+00
    endloop
  endfacet
  facet normal -3.826834e-01 9.238795e-01 0.000000e+00
    outer loop
      vertex   6.184294e+01 2.522015e+01 -1.000000e+00
      vertex   6.184294e+01 2.522015e+01 0.000000e+00
      vertex   6.216250e+01 2.535252e+01 -1.000000e+00
    endloop
  endfacet
  facet normal -3.826834e-01 9.238795e-01 -3.282279e-15
    outer loop
      vertex   6.216250e+01 2.535252e+01 -1.000000e+00
      vertex   6.184294e+01 2.522015e+01 0.000000e+00
      vertex   6.216250e+01 2.535252e+01 0.000000e+00
    endloop
  endfacet
  facet normal -6.087614e-01 7.933533e-01 -2.818557e-15
    outer loop
      vertex   6.216250e+01 2.535252e+01 -1.000000e+00
      vertex   6.216250e+01 2.535252e+01 0.000000e+00
      vertex   6.243692e+01 2.556308e+01 -1.000000e+00
    endloop
  endfacet
  facet normal -6.087614e-01 7.933533e-01 0.000000e+00
    outer loop
      vertex   6.243692e+01 2.556308e+01 -1.000000e+00
      vertex   6.216250e+01 2.535252e+01 0.000000e+00
      vertex   6.243692e+01 2.556308e+01 0.000000e+00
    endloop
  endfacet
  facet normal -7.933533e-01 6.087614e-01 0.000000e+00
    outer loop
      vertex   6.243692e+01 2.556308e+01 -1.000000e+00
      vertex   6.243692e+01 2.556308e+01 0.000000e+00
      vertex   6.264748e+01 2.583750e+01 -1.000000e+00
    endloop
  endfacet
  facet normal -7.933533e-01 6.087614e-01 0.000000e+00
    outer loop
      vertex   6.264748e+01 2.583750e+01 -1.000000e+00
      vertex   6.243692e+01 2.556308e+01 0.000000e+00
      vertex   6.264748e+01 2.583750e+01 0.000000e+00
    endloop
  endfacet
  facet normal -9.238795e-01 3.826834e-01 0.000000e+00
    outer loop
      vertex   6.264748e+01 2.583750e+01 -1.000000e+00
      vertex   6.264748e+01 2.583750e+01 0.000000e+00
      vertex   6.277985e+01 2.615706e+01 -1.000000e+00
    endloop
  endfacet
  facet normal -9.238795e-01 3.826834e-01 0.000000e+00
    outer loop
      vertex   6.277985e+01 2.615706e+01 -1.000000e+00
      vertex   6.264748e+01 2.583750e+01 0.000000e+00
      vertex   6.277985e+01 2.615706e+01 0.000000e+00
    endloop
  endfacet
  facet normal -9.914449e-01 1.305262e-01 0.000000e+00
    outer loop
      vertex   6.277985e+01 2.615706e+01 -1.000000e+00
      vertex   6.277985e+01 2.615706e+01 0.000000e+00
      vertex   6.282500e+01 2.650000e+01 -1.000000e+00
    endloop
  endfacet
  facet normal -9.914449e-01 1.305262e-01 0.000000e+00
    outer loop
      vertex   6.282500e+01 2.650000e+01 -1.000000e+00
      vertex   6.277985e+01 2.615706e+01 0.000000e+00
      vertex   6.282500e+01 2.650000e+01 0.000000e+00
    endloop
  endfacet
  facet normal -9.914449e-01 -1.305262e-01 0.000000e+00
    outer loop
      vertex   6.282500e+01 2.650000e+01 -1.000000e+00
      vertex   6.282500e+01 2.650000e+01 0.000000e+00
      vertex   6.277985e+01 2.684294e+01 -1.000000e+00
    endloop
  endfacet
  facet normal -9.914449e-01 -1.305262e-01 0.000000e+00
    outer loop
      vertex   6.277985e+01 2.684294e+01 -1.000000e+00
      vertex   6.282500e+01 2.650000e+01 0.000000e+00
      vertex   6.277985e+01 2.684294e+01 0.000000e+00
    endloop
  endfacet
  facet normal -9.238795e-01 -3.826834e-01 0.000000e+00
    outer loop
      vertex   6.277985e+01 2.684294e+01 -1.000000e+00
      vertex   6.277985e+01 2.684294e+01 0.000000e+00
      vertex   6.264748e+01 2.716250e+01 -1.000000e+00
    endloop
  endfacet
  facet normal -9.238795e-01 -3.826834e-01 0.000000e+00
    outer loop
      vertex   6.264748e+01 2.716250e+01 -1.000000e+00
      vertex   6.277985e+01 2.684294e+01 0.000000e+00
      vertex   6.264748e+01 2.716250e+01 0.000000e+00
    endloop
  endfacet
  facet normal -7.933533e-01 -6.087614e-01 0.000000e+00
    outer loop
      vertex   6.264748e+01 2.716250e+01 -1.000000e+00
      vertex   6.264748e+01 2.716250e+01 0.000000e+00
      vertex   6.243692e+01 2.743692e+01 -1.000000e+00
    endloop
  endfacet
  facet normal -7.933533e-01 -6.087614e-01 0.000000e+00
    outer loop
      vertex   6.243692e+01 2.743692e+01 -1.000000e+00
      vertex   6.264748e+01 2.716250e+01 0.000000e+00
      vertex   6.243692e+01 2.743692e+01 0.000000e+00
    endloop
  endfacet
  facet normal -6.087614e-01 -7.933533e-01 0.000000e+00
    outer loop
      vertex   6.243692e+01 2.743692e+01 -1.000000e+00
      vertex   6.243692e+01 2.743692e+01 0.000000e+00
      vertex   6.216250e+01 2.764748e+01 -1.000000e+00
    endloop
  endfacet
  facet normal -6.087614e-01 -7.933533e-01 2.818557e-15
    outer loop
      vertex   6.216250e+01 2.764748e+01 -1.000000e+00
      vertex   6.243692e+01 2.743692e+01 0.000000e+00
      vertex   6.216250e+01 2.764748e+01 0.000000e+00
    endloop
  endfacet
  facet normal -3.826834e-01 -9.238795e-01 3.282279e-15
    outer loop
      vertex   6.216250e+01 2.764748e+01 -1.000000e+00
      vertex   6.216250e+01 2.764748e+01 0.000000e+00
      vertex   6.184294e+01 2.777985e+01 -1.000000e+00
    endloop
  endfacet
  facet normal -3.826834e-01 -9.238795e-01 0.000000e+00
    outer loop
      vertex   6.184294e+01 2.777985e+01 -1.000000e+00
      vertex   6.216250e+01 2.764748e+01 0.000000e+00
      vertex   6.184294e+01 2.777985e+01 0.000000e+00
    endloop
  endfacet
  facet normal -1.305262e-01 -9.914449e-01 0.000000e+00
    outer loop
      vertex   6.184294e+01 2.777985e+01 -1.000000e+00
      vertex   6.184294e+01 2.777985e+01 0.000000e+00
      vertex   6.150000e+01 2.782500e+01 -1.000000e+00
    endloop
  endfacet
  facet normal -1.305262e-01 -9.914449e-01 0.000000e+00
    outer loop
      vertex   6.150000e+01 2.782500e+01 -1.000000e+00
      vertex   6.184294e+01 2.777985e+01 0.000000e+00
      vertex   6.150000e+01 2.782500e+01 0.000000e+00
    endloop
  endfacet
  facet normal 1.305262e-01 -9.914449e-01 0.000000e+00
    outer loop
      vertex   6.150000e+01 2.782500e+01 -1.000000e+00
      vertex   6.150000e+01 2.782500e+01 0.000000e+00
      vertex   6.115706e+01 2.777985e+01 -1.000000e+00
    endloop
  endfacet
  facet normal 1.305262e-01 -9.914449e-01 0.000000e+00
    outer loop
      vertex   6.115706e+01 2.777985e+01 -1.000000e+00
      vertex   6.150000e+01 2.782500e+01 0.000000e+00
      vertex   6.115706e+01 2.777985e+01 0.000000e+00
    endloop
  endfacet
  facet normal 3.826834e-01 -9.238795e-01 0.000000e+00
    outer loop
      vertex   6.115706e+01 2.777985e+01 -1.000000e+00
      vertex   6.115706e+01 2.777985e+01 0.000000e+00
      vertex   6.083750e+01 2.764748e+01 -1.000000e+00
    endloop
  endfacet
  facet normal 3.826834e-01 -9.238795e-01 0.000000e+00
    outer loop
      vertex   6.083750e+01 2.764748e+01 -1.000000e+00
      vertex   6.115706e+01 2.777985e+01 0.000000e+00
      vertex   6.083750e+01 2.764748e+01 0.000000e+00
    endloop
  endfacet
  facet normal 6.087614e-01 -7.933533e-01 0.000000e+00
    outer loop
      vertex   6.083750e+01 2.764748e+01 -1.000000e+00
      vertex   6.083750e+01 2.764748e+01 0.000000e+00
      vertex   6.056308e+01 2.743692e+01 -1.000000e+00
    endloop
  endfacet
  facet normal 6.087614e-01 -7.933533e-01 0.000000e+00
    outer loop
      vertex   6.056308e+01 2.743692e+01 -1.000000e+00
      vertex   6.083750e+01 2.764748e+01 0.000000e+00
      vertex   6.056308e+01 2.743692e+01 0.000000e+00
    endloop
  endfacet
  facet normal 7.933533e-01 -6.087614e-01 0.000000e+00
    outer loop
      vertex   6.056308e+01 2.743692e+01 -1.000000e+00
      vertex   6.056308e+01 2.743692e+01 0.000000e+00
      vertex   6.035252e+01 2.716250e+01 -1.000000e+00
    endloop
  endfacet
  facet normal 7.933533e-01 -6.087614e-01 0.000000e+00
    outer loop
      vertex   6.035252e+01 2.716250e+01 -1.000000e+00
      vertex   6.056308e+01 2.743692e+01 0.000000e+00
      vertex   6.035252e+01 2.716250e+01 0.000000e+00
    endloop
  endfacet
  facet normal 9.238795e-01 -3.826834e-01 0.000000e+00
    outer loop
      vertex   6.035252e+01 2.716250e+01 -1.000000e+00
      vertex   6.035252e+01 2.716250e+01 0.000000e+00
      vertex   6.022015e+01 2.684294e+01 -1.000000e+00
    endloop
  endfacet
  facet normal 9.238795e-01 -3.826834e-01 0.000000e+00
    outer loop
      vertex   6.022015e+01 2.684294e+01 -1.000000e+00
      vertex   6.035252e+01 2.716250e+01 0.000000e+00
      vertex   6.022015e+01 2.684294e+01 0.000000e+00
    endloop
  endfacet
  facet normal 6.021549e-17 1.000000e+00 0.000000e+00
    outer loop
      vertex   3.000000e+00 3.000000e+01 0.000000e+00
      vertex   6.200000e+01 3.000000e+01 0.000000e+00
      vertex   3.000000e+00 3.000000e+01 -1.000000e+00
    endloop
  endfacet
  facet normal 6.021549e-17 1.000000e+00 0.000000e+00
    outer loop
      vertex   3.000000e+00 3.000000e+01 -1.000000e+00
      vertex   6.200000e+01 3.000000e+01 0.000000e+00
      vertex   6.200000e+01 3.000000e+01 -1.000000e+00
    endloop
  endfacet
  facet normal -9.961947e-01 8.715574e-02 -1.105998e-15
    outer loop
      vertex   0.000000e+00 2.700000e+01 -1.000000e+00
      vertex   -1.110223e-15 2.700000e+01 0.000000e+00
      vertex   4.557674e-02 2.752094e+01 -1.000000e+00
    endloop
  endfacet
  facet normal -9.961947e-01 8.715574e-02 0.000000e+00
    outer loop
      vertex   4.557674e-02 2.752094e+01 -1.000000e+00
      vertex   -1.110223e-15 2.700000e+01 0.000000e+00
      vertex   4.557674e-02 2.752094e+01 0.000000e+00
    endloop
  endfacet
  facet normal -9.659258e-01 2.588190e-01 0.000000e+00
    outer loop
      vertex   4.557674e-02 2.752094e+01 -1.000000e+00
      vertex   4.557674e-02 2.752094e+01 0.000000e+00
      vertex   1.809221e-01 2.802606e+01 -1.000000e+00
    endloop
  endfacet
  facet normal -9.659258e-01 2.588190e-01 0.000000e+00
    outer loop
      vertex   1.809221e-01 2.802606e+01 -1.000000e+00
      vertex   4.557674e-02 2.752094e+01 0.000000e+00
      vertex   1.809221e-01 2.802606e+01 0.000000e+00
    endloop
  endfacet
  facet normal -9.063078e-01 4.226183e-01 0.000000e+00
    outer loop
      vertex   1.809221e-01 2.802606e+01 -1.000000e+00
      vertex   1.809221e-01 2.802606e+01 0.000000e+00
      vertex   4.019238e-01 2.850000e+01 -1.000000e+00
    endloop
  endfacet
  facet normal -9.063078e-01 4.226183e-01 -5.031019e-16
    outer loop
      vertex   4.019238e-01 2.850000e+01 -1.000000e+00
      vertex   1.809221e-01 2.802606e+01 0.000000e+00
      vertex   4.019238e-01 2.850000e+01 0.000000e+00
    endloop
  endfacet
  facet normal -8.191520e-01 5.735764e-01 -4.547207e-16
    outer loop
      vertex   4.019238e-01 2.850000e+01 -1.000000e+00
      vertex   4.019238e-01 2.850000e+01 0.000000e+00
      vertex   7.018667e-01 2.892836e+01 -1.000000e+00
    endloop
  endfacet
  facet normal -8.191520e-01 5.735764e-01 0.000000e+00
    outer loop
      vertex   7.018667e-01 2.892836e+01 -1.000000e+00
      vertex   4.019238e-01 2.850000e+01 0.000000e+00
      vertex   7.018667e-01 2.892836e+01 0.000000e+00
    endloop
  endfacet
  facet normal -7.071068e-01 7.071068e-01 0.000000e+00
    outer loop
      vertex   7.018667e-01 2.892836e+01 -1.000000e+00
      vertex   7.018667e-01 2.892836e+01 0.000000e+00
      vertex   1.071637e+00 2.929813e+01 -1.000000e+00
    endloop
  endfacet
  facet normal -7.071068e-01 7.071068e-01 0.000000e+00
    outer loop
      vertex   1.071637e+00 2.929813e+01 -1.000000e+00
      vertex   7.018667e-01 2.892836e+01 0.000000e+00
      vertex   1.071637e+00 2.929813e+01 0.000000e+00
    endloop
  endfacet
  facet normal -5.735764e-01 8.191520e-01 0.000000e+00
    outer loop
      vertex   1.071637e+00 2.929813e+01 -1.000000e+00
      vertex   1.071637e+00 2.929813e+01 0.000000e+00
      vertex   1.500000e+00 2.959808e+01 -1.000000e+00
    endloop
  endfacet
  facet normal -5.735764e-01 8.191520e-01 -1.273596e-16
    outer loop
      vertex   1.500000e+00 2.959808e+01 -1.000000e+00
      vertex   1.071637e+00 2.929813e+01 0.000000e+00
      vertex   1.500000e+00 2.959808e+01 0.000000e+00
    endloop
  endfacet
  facet normal -4.226183e-01 9.063078e-01 -9.384010e-17
    outer loop
      vertex   1.500000e+00 2.959808e+01 -1.000000e+00
      vertex   1.500000e+00 2.959808e+01 0.000000e+00
      vertex   1.973940e+00 2.981908e+01 -1.000000e+00
    endloop
  endfacet
  facet normal -4.226183e-01 9.063078e-01 -9.384010e-17
    outer loop
      vertex   1.973940e+00 2.981908e+01 -1.000000e+00
      vertex   1.500000e+00 2.959808e+01 0.000000e+00
      vertex   1.973940e+00 2.981908e+01 0.000000e+00
    endloop
  endfacet
  facet normal -2.588190e-01 9.659258e-01 -5.746937e-17
    outer loop
      vertex   1.973940e+00 2.981908e+01 -1.000000e+00
      vertex   1.973940e+00 2.981908e+01 0.000000e+00
      vertex   2.479055e+00 2.995442e+01 -1.000000e+00
    endloop
  endfacet
  facet normal -2.588190e-01 9.659258e-01 0.000000e+00
    outer loop
      vertex   2.479055e+00 2.995442e+01 -1.000000e+00
      vertex   1.973940e+00 2.981908e+01 0.000000e+00
      vertex   2.479055e+00 2.995442e+01 0.000000e+00
    endloop
  endfacet
  facet normal -8.715574e-02 9.961947e-01 0.000000e+00
    outer loop
      vertex   2.479055e+00 2.995442e+01 -1.000000e+00
      vertex   2.479055e+00 2.995442e+01 0.000000e+00
      vertex   3.000000e+00 3.000000e+01 -1.000000e+00
    endloop
  endfacet
  facet normal -8.715574e-02 9.961947e-01 0.000000e+00
    outer loop
      vertex   3.000000e+00 3.000000e+01 -1.000000e+00
      vertex   2.479055e+00 2.995442e+01 0.000000e+00
      vertex   3.000000e+00 3.000000e+01 0.000000e+00
    endloop
  endfacet
  facet normal -1.000000e+00 -4.625929e-17 -0.000000e+00
    outer loop
      vertex   0.000000e+00 3.000000e+00 0.000000e+00
      vertex   -1.110223e-15 2.700000e+01 0.000000e+00
      vertex   0.000000e+00 3.000000e+00 -1.000000e+00
    endloop
  endfacet
  facet normal -1.000000e+00 0.000000e+00 -1.110223e-15
    outer loop
      vertex   0.000000e+00 3.000000e+00 -1.000000e+00
      vertex   -1.110223e-15 2.700000e+01 0.000000e+00
      vertex   0.000000e+00 2.700000e+01 -1.000000e+00
    endloop
  endfacet
  facet normal -8.715574e-02 -9.961947e-01 1.935246e-16
    outer loop
      vertex   3.000000e+00 0.000000e+00 -1.000000e+00
      vertex   3.000000e+00 0.000000e+00 0.000000e+00
      vertex   2.479055e+00 4.557674e-02 -1.000000e+00
    endloop
  endfacet
  facet normal -8.715574e-02 -9.961947e-01 0.000000e+00
    outer loop
      vertex   2.479055e+00 4.557674e-02 -1.000000e+00
      vertex   3.000000e+00 0.000000e+00 0.000000e+00
      vertex   2.479055e+00 4.557674e-02 0.000000e+00
    endloop
  endfacet
  facet normal -2.588190e-01 -9.659258e-01 0.000000e+00
    outer loop
      vertex   2.479055e+00 4.557674e-02 -1.000000e+00
      vertex   2.479055e+00 4.557674e-02 0.000000e+00
      vertex   1.973940e+00 1.809221e-01 -1.000000e+00
    endloop
  endfacet
  facet normal -2.588190e-01 -9.659258e-01 0.000000e+00
    outer loop
      vertex   1.973940e+00 1.809221e-01 -1.000000e+00
      vertex   2.479055e+00 4.557674e-02 0.000000e+00
      vertex   1.973940e+00 1.809221e-01 0.000000e+00
    endloop
  endfacet
  facet normal -4.226183e-01 -9.063078e-01 0.000000e+00
    outer loop
      vertex   1.973940e+00 1.809221e-01 -1.000000e+00
      vertex   1.973940e+00 1.809221e-01 0.000000e+00
      vertex   1.500000e+00 4.019238e-01 -1.000000e+00
    endloop
  endfacet
  facet normal -4.226183e-01 -9.063078e-01 -2.215816e-16
    outer loop
      vertex   1.500000e+00 4.019238e-01 -1.000000e+00
      vertex   1.973940e+00 1.809221e-01 0.000000e+00
      vertex   1.500000e+00 4.019238e-01 0.000000e+00
    endloop
  endfacet
  facet normal -5.735764e-01 -8.191520e-01 -7.264207e-17
    outer loop
      vertex   1.500000e+00 4.019238e-01 -1.000000e+00
      vertex   1.500000e+00 4.019238e-01 0.000000e+00
      vertex   1.071637e+00 7.018667e-01 -1.000000e+00
    endloop
  endfacet
  facet normal -5.735764e-01 -8.191520e-01 -1.454729e-16
    outer loop
      vertex   1.071637e+00 7.018667e-01 -1.000000e+00
      vertex   1.500000e+00 4.019238e-01 0.000000e+00
      vertex   1.071637e+00 7.018667e-01 0.000000e+00
    endloop
  endfacet
  facet normal -7.071068e-01 -7.071068e-01 -7.850462e-17
    outer loop
      vertex   1.071637e+00 7.018667e-01 -1.000000e+00
      vertex   1.071637e+00 7.018667e-01 0.000000e+00
      vertex   7.018667e-01 1.071637e+00 -1.000000e+00
    endloop
  endfacet
  facet normal -7.071068e-01 -7.071068e-01 3.925231e-16
    outer loop
      vertex   7.018667e-01 1.071637e+00 -1.000000e+00
      vertex   1.071637e+00 7.018667e-01 0.000000e+00
      vertex   7.018667e-01 1.071637e+00 0.000000e+00
    endloop
  endfacet
  facet normal -8.191520e-01 -5.735764e-01 4.547207e-16
    outer loop
      vertex   7.018667e-01 1.071637e+00 -1.000000e+00
      vertex   7.018667e-01 1.071637e+00 0.000000e+00
      vertex   4.019238e-01 1.500000e+00 -1.000000e+00
    endloop
  endfacet
  facet normal -8.191520e-01 -5.735764e-01 -3.820787e-16
    outer loop
      vertex   4.019238e-01 1.500000e+00 -1.000000e+00
      vertex   7.018667e-01 1.071637e+00 0.000000e+00
      vertex   4.019238e-01 1.500000e+00 0.000000e+00
    endloop
  endfacet
  facet normal -9.063078e-01 -4.226183e-01 -2.815203e-16
    outer loop
      vertex   4.019238e-01 1.500000e+00 -1.000000e+00
      vertex   4.019238e-01 1.500000e+00 0.000000e+00
      vertex   1.809221e-01 1.973940e+00 -1.000000e+00
    endloop
  endfacet
  facet normal -9.063078e-01 -4.226183e-01 0.000000e+00
    outer loop
      vertex   1.809221e-01 1.973940e+00 -1.000000e+00
      vertex   4.019238e-01 1.500000e+00 0.000000e+00
      vertex   1.809221e-01 1.973940e+00 0.000000e+00
    endloop
  endfacet
  facet normal -9.659258e-01 -2.588190e-01 0.000000e+00
    outer loop
      vertex   1.809221e-01 1.973940e+00 -1.000000e+00
      vertex   1.809221e-01 1.973940e+00 0.000000e+00
      vertex   4.557674e-02 2.479055e+00 -1.000000e+00
    endloop
  endfacet
  facet normal -9.659258e-01 -2.588190e-01 -1.149387e-16
    outer loop
      vertex   4.557674e-02 2.479055e+00 -1.000000e+00
      vertex   1.809221e-01 1.973940e+00 0.000000e+00
      vertex   4.557674e-02 2.479055e+00 0.000000e+00
    endloop
  endfacet
  facet normal -9.961947e-01 -8.715574e-02 -3.870492e-17
    outer loop
      vertex   4.557674e-02 2.479055e+00 -1.000000e+00
      vertex   4.557674e-02 2.479055e+00 0.000000e+00
      vertex   0.000000e+00 3.000000e+00 -1.000000e+00
    endloop
  endfacet
  facet normal -9.961947e-01 -8.715574e-02 0.000000e+00
    outer loop
      vertex   0.000000e+00 3.000000e+00 -1.000000e+00
      vertex   4.557674e-02 2.479055e+00 0.000000e+00
      vertex   0.000000e+00 3.000000e+00 0.000000e+00
    endloop
  endfacet
  facet normal 0.000000e+00 -1.000000e+00 -0.000000e+00
    outer loop
      vertex   3.000000e+00 0.000000e+00 0.000000e+00
      vertex   3.000000e+00 0.000000e+00 -1.000000e+00
      vertex   6.780000e+00 0.000000e+00 0.000000e+00
    endloop
  endfacet
  facet normal 0.000000e+00 -1.000000e+00 -0.000000e+00
    outer loop
      vertex   6.780000e+00 0.000000e+00 0.000000e+00
      vertex   3.000000e+00 0.000000e+00 -1.000000e+00
      vertex   1.798000e+01 0.000000e+00 0.000000e+00
    endloop
  endfacet
  facet normal 0.000000e+00 -1.000000e+00 -0.000000e+00
    outer loop
      vertex   1.798000e+01 0.000000e+00 0.000000e+00
      vertex   3.000000e+00 0.000000e+00 -1.000000e+00
      vertex   3.762277e+01 0.000000e+00 0.000000e+00
    endloop
  endfacet
  facet normal 0.000000e+00 -1.000000e+00 -0.000000e+00
    outer loop
      vertex   3.762277e+01 0.000000e+00 0.000000e+00
      vertex   3.000000e+00 0.000000e+00 -1.000000e+00
      vertex   6.200000e+01 0.000000e+00 -1.000000e+00
    endloop
  endfacet
  facet normal 0.000000e+00 -1.000000e+00 0.000000e+00
    outer loop
      vertex   3.762277e+01 0.000000e+00 0.000000e+00
      vertex   6.200000e+01 0.000000e+00 -1.000000e+00
      vertex   4.562272e+01 0.000000e+00 0.000000e+00
    endloop
  endfacet
  facet normal 0.000000e+00 -1.000000e+00 0.000000e+00
    outer loop
      vertex   4.562272e+01 0.000000e+00 0.000000e+00
      vertex   6.200000e+01 0.000000e+00 -1.000000e+00
      vertex   4.987277e+01 0.000000e+00 0.000000e+00
    endloop
  endfacet
  facet normal 0.000000e+00 -1.000000e+00 0.000000e+00
    outer loop
      vertex   4.987277e+01 0.000000e+00 0.000000e+00
      vertex   6.200000e+01 0.000000e+00 -1.000000e+00
      vertex   5.787272e+01 0.000000e+00 0.000000e+00
    endloop
  endfacet
  facet normal 0.000000e+00 -1.000000e+00 0.000000e+00
    outer loop
      vertex   5.787272e+01 0.000000e+00 0.000000e+00
      vertex   6.200000e+01 0.000000e+00 -1.000000e+00
      vertex   6.200000e+01 0.000000e+00 0.000000e+00
    endloop
  endfacet
  facet normal 9.961947e-01 -8.715574e-02 7.740985e-17
    outer loop
      vertex   6.500000e+01 3.000000e+00 -1.000000e+00
      vertex   6.500000e+01 3.000000e+00 0.000000e+00
      vertex   6.495442e+01 2.479055e+00 -1.000000e+00
    endloop
  endfacet
  facet normal 9.961947e-01 -8.715574e-02 0.000000e+00
    outer loop
      vertex   6.495442e+01 2.479055e+00 -1.000000e+00
      vertex   6.500000e+01 3.000000e+00 0.000000e+00
      vertex   6.495442e+01 2.479055e+00 0.000000e+00
    endloop
  endfacet
  facet normal 9.659258e-01 -2.588190e-01 0.000000e+00
    outer loop
      vertex   6.495442e+01 2.479055e+00 -1.000000e+00
      vertex   6.495442e+01 2.479055e+00 0.000000e+00
      vertex   6.481908e+01 1.973940e+00 -1.000000e+00
    endloop
  endfacet
  facet normal 9.659258e-01 -2.588190e-01 -1.149387e-16
    outer loop
      vertex   6.481908e+01 1.973940e+00 -1.000000e+00
      vertex   6.495442e+01 2.479055e+00 0.000000e+00
      vertex   6.481908e+01 1.973940e+00 0.000000e+00
    endloop
  endfacet
  facet normal 9.063078e-01 -4.226183e-01 -1.876802e-16
    outer loop
      vertex   6.481908e+01 1.973940e+00 -1.000000e+00
      vertex   6.481908e+01 1.973940e+00 0.000000e+00
      vertex   6.459808e+01 1.500000e+00 -1.000000e+00
    endloop
  endfacet
  facet normal 9.063078e-01 -4.226183e-01 -3.753604e-16
    outer loop
      vertex   6.459808e+01 1.500000e+00 -1.000000e+00
      vertex   6.481908e+01 1.973940e+00 0.000000e+00
      vertex   6.459808e+01 1.500000e+00 0.000000e+00
    endloop
  endfacet
  facet normal 8.191520e-01 -5.735764e-01 -5.094382e-16
    outer loop
      vertex   6.459808e+01 1.500000e+00 -1.000000e+00
      vertex   6.459808e+01 1.500000e+00 0.000000e+00
      vertex   6.429813e+01 1.071637e+00 -1.000000e+00
    endloop
  endfacet
  facet normal 8.191520e-01 -5.735764e-01 0.000000e+00
    outer loop
      vertex   6.429813e+01 1.071637e+00 -1.000000e+00
      vertex   6.459808e+01 1.500000e+00 0.000000e+00
      vertex   6.429813e+01 1.071637e+00 0.000000e+00
    endloop
  endfacet
  facet normal 7.071068e-01 -7.071068e-01 0.000000e+00
    outer loop
      vertex   6.429813e+01 1.071637e+00 -1.000000e+00
      vertex   6.429813e+01 1.071637e+00 0.000000e+00
      vertex   6.392836e+01 7.018667e-01 -1.000000e+00
    endloop
  endfacet
  facet normal 7.071068e-01 -7.071068e-01 0.000000e+00
    outer loop
      vertex   6.392836e+01 7.018667e-01 -1.000000e+00
      vertex   6.429813e+01 1.071637e+00 0.000000e+00
      vertex   6.392836e+01 7.018667e-01 0.000000e+00
    endloop
  endfacet
  facet normal 5.735764e-01 -8.191520e-01 0.000000e+00
    outer loop
      vertex   6.392836e+01 7.018667e-01 -1.000000e+00
      vertex   6.392836e+01 7.018667e-01 0.000000e+00
      vertex   6.350000e+01 4.019238e-01 -1.000000e+00
    endloop
  endfacet
  facet normal 5.735764e-01 -8.191520e-01 0.000000e+00
    outer loop
      vertex   6.350000e+01 4.019238e-01 -1.000000e+00
      vertex   6.392836e+01 7.018667e-01 0.000000e+00
      vertex   6.350000e+01 4.019238e-01 0.000000e+00
    endloop
  endfacet
  facet normal 4.226183e-01 -9.063078e-01 0.000000e+00
    outer loop
      vertex   6.350000e+01 4.019238e-01 -1.000000e+00
      vertex   6.350000e+01 4.019238e-01 0.000000e+00
      vertex   6.302606e+01 1.809221e-01 -1.000000e+00
    endloop
  endfacet
  facet normal 4.226183e-01 -9.063078e-01 0.000000e+00
    outer loop
      vertex   6.302606e+01 1.809221e-01 -1.000000e+00
      vertex   6.350000e+01 4.019238e-01 0.000000e+00
      vertex   6.302606e+01 1.809221e-01 0.000000e+00
    endloop
  endfacet
  facet normal 2.588190e-01 -9.659258e-01 0.000000e+00
    outer loop
      vertex   6.302606e+01 1.809221e-01 -1.000000e+00
      vertex   6.302606e+01 1.809221e-01 0.000000e+00
      vertex   6.252095e+01 4.557674e-02 -1.000000e+00
    endloop
  endfacet
  facet normal 2.588190e-01 -9.659258e-01 3.678040e-15
    outer loop
      vertex   6.252095e+01 4.557674e-02 -1.000000e+00
      vertex   6.302606e+01 1.809221e-01 0.000000e+00
      vertex   6.252095e+01 4.557674e-02 0.000000e+00
    endloop
  endfacet
  facet normal 8.715574e-02 -9.961947e-01 1.238558e-15
    outer loop
      vertex   6.252095e+01 4.557674e-02 -1.000000e+00
      vertex   6.252095e+01 4.557674e-02 0.000000e+00
      vertex   6.200000e+01 0.000000e+00 -1.000000e+00
    endloop
  endfacet
  facet normal 8.715574e-02 -9.961947e-01 0.000000e+00
    outer loop
      vertex   6.200000e+01 0.000000e+00 -1.000000e+00
      vertex   6.252095e+01 4.557674e-02 0.000000e+00
      vertex   6.200000e+01 0.000000e+00 0.000000e+00
    endloop
  endfacet
  facet normal 1.000000e+00 -0.000000e+00 0.000000e+00
    outer loop
      vertex   6.500000e+01 3.000000e+00 0.000000e+00
      vertex   6.500000e+01 3.000000e+00 -1.000000e+00
      vertex   6.500000e+01 6.500000e+00 0.000000e+00
    endloop
  endfacet
  facet normal 1.000000e+00 -0.000000e+00 0.000000e+00
    outer loop
      vertex   6.500000e+01 6.500000e+00 0.000000e+00
      vertex   6.500000e+01 3.000000e+00 -1.000000e+00
      vertex   6.500000e+01 2.350000e+01 0.000000e+00
    endloop
  endfacet
  facet normal 1.000000e+00 0.000000e+00 0.000000e+00
    outer loop
      vertex   6.500000e+01 2.350000e+01 0.000000e+00
      vertex   6.500000e+01 3.000000e+00 -1.000000e+00
      vertex   6.500000e+01 2.700000e+01 -1.000000e+00
    endloop
  endfacet
  facet normal 1.000000e+00 -0.000000e+00 0.000000e+00
    outer loop
      vertex   6.500000e+01 2.350000e+01 0.000000e+00
      vertex   6.500000e+01 2.700000e+01 -1.000000e+00
      vertex   6.500000e+01 2.700000e+01 0.000000e+00
    endloop
  endfacet
  facet normal 8.715574e-02 9.961947e-01 -0.000000e+00
    outer loop
      vertex   6.200000e+01 3.000000e+01 -1.000000e+00
      vertex   6.200000e+01 3.000000e+01 0.000000e+00
      vertex   6.252095e+01 2.995442e+01 -1.000000e+00
    endloop
  endfacet
  facet normal 8.715574e-02 9.961947e-01 -0.000000e+00
    outer loop
      vertex   6.252095e+01 2.995442e+01 -1.000000e+00
      vertex   6.200000e+01 3.000000e+01 0.000000e+00
      vertex   6.252095e+01 2.995442e+01 0.000000e+00
    endloop
  endfacet
  facet normal 2.588190e-01 9.659258e-01 -0.000000e+00
    outer loop
      vertex   6.252095e+01 2.995442e+01 -1.000000e+00
      vertex   6.252095e+01 2.995442e+01 0.000000e+00
      vertex   6.302606e+01 2.981908e+01 -1.000000e+00
    endloop
  endfacet
  facet normal 2.588190e-01 9.659258e-01 -0.000000e+00
    outer loop
      vertex   6.302606e+01 2.981908e+01 -1.000000e+00
      vertex   6.252095e+01 2.995442e+01 0.000000e+00
      vertex   6.302606e+01 2.981908e+01 0.000000e+00
    endloop
  endfacet
  facet normal 4.226183e-01 9.063078e-01 -0.000000e+00
    outer loop
      vertex   6.302606e+01 2.981908e+01 -1.000000e+00
      vertex   6.302606e+01 2.981908e+01 0.000000e+00
      vertex   6.350000e+01 2.959808e+01 -1.000000e+00
    endloop
  endfacet
  facet normal 4.226183e-01 9.063078e-01 -0.000000e+00
    outer loop
      vertex   6.350000e+01 2.959808e+01 -1.000000e+00
      vertex   6.302606e+01 2.981908e+01 0.000000e+00
      vertex   6.350000e+01 2.959808e+01 0.000000e+00
    endloop
  endfacet
  facet normal 5.735764e-01 8.191520e-01 -0.000000e+00
    outer loop
      vertex   6.350000e+01 2.959808e+01 -1.000000e+00
      vertex   6.350000e+01 2.959808e+01 0.000000e+00
      vertex   6.392836e+01 2.929813e+01 -1.000000e+00
    endloop
  endfacet
  facet normal 5.735764e-01 8.191520e-01 -0.000000e+00
    outer loop
      vertex   6.392836e+01 2.929813e+01 -1.000000e+00
      vertex   6.350000e+01 2.959808e+01 0.000000e+00
      vertex   6.392836e+01 2.929813e+01 0.000000e+00
    endloop
  endfacet
  facet normal 7.071068e-01 7.071068e-01 -0.000000e+00
    outer loop
      vertex   6.392836e+01 2.929813e+01 -1.000000e+00
      vertex   6.392836e+01 2.929813e+01 0.000000e+00
      vertex   6.429813e+01 2.892836e+01 -1.000000e+00
    endloop
  endfacet
  facet normal 7.071068e-01 7.071068e-01 -0.000000e+00
    outer loop
      vertex   6.429813e+01 2.892836e+01 -1.000000e+00
      vertex   6.392836e+01 2.929813e+01 0.000000e+00
      vertex   6.429813e+01 2.892836e+01 0.000000e+00
    endloop
  endfacet
  facet normal 8.191520e-01 5.735764e-01 -0.000000e+00
    outer loop
      vertex   6.429813e+01 2.892836e+01 -1.000000e+00
      vertex   6.429813e+01 2.892836e+01 0.000000e+00
      vertex   6.459808e+01 2.850000e+01 -1.000000e+00
    endloop
  endfacet
  facet normal 8.191520e-01 5.735764e-01 -0.000000e+00
    outer loop
      vertex   6.459808e+01 2.850000e+01 -1.000000e+00
      vertex   6.429813e+01 2.892836e+01 0.000000e+00
      vertex   6.459808e+01 2.850000e+01 0.000000e+00
    endloop
  endfacet
  facet normal 9.063078e-01 4.226183e-01 -0.000000e+00
    outer loop
      vertex   6.459808e+01 2.850000e+01 -1.000000e+00
      vertex   6.459808e+01 2.850000e+01 0.000000e+00
      vertex   6.481908e+01 2.802606e+01 -1.000000e+00
    endloop
  endfacet
  facet normal 9.063078e-01 4.226183e-01 -0.000000e+00
    outer loop
      vertex   6.481908e+01 2.802606e+01 -1.000000e+00
      vertex   6.459808e+01 2.850000e+01 0.000000e+00
      vertex   6.481908e+01 2.802606e+01 0.000000e+00
    endloop
  endfacet
  facet normal 9.659258e-01 2.588190e-01 -0.000000e+00
    outer loop
      vertex   6.481908e+01 2.802606e+01 -1.000000e+00
      vertex   6.481908e+01 2.802606e+01 0.000000e+00
      vertex   6.495442e+01 2.752094e+01 -1.000000e+00
    endloop
  endfacet
  facet normal 9.659258e-01 2.588190e-01 -0.000000e+00
    outer loop
      vertex   6.495442e+01 2.752094e+01 -1.000000e+00
      vertex   6.481908e+01 2.802606e+01 0.000000e+00
      vertex   6.495442e+01 2.752094e+01 0.000000e+00
    endloop
  endfacet
  facet normal 9.961947e-01 8.715574e-02 -0.000000e+00
    outer loop
      vertex   6.495442e+01 2.752094e+01 -1.000000e+00
      vertex   6.495442e+01 2.752094e+01 0.000000e+00
      vertex   6.500000e+01 2.700000e+01 -1.000000e+00
    endloop
  endfacet
  facet normal 9.961947e-01 8.715574e-02 -0.000000e+00
    outer loop
      vertex   6.500000e+01 2.700000e+01 -1.000000e+00
      vertex   6.495442e+01 2.752094e+01 0.000000e+00
      vertex   6.500000e+01 2.700000e+01 0.000000e+00
    endloop
  endfacet
  facet normal 0.000000e+00 0.000000e+00 1.000000e+00
    outer loop
      vertex   5.789173e+01 2.905980e+01 0.000000e+00
      vertex   3.000000e+00 3.000000e+01 0.000000e+00
      vertex   7.092071e+00 2.905980e+01 0.000000e+00
    endloop
  endfacet
  facet normal 0.000000e+00 0.000000e+00 1.000000e+00
    outer loop
      vertex   7.092071e+00 2.905980e+01 0.000000e+00
      vertex   3.000000e+00 3.000000e+01 0.000000e+00
      vertex   3.842935e+00 2.777985e+01 0.000000e+00
    endloop
  endfacet
  facet normal 0.000000e+00 0.000000e+00 1.000000e+00
    outer loop
      vertex   7.092071e+00 2.905980e+01 0.000000e+00
      vertex   3.842935e+00 2.777985e+01 0.000000e+00
      vertex   4.162500e+00 2.764748e+01 0.000000e+00
    endloop
  endfacet
  facet normal 0.000000e+00 0.000000e+00 1.000000e+00
    outer loop
      vertex   5.789173e+01 2.397970e+01 0.000000e+00
      vertex   6.017500e+01 2.650000e+01 0.000000e+00
      vertex   5.789173e+01 2.905980e+01 0.000000e+00
    endloop
  endfacet
  facet normal 0.000000e+00 0.000000e+00 1.000000e+00
    outer loop
      vertex   5.789173e+01 2.905980e+01 0.000000e+00
      vertex   6.017500e+01 2.650000e+01 0.000000e+00
      vertex   6.022015e+01 2.684294e+01 0.000000e+00
    endloop
  endfacet
  facet normal 0.000000e+00 0.000000e+00 1.000000e+00
    outer loop
      vertex   5.789173e+01 2.905980e+01 0.000000e+00
      vertex   6.022015e+01 2.684294e+01 0.000000e+00
      vertex   6.035252e+01 2.716250e+01 0.000000e+00
    endloop
  endfacet
  facet normal -0.000000e+00 0.000000e+00 1.000000e+00
    outer loop
      vertex   7.092071e+00 2.397970e+01 0.000000e+00
      vertex   1.310245e+01 2.281071e+01 0.000000e+00
      vertex   5.789173e+01 2.397970e+01 0.000000e+00
    endloop
  endfacet
  facet normal 0.000000e+00 0.000000e+00 1.000000e+00
    outer loop
      vertex   5.789173e+01 2.397970e+01 0.000000e+00
      vertex   1.310245e+01 2.281071e+01 0.000000e+00
      vertex   3.575000e+01 1.900000e+01 0.000000e+00
    endloop
  endfacet
  facet normal 0.000000e+00 0.000000e+00 1.000000e+00
    outer loop
      vertex   5.789173e+01 2.397970e+01 0.000000e+00
      vertex   3.575000e+01 1.900000e+01 0.000000e+00
      vertex   6.200000e+01 6.500000e+00 0.000000e+00
    endloop
  endfacet
  facet normal 0.000000e+00 0.000000e+00 1.000000e+00
    outer loop
      vertex   6.200000e+01 6.500000e+00 0.000000e+00
      vertex   3.575000e+01 1.900000e+01 0.000000e+00
      vertex   4.987277e+01 4.464039e+00 0.000000e+00
    endloop
  endfacet
  facet normal 0.000000e+00 0.000000e+00 1.000000e+00
    outer loop
      vertex   6.200000e+01 6.500000e+00 0.000000e+00
      vertex   4.987277e+01 4.464039e+00 0.000000e+00
      vertex   5.787272e+01 4.464039e+00 0.000000e+00
    endloop
  endfacet
  facet normal 0.000000e+00 0.000000e+00 1.000000e+00
    outer loop
      vertex   7.092071e+00 2.905980e+01 0.000000e+00
      vertex   4.825000e+00 2.650000e+01 0.000000e+00
      vertex   7.092071e+00 2.397970e+01 0.000000e+00
    endloop
  endfacet
  facet normal 0.000000e+00 0.000000e+00 1.000000e+00
    outer loop
      vertex   7.092071e+00 2.397970e+01 0.000000e+00
      vertex   4.825000e+00 2.650000e+01 0.000000e+00
      vertex   4.779852e+00 2.615706e+01 0.000000e+00
    endloop
  endfacet
  facet normal 0.000000e+00 0.000000e+00 1.000000e+00
    outer loop
      vertex   7.092071e+00 2.397970e+01 0.000000e+00
      vertex   4.779852e+00 2.615706e+01 0.000000e+00
      vertex   4.647484e+00 2.583750e+01 0.000000e+00
    endloop
  endfacet
  facet normal 0.000000e+00 0.000000e+00 1.000000e+00
    outer loop
      vertex   1.700000e+00 2.281071e+01 0.000000e+00
      vertex   -1.110223e-15 2.700000e+01 0.000000e+00
      vertex   1.700000e+00 1.086000e+01 0.000000e+00
    endloop
  endfacet
  facet normal 0.000000e+00 0.000000e+00 1.000000e+00
    outer loop
      vertex   1.700000e+00 1.086000e+01 0.000000e+00
      vertex   -1.110223e-15 2.700000e+01 0.000000e+00
      vertex   0.000000e+00 3.000000e+00 0.000000e+00
    endloop
  endfacet
  facet normal 0.000000e+00 0.000000e+00 1.000000e+00
    outer loop
      vertex   1.700000e+00 1.086000e+01 0.000000e+00
      vertex   0.000000e+00 3.000000e+00 0.000000e+00
      vertex   2.563083e+00 4.436916e+00 0.000000e+00
    endloop
  endfacet
  facet normal 0.000000e+00 0.000000e+00 1.000000e+00
    outer loop
      vertex   2.563083e+00 4.436916e+00 0.000000e+00
      vertex   0.000000e+00 3.000000e+00 0.000000e+00
      vertex   2.352516e+00 4.162500e+00 0.000000e+00
    endloop
  endfacet
  facet normal 0.000000e+00 0.000000e+00 1.000000e+00
    outer loop
      vertex   2.352516e+00 4.162500e+00 0.000000e+00
      vertex   0.000000e+00 3.000000e+00 0.000000e+00
      vertex   2.220148e+00 3.842935e+00 0.000000e+00
    endloop
  endfacet
  facet normal 0.000000e+00 0.000000e+00 1.000000e+00
    outer loop
      vertex   2.220148e+00 3.842935e+00 0.000000e+00
      vertex   0.000000e+00 3.000000e+00 0.000000e+00
      vertex   2.175000e+00 3.500000e+00 0.000000e+00
    endloop
  endfacet
  facet normal 0.000000e+00 0.000000e+00 1.000000e+00
    outer loop
      vertex   2.175000e+00 3.500000e+00 0.000000e+00
      vertex   0.000000e+00 3.000000e+00 0.000000e+00
      vertex   2.220148e+00 3.157065e+00 0.000000e+00
    endloop
  endfacet
  facet normal 0.000000e+00 0.000000e+00 1.000000e+00
    outer loop
      vertex   2.220148e+00 3.157065e+00 0.000000e+00
      vertex   0.000000e+00 3.000000e+00 0.000000e+00
      vertex   2.352516e+00 2.837500e+00 0.000000e+00
    endloop
  endfacet
  facet normal 0.000000e+00 0.000000e+00 1.000000e+00
    outer loop
      vertex   2.352516e+00 2.837500e+00 0.000000e+00
      vertex   0.000000e+00 3.000000e+00 0.000000e+00
      vertex   4.557674e-02 2.479055e+00 0.000000e+00
    endloop
  endfacet
  facet normal 0.000000e+00 0.000000e+00 1.000000e+00
    outer loop
      vertex   2.352516e+00 2.837500e+00 0.000000e+00
      vertex   4.557674e-02 2.479055e+00 0.000000e+00
      vertex   2.563083e+00 2.563083e+00 0.000000e+00
    endloop
  endfacet
  facet normal 0.000000e+00 0.000000e+00 1.000000e+00
    outer loop
      vertex   2.563083e+00 2.563083e+00 0.000000e+00
      vertex   4.557674e-02 2.479055e+00 0.000000e+00
      vertex   1.809221e-01 1.973940e+00 0.000000e+00
    endloop
  endfacet
  facet normal 0.000000e+00 0.000000e+00 1.000000e+00
    outer loop
      vertex   2.563083e+00 2.563083e+00 0.000000e+00
      vertex   1.809221e-01 1.973940e+00 0.000000e+00
      vertex   2.837500e+00 2.352516e+00 0.000000e+00
    endloop
  endfacet
  facet normal 0.000000e+00 0.000000e+00 1.000000e+00
    outer loop
      vertex   2.837500e+00 2.352516e+00 0.000000e+00
      vertex   1.809221e-01 1.973940e+00 0.000000e+00
      vertex   4.019238e-01 1.500000e+00 0.000000e+00
    endloop
  endfacet
  facet normal 0.000000e+00 0.000000e+00 1.000000e+00
    outer loop
      vertex   2.837500e+00 2.352516e+00 0.000000e+00
      vertex   4.019238e-01 1.500000e+00 0.000000e+00
      vertex   3.157065e+00 2.220148e+00 0.000000e+00
    endloop
  endfacet
  facet normal 0.000000e+00 0.000000e+00 1.000000e+00
    outer loop
      vertex   3.157065e+00 2.220148e+00 0.000000e+00
      vertex   4.019238e-01 1.500000e+00 0.000000e+00
      vertex   7.018667e-01 1.071637e+00 0.000000e+00
    endloop
  endfacet
  facet normal 0.000000e+00 0.000000e+00 1.000000e+00
    outer loop
      vertex   3.157065e+00 2.220148e+00 0.000000e+00
      vertex   7.018667e-01 1.071637e+00 0.000000e+00
      vertex   1.071637e+00 7.018667e-01 0.000000e+00
    endloop
  endfacet
  facet normal 0.000000e+00 0.000000e+00 1.000000e+00
    outer loop
      vertex   1.310245e+01 2.281071e+01 0.000000e+00
      vertex   7.092071e+00 2.397970e+01 0.000000e+00
      vertex   1.700000e+00 2.281071e+01 0.000000e+00
    endloop
  endfacet
  facet normal 0.000000e+00 0.000000e+00 1.000000e+00
    outer loop
      vertex   1.700000e+00 2.281071e+01 0.000000e+00
      vertex   7.092071e+00 2.397970e+01 0.000000e+00
      vertex   3.500000e+00 2.517500e+01 0.000000e+00
    endloop
  endfacet
  facet normal 0.000000e+00 0.000000e+00 1.000000e+00
    outer loop
      vertex   1.700000e+00 2.281071e+01 0.000000e+00
      vertex   3.500000e+00 2.517500e+01 0.000000e+00
      vertex   3.157065e+00 2.522015e+01 0.000000e+00
    endloop
  endfacet
  facet normal 0.000000e+00 0.000000e+00 1.000000e+00
    outer loop
      vertex   3.575000e+01 1.900000e+01 0.000000e+00
      vertex   1.310245e+01 2.281071e+01 0.000000e+00
      vertex   2.375000e+01 1.900000e+01 0.000000e+00
    endloop
  endfacet
  facet normal 0.000000e+00 0.000000e+00 1.000000e+00
    outer loop
      vertex   2.375000e+01 1.900000e+01 0.000000e+00
      vertex   1.310245e+01 2.281071e+01 0.000000e+00
      vertex   1.310245e+01 1.086000e+01 0.000000e+00
    endloop
  endfacet
  facet normal 0.000000e+00 0.000000e+00 1.000000e+00
    outer loop
      vertex   2.375000e+01 1.900000e+01 0.000000e+00
      vertex   1.310245e+01 1.086000e+01 0.000000e+00
      vertex   2.375000e+01 7.000000e+00 0.000000e+00
    endloop
  endfacet
  facet normal 0.000000e+00 0.000000e+00 1.000000e+00
    outer loop
      vertex   2.375000e+01 7.000000e+00 0.000000e+00
      vertex   1.310245e+01 1.086000e+01 0.000000e+00
      vertex   1.798000e+01 7.310000e+00 0.000000e+00
    endloop
  endfacet
  facet normal 0.000000e+00 0.000000e+00 1.000000e+00
    outer loop
      vertex   2.375000e+01 7.000000e+00 0.000000e+00
      vertex   1.798000e+01 7.310000e+00 0.000000e+00
      vertex   1.798000e+01 0.000000e+00 0.000000e+00
    endloop
  endfacet
  facet normal 0.000000e+00 0.000000e+00 1.000000e+00
    outer loop
      vertex   1.798000e+01 7.310000e+00 0.000000e+00
      vertex   1.310245e+01 1.086000e+01 0.000000e+00
      vertex   6.780000e+00 7.310000e+00 0.000000e+00
    endloop
  endfacet
  facet normal 0.000000e+00 -0.000000e+00 1.000000e+00
    outer loop
      vertex   6.780000e+00 7.310000e+00 0.000000e+00
      vertex   1.310245e+01 1.086000e+01 0.000000e+00
      vertex   1.700000e+00 1.086000e+01 0.000000e+00
    endloop
  endfacet
  facet normal 0.000000e+00 0.000000e+00 1.000000e+00
    outer loop
      vertex   6.780000e+00 7.310000e+00 0.000000e+00
      vertex   1.700000e+00 1.086000e+01 0.000000e+00
      vertex   3.157065e+00 4.779852e+00 0.000000e+00
    endloop
  endfacet
  facet normal 0.000000e+00 0.000000e+00 1.000000e+00
    outer loop
      vertex   3.157065e+00 4.779852e+00 0.000000e+00
      vertex   1.700000e+00 1.086000e+01 0.000000e+00
      vertex   2.837500e+00 4.647484e+00 0.000000e+00
    endloop
  endfacet
  facet normal 0.000000e+00 0.000000e+00 1.000000e+00
    outer loop
      vertex   2.837500e+00 4.647484e+00 0.000000e+00
      vertex   1.700000e+00 1.086000e+01 0.000000e+00
      vertex   2.563083e+00 4.436916e+00 0.000000e+00
    endloop
  endfacet
  facet normal 0.000000e+00 0.000000e+00 1.000000e+00
    outer loop
      vertex   3.157065e+00 2.220148e+00 0.000000e+00
      vertex   1.071637e+00 7.018667e-01 0.000000e+00
      vertex   3.500000e+00 2.175000e+00 0.000000e+00
    endloop
  endfacet
  facet normal 0.000000e+00 0.000000e+00 1.000000e+00
    outer loop
      vertex   3.500000e+00 2.175000e+00 0.000000e+00
      vertex   1.071637e+00 7.018667e-01 0.000000e+00
      vertex   1.500000e+00 4.019238e-01 0.000000e+00
    endloop
  endfacet
  facet normal 0.000000e+00 0.000000e+00 1.000000e+00
    outer loop
      vertex   3.500000e+00 2.175000e+00 0.000000e+00
      vertex   1.500000e+00 4.019238e-01 0.000000e+00
      vertex   1.973940e+00 1.809221e-01 0.000000e+00
    endloop
  endfacet
  facet normal -0.000000e+00 -0.000000e+00 1.000000e+00
    outer loop
      vertex   2.479055e+00 4.557674e-02 0.000000e+00
      vertex   3.000000e+00 0.000000e+00 0.000000e+00
      vertex   1.973940e+00 1.809221e-01 0.000000e+00
    endloop
  endfacet
  facet normal -0.000000e+00 0.000000e+00 1.000000e+00
    outer loop
      vertex   1.973940e+00 1.809221e-01 0.000000e+00
      vertex   3.000000e+00 0.000000e+00 0.000000e+00
      vertex   3.500000e+00 2.175000e+00 0.000000e+00
    endloop
  endfacet
  facet normal -0.000000e+00 0.000000e+00 1.000000e+00
    outer loop
      vertex   3.500000e+00 2.175000e+00 0.000000e+00
      vertex   3.000000e+00 0.000000e+00 0.000000e+00
      vertex   3.842935e+00 2.220148e+00 0.000000e+00
    endloop
  endfacet
  facet normal 0.000000e+00 0.000000e+00 1.000000e+00
    outer loop
      vertex   3.842935e+00 2.220148e+00 0.000000e+00
      vertex   3.000000e+00 0.000000e+00 0.000000e+00
      vertex   6.780000e+00 0.000000e+00 0.000000e+00
    endloop
  endfacet
  facet normal -0.000000e+00 0.000000e+00 1.000000e+00
    outer loop
      vertex   3.842935e+00 2.220148e+00 0.000000e+00
      vertex   6.780000e+00 0.000000e+00 0.000000e+00
      vertex   4.162500e+00 2.352516e+00 0.000000e+00
    endloop
  endfacet
  facet normal -0.000000e+00 0.000000e+00 1.000000e+00
    outer loop
      vertex   4.162500e+00 2.352516e+00 0.000000e+00
      vertex   6.780000e+00 0.000000e+00 0.000000e+00
      vertex   4.436916e+00 2.563083e+00 0.000000e+00
    endloop
  endfacet
  facet normal -0.000000e+00 0.000000e+00 1.000000e+00
    outer loop
      vertex   4.436916e+00 2.563083e+00 0.000000e+00
      vertex   6.780000e+00 0.000000e+00 0.000000e+00
      vertex   4.647484e+00 2.837500e+00 0.000000e+00
    endloop
  endfacet
  facet normal -0.000000e+00 0.000000e+00 1.000000e+00
    outer loop
      vertex   4.647484e+00 2.837500e+00 0.000000e+00
      vertex   6.780000e+00 0.000000e+00 0.000000e+00
      vertex   4.779852e+00 3.157065e+00 0.000000e+00
    endloop
  endfacet
  facet normal -0.000000e+00 0.000000e+00 1.000000e+00
    outer loop
      vertex   4.779852e+00 3.157065e+00 0.000000e+00
      vertex   6.780000e+00 0.000000e+00 0.000000e+00
      vertex   4.825000e+00 3.500000e+00 0.000000e+00
    endloop
  endfacet
  facet normal -0.000000e+00 0.000000e+00 1.000000e+00
    outer loop
      vertex   4.825000e+00 3.500000e+00 0.000000e+00
      vertex   6.780000e+00 0.000000e+00 0.000000e+00
      vertex   6.780000e+00 7.310000e+00 0.000000e+00
    endloop
  endfacet
  facet normal 0.000000e+00 -0.000000e+00 1.000000e+00
    outer loop
      vertex   4.825000e+00 3.500000e+00 0.000000e+00
      vertex   6.780000e+00 7.310000e+00 0.000000e+00
      vertex   4.779852e+00 3.842935e+00 0.000000e+00
    endloop
  endfacet
  facet normal 0.000000e+00 -0.000000e+00 1.000000e+00
    outer loop
      vertex   4.779852e+00 3.842935e+00 0.000000e+00
      vertex   6.780000e+00 7.310000e+00 0.000000e+00
      vertex   4.647484e+00 4.162500e+00 0.000000e+00
    endloop
  endfacet
  facet normal 0.000000e+00 -0.000000e+00 1.000000e+00
    outer loop
      vertex   4.647484e+00 4.162500e+00 0.000000e+00
      vertex   6.780000e+00 7.310000e+00 0.000000e+00
      vertex   4.436916e+00 4.436916e+00 0.000000e+00
    endloop
  endfacet
  facet normal 0.000000e+00 -0.000000e+00 1.000000e+00
    outer loop
      vertex   4.436916e+00 4.436916e+00 0.000000e+00
      vertex   6.780000e+00 7.310000e+00 0.000000e+00
      vertex   4.162500e+00 4.647484e+00 0.000000e+00
    endloop
  endfacet
  facet normal 0.000000e+00 -0.000000e+00 1.000000e+00
    outer loop
      vertex   4.162500e+00 4.647484e+00 0.000000e+00
      vertex   6.780000e+00 7.310000e+00 0.000000e+00
      vertex   3.842935e+00 4.779852e+00 0.000000e+00
    endloop
  endfacet
  facet normal 0.000000e+00 -0.000000e+00 1.000000e+00
    outer loop
      vertex   3.842935e+00 4.779852e+00 0.000000e+00
      vertex   6.780000e+00 7.310000e+00 0.000000e+00
      vertex   3.500000e+00 4.825000e+00 0.000000e+00
    endloop
  endfacet
  facet normal 0.000000e+00 -0.000000e+00 1.000000e+00
    outer loop
      vertex   3.500000e+00 4.825000e+00 0.000000e+00
      vertex   6.780000e+00 7.310000e+00 0.000000e+00
      vertex   3.157065e+00 4.779852e+00 0.000000e+00
    endloop
  endfacet
  facet normal 0.000000e+00 -0.000000e+00 1.000000e+00
    outer loop
      vertex   3.762277e+01 0.000000e+00 0.000000e+00
      vertex   3.762277e+01 4.464039e+00 0.000000e+00
      vertex   1.798000e+01 0.000000e+00 0.000000e+00
    endloop
  endfacet
  facet normal 0.000000e+00 0.000000e+00 1.000000e+00
    outer loop
      vertex   1.798000e+01 0.000000e+00 0.000000e+00
      vertex   3.762277e+01 4.464039e+00 0.000000e+00
      vertex   2.375000e+01 7.000000e+00 0.000000e+00
    endloop
  endfacet
  facet normal -0.000000e+00 0.000000e+00 1.000000e+00
    outer loop
      vertex   2.375000e+01 7.000000e+00 0.000000e+00
      vertex   3.762277e+01 4.464039e+00 0.000000e+00
      vertex   3.575000e+01 7.000000e+00 0.000000e+00
    endloop
  endfacet
  facet normal 0.000000e+00 0.000000e+00 1.000000e+00
    outer loop
      vertex   3.575000e+01 7.000000e+00 0.000000e+00
      vertex   3.762277e+01 4.464039e+00 0.000000e+00
      vertex   4.562272e+01 4.464039e+00 0.000000e+00
    endloop
  endfacet
  facet normal 0.000000e+00 0.000000e+00 1.000000e+00
    outer loop
      vertex   3.575000e+01 7.000000e+00 0.000000e+00
      vertex   4.562272e+01 4.464039e+00 0.000000e+00
      vertex   4.987277e+01 4.464039e+00 0.000000e+00
    endloop
  endfacet
  facet normal 0.000000e+00 0.000000e+00 1.000000e+00
    outer loop
      vertex   4.987277e+01 4.464039e+00 0.000000e+00
      vertex   4.562272e+01 4.464039e+00 0.000000e+00
      vertex   4.987277e+01 0.000000e+00 0.000000e+00
    endloop
  endfacet
  facet normal 0.000000e+00 0.000000e+00 1.000000e+00
    outer loop
      vertex   4.987277e+01 0.000000e+00 0.000000e+00
      vertex   4.562272e+01 4.464039e+00 0.000000e+00
      vertex   4.562272e+01 0.000000e+00 0.000000e+00
    endloop
  endfacet
  facet normal 0.000000e+00 0.000000e+00 1.000000e+00
    outer loop
      vertex   5.787272e+01 0.000000e+00 0.000000e+00
      vertex   6.035252e+01 2.837500e+00 0.000000e+00
      vertex   5.787272e+01 4.464039e+00 0.000000e+00
    endloop
  endfacet
  facet normal 0.000000e+00 0.000000e+00 1.000000e+00
    outer loop
      vertex   5.787272e+01 4.464039e+00 0.000000e+00
      vertex   6.035252e+01 2.837500e+00 0.000000e+00
      vertex   6.022015e+01 3.157065e+00 0.000000e+00
    endloop
  endfacet
  facet normal 0.000000e+00 0.000000e+00 1.000000e+00
    outer loop
      vertex   5.787272e+01 4.464039e+00 0.000000e+00
      vertex   6.022015e+01 3.157065e+00 0.000000e+00
      vertex   6.017500e+01 3.500000e+00 0.000000e+00
    endloop
  endfacet
  facet normal 0.000000e+00 0.000000e+00 1.000000e+00
    outer loop
      vertex   6.200000e+01 0.000000e+00 0.000000e+00
      vertex   6.115706e+01 2.220148e+00 0.000000e+00
      vertex   5.787272e+01 0.000000e+00 0.000000e+00
    endloop
  endfacet
  facet normal 0.000000e+00 0.000000e+00 1.000000e+00
    outer loop
      vertex   5.787272e+01 0.000000e+00 0.000000e+00
      vertex   6.115706e+01 2.220148e+00 0.000000e+00
      vertex   6.083750e+01 2.352516e+00 0.000000e+00
    endloop
  endfacet
  facet normal 0.000000e+00 0.000000e+00 1.000000e+00
    outer loop
      vertex   5.787272e+01 0.000000e+00 0.000000e+00
      vertex   6.083750e+01 2.352516e+00 0.000000e+00
      vertex   6.056308e+01 2.563083e+00 0.000000e+00
    endloop
  endfacet
  facet normal 0.000000e+00 -0.000000e+00 1.000000e+00
    outer loop
      vertex   6.252095e+01 4.557674e-02 0.000000e+00
      vertex   6.302606e+01 1.809221e-01 0.000000e+00
      vertex   6.200000e+01 0.000000e+00 0.000000e+00
    endloop
  endfacet
  facet normal 0.000000e+00 -0.000000e+00 1.000000e+00
    outer loop
      vertex   6.200000e+01 0.000000e+00 0.000000e+00
      vertex   6.302606e+01 1.809221e-01 0.000000e+00
      vertex   6.150000e+01 2.175000e+00 0.000000e+00
    endloop
  endfacet
  facet normal 0.000000e+00 0.000000e+00 1.000000e+00
    outer loop
      vertex   6.200000e+01 0.000000e+00 0.000000e+00
      vertex   6.150000e+01 2.175000e+00 0.000000e+00
      vertex   6.115706e+01 2.220148e+00 0.000000e+00
    endloop
  endfacet
  facet normal 0.000000e+00 -0.000000e+00 1.000000e+00
    outer loop
      vertex   6.302606e+01 1.809221e-01 0.000000e+00
      vertex   6.350000e+01 4.019238e-01 0.000000e+00
      vertex   6.150000e+01 2.175000e+00 0.000000e+00
    endloop
  endfacet
  facet normal 0.000000e+00 0.000000e+00 1.000000e+00
    outer loop
      vertex   6.150000e+01 2.175000e+00 0.000000e+00
      vertex   6.350000e+01 4.019238e-01 0.000000e+00
      vertex   6.392836e+01 7.018667e-01 0.000000e+00
    endloop
  endfacet
  facet normal -0.000000e+00 0.000000e+00 1.000000e+00
    outer loop
      vertex   6.150000e+01 2.175000e+00 0.000000e+00
      vertex   6.392836e+01 7.018667e-01 0.000000e+00
      vertex   6.184294e+01 2.220148e+00 0.000000e+00
    endloop
  endfacet
  facet normal 0.000000e+00 0.000000e+00 1.000000e+00
    outer loop
      vertex   6.184294e+01 2.220148e+00 0.000000e+00
      vertex   6.392836e+01 7.018667e-01 0.000000e+00
      vertex   6.429813e+01 1.071637e+00 0.000000e+00
    endloop
  endfacet
  facet normal 0.000000e+00 0.000000e+00 1.000000e+00
    outer loop
      vertex   6.184294e+01 2.220148e+00 0.000000e+00
      vertex   6.429813e+01 1.071637e+00 0.000000e+00
      vertex   6.459808e+01 1.500000e+00 0.000000e+00
    endloop
  endfacet
  facet normal -0.000000e+00 0.000000e+00 1.000000e+00
    outer loop
      vertex   6.184294e+01 2.220148e+00 0.000000e+00
      vertex   6.459808e+01 1.500000e+00 0.000000e+00
      vertex   6.216250e+01 2.352516e+00 0.000000e+00
    endloop
  endfacet
  facet normal 0.000000e+00 0.000000e+00 1.000000e+00
    outer loop
      vertex   6.216250e+01 2.352516e+00 0.000000e+00
      vertex   6.459808e+01 1.500000e+00 0.000000e+00
      vertex   6.481908e+01 1.973940e+00 0.000000e+00
    endloop
  endfacet
  facet normal -0.000000e+00 0.000000e+00 1.000000e+00
    outer loop
      vertex   6.216250e+01 2.352516e+00 0.000000e+00
      vertex   6.481908e+01 1.973940e+00 0.000000e+00
      vertex   6.243692e+01 2.563083e+00 0.000000e+00
    endloop
  endfacet
  facet normal 0.000000e+00 0.000000e+00 1.000000e+00
    outer loop
      vertex   6.243692e+01 2.563083e+00 0.000000e+00
      vertex   6.481908e+01 1.973940e+00 0.000000e+00
      vertex   6.495442e+01 2.479055e+00 0.000000e+00
    endloop
  endfacet
  facet normal -0.000000e+00 0.000000e+00 1.000000e+00
    outer loop
      vertex   6.243692e+01 2.563083e+00 0.000000e+00
      vertex   6.495442e+01 2.479055e+00 0.000000e+00
      vertex   6.264748e+01 2.837500e+00 0.000000e+00
    endloop
  endfacet
  facet normal -0.000000e+00 0.000000e+00 1.000000e+00
    outer loop
      vertex   6.264748e+01 2.837500e+00 0.000000e+00
      vertex   6.495442e+01 2.479055e+00 0.000000e+00
      vertex   6.500000e+01 3.000000e+00 0.000000e+00
    endloop
  endfacet
  facet normal 0.000000e+00 0.000000e+00 1.000000e+00
    outer loop
      vertex   6.264748e+01 2.837500e+00 0.000000e+00
      vertex   6.500000e+01 3.000000e+00 0.000000e+00
      vertex   6.277985e+01 3.157065e+00 0.000000e+00
    endloop
  endfacet
  facet normal -0.000000e+00 0.000000e+00 1.000000e+00
    outer loop
      vertex   6.277985e+01 3.157065e+00 0.000000e+00
      vertex   6.500000e+01 3.000000e+00 0.000000e+00
      vertex   6.282500e+01 3.500000e+00 0.000000e+00
    endloop
  endfacet
  facet normal -0.000000e+00 -0.000000e+00 1.000000e+00
    outer loop
      vertex   6.282500e+01 3.500000e+00 0.000000e+00
      vertex   6.500000e+01 3.000000e+00 0.000000e+00
      vertex   6.277985e+01 3.842935e+00 0.000000e+00
    endloop
  endfacet
  facet normal -0.000000e+00 -0.000000e+00 1.000000e+00
    outer loop
      vertex   6.277985e+01 3.842935e+00 0.000000e+00
      vertex   6.500000e+01 3.000000e+00 0.000000e+00
      vertex   6.264748e+01 4.162500e+00 0.000000e+00
    endloop
  endfacet
  facet normal -0.000000e+00 0.000000e+00 1.000000e+00
    outer loop
      vertex   6.264748e+01 4.162500e+00 0.000000e+00
      vertex   6.500000e+01 3.000000e+00 0.000000e+00
      vertex   6.500000e+01 6.500000e+00 0.000000e+00
    endloop
  endfacet
  facet normal 0.000000e+00 -0.000000e+00 1.000000e+00
    outer loop
      vertex   6.264748e+01 4.162500e+00 0.000000e+00
      vertex   6.500000e+01 6.500000e+00 0.000000e+00
      vertex   6.243692e+01 4.436916e+00 0.000000e+00
    endloop
  endfacet
  facet normal 0.000000e+00 -0.000000e+00 1.000000e+00
    outer loop
      vertex   6.243692e+01 4.436916e+00 0.000000e+00
      vertex   6.500000e+01 6.500000e+00 0.000000e+00
      vertex   6.216250e+01 4.647484e+00 0.000000e+00
    endloop
  endfacet
  facet normal 0.000000e+00 -0.000000e+00 1.000000e+00
    outer loop
      vertex   6.216250e+01 4.647484e+00 0.000000e+00
      vertex   6.500000e+01 6.500000e+00 0.000000e+00
      vertex   6.184294e+01 4.779852e+00 0.000000e+00
    endloop
  endfacet
  facet normal 0.000000e+00 0.000000e+00 1.000000e+00
    outer loop
      vertex   6.184294e+01 4.779852e+00 0.000000e+00
      vertex   6.500000e+01 6.500000e+00 0.000000e+00
      vertex   6.200000e+01 6.500000e+00 0.000000e+00
    endloop
  endfacet
  facet normal 0.000000e+00 -0.000000e+00 1.000000e+00
    outer loop
      vertex   6.184294e+01 4.779852e+00 0.000000e+00
      vertex   6.200000e+01 6.500000e+00 0.000000e+00
      vertex   6.150000e+01 4.825000e+00 0.000000e+00
    endloop
  endfacet
  facet normal 0.000000e+00 -0.000000e+00 1.000000e+00
    outer loop
      vertex   6.150000e+01 4.825000e+00 0.000000e+00
      vertex   6.200000e+01 6.500000e+00 0.000000e+00
      vertex   6.115706e+01 4.779852e+00 0.000000e+00
    endloop
  endfacet
  facet normal 0.000000e+00 -0.000000e+00 1.000000e+00
    outer loop
      vertex   6.115706e+01 4.779852e+00 0.000000e+00
      vertex   6.200000e+01 6.500000e+00 0.000000e+00
      vertex   5.787272e+01 4.464039e+00 0.000000e+00
    endloop
  endfacet
  facet normal 0.000000e+00 0.000000e+00 1.000000e+00
    outer loop
      vertex   6.115706e+01 4.779852e+00 0.000000e+00
      vertex   5.787272e+01 4.464039e+00 0.000000e+00
      vertex   6.083750e+01 4.647484e+00 0.000000e+00
    endloop
  endfacet
  facet normal 0.000000e+00 0.000000e+00 1.000000e+00
    outer loop
      vertex   6.083750e+01 4.647484e+00 0.000000e+00
      vertex   5.787272e+01 4.464039e+00 0.000000e+00
      vertex   6.056308e+01 4.436916e+00 0.000000e+00
    endloop
  endfacet
  facet normal 0.000000e+00 0.000000e+00 1.000000e+00
    outer loop
      vertex   6.056308e+01 4.436916e+00 0.000000e+00
      vertex   5.787272e+01 4.464039e+00 0.000000e+00
      vertex   6.035252e+01 4.162500e+00 0.000000e+00
    endloop
  endfacet
  facet normal 0.000000e+00 0.000000e+00 1.000000e+00
    outer loop
      vertex   6.035252e+01 4.162500e+00 0.000000e+00
      vertex   5.787272e+01 4.464039e+00 0.000000e+00
      vertex   6.022015e+01 3.842935e+00 0.000000e+00
    endloop
  endfacet
  facet normal 0.000000e+00 0.000000e+00 1.000000e+00
    outer loop
      vertex   6.022015e+01 3.842935e+00 0.000000e+00
      vertex   5.787272e+01 4.464039e+00 0.000000e+00
      vertex   6.017500e+01 3.500000e+00 0.000000e+00
    endloop
  endfacet
  facet normal 0.000000e+00 -0.000000e+00 1.000000e+00
    outer loop
      vertex   6.200000e+01 6.500000e+00 0.000000e+00
      vertex   6.200000e+01 2.350000e+01 0.000000e+00
      vertex   5.789173e+01 2.397970e+01 0.000000e+00
    endloop
  endfacet
  facet normal -0.000000e+00 0.000000e+00 1.000000e+00
    outer loop
      vertex   5.789173e+01 2.397970e+01 0.000000e+00
      vertex   6.200000e+01 2.350000e+01 0.000000e+00
      vertex   6.115706e+01 2.522015e+01 0.000000e+00
    endloop
  endfacet
  facet normal 0.000000e+00 0.000000e+00 1.000000e+00
    outer loop
      vertex   5.789173e+01 2.397970e+01 0.000000e+00
      vertex   6.115706e+01 2.522015e+01 0.000000e+00
      vertex   6.083750e+01 2.535252e+01 0.000000e+00
    endloop
  endfacet
  facet normal 0.000000e+00 0.000000e+00 1.000000e+00
    outer loop
      vertex   6.500000e+01 2.350000e+01 0.000000e+00
      vertex   6.184294e+01 2.522015e+01 0.000000e+00
      vertex   6.200000e+01 2.350000e+01 0.000000e+00
    endloop
  endfacet
  facet normal 0.000000e+00 0.000000e+00 1.000000e+00
    outer loop
      vertex   6.200000e+01 2.350000e+01 0.000000e+00
      vertex   6.184294e+01 2.522015e+01 0.000000e+00
      vertex   6.150000e+01 2.517500e+01 0.000000e+00
    endloop
  endfacet
  facet normal 0.000000e+00 0.000000e+00 1.000000e+00
    outer loop
      vertex   6.200000e+01 2.350000e+01 0.000000e+00
      vertex   6.150000e+01 2.517500e+01 0.000000e+00
      vertex   6.115706e+01 2.522015e+01 0.000000e+00
    endloop
  endfacet
  facet normal 0.000000e+00 0.000000e+00 1.000000e+00
    outer loop
      vertex   6.500000e+01 2.700000e+01 0.000000e+00
      vertex   6.264748e+01 2.583750e+01 0.000000e+00
      vertex   6.500000e+01 2.350000e+01 0.000000e+00
    endloop
  endfacet
  facet normal 0.000000e+00 0.000000e+00 1.000000e+00
    outer loop
      vertex   6.500000e+01 2.350000e+01 0.000000e+00
      vertex   6.264748e+01 2.583750e+01 0.000000e+00
      vertex   6.243692e+01 2.556308e+01 0.000000e+00
    endloop
  endfacet
  facet normal 0.000000e+00 0.000000e+00 1.000000e+00
    outer loop
      vertex   6.500000e+01 2.350000e+01 0.000000e+00
      vertex   6.243692e+01 2.556308e+01 0.000000e+00
      vertex   6.216250e+01 2.535252e+01 0.000000e+00
    endloop
  endfacet
  facet normal 0.000000e+00 0.000000e+00 1.000000e+00
    outer loop
      vertex   6.495442e+01 2.752094e+01 0.000000e+00
      vertex   6.264748e+01 2.716250e+01 0.000000e+00
      vertex   6.500000e+01 2.700000e+01 0.000000e+00
    endloop
  endfacet
  facet normal 0.000000e+00 0.000000e+00 1.000000e+00
    outer loop
      vertex   6.500000e+01 2.700000e+01 0.000000e+00
      vertex   6.264748e+01 2.716250e+01 0.000000e+00
      vertex   6.277985e+01 2.684294e+01 0.000000e+00
    endloop
  endfacet
  facet normal 0.000000e+00 0.000000e+00 1.000000e+00
    outer loop
      vertex   6.500000e+01 2.700000e+01 0.000000e+00
      vertex   6.277985e+01 2.684294e+01 0.000000e+00
      vertex   6.282500e+01 2.650000e+01 0.000000e+00
    endloop
  endfacet
  facet normal 0.000000e+00 -0.000000e+00 1.000000e+00
    outer loop
      vertex   6.264748e+01 2.716250e+01 0.000000e+00
      vertex   6.495442e+01 2.752094e+01 0.000000e+00
      vertex   6.243692e+01 2.743692e+01 0.000000e+00
    endloop
  endfacet
  facet normal 0.000000e+00 0.000000e+00 1.000000e+00
    outer loop
      vertex   6.243692e+01 2.743692e+01 0.000000e+00
      vertex   6.495442e+01 2.752094e+01 0.000000e+00
      vertex   6.481908e+01 2.802606e+01 0.000000e+00
    endloop
  endfacet
  facet normal 0.000000e+00 -0.000000e+00 1.000000e+00
    outer loop
      vertex   6.243692e+01 2.743692e+01 0.000000e+00
      vertex   6.481908e+01 2.802606e+01 0.000000e+00
      vertex   6.216250e+01 2.764748e+01 0.000000e+00
    endloop
  endfacet
  facet normal 0.000000e+00 0.000000e+00 1.000000e+00
    outer loop
      vertex   6.216250e+01 2.764748e+01 0.000000e+00
      vertex   6.481908e+01 2.802606e+01 0.000000e+00
      vertex   6.459808e+01 2.850000e+01 0.000000e+00
    endloop
  endfacet
  facet normal 0.000000e+00 -0.000000e+00 1.000000e+00
    outer loop
      vertex   6.216250e+01 2.764748e+01 0.000000e+00
      vertex   6.459808e+01 2.850000e+01 0.000000e+00
      vertex   6.184294e+01 2.777985e+01 0.000000e+00
    endloop
  endfacet
  facet normal 0.000000e+00 0.000000e+00 1.000000e+00
    outer loop
      vertex   6.184294e+01 2.777985e+01 0.000000e+00
      vertex   6.459808e+01 2.850000e+01 0.000000e+00
      vertex   6.429813e+01 2.892836e+01 0.000000e+00
    endloop
  endfacet
  facet normal 0.000000e+00 0.000000e+00 1.000000e+00
    outer loop
      vertex   6.184294e+01 2.777985e+01 0.000000e+00
      vertex   6.429813e+01 2.892836e+01 0.000000e+00
      vertex   6.392836e+01 2.929813e+01 0.000000e+00
    endloop
  endfacet
  facet normal 0.000000e+00 -0.000000e+00 1.000000e+00
    outer loop
      vertex   6.184294e+01 2.777985e+01 0.000000e+00
      vertex   6.392836e+01 2.929813e+01 0.000000e+00
      vertex   6.150000e+01 2.782500e+01 0.000000e+00
    endloop
  endfacet
  facet normal 0.000000e+00 0.000000e+00 1.000000e+00
    outer loop
      vertex   6.150000e+01 2.782500e+01 0.000000e+00
      vertex   6.392836e+01 2.929813e+01 0.000000e+00
      vertex   6.350000e+01 2.959808e+01 0.000000e+00
    endloop
  endfacet
  facet normal 0.000000e+00 0.000000e+00 1.000000e+00
    outer loop
      vertex   6.150000e+01 2.782500e+01 0.000000e+00
      vertex   6.350000e+01 2.959808e+01 0.000000e+00
      vertex   6.302606e+01 2.981908e+01 0.000000e+00
    endloop
  endfacet
  facet normal 0.000000e+00 0.000000e+00 1.000000e+00
    outer loop
      vertex   6.252095e+01 2.995442e+01 0.000000e+00
      vertex   6.200000e+01 3.000000e+01 0.000000e+00
      vertex   6.302606e+01 2.981908e+01 0.000000e+00
    endloop
  endfacet
  facet normal 0.000000e+00 0.000000e+00 1.000000e+00
    outer loop
      vertex   6.302606e+01 2.981908e+01 0.000000e+00
      vertex   6.200000e+01 3.000000e+01 0.000000e+00
      vertex   6.150000e+01 2.782500e+01 0.000000e+00
    endloop
  endfacet
  facet normal 0.000000e+00 0.000000e+00 1.000000e+00
    outer loop
      vertex   3.000000e+00 3.000000e+01 0.000000e+00
      vertex   5.789173e+01 2.905980e+01 0.000000e+00
      vertex   6.200000e+01 3.000000e+01 0.000000e+00
    endloop
  endfacet
  facet normal 0.000000e+00 0.000000e+00 1.000000e+00
    outer loop
      vertex   6.200000e+01 3.000000e+01 0.000000e+00
      vertex   5.789173e+01 2.905980e+01 0.000000e+00
      vertex   6.115706e+01 2.777985e+01 0.000000e+00
    endloop
  endfacet
  facet normal 0.000000e+00 0.000000e+00 1.000000e+00
    outer loop
      vertex   6.200000e+01 3.000000e+01 0.000000e+00
      vertex   6.115706e+01 2.777985e+01 0.000000e+00
      vertex   6.150000e+01 2.782500e+01 0.000000e+00
    endloop
  endfacet
  facet normal -0.000000e+00 0.000000e+00 1.000000e+00
    outer loop
      vertex   2.479055e+00 2.995442e+01 0.000000e+00
      vertex   1.973940e+00 2.981908e+01 0.000000e+00
      vertex   3.000000e+00 3.000000e+01 0.000000e+00
    endloop
  endfacet
  facet normal 0.000000e+00 0.000000e+00 1.000000e+00
    outer loop
      vertex   3.000000e+00 3.000000e+01 0.000000e+00
      vertex   1.973940e+00 2.981908e+01 0.000000e+00
      vertex   3.500000e+00 2.782500e+01 0.000000e+00
    endloop
  endfacet
  facet normal 0.000000e+00 0.000000e+00 1.000000e+00
    outer loop
      vertex   3.000000e+00 3.000000e+01 0.000000e+00
      vertex   3.500000e+00 2.782500e+01 0.000000e+00
      vertex   3.842935e+00 2.777985e+01 0.000000e+00
    endloop
  endfacet
  facet normal 0.000000e+00 0.000000e+00 1.000000e+00
    outer loop
      vertex   1.973940e+00 2.981908e+01 0.000000e+00
      vertex   1.500000e+00 2.959808e+01 0.000000e+00
      vertex   3.500000e+00 2.782500e+01 0.000000e+00
    endloop
  endfacet
  facet normal 0.000000e+00 0.000000e+00 1.000000e+00
    outer loop
      vertex   3.500000e+00 2.782500e+01 0.000000e+00
      vertex   1.500000e+00 2.959808e+01 0.000000e+00
      vertex   1.071637e+00 2.929813e+01 0.000000e+00
    endloop
  endfacet
  facet normal 0.000000e+00 0.000000e+00 1.000000e+00
    outer loop
      vertex   3.500000e+00 2.782500e+01 0.000000e+00
      vertex   1.071637e+00 2.929813e+01 0.000000e+00
      vertex   3.157065e+00 2.777985e+01 0.000000e+00
    endloop
  endfacet
  facet normal 0.000000e+00 0.000000e+00 1.000000e+00
    outer loop
      vertex   3.157065e+00 2.777985e+01 0.000000e+00
      vertex   1.071637e+00 2.929813e+01 0.000000e+00
      vertex   7.018667e-01 2.892836e+01 0.000000e+00
    endloop
  endfacet
  facet normal 0.000000e+00 0.000000e+00 1.000000e+00
    outer loop
      vertex   3.157065e+00 2.777985e+01 0.000000e+00
      vertex   7.018667e-01 2.892836e+01 0.000000e+00
      vertex   4.019238e-01 2.850000e+01 0.000000e+00
    endloop
  endfacet
  facet normal 0.000000e+00 0.000000e+00 1.000000e+00
    outer loop
      vertex   3.157065e+00 2.777985e+01 0.000000e+00
      vertex   4.019238e-01 2.850000e+01 0.000000e+00
      vertex   2.837500e+00 2.764748e+01 0.000000e+00
    endloop
  endfacet
  facet normal 0.000000e+00 0.000000e+00 1.000000e+00
    outer loop
      vertex   2.837500e+00 2.764748e+01 0.000000e+00
      vertex   4.019238e-01 2.850000e+01 0.000000e+00
      vertex   1.809221e-01 2.802606e+01 0.000000e+00
    endloop
  endfacet
  facet normal 0.000000e+00 0.000000e+00 1.000000e+00
    outer loop
      vertex   2.837500e+00 2.764748e+01 0.000000e+00
      vertex   1.809221e-01 2.802606e+01 0.000000e+00
      vertex   2.563083e+00 2.743692e+01 0.000000e+00
    endloop
  endfacet
  facet normal 0.000000e+00 0.000000e+00 1.000000e+00
    outer loop
      vertex   2.563083e+00 2.743692e+01 0.000000e+00
      vertex   1.809221e-01 2.802606e+01 0.000000e+00
      vertex   4.557674e-02 2.752094e+01 0.000000e+00
    endloop
  endfacet
  facet normal 0.000000e+00 0.000000e+00 1.000000e+00
    outer loop
      vertex   2.563083e+00 2.743692e+01 0.000000e+00
      vertex   4.557674e-02 2.752094e+01 0.000000e+00
      vertex   2.352516e+00 2.716250e+01 0.000000e+00
    endloop
  endfacet
  facet normal 0.000000e+00 0.000000e+00 1.000000e+00
    outer loop
      vertex   2.352516e+00 2.716250e+01 0.000000e+00
      vertex   4.557674e-02 2.752094e+01 0.000000e+00
      vertex   -1.110223e-15 2.700000e+01 0.000000e+00
    endloop
  endfacet
  facet normal 0.000000e+00 0.000000e+00 1.000000e+00
    outer loop
      vertex   2.352516e+00 2.716250e+01 0.000000e+00
      vertex   -1.110223e-15 2.700000e+01 0.000000e+00
      vertex   2.220148e+00 2.684294e+01 0.000000e+00
    endloop
  endfacet
  facet normal 0.000000e+00 0.000000e+00 1.000000e+00
    outer loop
      vertex   2.220148e+00 2.684294e+01 0.000000e+00
      vertex   -1.110223e-15 2.700000e+01 0.000000e+00
      vertex   2.175000e+00 2.650000e+01 0.000000e+00
    endloop
  endfacet
  facet normal 0.000000e+00 0.000000e+00 1.000000e+00
    outer loop
      vertex   2.175000e+00 2.650000e+01 0.000000e+00
      vertex   -1.110223e-15 2.700000e+01 0.000000e+00
      vertex   2.220148e+00 2.615706e+01 0.000000e+00
    endloop
  endfacet
  facet normal 0.000000e+00 0.000000e+00 1.000000e+00
    outer loop
      vertex   2.220148e+00 2.615706e+01 0.000000e+00
      vertex   -1.110223e-15 2.700000e+01 0.000000e+00
      vertex   2.352516e+00 2.583750e+01 0.000000e+00
    endloop
  endfacet
  facet normal 0.000000e+00 0.000000e+00 1.000000e+00
    outer loop
      vertex   2.352516e+00 2.583750e+01 0.000000e+00
      vertex   -1.110223e-15 2.700000e+01 0.000000e+00
      vertex   2.563083e+00 2.556308e+01 0.000000e+00
    endloop
  endfacet
  facet normal 0.000000e+00 0.000000e+00 1.000000e+00
    outer loop
      vertex   2.563083e+00 2.556308e+01 0.000000e+00
      vertex   -1.110223e-15 2.700000e+01 0.000000e+00
      vertex   1.700000e+00 2.281071e+01 0.000000e+00
    endloop
  endfacet
  facet normal 0.000000e+00 0.000000e+00 1.000000e+00
    outer loop
      vertex   2.563083e+00 2.556308e+01 0.000000e+00
      vertex   1.700000e+00 2.281071e+01 0.000000e+00
      vertex   2.837500e+00 2.535252e+01 0.000000e+00
    endloop
  endfacet
  facet normal 0.000000e+00 0.000000e+00 1.000000e+00
    outer loop
      vertex   2.837500e+00 2.535252e+01 0.000000e+00
      vertex   1.700000e+00 2.281071e+01 0.000000e+00
      vertex   3.157065e+00 2.522015e+01 0.000000e+00
    endloop
  endfacet
  facet normal 0.000000e+00 0.000000e+00 1.000000e+00
    outer loop
      vertex   3.575000e+01 1.900000e+01 0.000000e+00
      vertex   3.575000e+01 7.000000e+00 0.000000e+00
      vertex   4.987277e+01 4.464039e+00 0.000000e+00
    endloop
  endfacet
  facet normal 0.000000e+00 -0.000000e+00 1.000000e+00
    outer loop
      vertex   6.035252e+01 2.716250e+01 0.000000e+00
      vertex   6.056308e+01 2.743692e+01 0.000000e+00
      vertex   5.789173e+01 2.905980e+01 0.000000e+00
    endloop
  endfacet
  facet normal 0.000000e+00 0.000000e+00 1.000000e+00
    outer loop
      vertex   5.789173e+01 2.905980e+01 0.000000e+00
      vertex   6.056308e+01 2.743692e+01 0.000000e+00
      vertex   6.083750e+01 2.764748e+01 0.000000e+00
    endloop
  endfacet
  facet normal 0.000000e+00 0.000000e+00 1.000000e+00
    outer loop
      vertex   5.789173e+01 2.905980e+01 0.000000e+00
      vertex   6.083750e+01 2.764748e+01 0.000000e+00
      vertex   6.115706e+01 2.777985e+01 0.000000e+00
    endloop
  endfacet
  facet normal -0.000000e+00 0.000000e+00 1.000000e+00
    outer loop
      vertex   6.282500e+01 2.650000e+01 0.000000e+00
      vertex   6.277985e+01 2.615706e+01 0.000000e+00
      vertex   6.500000e+01 2.700000e+01 0.000000e+00
    endloop
  endfacet
  facet normal 0.000000e+00 0.000000e+00 1.000000e+00
    outer loop
      vertex   6.500000e+01 2.700000e+01 0.000000e+00
      vertex   6.277985e+01 2.615706e+01 0.000000e+00
      vertex   6.264748e+01 2.583750e+01 0.000000e+00
    endloop
  endfacet
  facet normal 0.000000e+00 0.000000e+00 1.000000e+00
    outer loop
      vertex   6.216250e+01 2.535252e+01 0.000000e+00
      vertex   6.184294e+01 2.522015e+01 0.000000e+00
      vertex   6.500000e+01 2.350000e+01 0.000000e+00
    endloop
  endfacet
  facet normal 0.000000e+00 0.000000e+00 1.000000e+00
    outer loop
      vertex   6.083750e+01 2.535252e+01 0.000000e+00
      vertex   6.056308e+01 2.556308e+01 0.000000e+00
      vertex   5.789173e+01 2.397970e+01 0.000000e+00
    endloop
  endfacet
  facet normal 0.000000e+00 0.000000e+00 1.000000e+00
    outer loop
      vertex   5.789173e+01 2.397970e+01 0.000000e+00
      vertex   6.056308e+01 2.556308e+01 0.000000e+00
      vertex   6.035252e+01 2.583750e+01 0.000000e+00
    endloop
  endfacet
  facet normal 0.000000e+00 0.000000e+00 1.000000e+00
    outer loop
      vertex   5.789173e+01 2.397970e+01 0.000000e+00
      vertex   6.035252e+01 2.583750e+01 0.000000e+00
      vertex   6.022015e+01 2.615706e+01 0.000000e+00
    endloop
  endfacet
  facet normal 0.000000e+00 0.000000e+00 1.000000e+00
    outer loop
      vertex   6.022015e+01 2.615706e+01 0.000000e+00
      vertex   6.017500e+01 2.650000e+01 0.000000e+00
      vertex   5.789173e+01 2.397970e+01 0.000000e+00
    endloop
  endfacet
  facet normal -0.000000e+00 0.000000e+00 1.000000e+00
    outer loop
      vertex   4.162500e+00 2.764748e+01 0.000000e+00
      vertex   4.436916e+00 2.743692e+01 0.000000e+00
      vertex   7.092071e+00 2.905980e+01 0.000000e+00
    endloop
  endfacet
  facet normal 0.000000e+00 0.000000e+00 1.000000e+00
    outer loop
      vertex   7.092071e+00 2.905980e+01 0.000000e+00
      vertex   4.436916e+00 2.743692e+01 0.000000e+00
      vertex   4.647484e+00 2.716250e+01 0.000000e+00
    endloop
  endfacet
  facet normal 0.000000e+00 0.000000e+00 1.000000e+00
    outer loop
      vertex   7.092071e+00 2.905980e+01 0.000000e+00
      vertex   4.647484e+00 2.716250e+01 0.000000e+00
      vertex   4.779852e+00 2.684294e+01 0.000000e+00
    endloop
  endfacet
  facet normal -0.000000e+00 0.000000e+00 1.000000e+00
    outer loop
      vertex   4.779852e+00 2.684294e+01 0.000000e+00
      vertex   4.825000e+00 2.650000e+01 0.000000e+00
      vertex   7.092071e+00 2.905980e+01 0.000000e+00
    endloop
  endfacet
  facet normal 0.000000e+00 0.000000e+00 1.000000e+00
    outer loop
      vertex   4.647484e+00 2.583750e+01 0.000000e+00
      vertex   4.436916e+00 2.556308e+01 0.000000e+00
      vertex   7.092071e+00 2.397970e+01 0.000000e+00
    endloop
  endfacet
  facet normal 0.000000e+00 0.000000e+00 1.000000e+00
    outer loop
      vertex   7.092071e+00 2.397970e+01 0.000000e+00
      vertex   4.436916e+00 2.556308e+01 0.000000e+00
      vertex   4.162500e+00 2.535252e+01 0.000000e+00
    endloop
  endfacet
  facet normal 0.000000e+00 0.000000e+00 1.000000e+00
    outer loop
      vertex   7.092071e+00 2.397970e+01 0.000000e+00
      vertex   4.162500e+00 2.535252e+01 0.000000e+00
      vertex   3.842935e+00 2.522015e+01 0.000000e+00
    endloop
  endfacet
  facet normal 0.000000e+00 0.000000e+00 1.000000e+00
    outer loop
      vertex   3.842935e+00 2.522015e+01 0.000000e+00
      vertex   3.500000e+00 2.517500e+01 0.000000e+00
      vertex   7.092071e+00 2.397970e+01 0.000000e+00
    endloop
  endfacet
  facet normal 0.000000e+00 0.000000e+00 1.000000e+00
    outer loop
      vertex   6.056308e+01 2.563083e+00 0.000000e+00
      vertex   6.035252e+01 2.837500e+00 0.000000e+00
      vertex   5.787272e+01 0.000000e+00 0.000000e+00
    endloop
  endfacet
  facet normal 0.000000e+00 0.000000e+00 -1.000000e+00
    outer loop
      vertex   6.022015e+01 2.615706e+01 -1.000000e+00
      vertex   4.779852e+00 2.615706e+01 -1.000000e+00
      vertex   6.017500e+01 2.650000e+01 -1.000000e+00
    endloop
  endfacet
  facet normal -0.000000e+00 0.000000e+00 -1.000000e+00
    outer loop
      vertex   6.017500e+01 2.650000e+01 -1.000000e+00
      vertex   4.779852e+00 2.615706e+01 -1.000000e+00
      vertex   4.825000e+00 2.650000e+01 -1.000000e+00
    endloop
  endfacet
  facet normal 0.000000e+00 0.000000e+00 -1.000000e+00
    outer loop
      vertex   6.017500e+01 2.650000e+01 -1.000000e+00
      vertex   4.825000e+00 2.650000e+01 -1.000000e+00
      vertex   6.022015e+01 2.684294e+01 -1.000000e+00
    endloop
  endfacet
  facet normal -0.000000e+00 0.000000e+00 -1.000000e+00
    outer loop
      vertex   6.022015e+01 2.684294e+01 -1.000000e+00
      vertex   4.825000e+00 2.650000e+01 -1.000000e+00
      vertex   4.779852e+00 2.684294e+01 -1.000000e+00
    endloop
  endfacet
  facet normal 0.000000e+00 0.000000e+00 -1.000000e+00
    outer loop
      vertex   6.022015e+01 2.684294e+01 -1.000000e+00
      vertex   4.779852e+00 2.684294e+01 -1.000000e+00
      vertex   6.035252e+01 2.716250e+01 -1.000000e+00
    endloop
  endfacet
  facet normal -0.000000e+00 0.000000e+00 -1.000000e+00
    outer loop
      vertex   6.035252e+01 2.716250e+01 -1.000000e+00
      vertex   4.779852e+00 2.684294e+01 -1.000000e+00
      vertex   4.647484e+00 2.716250e+01 -1.000000e+00
    endloop
  endfacet
  facet normal 0.000000e+00 0.000000e+00 -1.000000e+00
    outer loop
      vertex   6.035252e+01 2.716250e+01 -1.000000e+00
      vertex   4.647484e+00 2.716250e+01 -1.000000e+00
      vertex   6.056308e+01 2.743692e+01 -1.000000e+00
    endloop
  endfacet
  facet normal 0.000000e+00 0.000000e+00 -1.000000e+00
    outer loop
      vertex   6.056308e+01 2.743692e+01 -1.000000e+00
      vertex   4.647484e+00 2.716250e+01 -1.000000e+00
      vertex   4.436916e+00 2.743692e+01 -1.000000e+00
    endloop
  endfacet
  facet normal -0.000000e+00 0.000000e+00 -1.000000e+00
    outer loop
      vertex   6.056308e+01 2.743692e+01 -1.000000e+00
      vertex   4.436916e+00 2.743692e+01 -1.000000e+00
      vertex   3.000000e+00 3.000000e+01 -1.000000e+00
    endloop
  endfacet
  facet normal 0.000000e+00 0.000000e+00 -1.000000e+00
    outer loop
      vertex   3.000000e+00 3.000000e+01 -1.000000e+00
      vertex   4.436916e+00 2.743692e+01 -1.000000e+00
      vertex   4.162500e+00 2.764748e+01 -1.000000e+00
    endloop
  endfacet
  facet normal 0.000000e+00 0.000000e+00 -1.000000e+00
    outer loop
      vertex   3.000000e+00 3.000000e+01 -1.000000e+00
      vertex   4.162500e+00 2.764748e+01 -1.000000e+00
      vertex   3.842935e+00 2.777985e+01 -1.000000e+00
    endloop
  endfacet
  facet normal 0.000000e+00 -0.000000e+00 -1.000000e+00
    outer loop
      vertex   4.779852e+00 2.615706e+01 -1.000000e+00
      vertex   6.022015e+01 2.615706e+01 -1.000000e+00
      vertex   4.647484e+00 2.583750e+01 -1.000000e+00
    endloop
  endfacet
  facet normal 0.000000e+00 0.000000e+00 -1.000000e+00
    outer loop
      vertex   4.647484e+00 2.583750e+01 -1.000000e+00
      vertex   6.022015e+01 2.615706e+01 -1.000000e+00
      vertex   6.035252e+01 2.583750e+01 -1.000000e+00
    endloop
  endfacet
  facet normal 0.000000e+00 -0.000000e+00 -1.000000e+00
    outer loop
      vertex   4.647484e+00 2.583750e+01 -1.000000e+00
      vertex   6.035252e+01 2.583750e+01 -1.000000e+00
      vertex   4.436916e+00 2.556308e+01 -1.000000e+00
    endloop
  endfacet
  facet normal 0.000000e+00 0.000000e+00 -1.000000e+00
    outer loop
      vertex   4.436916e+00 2.556308e+01 -1.000000e+00
      vertex   6.035252e+01 2.583750e+01 -1.000000e+00
      vertex   6.056308e+01 2.556308e+01 -1.000000e+00
    endloop
  endfacet
  facet normal 0.000000e+00 -0.000000e+00 -1.000000e+00
    outer loop
      vertex   4.436916e+00 2.556308e+01 -1.000000e+00
      vertex   6.056308e+01 2.556308e+01 -1.000000e+00
      vertex   4.162500e+00 2.535252e+01 -1.000000e+00
    endloop
  endfacet
  facet normal 0.000000e+00 0.000000e+00 -1.000000e+00
    outer loop
      vertex   4.162500e+00 2.535252e+01 -1.000000e+00
      vertex   6.056308e+01 2.556308e+01 -1.000000e+00
      vertex   6.083750e+01 2.535252e+01 -1.000000e+00
    endloop
  endfacet
  facet normal 0.000000e+00 0.000000e+00 -1.000000e+00
    outer loop
      vertex   4.162500e+00 2.535252e+01 -1.000000e+00
      vertex   6.083750e+01 2.535252e+01 -1.000000e+00
      vertex   4.162500e+00 4.647484e+00 -1.000000e+00
    endloop
  endfacet
  facet normal 0.000000e+00 0.000000e+00 -1.000000e+00
    outer loop
      vertex   4.162500e+00 4.647484e+00 -1.000000e+00
      vertex   6.083750e+01 2.535252e+01 -1.000000e+00
      vertex   6.083750e+01 4.647484e+00 -1.000000e+00
    endloop
  endfacet
  facet normal 0.000000e+00 0.000000e+00 -1.000000e+00
    outer loop
      vertex   4.162500e+00 4.647484e+00 -1.000000e+00
      vertex   6.083750e+01 4.647484e+00 -1.000000e+00
      vertex   4.436916e+00 4.436916e+00 -1.000000e+00
    endloop
  endfacet
  facet normal 0.000000e+00 0.000000e+00 -1.000000e+00
    outer loop
      vertex   4.436916e+00 4.436916e+00 -1.000000e+00
      vertex   6.083750e+01 4.647484e+00 -1.000000e+00
      vertex   6.056308e+01 4.436916e+00 -1.000000e+00
    endloop
  endfacet
  facet normal 0.000000e+00 0.000000e+00 -1.000000e+00
    outer loop
      vertex   4.436916e+00 4.436916e+00 -1.000000e+00
      vertex   6.056308e+01 4.436916e+00 -1.000000e+00
      vertex   4.647484e+00 4.162500e+00 -1.000000e+00
    endloop
  endfacet
  facet normal 0.000000e+00 0.000000e+00 -1.000000e+00
    outer loop
      vertex   4.647484e+00 4.162500e+00 -1.000000e+00
      vertex   6.056308e+01 4.436916e+00 -1.000000e+00
      vertex   6.035252e+01 4.162500e+00 -1.000000e+00
    endloop
  endfacet
  facet normal 0.000000e+00 0.000000e+00 -1.000000e+00
    outer loop
      vertex   4.647484e+00 4.162500e+00 -1.000000e+00
      vertex   6.035252e+01 4.162500e+00 -1.000000e+00
      vertex   4.779852e+00 3.842935e+00 -1.000000e+00
    endloop
  endfacet
  facet normal 0.000000e+00 0.000000e+00 -1.000000e+00
    outer loop
      vertex   4.779852e+00 3.842935e+00 -1.000000e+00
      vertex   6.035252e+01 4.162500e+00 -1.000000e+00
      vertex   6.022015e+01 3.842935e+00 -1.000000e+00
    endloop
  endfacet
  facet normal 0.000000e+00 0.000000e+00 -1.000000e+00
    outer loop
      vertex   4.779852e+00 3.842935e+00 -1.000000e+00
      vertex   6.022015e+01 3.842935e+00 -1.000000e+00
      vertex   4.825000e+00 3.500000e+00 -1.000000e+00
    endloop
  endfacet
  facet normal 0.000000e+00 0.000000e+00 -1.000000e+00
    outer loop
      vertex   4.825000e+00 3.500000e+00 -1.000000e+00
      vertex   6.022015e+01 3.842935e+00 -1.000000e+00
      vertex   6.017500e+01 3.500000e+00 -1.000000e+00
    endloop
  endfacet
  facet normal 0.000000e+00 -0.000000e+00 -1.000000e+00
    outer loop
      vertex   4.825000e+00 3.500000e+00 -1.000000e+00
      vertex   6.017500e+01 3.500000e+00 -1.000000e+00
      vertex   4.779852e+00 3.157065e+00 -1.000000e+00
    endloop
  endfacet
  facet normal 0.000000e+00 0.000000e+00 -1.000000e+00
    outer loop
      vertex   4.779852e+00 3.157065e+00 -1.000000e+00
      vertex   6.017500e+01 3.500000e+00 -1.000000e+00
      vertex   6.022015e+01 3.157065e+00 -1.000000e+00
    endloop
  endfacet
  facet normal 0.000000e+00 -0.000000e+00 -1.000000e+00
    outer loop
      vertex   4.779852e+00 3.157065e+00 -1.000000e+00
      vertex   6.022015e+01 3.157065e+00 -1.000000e+00
      vertex   4.647484e+00 2.837500e+00 -1.000000e+00
    endloop
  endfacet
  facet normal 0.000000e+00 0.000000e+00 -1.000000e+00
    outer loop
      vertex   4.647484e+00 2.837500e+00 -1.000000e+00
      vertex   6.022015e+01 3.157065e+00 -1.000000e+00
      vertex   6.035252e+01 2.837500e+00 -1.000000e+00
    endloop
  endfacet
  facet normal 0.000000e+00 -0.000000e+00 -1.000000e+00
    outer loop
      vertex   4.647484e+00 2.837500e+00 -1.000000e+00
      vertex   6.035252e+01 2.837500e+00 -1.000000e+00
      vertex   4.436916e+00 2.563083e+00 -1.000000e+00
    endloop
  endfacet
  facet normal 0.000000e+00 0.000000e+00 -1.000000e+00
    outer loop
      vertex   4.436916e+00 2.563083e+00 -1.000000e+00
      vertex   6.035252e+01 2.837500e+00 -1.000000e+00
      vertex   6.056308e+01 2.563083e+00 -1.000000e+00
    endloop
  endfacet
  facet normal 0.000000e+00 -0.000000e+00 -1.000000e+00
    outer loop
      vertex   4.436916e+00 2.563083e+00 -1.000000e+00
      vertex   6.056308e+01 2.563083e+00 -1.000000e+00
      vertex   3.000000e+00 0.000000e+00 -1.000000e+00
    endloop
  endfacet
  facet normal 0.000000e+00 0.000000e+00 -1.000000e+00
    outer loop
      vertex   3.000000e+00 0.000000e+00 -1.000000e+00
      vertex   6.056308e+01 2.563083e+00 -1.000000e+00
      vertex   6.200000e+01 0.000000e+00 -1.000000e+00
    endloop
  endfacet
  facet normal 0.000000e+00 0.000000e+00 -1.000000e+00
    outer loop
      vertex   6.200000e+01 0.000000e+00 -1.000000e+00
      vertex   6.056308e+01 2.563083e+00 -1.000000e+00
      vertex   6.083750e+01 2.352516e+00 -1.000000e+00
    endloop
  endfacet
  facet normal 0.000000e+00 0.000000e+00 -1.000000e+00
    outer loop
      vertex   6.200000e+01 0.000000e+00 -1.000000e+00
      vertex   6.083750e+01 2.352516e+00 -1.000000e+00
      vertex   6.115706e+01 2.220148e+00 -1.000000e+00
    endloop
  endfacet
  facet normal 0.000000e+00 0.000000e+00 -1.000000e+00
    outer loop
      vertex   6.083750e+01 2.535252e+01 -1.000000e+00
      vertex   6.115706e+01 2.522015e+01 -1.000000e+00
      vertex   6.083750e+01 4.647484e+00 -1.000000e+00
    endloop
  endfacet
  facet normal 0.000000e+00 0.000000e+00 -1.000000e+00
    outer loop
      vertex   6.083750e+01 4.647484e+00 -1.000000e+00
      vertex   6.115706e+01 2.522015e+01 -1.000000e+00
      vertex   6.115706e+01 4.779852e+00 -1.000000e+00
    endloop
  endfacet
  facet normal 0.000000e+00 0.000000e+00 -1.000000e+00
    outer loop
      vertex   6.115706e+01 4.779852e+00 -1.000000e+00
      vertex   6.115706e+01 2.522015e+01 -1.000000e+00
      vertex   6.150000e+01 2.517500e+01 -1.000000e+00
    endloop
  endfacet
  facet normal 0.000000e+00 0.000000e+00 -1.000000e+00
    outer loop
      vertex   6.115706e+01 4.779852e+00 -1.000000e+00
      vertex   6.150000e+01 2.517500e+01 -1.000000e+00
      vertex   6.150000e+01 4.825000e+00 -1.000000e+00
    endloop
  endfacet
  facet normal 0.000000e+00 0.000000e+00 -1.000000e+00
    outer loop
      vertex   6.150000e+01 4.825000e+00 -1.000000e+00
      vertex   6.150000e+01 2.517500e+01 -1.000000e+00
      vertex   6.184294e+01 4.779852e+00 -1.000000e+00
    endloop
  endfacet
  facet normal 0.000000e+00 0.000000e+00 -1.000000e+00
    outer loop
      vertex   6.184294e+01 4.779852e+00 -1.000000e+00
      vertex   6.150000e+01 2.517500e+01 -1.000000e+00
      vertex   6.184294e+01 2.522015e+01 -1.000000e+00
    endloop
  endfacet
  facet normal 0.000000e+00 0.000000e+00 -1.000000e+00
    outer loop
      vertex   6.184294e+01 4.779852e+00 -1.000000e+00
      vertex   6.184294e+01 2.522015e+01 -1.000000e+00
      vertex   6.216250e+01 4.647484e+00 -1.000000e+00
    endloop
  endfacet
  facet normal 0.000000e+00 0.000000e+00 -1.000000e+00
    outer loop
      vertex   6.216250e+01 4.647484e+00 -1.000000e+00
      vertex   6.184294e+01 2.522015e+01 -1.000000e+00
      vertex   6.216250e+01 2.535252e+01 -1.000000e+00
    endloop
  endfacet
  facet normal 0.000000e+00 0.000000e+00 -1.000000e+00
    outer loop
      vertex   6.216250e+01 4.647484e+00 -1.000000e+00
      vertex   6.216250e+01 2.535252e+01 -1.000000e+00
      vertex   6.500000e+01 3.000000e+00 -1.000000e+00
    endloop
  endfacet
  facet normal 0.000000e+00 0.000000e+00 -1.000000e+00
    outer loop
      vertex   6.500000e+01 3.000000e+00 -1.000000e+00
      vertex   6.216250e+01 2.535252e+01 -1.000000e+00
      vertex   6.500000e+01 2.700000e+01 -1.000000e+00
    endloop
  endfacet
  facet normal 0.000000e+00 0.000000e+00 -1.000000e+00
    outer loop
      vertex   6.500000e+01 2.700000e+01 -1.000000e+00
      vertex   6.216250e+01 2.535252e+01 -1.000000e+00
      vertex   6.243692e+01 2.556308e+01 -1.000000e+00
    endloop
  endfacet
  facet normal 0.000000e+00 0.000000e+00 -1.000000e+00
    outer loop
      vertex   6.500000e+01 2.700000e+01 -1.000000e+00
      vertex   6.243692e+01 2.556308e+01 -1.000000e+00
      vertex   6.264748e+01 2.583750e+01 -1.000000e+00
    endloop
  endfacet
  facet normal 0.000000e+00 0.000000e+00 -1.000000e+00
    outer loop
      vertex   6.264748e+01 2.583750e+01 -1.000000e+00
      vertex   6.277985e+01 2.615706e+01 -1.000000e+00
      vertex   6.500000e+01 2.700000e+01 -1.000000e+00
    endloop
  endfacet
  facet normal 0.000000e+00 0.000000e+00 -1.000000e+00
    outer loop
      vertex   6.500000e+01 2.700000e+01 -1.000000e+00
      vertex   6.277985e+01 2.615706e+01 -1.000000e+00
      vertex   6.282500e+01 2.650000e+01 -1.000000e+00
    endloop
  endfacet
  facet normal 0.000000e+00 0.000000e+00 -1.000000e+00
    outer loop
      vertex   6.500000e+01 2.700000e+01 -1.000000e+00
      vertex   6.282500e+01 2.650000e+01 -1.000000e+00
      vertex   6.277985e+01 2.684294e+01 -1.000000e+00
    endloop
  endfacet
  facet normal 0.000000e+00 0.000000e+00 -1.000000e+00
    outer loop
      vertex   6.277985e+01 2.684294e+01 -1.000000e+00
      vertex   6.264748e+01 2.716250e+01 -1.000000e+00
      vertex   6.500000e+01 2.700000e+01 -1.000000e+00
    endloop
  endfacet
  facet normal 0.000000e+00 0.000000e+00 -1.000000e+00
    outer loop
      vertex   6.500000e+01 2.700000e+01 -1.000000e+00
      vertex   6.264748e+01 2.716250e+01 -1.000000e+00
      vertex   6.495442e+01 2.752094e+01 -1.000000e+00
    endloop
  endfacet
  facet normal 0.000000e+00 0.000000e+00 -1.000000e+00
    outer loop
      vertex   6.495442e+01 2.752094e+01 -1.000000e+00
      vertex   6.264748e+01 2.716250e+01 -1.000000e+00
      vertex   6.243692e+01 2.743692e+01 -1.000000e+00
    endloop
  endfacet
  facet normal -0.000000e+00 0.000000e+00 -1.000000e+00
    outer loop
      vertex   6.495442e+01 2.752094e+01 -1.000000e+00
      vertex   6.243692e+01 2.743692e+01 -1.000000e+00
      vertex   6.481908e+01 2.802606e+01 -1.000000e+00
    endloop
  endfacet
  facet normal 0.000000e+00 0.000000e+00 -1.000000e+00
    outer loop
      vertex   6.481908e+01 2.802606e+01 -1.000000e+00
      vertex   6.243692e+01 2.743692e+01 -1.000000e+00
      vertex   6.216250e+01 2.764748e+01 -1.000000e+00
    endloop
  endfacet
  facet normal -0.000000e+00 0.000000e+00 -1.000000e+00
    outer loop
      vertex   6.481908e+01 2.802606e+01 -1.000000e+00
      vertex   6.216250e+01 2.764748e+01 -1.000000e+00
      vertex   6.459808e+01 2.850000e+01 -1.000000e+00
    endloop
  endfacet
  facet normal 0.000000e+00 0.000000e+00 -1.000000e+00
    outer loop
      vertex   6.459808e+01 2.850000e+01 -1.000000e+00
      vertex   6.216250e+01 2.764748e+01 -1.000000e+00
      vertex   6.184294e+01 2.777985e+01 -1.000000e+00
    endloop
  endfacet
  facet normal -0.000000e+00 0.000000e+00 -1.000000e+00
    outer loop
      vertex   6.459808e+01 2.850000e+01 -1.000000e+00
      vertex   6.184294e+01 2.777985e+01 -1.000000e+00
      vertex   6.429813e+01 2.892836e+01 -1.000000e+00
    endloop
  endfacet
  facet normal -0.000000e+00 0.000000e+00 -1.000000e+00
    outer loop
      vertex   6.429813e+01 2.892836e+01 -1.000000e+00
      vertex   6.184294e+01 2.777985e+01 -1.000000e+00
      vertex   6.392836e+01 2.929813e+01 -1.000000e+00
    endloop
  endfacet
  facet normal 0.000000e+00 0.000000e+00 -1.000000e+00
    outer loop
      vertex   6.392836e+01 2.929813e+01 -1.000000e+00
      vertex   6.184294e+01 2.777985e+01 -1.000000e+00
      vertex   6.150000e+01 2.782500e+01 -1.000000e+00
    endloop
  endfacet
  facet normal -0.000000e+00 0.000000e+00 -1.000000e+00
    outer loop
      vertex   6.392836e+01 2.929813e+01 -1.000000e+00
      vertex   6.150000e+01 2.782500e+01 -1.000000e+00
      vertex   6.350000e+01 2.959808e+01 -1.000000e+00
    endloop
  endfacet
  facet normal -0.000000e+00 0.000000e+00 -1.000000e+00
    outer loop
      vertex   6.350000e+01 2.959808e+01 -1.000000e+00
      vertex   6.150000e+01 2.782500e+01 -1.000000e+00
      vertex   6.302606e+01 2.981908e+01 -1.000000e+00
    endloop
  endfacet
  facet normal -0.000000e+00 0.000000e+00 -1.000000e+00
    outer loop
      vertex   6.302606e+01 2.981908e+01 -1.000000e+00
      vertex   6.150000e+01 2.782500e+01 -1.000000e+00
      vertex   6.200000e+01 3.000000e+01 -1.000000e+00
    endloop
  endfacet
  facet normal 0.000000e+00 0.000000e+00 -1.000000e+00
    outer loop
      vertex   6.302606e+01 2.981908e+01 -1.000000e+00
      vertex   6.200000e+01 3.000000e+01 -1.000000e+00
      vertex   6.252095e+01 2.995442e+01 -1.000000e+00
    endloop
  endfacet
  facet normal -0.000000e+00 0.000000e+00 -1.000000e+00
    outer loop
      vertex   6.150000e+01 2.782500e+01 -1.000000e+00
      vertex   6.115706e+01 2.777985e+01 -1.000000e+00
      vertex   6.200000e+01 3.000000e+01 -1.000000e+00
    endloop
  endfacet
  facet normal 0.000000e+00 0.000000e+00 -1.000000e+00
    outer loop
      vertex   6.200000e+01 3.000000e+01 -1.000000e+00
      vertex   6.115706e+01 2.777985e+01 -1.000000e+00
      vertex   6.083750e+01 2.764748e+01 -1.000000e+00
    endloop
  endfacet
  facet normal 0.000000e+00 0.000000e+00 -1.000000e+00
    outer loop
      vertex   6.200000e+01 3.000000e+01 -1.000000e+00
      vertex   6.083750e+01 2.764748e+01 -1.000000e+00
      vertex   6.056308e+01 2.743692e+01 -1.000000e+00
    endloop
  endfacet
  facet normal -0.000000e+00 0.000000e+00 -1.000000e+00
    outer loop
      vertex   2.220148e+00 2.684294e+01 -1.000000e+00
      vertex   2.175000e+00 2.650000e+01 -1.000000e+00
      vertex   0.000000e+00 2.700000e+01 -1.000000e+00
    endloop
  endfacet
  facet normal 0.000000e+00 0.000000e+00 -1.000000e+00
    outer loop
      vertex   0.000000e+00 2.700000e+01 -1.000000e+00
      vertex   2.175000e+00 2.650000e+01 -1.000000e+00
      vertex   2.220148e+00 2.615706e+01 -1.000000e+00
    endloop
  endfacet
  facet normal 0.000000e+00 0.000000e+00 -1.000000e+00
    outer loop
      vertex   0.000000e+00 2.700000e+01 -1.000000e+00
      vertex   2.220148e+00 2.615706e+01 -1.000000e+00
      vertex   2.352516e+00 2.583750e+01 -1.000000e+00
    endloop
  endfacet
  facet normal -0.000000e+00 -0.000000e+00 -1.000000e+00
    outer loop
      vertex   2.352516e+00 2.583750e+01 -1.000000e+00
      vertex   2.563083e+00 2.556308e+01 -1.000000e+00
      vertex   0.000000e+00 2.700000e+01 -1.000000e+00
    endloop
  endfacet
  facet normal 0.000000e+00 0.000000e+00 -1.000000e+00
    outer loop
      vertex   0.000000e+00 2.700000e+01 -1.000000e+00
      vertex   2.563083e+00 2.556308e+01 -1.000000e+00
      vertex   2.837500e+00 2.535252e+01 -1.000000e+00
    endloop
  endfacet
  facet normal 0.000000e+00 0.000000e+00 -1.000000e+00
    outer loop
      vertex   0.000000e+00 2.700000e+01 -1.000000e+00
      vertex   2.837500e+00 2.535252e+01 -1.000000e+00
      vertex   0.000000e+00 3.000000e+00 -1.000000e+00
    endloop
  endfacet
  facet normal 0.000000e+00 0.000000e+00 -1.000000e+00
    outer loop
      vertex   0.000000e+00 3.000000e+00 -1.000000e+00
      vertex   2.837500e+00 2.535252e+01 -1.000000e+00
      vertex   2.837500e+00 4.647484e+00 -1.000000e+00
    endloop
  endfacet
  facet normal 0.000000e+00 0.000000e+00 -1.000000e+00
    outer loop
      vertex   0.000000e+00 3.000000e+00 -1.000000e+00
      vertex   2.837500e+00 4.647484e+00 -1.000000e+00
      vertex   2.563083e+00 4.436916e+00 -1.000000e+00
    endloop
  endfacet
  facet normal 0.000000e+00 0.000000e+00 -1.000000e+00
    outer loop
      vertex   2.837500e+00 2.535252e+01 -1.000000e+00
      vertex   3.157065e+00 2.522015e+01 -1.000000e+00
      vertex   2.837500e+00 4.647484e+00 -1.000000e+00
    endloop
  endfacet
  facet normal 0.000000e+00 0.000000e+00 -1.000000e+00
    outer loop
      vertex   2.837500e+00 4.647484e+00 -1.000000e+00
      vertex   3.157065e+00 2.522015e+01 -1.000000e+00
      vertex   3.157065e+00 4.779852e+00 -1.000000e+00
    endloop
  endfacet
  facet normal 0.000000e+00 0.000000e+00 -1.000000e+00
    outer loop
      vertex   3.157065e+00 4.779852e+00 -1.000000e+00
      vertex   3.157065e+00 2.522015e+01 -1.000000e+00
      vertex   3.500000e+00 2.517500e+01 -1.000000e+00
    endloop
  endfacet
  facet normal 0.000000e+00 0.000000e+00 -1.000000e+00
    outer loop
      vertex   3.157065e+00 4.779852e+00 -1.000000e+00
      vertex   3.500000e+00 2.517500e+01 -1.000000e+00
      vertex   3.500000e+00 4.825000e+00 -1.000000e+00
    endloop
  endfacet
  facet normal 0.000000e+00 0.000000e+00 -1.000000e+00
    outer loop
      vertex   3.500000e+00 4.825000e+00 -1.000000e+00
      vertex   3.500000e+00 2.517500e+01 -1.000000e+00
      vertex   3.842935e+00 4.779852e+00 -1.000000e+00
    endloop
  endfacet
  facet normal 0.000000e+00 0.000000e+00 -1.000000e+00
    outer loop
      vertex   3.842935e+00 4.779852e+00 -1.000000e+00
      vertex   3.500000e+00 2.517500e+01 -1.000000e+00
      vertex   3.842935e+00 2.522015e+01 -1.000000e+00
    endloop
  endfacet
  facet normal 0.000000e+00 0.000000e+00 -1.000000e+00
    outer loop
      vertex   3.842935e+00 4.779852e+00 -1.000000e+00
      vertex   3.842935e+00 2.522015e+01 -1.000000e+00
      vertex   4.162500e+00 4.647484e+00 -1.000000e+00
    endloop
  endfacet
  facet normal 0.000000e+00 0.000000e+00 -1.000000e+00
    outer loop
      vertex   4.162500e+00 4.647484e+00 -1.000000e+00
      vertex   3.842935e+00 2.522015e+01 -1.000000e+00
      vertex   4.162500e+00 2.535252e+01 -1.000000e+00
    endloop
  endfacet
  facet normal 0.000000e+00 0.000000e+00 -1.000000e+00
    outer loop
      vertex   3.842935e+00 2.777985e+01 -1.000000e+00
      vertex   3.500000e+00 2.782500e+01 -1.000000e+00
      vertex   3.000000e+00 3.000000e+01 -1.000000e+00
    endloop
  endfacet
  facet normal 0.000000e+00 -0.000000e+00 -1.000000e+00
    outer loop
      vertex   3.000000e+00 3.000000e+01 -1.000000e+00
      vertex   3.500000e+00 2.782500e+01 -1.000000e+00
      vertex   1.973940e+00 2.981908e+01 -1.000000e+00
    endloop
  endfacet
  facet normal 0.000000e+00 0.000000e+00 -1.000000e+00
    outer loop
      vertex   3.000000e+00 3.000000e+01 -1.000000e+00
      vertex   1.973940e+00 2.981908e+01 -1.000000e+00
      vertex   2.479055e+00 2.995442e+01 -1.000000e+00
    endloop
  endfacet
  facet normal 0.000000e+00 0.000000e+00 -1.000000e+00
    outer loop
      vertex   3.157065e+00 2.777985e+01 -1.000000e+00
      vertex   1.071637e+00 2.929813e+01 -1.000000e+00
      vertex   3.500000e+00 2.782500e+01 -1.000000e+00
    endloop
  endfacet
  facet normal 0.000000e+00 0.000000e+00 -1.000000e+00
    outer loop
      vertex   3.500000e+00 2.782500e+01 -1.000000e+00
      vertex   1.071637e+00 2.929813e+01 -1.000000e+00
      vertex   1.500000e+00 2.959808e+01 -1.000000e+00
    endloop
  endfacet
  facet normal 0.000000e+00 0.000000e+00 -1.000000e+00
    outer loop
      vertex   3.500000e+00 2.782500e+01 -1.000000e+00
      vertex   1.500000e+00 2.959808e+01 -1.000000e+00
      vertex   1.973940e+00 2.981908e+01 -1.000000e+00
    endloop
  endfacet
  facet normal 0.000000e+00 0.000000e+00 -1.000000e+00
    outer loop
      vertex   2.837500e+00 2.764748e+01 -1.000000e+00
      vertex   4.019238e-01 2.850000e+01 -1.000000e+00
      vertex   3.157065e+00 2.777985e+01 -1.000000e+00
    endloop
  endfacet
  facet normal 0.000000e+00 0.000000e+00 -1.000000e+00
    outer loop
      vertex   3.157065e+00 2.777985e+01 -1.000000e+00
      vertex   4.019238e-01 2.850000e+01 -1.000000e+00
      vertex   7.018667e-01 2.892836e+01 -1.000000e+00
    endloop
  endfacet
  facet normal 0.000000e+00 0.000000e+00 -1.000000e+00
    outer loop
      vertex   3.157065e+00 2.777985e+01 -1.000000e+00
      vertex   7.018667e-01 2.892836e+01 -1.000000e+00
      vertex   1.071637e+00 2.929813e+01 -1.000000e+00
    endloop
  endfacet
  facet normal 0.000000e+00 -0.000000e+00 -1.000000e+00
    outer loop
      vertex   4.019238e-01 2.850000e+01 -1.000000e+00
      vertex   2.837500e+00 2.764748e+01 -1.000000e+00
      vertex   1.809221e-01 2.802606e+01 -1.000000e+00
    endloop
  endfacet
  facet normal 0.000000e+00 0.000000e+00 -1.000000e+00
    outer loop
      vertex   1.809221e-01 2.802606e+01 -1.000000e+00
      vertex   2.837500e+00 2.764748e+01 -1.000000e+00
      vertex   2.563083e+00 2.743692e+01 -1.000000e+00
    endloop
  endfacet
  facet normal 0.000000e+00 -0.000000e+00 -1.000000e+00
    outer loop
      vertex   1.809221e-01 2.802606e+01 -1.000000e+00
      vertex   2.563083e+00 2.743692e+01 -1.000000e+00
      vertex   4.557674e-02 2.752094e+01 -1.000000e+00
    endloop
  endfacet
  facet normal 0.000000e+00 0.000000e+00 -1.000000e+00
    outer loop
      vertex   4.557674e-02 2.752094e+01 -1.000000e+00
      vertex   2.563083e+00 2.743692e+01 -1.000000e+00
      vertex   2.352516e+00 2.716250e+01 -1.000000e+00
    endloop
  endfacet
  facet normal 0.000000e+00 -0.000000e+00 -1.000000e+00
    outer loop
      vertex   4.557674e-02 2.752094e+01 -1.000000e+00
      vertex   2.352516e+00 2.716250e+01 -1.000000e+00
      vertex   0.000000e+00 2.700000e+01 -1.000000e+00
    endloop
  endfacet
  facet normal 0.000000e+00 0.000000e+00 -1.000000e+00
    outer loop
      vertex   0.000000e+00 2.700000e+01 -1.000000e+00
      vertex   2.352516e+00 2.716250e+01 -1.000000e+00
      vertex   2.220148e+00 2.684294e+01 -1.000000e+00
    endloop
  endfacet
  facet normal 0.000000e+00 0.000000e+00 -1.000000e+00
    outer loop
      vertex   6.115706e+01 2.220148e+00 -1.000000e+00
      vertex   6.150000e+01 2.175000e+00 -1.000000e+00
      vertex   6.200000e+01 0.000000e+00 -1.000000e+00
    endloop
  endfacet
  facet normal 0.000000e+00 0.000000e+00 -1.000000e+00
    outer loop
      vertex   6.200000e+01 0.000000e+00 -1.000000e+00
      vertex   6.150000e+01 2.175000e+00 -1.000000e+00
      vertex   6.302606e+01 1.809221e-01 -1.000000e+00
    endloop
  endfacet
  facet normal 0.000000e+00 0.000000e+00 -1.000000e+00
    outer loop
      vertex   6.200000e+01 0.000000e+00 -1.000000e+00
      vertex   6.302606e+01 1.809221e-01 -1.000000e+00
      vertex   6.252095e+01 4.557674e-02 -1.000000e+00
    endloop
  endfacet
  facet normal 0.000000e+00 -0.000000e+00 -1.000000e+00
    outer loop
      vertex   6.184294e+01 2.220148e+00 -1.000000e+00
      vertex   6.392836e+01 7.018667e-01 -1.000000e+00
      vertex   6.150000e+01 2.175000e+00 -1.000000e+00
    endloop
  endfacet
  facet normal 0.000000e+00 0.000000e+00 -1.000000e+00
    outer loop
      vertex   6.150000e+01 2.175000e+00 -1.000000e+00
      vertex   6.392836e+01 7.018667e-01 -1.000000e+00
      vertex   6.350000e+01 4.019238e-01 -1.000000e+00
    endloop
  endfacet
  facet normal 0.000000e+00 0.000000e+00 -1.000000e+00
    outer loop
      vertex   6.150000e+01 2.175000e+00 -1.000000e+00
      vertex   6.350000e+01 4.019238e-01 -1.000000e+00
      vertex   6.302606e+01 1.809221e-01 -1.000000e+00
    endloop
  endfacet
  facet normal 0.000000e+00 -0.000000e+00 -1.000000e+00
    outer loop
      vertex   6.216250e+01 2.352516e+00 -1.000000e+00
      vertex   6.459808e+01 1.500000e+00 -1.000000e+00
      vertex   6.184294e+01 2.220148e+00 -1.000000e+00
    endloop
  endfacet
  facet normal 0.000000e+00 0.000000e+00 -1.000000e+00
    outer loop
      vertex   6.184294e+01 2.220148e+00 -1.000000e+00
      vertex   6.459808e+01 1.500000e+00 -1.000000e+00
      vertex   6.429813e+01 1.071637e+00 -1.000000e+00
    endloop
  endfacet
  facet normal 0.000000e+00 0.000000e+00 -1.000000e+00
    outer loop
      vertex   6.184294e+01 2.220148e+00 -1.000000e+00
      vertex   6.429813e+01 1.071637e+00 -1.000000e+00
      vertex   6.392836e+01 7.018667e-01 -1.000000e+00
    endloop
  endfacet
  facet normal 0.000000e+00 0.000000e+00 -1.000000e+00
    outer loop
      vertex   6.459808e+01 1.500000e+00 -1.000000e+00
      vertex   6.216250e+01 2.352516e+00 -1.000000e+00
      vertex   6.481908e+01 1.973940e+00 -1.000000e+00
    endloop
  endfacet
  facet normal 0.000000e+00 0.000000e+00 -1.000000e+00
    outer loop
      vertex   6.481908e+01 1.973940e+00 -1.000000e+00
      vertex   6.216250e+01 2.352516e+00 -1.000000e+00
      vertex   6.243692e+01 2.563083e+00 -1.000000e+00
    endloop
  endfacet
  facet normal 0.000000e+00 0.000000e+00 -1.000000e+00
    outer loop
      vertex   6.481908e+01 1.973940e+00 -1.000000e+00
      vertex   6.243692e+01 2.563083e+00 -1.000000e+00
      vertex   6.495442e+01 2.479055e+00 -1.000000e+00
    endloop
  endfacet
  facet normal 0.000000e+00 0.000000e+00 -1.000000e+00
    outer loop
      vertex   6.495442e+01 2.479055e+00 -1.000000e+00
      vertex   6.243692e+01 2.563083e+00 -1.000000e+00
      vertex   6.264748e+01 2.837500e+00 -1.000000e+00
    endloop
  endfacet
  facet normal 0.000000e+00 0.000000e+00 -1.000000e+00
    outer loop
      vertex   6.495442e+01 2.479055e+00 -1.000000e+00
      vertex   6.264748e+01 2.837500e+00 -1.000000e+00
      vertex   6.500000e+01 3.000000e+00 -1.000000e+00
    endloop
  endfacet
  facet normal -0.000000e+00 0.000000e+00 -1.000000e+00
    outer loop
      vertex   6.500000e+01 3.000000e+00 -1.000000e+00
      vertex   6.264748e+01 2.837500e+00 -1.000000e+00
      vertex   6.277985e+01 3.157065e+00 -1.000000e+00
    endloop
  endfacet
  facet normal 0.000000e+00 0.000000e+00 -1.000000e+00
    outer loop
      vertex   6.500000e+01 3.000000e+00 -1.000000e+00
      vertex   6.277985e+01 3.157065e+00 -1.000000e+00
      vertex   6.282500e+01 3.500000e+00 -1.000000e+00
    endloop
  endfacet
  facet normal 0.000000e+00 0.000000e+00 -1.000000e+00
    outer loop
      vertex   6.282500e+01 3.500000e+00 -1.000000e+00
      vertex   6.277985e+01 3.842935e+00 -1.000000e+00
      vertex   6.500000e+01 3.000000e+00 -1.000000e+00
    endloop
  endfacet
  facet normal 0.000000e+00 0.000000e+00 -1.000000e+00
    outer loop
      vertex   6.500000e+01 3.000000e+00 -1.000000e+00
      vertex   6.277985e+01 3.842935e+00 -1.000000e+00
      vertex   6.264748e+01 4.162500e+00 -1.000000e+00
    endloop
  endfacet
  facet normal 0.000000e+00 0.000000e+00 -1.000000e+00
    outer loop
      vertex   6.500000e+01 3.000000e+00 -1.000000e+00
      vertex   6.264748e+01 4.162500e+00 -1.000000e+00
      vertex   6.243692e+01 4.436916e+00 -1.000000e+00
    endloop
  endfacet
  facet normal 0.000000e+00 0.000000e+00 -1.000000e+00
    outer loop
      vertex   6.243692e+01 4.436916e+00 -1.000000e+00
      vertex   6.216250e+01 4.647484e+00 -1.000000e+00
      vertex   6.500000e+01 3.000000e+00 -1.000000e+00
    endloop
  endfacet
  facet normal 0.000000e+00 0.000000e+00 -1.000000e+00
    outer loop
      vertex   2.220148e+00 3.842935e+00 -1.000000e+00
      vertex   2.175000e+00 3.500000e+00 -1.000000e+00
      vertex   0.000000e+00 3.000000e+00 -1.000000e+00
    endloop
  endfacet
  facet normal 0.000000e+00 0.000000e+00 -1.000000e+00
    outer loop
      vertex   0.000000e+00 3.000000e+00 -1.000000e+00
      vertex   2.175000e+00 3.500000e+00 -1.000000e+00
      vertex   2.220148e+00 3.157065e+00 -1.000000e+00
    endloop
  endfacet
  facet normal 0.000000e+00 0.000000e+00 -1.000000e+00
    outer loop
      vertex   0.000000e+00 3.000000e+00 -1.000000e+00
      vertex   2.220148e+00 3.157065e+00 -1.000000e+00
      vertex   2.352516e+00 2.837500e+00 -1.000000e+00
    endloop
  endfacet
  facet normal 0.000000e+00 0.000000e+00 -1.000000e+00
    outer loop
      vertex   0.000000e+00 3.000000e+00 -1.000000e+00
      vertex   2.352516e+00 2.837500e+00 -1.000000e+00
      vertex   4.557674e-02 2.479055e+00 -1.000000e+00
    endloop
  endfacet
  facet normal 0.000000e+00 0.000000e+00 -1.000000e+00
    outer loop
      vertex   4.557674e-02 2.479055e+00 -1.000000e+00
      vertex   2.352516e+00 2.837500e+00 -1.000000e+00
      vertex   2.563083e+00 2.563083e+00 -1.000000e+00
    endloop
  endfacet
  facet normal 0.000000e+00 0.000000e+00 -1.000000e+00
    outer loop
      vertex   4.557674e-02 2.479055e+00 -1.000000e+00
      vertex   2.563083e+00 2.563083e+00 -1.000000e+00
      vertex   1.809221e-01 1.973940e+00 -1.000000e+00
    endloop
  endfacet
  facet normal 0.000000e+00 0.000000e+00 -1.000000e+00
    outer loop
      vertex   1.809221e-01 1.973940e+00 -1.000000e+00
      vertex   2.563083e+00 2.563083e+00 -1.000000e+00
      vertex   2.837500e+00 2.352516e+00 -1.000000e+00
    endloop
  endfacet
  facet normal 0.000000e+00 0.000000e+00 -1.000000e+00
    outer loop
      vertex   1.809221e-01 1.973940e+00 -1.000000e+00
      vertex   2.837500e+00 2.352516e+00 -1.000000e+00
      vertex   4.019238e-01 1.500000e+00 -1.000000e+00
    endloop
  endfacet
  facet normal 0.000000e+00 0.000000e+00 -1.000000e+00
    outer loop
      vertex   4.019238e-01 1.500000e+00 -1.000000e+00
      vertex   2.837500e+00 2.352516e+00 -1.000000e+00
      vertex   3.157065e+00 2.220148e+00 -1.000000e+00
    endloop
  endfacet
  facet normal 0.000000e+00 0.000000e+00 -1.000000e+00
    outer loop
      vertex   4.019238e-01 1.500000e+00 -1.000000e+00
      vertex   3.157065e+00 2.220148e+00 -1.000000e+00
      vertex   7.018667e-01 1.071637e+00 -1.000000e+00
    endloop
  endfacet
  facet normal 0.000000e+00 0.000000e+00 -1.000000e+00
    outer loop
      vertex   7.018667e-01 1.071637e+00 -1.000000e+00
      vertex   3.157065e+00 2.220148e+00 -1.000000e+00
      vertex   1.071637e+00 7.018667e-01 -1.000000e+00
    endloop
  endfacet
  facet normal 0.000000e+00 0.000000e+00 -1.000000e+00
    outer loop
      vertex   1.071637e+00 7.018667e-01 -1.000000e+00
      vertex   3.157065e+00 2.220148e+00 -1.000000e+00
      vertex   3.500000e+00 2.175000e+00 -1.000000e+00
    endloop
  endfacet
  facet normal 0.000000e+00 0.000000e+00 -1.000000e+00
    outer loop
      vertex   1.071637e+00 7.018667e-01 -1.000000e+00
      vertex   3.500000e+00 2.175000e+00 -1.000000e+00
      vertex   1.500000e+00 4.019238e-01 -1.000000e+00
    endloop
  endfacet
  facet normal 0.000000e+00 0.000000e+00 -1.000000e+00
    outer loop
      vertex   1.500000e+00 4.019238e-01 -1.000000e+00
      vertex   3.500000e+00 2.175000e+00 -1.000000e+00
      vertex   1.973940e+00 1.809221e-01 -1.000000e+00
    endloop
  endfacet
  facet normal 0.000000e+00 0.000000e+00 -1.000000e+00
    outer loop
      vertex   1.973940e+00 1.809221e-01 -1.000000e+00
      vertex   3.500000e+00 2.175000e+00 -1.000000e+00
      vertex   3.000000e+00 0.000000e+00 -1.000000e+00
    endloop
  endfacet
  facet normal 0.000000e+00 0.000000e+00 -1.000000e+00
    outer loop
      vertex   1.973940e+00 1.809221e-01 -1.000000e+00
      vertex   3.000000e+00 0.000000e+00 -1.000000e+00
      vertex   2.479055e+00 4.557674e-02 -1.000000e+00
    endloop
  endfacet
  facet normal 0.000000e+00 -0.000000e+00 -1.000000e+00
    outer loop
      vertex   3.500000e+00 2.175000e+00 -1.000000e+00
      vertex   3.842935e+00 2.220148e+00 -1.000000e+00
      vertex   3.000000e+00 0.000000e+00 -1.000000e+00
    endloop
  endfacet
  facet normal 0.000000e+00 0.000000e+00 -1.000000e+00
    outer loop
      vertex   3.000000e+00 0.000000e+00 -1.000000e+00
      vertex   3.842935e+00 2.220148e+00 -1.000000e+00
      vertex   4.162500e+00 2.352516e+00 -1.000000e+00
    endloop
  endfacet
  facet normal 0.000000e+00 0.000000e+00 -1.000000e+00
    outer loop
      vertex   3.000000e+00 0.000000e+00 -1.000000e+00
      vertex   4.162500e+00 2.352516e+00 -1.000000e+00
      vertex   4.436916e+00 2.563083e+00 -1.000000e+00
    endloop
  endfacet
  facet normal 0.000000e+00 0.000000e+00 -1.000000e+00
    outer loop
      vertex   2.563083e+00 4.436916e+00 -1.000000e+00
      vertex   2.352516e+00 4.162500e+00 -1.000000e+00
      vertex   0.000000e+00 3.000000e+00 -1.000000e+00
    endloop
  endfacet
  facet normal 0.000000e+00 0.000000e+00 -1.000000e+00
    outer loop
      vertex   0.000000e+00 3.000000e+00 -1.000000e+00
      vertex   2.352516e+00 4.162500e+00 -1.000000e+00
      vertex   2.220148e+00 3.842935e+00 -1.000000e+00
    endloop
  endfacet
  facet normal 0.000000e+00 0.000000e+00 -1.000000e+00
    outer loop
      vertex   3.000000e+00 3.000000e+01 -1.000000e+00
      vertex   6.200000e+01 3.000000e+01 -1.000000e+00
      vertex   6.056308e+01 2.743692e+01 -1.000000e+00
    endloop
  endfacet
endsolid
